Instrument,ScoreGroup,Start,Duration,End
Flute,Lyrical Etude,8.916463,69.288345,78.20480800000001
Flute,Technical Etude,81.73424,24.148753,105.882993
Flute,Chromatic Scale,110.526984,15.41805,125.94503399999999
Flute,Major Scales,130.031746,103.468118,233.499864
Flute,Sight-Reading,238.329615,63.529796,301.85941099999997
