Instrument,ScoreGroup,Start,Duration,End
Alto Saxophone,Lyrical Etude,10.402539683,76.022131519,86.424671202
Alto Saxophone,Technical Etude,89.977324263,36.176689342,126.154013605
Alto Saxophone,Chromatic Scale,131.424943311,8.010884354,139.435827665
Alto Saxophone,Major Scales,142.918820862,97.384489796,240.303310658
Alto Saxophone,Sight-Reading,245.10984127,53.614875283,298.724716553
