Instrument,ScoreGroup,Start,Duration,End
Xylophone,Mallet Etude,21.594558,49.295964,70.890522
Snare Drum,Snare Etude,83.266757,40.170522,123.43727899999999
Timpani,Timpani Etude,135.697415,52.941497,188.638912
Xylophone,Chromatic Scale,198.902132,7.964444,206.866576
Xylophone,Major Scales,215.643719,58.049887,273.693606
Xylophone,Sight-Reading,279.521814,63.460136,342.98195
Snare Drum,Sight-Reading,348.810159,25.51873,374.328889
