Instrument,ScoreGroup,Start,Duration,End
Flute,Lyrical Etude,12.538776,129.253878,141.792654
Flute,Technical Etude,145.554286,55.379592,200.933878
Flute,Chromatic Scale,207.516735,11.807347,219.324082
Flute,Major Scales,226.429388,121.939592,348.36897999999997
Flute,Sight-Reading,352.862041,49.841633,402.703674
