Instrument,ScoreGroup,Start,Duration,End
Bb Clarinet,Lyrical Etude,15.046530612,111.270022675,126.316553287
Bb Clarinet,Technical Etude,130.77478458,33.250975056,164.02575963599998
Bb Clarinet,Chromatic Scale,173.499501133,14.860770975,188.360272108
Bb Clarinet,Major Scales,195.604897959,126.502312925,322.107210884
Bb Clarinet,Sight-Reading,329.166077097,43.096235827,372.262312924
