Instrument,ScoreGroup,Start,Duration,End
Alto Saxophone,Lyrical Etude,10.263219955,90.790022676,101.053242631
Alto Saxophone,Technical Etude,106.091972789,51.153560091,157.24553287999998
Alto Saxophone,Chromatic Scale,165.233197279,12.074376417,177.307573696
Alto Saxophone,Major Scales,186.386575964,136.858412698,323.24498866199997
Alto Saxophone,Sight-Reading,326.913741497,69.822403628,396.736145125
