Instrument,ScoreGroup,Start,Duration,End
Flute,Lyrical Etude,18.204444,62.786757,80.991201
Flute,Technical Etude,85.820952,33.808254,119.62920600000001
Flute,Chromatic Scale,127.431111,27.863946,155.29505699999999
Flute,Major Scales,164.02576,122.97288,286.99864
Flute,Sight-Reading,292.571429,58.142766,350.714195
