Instrument,ScoreGroup,Start,Duration,End
Bb Clarinet,Lyrical Etude,18.297324,64.458594,82.75591800000001
Bb Clarinet,Technical Etude,88.328707,32.879456,121.20816299999998
Bb Clarinet,Chromatic Scale,128.22059,16.439728,144.660318
Bb Clarinet,Major Scales,153.338776,106.44898,259.787756
Bb Clarinet,Sight-Reading,266.840816,48.457143,315.297959
