Instrument,ScoreGroup,Start,Duration,End
Flute,Lyrical Etude,12.401789,101.292101,113.69389000000001
Flute,Technical Etude,123.043931,41.296011,164.339942
Flute,Chromatic Scale,172.521227,9.739625,182.260852
Flute,Major Scales,190.442137,76.748246,267.190383
Flute,Sight-Reading,276.540423,33.114725,309.655148
