Instrument,ScoreGroup,Start,Duration,End
Bb Clarinet,Lyrical Etude,11.192018141,125.016235828,136.208253969
Bb Clarinet,Technical Etude,142.222222222,48.042086168,190.26430839
Bb Clarinet,Chromatic Scale,197.462494331,11.284897959,208.74739229
Bb Clarinet,Major Scales,215.04,102.655419501,317.695419501
Bb Clarinet,Sight-Reading,322.525170068,88.607346939,411.13251700700005
