Instrument,ScoreGroup,Start,Duration,End
Flute,Lyrical Etude,20.247800453,56.656689342,76.904489795
Flute,Technical Etude,82.291519274,31.764897959,114.05641723299999
Flute,Chromatic Scale,122.787120181,26.006349206,148.79346938700002
Flute,Major Scales,156.595374149,109.226666666,265.82204081500004
Flute,Sight-Reading,285.884081632,81.92,367.804081632
