Instrument,ScoreGroup,Start,Duration,End
Flute,Lyrical Etude,10.971429,59.167347,70.13877600000001
Flute,Technical Etude,75.232653,17.763265,92.995918
Flute,Chromatic Scale,101.093878,19.330612,120.42449
Flute,Major Scales,128.0,122.514286,250.514286
Flute,Sight-Reading,259.657143,55.902041,315.559184
