Instrument,ScoreGroup,Start,Duration,End
Bb Clarinet,Lyrical Etude,15.934693877,147.330612244,163.265306121
Bb Clarinet,Technical Etude,174.759183673,47.151020408,221.910204081
Bb Clarinet,Chromatic Scale,232.228571428,12.53877551,244.767346938
Bb Clarinet,Major Scales,255.608163265,103.836734693,359.444897958
Bb Clarinet,Sight-Reading,372.636734693,88.81632653,461.45306122299996
