Instrument,ScoreGroup,Start,Duration,End
Bb Clarinet,Lyrical Etude,11.145578231,101.239002268,112.384580499
Bb Clarinet,Technical Etude,118.143129252,39.381043084,157.524172336
Bb Clarinet,Chromatic Scale,165.326077098,16.346848073,181.672925171
Bb Clarinet,Major Scales,189.474829932,126.316553288,315.79138322
Bb Clarinet,Sight-Reading,319.227936508,56.726349206,375.95428571400004
