Instrument,ScoreGroup,Start,Duration,End
Alto Saxophone,Lyrical Etude,11.54031746,51.606349206,63.146666666
Alto Saxophone,Technical Etude,69.323174603,49.655873016,118.979047619
Alto Saxophone,Chromatic Scale,125.480634921,7.354920635,132.835555556
Alto Saxophone,Major Scales,141.270204082,81.188571429,222.458775511
Alto Saxophone,Sight-Reading,229.041632653,39.00952381,268.051156463
