Instrument,ScoreGroup,Start,Duration,End
Bb Clarinet,Lyrical Etude,13.975510204,53.159183673,67.134693877
Bb Clarinet,Technical Etude,71.183673469,37.093877551,108.27755102
Bb Clarinet,Chromatic Scale,113.502040816,22.204081632,135.706122448
Bb Clarinet,Major Scales,143.804081632,122.644897959,266.448979591
Bb Clarinet,Sight-Reading,271.934693877,52.506122448,324.44081632499996
