Instrument,ScoreGroup,Start,Duration,End
Alto Saxophone,Lyrical Etude,11.58675737,72.632018141,84.218775511
Alto Saxophone,Technical Etude,89.257505669,46.068390023,135.325895692
Alto Saxophone,Chromatic Scale,140.852244898,11.284897959,152.13714285700001
Alto Saxophone,Major Scales,157.199092971,124.435736961,281.634829932
Alto Saxophone,Sight-Reading,286.627120181,65.224852608,351.851972789
