Instrument,ScoreGroup,Start,Duration,End
Bb Clarinet,Lyrical Etude,11.88861678,84.056235827,95.944852607
Bb Clarinet,Technical Etude,102.725079365,69.381224489,172.106303854
Bb Clarinet,Chromatic Scale,180.651247165,14.675011337,195.326258502
Bb Clarinet,Major Scales,203.035283446,119.722086167,322.757369613
Bb Clarinet,Sight-Reading,328.701678004,68.731065759,397.43274376299996
