Instrument,ScoreGroup,Start,Duration,End
Trumpet,Lyrical Etude,17.83292517,42.353197278,60.186122448000006
Trumpet,Technical Etude,92.995918367,29.257142857,122.253061224
Trumpet,Chromatic Scale,131.918367346,11.75510204,143.673469386
Trumpet,Major Scales,150.857142857,69.746938775,220.60408163200003
Trumpet,Sight-Reading,249.469387755,45.714285714,295.18367346900004
