Instrument,ScoreGroup,Start,Duration,End
Bb Clarinet,Lyrical Etude,15.232290249,69.288344671,84.52063492
Bb Clarinet,Technical Etude,92.322539682,39.195283446,131.517823128
Bb Clarinet,Chromatic Scale,141.734603174,18.390204081,160.124807255
Bb Clarinet,Major Scales,169.412789115,120.558004535,289.97079365
Bb Clarinet,Sight-Reading,296.286621315,70.402902494,366.689523809
