Instrument,ScoreGroup,Start,Duration,End
Bb Clarinet,Lyrical Etude,14.860770975,53.127256235,67.98802721
Bb Clarinet,Technical Etude,73.003537414,37.709206349,110.71274376299999
Bb Clarinet,Chromatic Scale,116.285532879,14.4892517,130.774784579
Bb Clarinet,Major Scales,137.833650793,122.229841269,260.063492062
Bb Clarinet,Sight-Reading,264.150204081,53.313015873,317.463219954
