Instrument,ScoreGroup,Start,Duration,End
Flute,Lyrical Etude,13.490794,62.902857,76.39365099999999
Flute,Technical Etude,82.245079,42.910476,125.155555
Flute,Chromatic Scale,132.794921,18.041905,150.83682599999997
Flute,Major Scales,158.63873,104.025397,262.664127
Flute,Sight-Reading,267.702857,40.96,308.662857
