Instrument,ScoreGroup,Start,Duration,End
Alto Saxophone,Lyrical Etude,14.396371882,37.384126984,51.780498866
Alto Saxophone,Technical Etude,58.258866213,45.278911565,103.53777777799999
Alto Saxophone,Chromatic Scale,110.271564626,11.981496599,122.253061225
Alto Saxophone,Major Scales,128.940408163,98.777687075,227.718095238
Alto Saxophone,Sight-Reading,236.263038549,40.983219955,277.24625850399997
