Instrument,ScoreGroup,Start,Duration,End
Bb Clarinet,Lyrical Etude,22.595918,106.971429,129.567347
Bb Clarinet,Technical Etude,148.244898,36.702041,184.94693900000001
Bb Clarinet,Chromatic Scale,205.583673,12.669388,218.253061
Bb Clarinet,Major Scales,234.187755,100.832653,335.020408
Bb Clarinet,Sight-Reading,351.738776,40.881633,392.620409
