Instrument,ScoreGroup,Start,Duration,End
Alto Saxophone,Lyrical Etude,13.003174603,59.071564625,72.074739228
Alto Saxophone,Technical Etude,77.9261678,24.148752834,102.074920634
Alto Saxophone,Chromatic Scale,108.29786848,9.84526077,118.14312925
Alto Saxophone,Major Scales,125.387755102,65.38739229,190.775147392
Alto Saxophone,Sight-Reading,196.069297052,48.576145124,244.645442176
