Instrument,ScoreGroup,Start,Duration,End
Bb Clarinet,Lyrical Etude,9.404082,80.457143,89.861225
Bb Clarinet,Technical Etude,94.040816,28.734694,122.77551000000001
Bb Clarinet,Chromatic Scale,125.910204,19.853061,145.763265
Bb Clarinet,Major Scales,150.204082,119.640816,269.844898
Bb Clarinet,Sight-Reading,275.591837,45.453061,321.044898
