Instrument,ScoreGroup,Start,Duration,End
Flute,Lyrical Etude,16.822857143,69.079365079,85.902222222
Flute,Technical Etude,91.660770975,43.769614512,135.430385487
Flute,Chromatic Scale,143.092970522,13.641723356,156.734693878
Flute,Major Scales,166.626394558,101.564081633,268.190476191
Flute,Sight-Reading,274.459863946,50.294421769,324.754285715
