Instrument,ScoreGroup,Start,Duration,End
Bb Clarinet,Lyrical Etude,21.681632653,62.693877551,84.375510204
Bb Clarinet,Technical Etude,92.734693877,40.751020408,133.485714285
Bb Clarinet,Chromatic Scale,143.412244897,17.763265306,161.175510203
Bb Clarinet,Major Scales,171.885714285,69.746938775,241.63265306
Bb Clarinet,Sight-Reading,248.946938775,54.857142857,303.804081632
