Instrument,ScoreGroup,Start,Duration,End
Flute,Lyrical Etude,12.956734694,52.593197279,65.549931973
Flute,Technical Etude,71.15755102,32.653061224,103.810612244
Flute,Chromatic Scale,111.211972789,9.125442177,120.337414966
Flute,Major Scales,127.709750567,89.86122449,217.570975057
Flute,Sight-Reading,223.538503401,37.059047619,260.59755102
