Instrument,ScoreGroup,Start,Duration,End
Flute,Lyrical Etude,8.881632653,62.171428571,71.053061224
Flute,Technical Etude,74.814693877,25.913469387,100.72816326399999
Flute,Chromatic Scale,108.042448979,22.883265306,130.925714285
Flute,Major Scales,136.811972789,85.263673469,222.075646258
Flute,Sight-Reading,225.419319727,44.303673469,269.722993196
