Instrument,ScoreGroup,Start,Duration,End
Trumpet,Lyrical Etude,13.079181,63.455931,76.535112
Trumpet,Technical Etude,84.420169,21.402296,105.822465
Trumpet,Chromatic Scale,117.086832,12.390803,129.477635
Trumpet,Major Scales,137.362691,101.754777,239.11746800000003
Trumpet,Sight-Reading,248.128962,51.065128,299.19409
