Instrument,ScoreGroup,Start,Duration,End
Flute,Lyrical Etude,11.743492063,55.069024943,66.81251700600001
Flute,Technical Etude,72.457868481,23.124172336,95.582040817
Flute,Chromatic Scale,102.864399093,19.56861678,122.433015873
Flute,Major Scales,130.815419501,127.703945578,258.519365079
Flute,Sight-Reading,269.06122449,76.956734694,346.017959184
