Instrument,ScoreGroup,Start,Duration,End
Bb Clarinet,Lyrical Etude,7.778684807,67.337868481,75.116553288
Bb Clarinet,Technical Etude,79.481904762,58.769705215,138.251609977
Bb Clarinet,Chromatic Scale,140.782585034,14.024852608,154.807437642
Bb Clarinet,Major Scales,160.519546485,120.186485261,280.706031746
Bb Clarinet,Sight-Reading,287.06829932,46.579229025,333.647528345
