Instrument,ScoreGroup,Start,Duration,End
Flute,Lyrical Etude,10.750839002,39.891882086,50.642721088
Flute,Technical Etude,55.1938322,32.531156463,87.724988663
Flute,Chromatic Scale,93.228117914,18.088344671,111.316462585
Flute,Major Scales,117.446530612,104.768435374,222.214965986
Flute,Sight-Reading,226.742857143,66.594829932,293.337687075
