Instrument,ScoreGroup,Start,Duration,End
Flute,Lyrical Etude,13.467574,38.777324,52.244898
Flute,Technical Etude,63.042177,44.814512,107.856689
Flute,Chromatic Scale,114.009977,24.264853,138.27483
Flute,Major Scales,147.098413,86.494331,233.59274399999998
Flute,Sight-Reading,240.55873,50.503401,291.062131
