Instrument,ScoreGroup,Start,Duration,End
Alto Saxophone,Lyrical Etude,11.215238095,44.048253968,55.263492063
Alto Saxophone,Technical Etude,60.139682539,28.688253968,88.827936507
Alto Saxophone,Chromatic Scale,94.435555555,8.208253968,102.64380952299999
Alto Saxophone,Major Scales,109.958095238,52.175238095,162.133333333
Alto Saxophone,Sight-Reading,165.384126984,54.775873015,220.159999999
