Instrument,ScoreGroup,Start,Duration,End
Bb Clarinet,Lyrical Etude,8.173424036,53.034376417,61.207800453
Bb Clarinet,Technical Etude,65.271292517,32.182857143,97.45414966000001
Bb Clarinet,Chromatic Scale,102.005260771,21.014058957,123.019319728
Bb Clarinet,Major Scales,128.336689342,139.691247166,268.02793650800004
Bb Clarinet,Sight-Reading,271.888253968,57.62031746,329.50857142800004
