Instrument,ScoreGroup,Start,Duration,End
Flute,Lyrical Etude,9.473741497,57.028208617,66.501950114
Flute,Technical Etude,70.774421769,46.811428571,117.58585034000001
Flute,Chromatic Scale,124.644716553,15.418049887,140.06276644
Flute,Major Scales,146.564353741,116.842811791,263.407165532
Flute,Sight-Reading,269.908752834,44.768072562,314.67682539599997
