Instrument,ScoreGroup,Start,Duration,End
Bb Clarinet,Lyrical Etude,13.258594,81.75746,95.016054
Bb Clarinet,Technical Etude,100.681723,65.573152,166.254875
Bb Clarinet,Chromatic Scale,173.94068,12.561995,186.50267499999998
Bb Clarinet,Major Scales,192.818503,72.562358,265.380861
Bb Clarinet,Sight-Reading,272.927347,39.195283,312.12263
