Instrument,ScoreGroup,Start,Duration,End
Alto Saxophone,Lyrical Etude,13.931973,84.149116,98.081089
Alto Saxophone,Technical Etude,106.045533,22.198277,128.24381
Alto Saxophone,Chromatic Scale,134.861497,10.959819,145.82131600000002
Alto Saxophone,Major Scales,153.089161,53.545215,206.63437599999997
Alto Saxophone,Sight-Reading,211.673107,31.346939,243.02004599999998
