Instrument,ScoreGroup,Start,Duration,End
Alto Saxophone,Lyrical Etude,13.061224489,89.443265306,102.504489795
Alto Saxophone,Technical Etude,110.550204081,54.334693877,164.884897958
Alto Saxophone,Chromatic Scale,175.229387755,8.568163265,183.79755102000001
Alto Saxophone,Major Scales,191.947755102,75.964081632,267.911836734
Alto Saxophone,Sight-Reading,273.554285714,39.392653061,312.946938775
