Instrument,ScoreGroup,Start,Duration,End
Alto Saxophone,Lyrical Etude,10.123900227,51.385759637,61.509659864
Alto Saxophone,Technical Etude,67.128888889,58.305306122,125.43419501099999
Alto Saxophone,Chromatic Scale,132.77170068,8.730702948,141.502403628
Alto Saxophone,Major Scales,147.887891156,85.426213152,233.314104308
Alto Saxophone,Sight-Reading,238.190294785,59.048344671,297.238639456
