Instrument,ScoreGroup,Start,Duration,End
Xylophone,Mallet Etude,13.97551,44.538776,58.514286
Snare Drum,Snare Etude,63.216327,59.167347,122.383674
Timpani,Timpani Etude,126.432653,86.334694,212.767347
Xylophone,Chromatic Scale,217.208163,12.277551,229.485714
Xylophone,Major Scales,235.102041,120.42449,355.52653100000003
Xylophone,Sight-Reading,358.661224,72.359184,431.020408
Snare Drum,Sight-Reading,435.983673,35.526531,471.510204
