Instrument,ScoreGroup,Start,Duration,End
French Horn,Lyrical Etude,13.782649,103.988851,117.7715
French Horn,Technical Etude,126.684831,89.628486,216.31331699999998
French Horn,Chromatic Scale,225.226647,9.9037,235.13034700000003
French Horn,Major Scales,242.558122,102.503296,345.061418
French Horn,Sight-Reading,352.984378,42.090725,395.075103
