Instrument,ScoreGroup,Start,Duration,End
Bb Clarinet,Lyrical Etude,10.495419501,45.836190476,56.331609977
Bb Clarinet,Technical Etude,61.927619048,35.712290249,97.639909297
Bb Clarinet,Chromatic Scale,104.095056689,15.232290249,119.327346938
Bb Clarinet,Major Scales,124.18031746,134.928253968,259.108571428
Bb Clarinet,Sight-Reading,262.791836735,76.04244898,338.834285715
