Instrument,ScoreGroup,Start,Duration,End
Flute,Lyrical Etude,13.072834467,43.374875283,56.44770975
Flute,Technical Etude,63.947755102,33.297414966,97.245170068
Flute,Chromatic Scale,105.232834467,13.374693878,118.607528345
Flute,Major Scales,127.384671202,103.677097506,231.061768708
Flute,Sight-Reading,235.543219955,45.278911565,280.82213152
