Instrument,ScoreGroup,Start,Duration,End
Bb Clarinet,Lyrical Etude,14.904749,98.613039,113.517788
Bb Clarinet,Technical Etude,123.66913,35.287999,158.957129
Bb Clarinet,Chromatic Scale,170.075266,13.051726,183.126992
Bb Clarinet,Major Scales,191.828142,120.365915,312.19405700000004
Bb Clarinet,Sight-Reading,318.961619,67.192218,386.15383699999995
