Instrument,ScoreGroup,Start,Duration,End
Alto Saxophone,Lyrical Etude,10.158730158,54.857142857,65.015873015
Alto Saxophone,Technical Etude,68.673015873,40.553650793,109.226666666
Alto Saxophone,Chromatic Scale,114.915555555,16.416507936,131.33206349099999
Alto Saxophone,Major Scales,136.533333333,117.109841269,253.643174602
Alto Saxophone,Sight-Reading,259.494603174,68.591746031,328.08634920500003
