Instrument,ScoreGroup,Start,Duration,End
Bb Clarinet,Lyrical Etude,11.517098,84.334875,95.851973
Bb Clarinet,Technical Etude,101.982041,37.894966,139.877007
Bb Clarinet,Chromatic Scale,145.449796,13.560454,159.01024999999998
Bb Clarinet,Major Scales,162.539683,108.855147,271.39483
Bb Clarinet,Sight-Reading,278.267937,57.957007,336.224944
