Instrument,ScoreGroup,Start,Duration,End
Flute,Lyrical Etude,11.517098,64.272834,75.78993200000001
Flute,Technical Etude,80.991202,23.034195,104.025397
Flute,Chromatic Scale,110.341224,14.860771,125.201995
Flute,Major Scales,130.774785,99.195646,229.97043100000002
Flute,Sight-Reading,232.942585,43.839274,276.781859
