Instrument,ScoreGroup,Start,Duration,End
Flute,Lyrical Etude,13.119274376,54.427573696,67.546848072
Flute,Technical Etude,75.371972789,34.040453515,109.41242630400001
Flute,Chromatic Scale,116.889251701,15.580589569,132.46984127000002
Flute,Major Scales,140.341405896,113.452698413,253.79410430899998
Flute,Sight-Reading,263.058866213,97.012970522,360.071836735
