Instrument,ScoreGroup,Start,Duration,End
Flute,Lyrical Etude,15.27873,40.309841,55.588571
Flute,Technical Etude,62.090159,42.910476,105.000635
Flute,Chromatic Scale,110.201905,19.179683,129.381588
Flute,Major Scales,135.883175,85.495873,221.379048
Flute,Sight-Reading,228.855873,52.662857,281.51873
