Instrument,ScoreGroup,Start,Duration,End
Bb Clarinet,Lyrical Etude,12.53877551,91.370521542,103.909297052
Bb Clarinet,Technical Etude,109.830385488,39.590022676,149.420408164
Bb Clarinet,Chromatic Scale,159.985487528,17.18276644,177.168253968
Bb Clarinet,Major Scales,185.643537415,115.63537415,301.278911565
Bb Clarinet,Sight-Reading,309.289795918,47.717006803,357.006802721
