Instrument,ScoreGroup,Start,Duration,End
Flute,Lyrical Etude,16.091428571,63.320816327,79.41224489800001
Flute,Technical Etude,86.471111111,40.96,127.431111111
Flute,Chromatic Scale,137.41569161,10.309659864,147.725351474
Flute,Major Scales,156.966893424,96.246712018,253.21360544200002
Flute,Sight-Reading,260.794920635,59.814603175,320.60952381
