Instrument,ScoreGroup,Start,Duration,End
Flute,Lyrical Etude,12.434285714,34.847346939,47.281632652999996
Flute,Technical Etude,56.476734694,33.645714286,90.12244898
Flute,Chromatic Scale,98.586122449,17.711020408,116.297142857
Flute,Major Scales,123.40244898,122.88,246.28244898
Flute,Sight-Reading,251.088979592,60.395102041,311.48408163299996
