Instrument,ScoreGroup,Start,Duration,End
Alto Saxophone,Lyrical Etude,27.609313,131.319931,158.92924399999998
Alto Saxophone,Technical Etude,166.760249,107.224531,273.98478
Alto Saxophone,Chromatic Scale,282.41817,12.650085,295.06825499999997
Alto Saxophone,Major Scales,302.296875,59.033731,361.330606
Alto Saxophone,Sight-Reading,412.533331,68.671891,481.205222
