Instrument,ScoreGroup,Start,Duration,End
Flute,Lyrical Etude,9.926530612,55.79755102,65.72408163200001
Flute,Technical Etude,68.963265306,48.431020408,117.394285714
Flute,Chromatic Scale,122.723265306,14.471836735,137.195102041
Flute,Major Scales,143.847619048,94.841904762,238.68952381000003
Flute,Sight-Reading,242.729795918,55.327346939,298.05714285700003
