Instrument,ScoreGroup,Start,Duration,End
Bb Clarinet,Lyrical Etude,10.216780045,81.850340136,92.067120181
Bb Clarinet,Technical Etude,97.639909297,36.107029478,133.746938775
Bb Clarinet,Chromatic Scale,141.06122449,15.673469388,156.734693878
Bb Clarinet,Major Scales,164.954557823,103.793197279,268.747755102
Bb Clarinet,Sight-Reading,272.892517007,45.336961451,318.22947845799996
