Instrument,ScoreGroup,Start,Duration,End
Flute,Lyrical Etude,13.476587,103.296978,116.77356499999999
Flute,Technical Etude,123.970485,43.181524,167.152009
Flute,Chromatic Scale,176.042323,11.853752,187.896075
Flute,Major Scales,199.326478,88.903137,288.229615
Flute,Sight-Reading,293.733142,41.064782,334.79792399999997
