Instrument,ScoreGroup,Start,Duration,End
Alto Saxophone,Lyrical Etude,10.042630385,68.324716553,78.367346938
Alto Saxophone,Technical Etude,84.114285714,18.750113378,102.86439909200001
Alto Saxophone,Chromatic Scale,108.669387755,9.404081632,118.073469387
Alto Saxophone,Major Scales,124.517006802,90.209523809,214.726530611
Alto Saxophone,Sight-Reading,220.067120181,43.305215419,263.3723356
