Instrument,ScoreGroup,Start,Duration,End
Alto Saxophone,Lyrical Etude,12.643265306,209.293061224,221.93632653
Alto Saxophone,Technical Etude,228.414693877,88.920816326,317.335510203
Alto Saxophone,Chromatic Scale,324.963265306,11.598367346,336.56163265199996
Alto Saxophone,Major Scales,343.248979591,102.4,445.64897959100006
Alto Saxophone,Sight-Reading,452.022857142,45.139591836,497.16244897800004
