Instrument,ScoreGroup,Start,Duration,End
Flute,Lyrical Etude,12.260136,34.179773,46.439909
Flute,Technical Etude,51.641179,28.792744,80.433923
Flute,Chromatic Scale,87.12127,24.706032,111.827302
Flute,Major Scales,118.514649,95.480454,213.995103
Flute,Sight-Reading,221.982766,38.266485,260.249251
