Instrument,ScoreGroup,Start,Duration,End
Xylophone,Mallet Etude,19.574422,50.131882,69.70630399999999
Snare Drum,Snare Etude,77.554649,43.653515,121.208164
Timpani,Timpani Etude,129.776327,51.03746,180.81378700000002
Xylophone,Chromatic Scale,189.52127,8.475283,197.99655299999998
Xylophone,Major Scales,208.143673,69.172245,277.315918
Xylophone,Sight-Reading,286.72,38.289705,325.00970500000005
Snare Drum,Sight-Reading,335.667664,34.737052,370.404716
