Instrument,ScoreGroup,Start,Duration,End
Bb Clarinet,Lyrical Etude,9.752381,59.071565,68.823946
Bb Clarinet,Technical Etude,74.303855,25.82059,100.124445
Bb Clarinet,Chromatic Scale,105.604354,20.990839,126.595193
Bb Clarinet,Major Scales,133.616327,90.514286,224.130613
Bb Clarinet,Sight-Reading,233.665306,54.595918,288.26122399999997
