Instrument,ScoreGroup,Start,Duration,End
Bb Clarinet,Lyrical Etude,16.492054,88.451263,104.943317
Bb Clarinet,Technical Etude,115.444381,31.50319,146.947571
Bb Clarinet,Chromatic Scale,153.409763,12.924385,166.334148
Bb Clarinet,Major Scales,174.008003,100.971762,274.979765
Bb Clarinet,Sight-Reading,282.653618,39.580931,322.234549
