Instrument,ScoreGroup,Start,Duration,End
Bb Clarinet,Lyrical Etude,11.88861678,111.64154195,123.53015873000001
Bb Clarinet,Technical Etude,130.589024943,47.55446712,178.143492063
Bb Clarinet,Chromatic Scale,185.945396825,10.588299319,196.53369614399998
Bb Clarinet,Major Scales,204.707120181,101.796281179,306.50340136
Bb Clarinet,Sight-Reading,312.076190476,22.291156462,334.367346938
