Instrument,ScoreGroup,Start,Duration,End
Flute,Lyrical Etude,28.978503401,61.718639456,90.697142857
Flute,Technical Etude,109.087346939,26.052789116,135.140136055
Flute,Chromatic Scale,150.465306122,17.554285714,168.019591836
Flute,Major Scales,178.886530612,123.715918367,302.602448979
Flute,Sight-Reading,310.404353741,50.294421769,360.69877551
