Instrument,ScoreGroup,Start,Duration,End
Flute,Lyrical Etude,15.833106576,55.054512472,70.887619048
Flute,Technical Etude,78.140952381,24.015238095,102.156190476
Flute,Chromatic Scale,110.480544218,13.32244898,123.80299319800001
Flute,Major Scales,132.179591837,108.53877551,240.718367347
Flute,Sight-Reading,246.622040816,50.285714286,296.907755102
