Instrument,ScoreGroup,Start,Duration,End
Alto Saxophone,Lyrical Etude,16.021768707,69.892063492,85.91383219900001
Alto Saxophone,Technical Etude,91.254421768,42.492517006,133.746938774
Alto Saxophone,Chromatic Scale,139.319727891,12.770975056,152.090702947
Alto Saxophone,Major Scales,159.985487528,102.167800453,262.153287981
Alto Saxophone,Sight-Reading,268.422675736,49.458503401,317.881179137
