Instrument,ScoreGroup,Start,Duration,End
Alto Saxophone,Lyrical Etude,15.928888888,51.780498866,67.709387754
Alto Saxophone,Technical Etude,72.957097505,18.320544217,91.277641722
Alto Saxophone,Chromatic Scale,98.313287981,13.305034013,111.618321994
Alto Saxophone,Major Scales,119.443446711,71.540680272,190.984126983
Alto Saxophone,Sight-Reading,195.349478451,49.110204081,244.45968253200002
