Instrument,ScoreGroup,Start,Duration,End
Bb Clarinet,Lyrical Etude,11.102041,92.604082,103.706123
Bb Clarinet,Technical Etude,109.191837,33.567347,142.759184
Bb Clarinet,Chromatic Scale,149.159184,12.408163,161.567347
Bb Clarinet,Major Scales,170.057143,102.661224,272.718367
Bb Clarinet,Sight-Reading,277.289796,43.493878,320.783674
