Instrument,ScoreGroup,Start,Duration,End
Flute,Lyrical Etude,10.309659863,56.842448979,67.15210884199999
Flute,Technical Etude,71.610340136,21.455238095,93.065578231
Flute,Chromatic Scale,100.310204081,14.767891156,115.078095237
Flute,Major Scales,121.765442176,107.833469387,229.598911563
Flute,Sight-Reading,233.221224489,44.86095238,278.082176869
