Instrument,ScoreGroup,Start,Duration,End
Alto Saxophone,Lyrical Etude,11.052698413,50.89814059,61.950839003
Alto Saxophone,Technical Etude,67.221768707,46.439909297,113.661678004
Alto Saxophone,Chromatic Scale,120.836643991,8.89324263,129.729886621
Alto Saxophone,Major Scales,137.346031746,91.022222222,228.36825396799998
Alto Saxophone,Sight-Reading,234.405442177,38.429024943,272.83446712
