Instrument,ScoreGroup,Start,Duration,End
Bb Clarinet,Lyrical Etude,16.161088435,69.845623582,86.006712017
Bb Clarinet,Technical Etude,90.46494331,34.922811791,125.387755101
Bb Clarinet,Chromatic Scale,132.632380952,14.675011337,147.307392289
Bb Clarinet,Major Scales,152.508662131,101.982040816,254.490702947
Bb Clarinet,Sight-Reading,258.577414965,51.083900226,309.66131519099997
