Instrument,ScoreGroup,Start,Duration,End
Flute,Lyrical Etude,13.061224,25.861224,38.922448
Flute,Technical Etude,45.453061,32.653061,78.106122
Flute,Chromatic Scale,84.636735,21.681633,106.318368
Flute,Major Scales,113.110204,99.265306,212.37551
Flute,Sight-Reading,218.122449,61.387755,279.510204
