Instrument,ScoreGroup,Start,Duration,End
Flute,Lyrical Etude,23.092245,78.471837,101.56408199999998
Flute,Technical Etude,107.31102,70.530612,177.841632
Flute,Chromatic Scale,187.872653,21.733878,209.60653100000002
Flute,Major Scales,220.682449,107.31102,327.993469
Flute,Sight-Reading,333.531429,57.887347,391.418776
