Instrument,ScoreGroup,Start,Duration,End
Alto Saxophone,Lyrical Etude,14.83755102,74.814693877,89.652244897
Alto Saxophone,Technical Etude,97.28,63.843265306,161.123265306
Alto Saxophone,Chromatic Scale,167.810612244,9.613061224,177.423673468
Alto Saxophone,Major Scales,184.424489795,84.323265306,268.747755101
Alto Saxophone,Sight-Reading,273.972244897,49.110204081,323.082448978
