Instrument,ScoreGroup,Start,Duration,End
Flute,Lyrical Etude,18.291031,132.589286,150.880317
Flute,Technical Etude,160.31551,41.216894,201.53240399999999
Flute,Chromatic Scale,215.933488,12.414727,228.348215
Flute,Major Scales,240.762942,104.283708,345.04665
Flute,Sight-Reading,352.495487,42.210072,394.705559
