Instrument,ScoreGroup,Start,Duration,End
Flute,Lyrical Etude,19.156462585,46.788208617,65.944671202
Flute,Technical Etude,72.33015873,22.871655329,95.20181405899999
Flute,Chromatic Scale,102.980498866,18.575963719,121.556462585
Flute,Major Scales,133.166439909,107.554829932,240.72126984099998
Flute,Sight-Reading,245.342040816,42.91047619,288.252517006
