Instrument,ScoreGroup,Start,Duration,End
Flute,Lyrical Etude,9.473741497,32.229297052,41.703038549
Flute,Technical Etude,46.347029478,31.579138322,77.9261678
Flute,Chromatic Scale,84.799274376,24.613151927,109.412426303
Flute,Major Scales,116.099773243,89.257505669,205.357278912
Flute,Sight-Reading,209.629750567,46.625668934,256.255419501
