Instrument,ScoreGroup,Start,Duration,End
Alto Saxophone,Lyrical Etude,13.699773242,56.656689342,70.356462584
Alto Saxophone,Technical Etude,76.509750566,19.969160997,96.478911563
Alto Saxophone,Chromatic Scale,105.47664399,9.810430839,115.287074829
Alto Saxophone,Major Scales,123.646258503,91.776870748,215.42312925099998
Alto Saxophone,Sight-Reading,221.053968253,39.648072562,260.702040815
