Instrument,ScoreGroup,Start,Duration,End
Flute,Lyrical Etude,15.005962,98.651636,113.657598
Flute,Technical Etude,121.411875,46.956455,168.36833
Flute,Chromatic Scale,176.984194,10.339036,187.32323
Flute,Major Scales,192.923541,104.68274,297.60628099999997
Flute,Sight-Reading,304.498972,37.909799,342.408771
