Instrument,ScoreGroup,Start,Duration,End
Bb Clarinet,Lyrical Etude,13.191836734,50.285714285,63.477551018999996
Bb Clarinet,Technical Etude,72.489795918,36.702040816,109.19183673399999
Bb Clarinet,Chromatic Scale,118.726530612,13.583673469,132.310204081
Bb Clarinet,Major Scales,140.53877551,122.253061224,262.791836734
Bb Clarinet,Sight-Reading,272.195918367,63.73877551,335.934693877
