Instrument,ScoreGroup,Start,Duration,End
Flute,Lyrical Etude,17.461406,37.244807,54.706213000000005
Flute,Technical Etude,60.371882,42.446077,102.817959
Flute,Chromatic Scale,109.226667,27.399546,136.626213
Flute,Major Scales,143.22068,83.313197,226.533877
Flute,Sight-Reading,230.992109,39.566803,270.558912
