Instrument,ScoreGroup,Start,Duration,End
Bb Clarinet,Lyrical Etude,9.71755102,74.50122449,84.21877551
Bb Clarinet,Technical Etude,88.711836735,51.513469388,140.225306123
Bb Clarinet,Chromatic Scale,146.517913832,44.396553288,190.91446712
Bb Clarinet,Major Scales,195.976417234,123.297959184,319.274376418
Bb Clarinet,Sight-Reading,325.079365079,78.506666667,403.586031746
