Instrument,ScoreGroup,Start,Duration,End
Flute,Lyrical Etude,14.120634921,51.423492063,65.544126984
Flute,Technical Etude,76.17015873,20.835555556,97.005714286
Flute,Chromatic Scale,105.691428571,16.071836735,121.76326530600001
Flute,Major Scales,131.369795918,113.110204082,244.48
Flute,Sight-Reading,249.25170068,43.279092971,292.530793651
