Instrument,ScoreGroup,Start,Duration,End
Flute,Lyrical Etude,14.524081632,58.09632653,72.620408162
Flute,Technical Etude,78.367346938,23.092244897,101.459591835
Flute,Chromatic Scale,109.81877551,21.420408163,131.23918367299999
Flute,Major Scales,138.901768707,70.495782312,209.397551019
Flute,Sight-Reading,216.64217687,50.294421768,266.93659863799996
