Instrument,ScoreGroup,Start,Duration,End
Alto Saxophone,Lyrical Etude,17.020226757,48.994104308,66.014331065
Alto Saxophone,Technical Etude,79.644444444,39.195283447,118.839727891
Alto Saxophone,Chromatic Scale,130.380045351,7.871564626,138.25160997700002
Alto Saxophone,Major Scales,147.609251701,78.251247166,225.860498867
Alto Saxophone,Sight-Reading,233.964263039,40.565260771,274.52952381
