Instrument,ScoreGroup,Start,Duration,End
French Horn,Lyrical Etude,16.627844,113.283892,129.911736
French Horn,Technical Etude,137.635637,148.041449,285.67708600000003
French Horn,Chromatic Scale,295.331964,16.091462,311.423426
French Horn,Major Scales,317.216352,94.617796,411.83414799999997
French Horn,Sight-Reading,419.558049,93.330479,512.888528
