Instrument,ScoreGroup,Start,Duration,End
Alto Saxophone,Lyrical Etude,17.414965986,104.838095238,122.25306122399999
Alto Saxophone,Technical Etude,131.343673469,49.319183673,180.662857142
Alto Saxophone,Chromatic Scale,192.470204081,7.627755102,200.097959183
Alto Saxophone,Major Scales,211.173877551,80.457142857,291.631020408
Alto Saxophone,Sight-Reading,298.631836734,53.812244897,352.444081631
