Instrument,ScoreGroup,Start,Duration,End
Alto Saxophone,Lyrical Etude,21.455238095,50.50340136,71.958639455
Alto Saxophone,Technical Etude,81.548480725,19.713741496,101.262222221
Alto Saxophone,Chromatic Scale,111.873741491,10.007800453,121.881541944
Alto Saxophone,Major Scales,136.138594101,55.054512471,191.193106572
Alto Saxophone,Sight-Reading,199.087891151,44.837732426,243.925623577
