Instrument,ScoreGroup,Start,Duration,End
Xylophone,Mallet Etude,10.10068,64.481814,74.582494
Snare Drum,Snare Etude,82.10576,52.686077,134.791837
Timpani,Timpani Etude,140.480726,64.853333,205.33405900000002
Xylophone,Chromatic Scale,212.509025,8.057324,220.566349
Xylophone,Major Scales,227.114376,74.954014,302.06839
Xylophone,Sight-Reading,312.935329,42.910476,355.84580500000004
Snare Drum,Sight-Reading,363.160091,40.681361,403.841452
