Instrument,ScoreGroup,Start,Duration,End
Flute,Lyrical Etude,11.029478458,36.571428571,47.600907029
Flute,Technical Etude,51.083900227,29.89569161,80.979591837
Flute,Chromatic Scale,85.449433107,28.676643991,114.126077098
Flute,Major Scales,118.979047619,80.712562358,199.69160997699998
Flute,Sight-Reading,201.642086168,42.074557823,243.71664399099998
