Instrument,ScoreGroup,Start,Duration,End
Bb Clarinet,Lyrical Etude,12.167256,89.721905,101.889161
Bb Clarinet,Technical Etude,106.068753,32.136417,138.20517
Bb Clarinet,Chromatic Scale,144.706757,20.897959,165.604716
Bb Clarinet,Major Scales,170.991746,93.529977,264.521723
Bb Clarinet,Sight-Reading,272.416508,95.016054,367.432562
