Instrument,ScoreGroup,Start,Duration,End
Bb Clarinet,Lyrical Etude,16.161088,109.876825,126.037913
Bb Clarinet,Technical Etude,134.768617,65.201633,199.97025000000002
Bb Clarinet,Chromatic Scale,208.050794,15.13941,223.190204
Bb Clarinet,Major Scales,238.515374,110.434104,348.949478
Bb Clarinet,Sight-Reading,355.079546,52.755737,407.835283
