Instrument,ScoreGroup,Start,Duration,End
Flute,Lyrical Etude,9.216,47.786666667,57.002666667
Flute,Technical Etude,62.464,43.690666667,106.154666667
Flute,Chromatic Scale,112.298666667,14.336,126.634666667
Flute,Major Scales,132.778666667,94.890666667,227.66933333400002
Flute,Sight-Reading,230.741333333,41.301333333,272.042666666
