Instrument,ScoreGroup,Start,Duration,End
Trumpet,Lyrical Etude,12.225372,71.656225,83.881597
Trumpet,Technical Etude,88.969613,28.408089,117.377702
Trumpet,Chromatic Scale,123.737722,13.144041,136.881763
Trumpet,Major Scales,143.665785,92.43229,236.098075
Trumpet,Sight-Reading,267.050172,69.96022,337.01039199999997
