Instrument,ScoreGroup,Start,Duration,End
Bb Clarinet,Lyrical Etude,11.424217687,117.58585034,129.010068027
Bb Clarinet,Technical Etude,136.579773243,39.450702948,176.030476191
Bb Clarinet,Chromatic Scale,183.205442177,11.726077098,194.931519275
Bb Clarinet,Major Scales,201.386666667,100.913922902,302.30058956899995
Bb Clarinet,Sight-Reading,309.034376417,56.169070295,365.20344671199996
