Instrument,ScoreGroup,Start,Duration,End
Trumpet,Lyrical Etude,16.221694,50.611684,66.833378
Trumpet,Technical Etude,77.097286,21.235672,98.33295799999999
Trumpet,Chromatic Scale,107.535082,12.387475,119.922557
Trumpet,Major Scales,126.293259,86.358399,212.651658
Trumpet,Sight-Reading,222.561638,57.336314,279.897952
