Instrument,ScoreGroup,Start,Duration,End
Bb Clarinet,Lyrical Etude,11.755102,69.355102,81.11020400000001
Bb Clarinet,Technical Etude,84.37551,30.171429,114.54693900000001
Bb Clarinet,Chromatic Scale,121.077551,13.191837,134.269388
Bb Clarinet,Major Scales,139.363265,71.836735,211.20000000000002
Bb Clarinet,Sight-Reading,214.726531,54.987755,269.714286
