Instrument,ScoreGroup,Start,Duration,End
Xylophone,Mallet Etude,13.333333,22.186667,35.519999999999996
Snare Drum,Snare Etude,44.992,1.045333,46.037333
Timpani,Timpani Etude,57.493333,1.002667,58.496
Xylophone,Chromatic Scale,68.245333,8.170667,76.416
Xylophone,Major Scales,77.12,52.010667,129.13066700000002
Xylophone,Sight-Reading,140.010667,1.002667,141.01333400000001
Snare Drum,Sight-Reading,160.32,7.701333,168.021333
