Instrument,ScoreGroup,Start,Duration,End
Alto Saxophone,Lyrical Etude,13.235374149,83.940136054,97.175510203
Alto Saxophone,Technical Etude,102.4,85.797732426,188.19773242600002
Alto Saxophone,Chromatic Scale,193.073922902,10.448979591,203.522902493
Alto Saxophone,Major Scales,208.863492063,91.022222222,299.885714285
Alto Saxophone,Sight-Reading,303.252607709,54.334693877,357.587301586
