Instrument,ScoreGroup,Start,Duration,End
Flute,Lyrical Etude,12.167256236,46.811428571,58.978684807
Flute,Technical Etude,64.179954649,30.278820862,94.458775511
Flute,Chromatic Scale,100.588843537,26.284988662,126.873832199
Flute,Major Scales,132.144761905,84.520634921,216.665396826
Flute,Sight-Reading,224.026122449,43.885714286,267.911836735
