Instrument,ScoreGroup,Start,Duration,End
Flute,Lyrical Etude,13.746213152,52.755736961,66.50195011299999
Flute,Technical Etude,72.260498866,21.176598639,93.43709750500001
Flute,Chromatic Scale,102.353560091,15.975328798,118.32888888900001
Flute,Major Scales,125.945034014,117.58585034,243.530884354
Flute,Sight-Reading,248.360634921,51.083900227,299.444535148
