Instrument,ScoreGroup,Start,Duration,End
Flute,Lyrical Etude,16.904127,92.972698,109.876825
Flute,Technical Etude,118.00381,24.055873,142.059683
Flute,Chromatic Scale,149.536508,14.628571,164.165079
Flute,Major Scales,173.592381,100.124444,273.716825
Flute,Sight-Reading,279.893333,36.408889,316.302222
