Instrument,ScoreGroup,Start,Duration,End
Bb Clarinet,Lyrical Etude,11.145578231,35.062131519,46.20770975
Bb Clarinet,Technical Etude,49.458503401,66.176870748,115.635374149
Bb Clarinet,Chromatic Scale,121.440362812,31.811337868,153.25170068
Bb Clarinet,Major Scales,159.521088435,101.471201814,260.992290249
Bb Clarinet,Sight-Reading,266.332879819,74.536054422,340.86893424100003
