Instrument,ScoreGroup,Start,Duration,End
Alto Saxophone,Lyrical Etude,12.53877551,45.418231293,57.957006803
Alto Saxophone,Technical Etude,62.717097506,41.586938776,104.304036282
Alto Saxophone,Chromatic Scale,112.407800454,13.490793651,125.898594105
Alto Saxophone,Major Scales,131.842902494,66.38585034,198.22875283399998
Alto Saxophone,Sight-Reading,204.846439909,69.125804989,273.972244898
