Instrument,ScoreGroup,Start,Duration,End
Xylophone,Mallet Etude,12.469116,51.594739,64.06385499999999
Snare Drum,Snare Etude,70.890522,43.351655,114.242177
Timpani,Timpani Etude,119.838186,81.200181,201.038367
Xylophone,Chromatic Scale,207.493515,17.740045,225.23356
Xylophone,Major Scales,231.572608,73.653696,305.226304
Xylophone,Sight-Reading,311.449252,136.208254,447.657506
Snare Drum,Sight-Reading,455.250431,40.007982,495.258413
