Instrument,ScoreGroup,Start,Duration,End
Flute,Lyrical Etude,11.493877551,55.727891156,67.221768707
Flute,Technical Etude,73.723356009,28.328344671,102.05170068
Flute,Chromatic Scale,111.455782312,26.470748299,137.926530611
Flute,Major Scales,146.773333333,106.138412698,252.911746031
Flute,Sight-Reading,259.413333333,48.111746031,307.525079364
