Instrument,ScoreGroup,Start,Duration,End
Alto Saxophone,Lyrical Etude,14.210612245,54.682993197,68.893605442
Alto Saxophone,Technical Etude,74.605714286,50.271201814,124.87691609999999
Alto Saxophone,Chromatic Scale,132.075102041,9.357641723,141.432743764
Alto Saxophone,Major Scales,150.024126984,88.653786848,238.677913832
Alto Saxophone,Sight-Reading,244.436462585,53.011156463,297.447619048
