Instrument,ScoreGroup,Start,Duration,End
Oboe,Lyrical Etude,12.53877551,57.991836734,70.530612244
Oboe,Technical Etude,75.232653061,38.974693877,114.207346938
Oboe,Chromatic Scale,121.312653061,15.673469387,136.986122448
Oboe,Major Scales,143.197460317,129.219047619,272.416507936
Oboe,Sight-Reading,275.644081632,39.497142857,315.141224489
