Instrument,ScoreGroup,Start,Duration,End
Flute,Lyrical Etude,16.161088435,81.502040816,97.663129251
Flute,Technical Etude,101.982040816,29.257142857,131.23918367299999
Flute,Chromatic Scale,140.71292517,22.291156462,163.004081632
Flute,Major Scales,172.38494331,123.901678004,296.286621314
Flute,Sight-Reading,301.673650793,40.867120181,342.540770974
