Instrument,ScoreGroup,Start,Duration,End
Flute,Lyrical Etude,11.459047619,26.493968254,37.953015873
Flute,Technical Etude,45.348571429,25.274920635,70.623492064
Flute,Chromatic Scale,80.132063492,63.309206349,143.441269841
Flute,Major Scales,151.30122449,80.248163265,231.549387755
Flute,Sight-Reading,236.460408163,55.275102041,291.735510204
