Instrument,ScoreGroup,Start,Duration,End
Trumpet,Lyrical Etude,15.673469387,45.191836734,60.865306121
Trumpet,Technical Etude,67.395918367,29.779591836,97.17551020299999
Trumpet,Chromatic Scale,105.273469387,16.457142857,121.73061224400001
Trumpet,Major Scales,130.873469387,114.15510204,245.028571427
Trumpet,Sight-Reading,251.036734693,73.926530612,324.963265305
