Instrument,ScoreGroup,Start,Duration,End
Bb Clarinet,Lyrical Etude,12.817414966,109.64462585,122.462040816
Bb Clarinet,Technical Etude,127.47755102,37.093877551,164.571428571
Bb Clarinet,Chromatic Scale,171.676734694,14.524081633,186.200816327
Bb Clarinet,Major Scales,192.284444444,114.59047619,306.874920634
Bb Clarinet,Sight-Reading,311.426031746,55.913650794,367.33968253999996
