Instrument,ScoreGroup,Start,Duration,End
Flute,Lyrical Etude,14.210612245,41.656598639,55.867210884
Flute,Technical Etude,65.758911565,26.888707483,92.64761904800001
Flute,Chromatic Scale,103.653877551,15.325170068,118.979047619
Flute,Major Scales,129.706666667,109.505306122,239.21197278900001
Flute,Sight-Reading,247.571156463,41.377959184,288.949115647
