Instrument,ScoreGroup,Start,Duration,End
Flute,Lyrical Etude,9.19510204,61.231020408,70.426122448
Flute,Technical Etude,76.382040816,24.032653061,100.414693877
Flute,Chromatic Scale,107.728979591,19.330612244,127.05959183499999
Flute,Major Scales,132.632380952,93.46031746,226.092698412
Flute,Sight-Reading,229.506031746,48.924444444,278.43047619
