Instrument,ScoreGroup,Start,Duration,End
Flute,Lyrical Etude,9.914920635,38.31292517,48.227845805
Flute,Technical Etude,54.032834467,29.187482993,83.22031746
Flute,Chromatic Scale,89.838004535,11.261678005,101.09968254
Flute,Major Scales,107.276190476,92.554739229,199.83092970500002
Flute,Sight-Reading,205.171519274,44.559092971,249.73061224499997
