Instrument,ScoreGroup,Start,Duration,End
Alto Saxophone,Lyrical Etude,13.026394557,184.32,197.346394557
Alto Saxophone,Technical Etude,203.546122448,42.283537414,245.829659862
Alto Saxophone,Chromatic Scale,251.472108843,8.846802721,260.318911564
Alto Saxophone,Major Scales,267.075918367,79.690884353,346.76680272
Alto Saxophone,Sight-Reading,351.851972789,36.432108843,388.284081632
