Instrument,ScoreGroup,Start,Duration,End
Flute,Lyrical Etude,10.58829932,65.201632653,75.78993197300001
Flute,Technical Etude,79.96952381,55.263492063,135.233015873
Flute,Chromatic Scale,143.034920635,20.805079365,163.84
Flute,Major Scales,172.292063492,119.629206349,291.921269841
Flute,Sight-Reading,298.097777778,50.387301587,348.48507936500005
