Instrument,ScoreGroup,Start,Duration,End
Alto Saxophone,Lyrical Etude,12.051156462,186.897414965,198.948571427
Alto Saxophone,Technical Etude,204.242721088,70.63510204,274.877823128
Alto Saxophone,Chromatic Scale,280.520272108,13.026394557,293.546666665
Alto Saxophone,Major Scales,299.049795918,109.157006802,408.20680272
Alto Saxophone,Sight-Reading,412.038095238,33.994013605,446.032108843
