Instrument,ScoreGroup,Start,Duration,End
Flute,Lyrical Etude,13.583673,70.4,83.98367300000001
Flute,Technical Etude,88.685714,22.857143,111.542857
Flute,Chromatic Scale,117.942857,20.244898,138.187755
Flute,Major Scales,144.587755,104.097959,248.685714
Flute,Sight-Reading,254.563265,52.767347,307.330612
