Instrument,ScoreGroup,Start,Duration,End
Alto Saxophone,Lyrical Etude,14.14095238,147.423492063,161.56444444299999
Alto Saxophone,Technical Etude,168.96,78.344126984,247.304126984
Alto Saxophone,Chromatic Scale,255.431111111,11.865396825,267.296507936
Alto Saxophone,Major Scales,275.829841269,109.389206349,385.219047618
Alto Saxophone,Sight-Reading,394.158730158,50.712380952,444.87111111
