Instrument,ScoreGroup,Start,Duration,End
Flute,Lyrical Etude,8.614603175,40.007981859,48.622585034
Flute,Technical Etude,52.84861678,35.062131519,87.910748299
Flute,Chromatic Scale,94.853514739,13.119274376,107.97278911500001
Flute,Major Scales,113.406258503,86.262131519,199.66839002199998
Flute,Sight-Reading,203.569342404,74.187755102,277.757097506
