Instrument,ScoreGroup,Start,Duration,End
Flute,Lyrical Etude,15.975328798,47.461587302,63.4369161
Flute,Technical Etude,69.636643991,24.845351474,94.481995465
Flute,Chromatic Scale,103.259138322,15.418049887,118.677188209
Flute,Major Scales,125.82893424,128.922993197,254.751927437
Flute,Sight-Reading,259.802267574,63.767800454,323.570068028
