Instrument,ScoreGroup,Start,Duration,End
Bb Clarinet,Lyrical Etude,9.299591837,60.395102041,69.694693878
Bb Clarinet,Technical Etude,72.306938776,29.884081633,102.191020409
Bb Clarinet,Chromatic Scale,107.937959184,19.95755102,127.89551020399999
Bb Clarinet,Major Scales,132.934240363,104.141496599,237.075736962
Bb Clarinet,Sight-Reading,239.258412698,73.653696145,312.912108843
