Instrument,ScoreGroup,Start,Duration,End
Flute,Lyrical Etude,8.823583,50.108662,58.932245
Flute,Technical Etude,65.108753,51.641179,116.749932
Flute,Chromatic Scale,121.301043,17.693605,138.994648
Flute,Major Scales,145.078277,91.672381,236.75065800000002
Flute,Sight-Reading,239.908571,49.830023,289.738594
