Instrument,ScoreGroup,Start,Duration,End
Alto Saxophone,Lyrical Etude,13.235374149,78.019047619,91.254421768
Alto Saxophone,Technical Etude,97.75600907,36.919727891,134.675736961
Alto Saxophone,Chromatic Scale,141.409523809,11.377777777,152.787301586
Alto Saxophone,Major Scales,158.824489795,80.108843537,238.93333333200002
Alto Saxophone,Sight-Reading,242.880725623,42.028117913,284.908843536
