Instrument,ScoreGroup,Start,Duration,End
Bb Clarinet,Lyrical Etude,11.62449,82.155102,93.779592
Bb Clarinet,Technical Etude,99.799365,37.477007,137.27637199999998
Bb Clarinet,Chromatic Scale,143.638639,11.377778,155.01641700000002
Bb Clarinet,Major Scales,161.239365,110.712744,271.952109
Bb Clarinet,Sight-Reading,278.035737,49.133424,327.169161
