Instrument,ScoreGroup,Start,Duration,End
Alto Saxophone,Lyrical Etude,9.822040816,49.969342404,59.79138322
Alto Saxophone,Technical Etude,63.761995465,33.36707483,97.12907029499999
Alto Saxophone,Chromatic Scale,102.608979592,16.764807256,119.373786848
Alto Saxophone,Major Scales,125.039455782,83.104217687,208.14367346900002
Alto Saxophone,Sight-Reading,213.275283447,88.351927438,301.627210885
