Instrument,ScoreGroup,Start,Duration,End
Alto Saxophone,Lyrical Etude,11.656417234,67.453968254,79.110385488
Alto Saxophone,Technical Etude,83.011337868,31.137959184,114.149297052
Alto Saxophone,Chromatic Scale,122.299501134,11.447437642,133.746938776
Alto Saxophone,Major Scales,140.434285714,52.662857143,193.097142857
Alto Saxophone,Sight-Reading,198.623492063,47.624126984,246.247619047
