Instrument,ScoreGroup,Start,Duration,End
Trumpet,Lyrical Etude,9.404081632,52.767346938,62.17142857
Trumpet,Technical Etude,74.187755102,43.885714285,118.07346938699999
Trumpet,Chromatic Scale,127.059591836,17.83292517,144.892517006
Trumpet,Major Scales,164.954557823,94.737414965,259.691972788
Trumpet,Sight-Reading,264.89324263,41.981678004,306.874920634
