Instrument,ScoreGroup,Start,Duration,End
Bb Clarinet,Lyrical Etude,14.210612,64.551474,78.762086
Bb Clarinet,Technical Etude,83.313197,26.192109,109.505306
Bb Clarinet,Chromatic Scale,116.749932,15.046531,131.796463
Bb Clarinet,Major Scales,140.146939,106.057143,246.204082
Bb Clarinet,Sight-Reading,250.589751,34.551293,285.141044
