Instrument,ScoreGroup,Start,Duration,End
Alto Saxophone,Lyrical Etude,11.911836735,64.621133787,76.532970522
Alto Saxophone,Technical Etude,81.61814059,61.09170068,142.70984127
Alto Saxophone,Chromatic Scale,150.65106576,30.603900227,181.254965987
Alto Saxophone,Major Scales,188.499591837,119.954285714,308.453877551
Alto Saxophone,Sight-Reading,316.511201814,96.943310658,413.45451247200003
