Instrument,ScoreGroup,Start,Duration,End
Alto Saxophone,Lyrical Etude,13.096054421,92.090340136,105.186394557
Alto Saxophone,Technical Etude,111.734421768,77.461768707,189.196190475
Alto Saxophone,Chromatic Scale,195.186938775,11.145578231,206.332517006
Alto Saxophone,Major Scales,213.855782312,60.74340136,274.599183672
Alto Saxophone,Sight-Reading,279.475374149,45.975510204,325.450884353
