Instrument,ScoreGroup,Start,Duration,End
Bb Clarinet,Lyrical Etude,13.746213151,143.406439909,157.15265306
Bb Clarinet,Technical Etude,165.14031746,48.669024943,213.80934240300002
Bb Clarinet,Chromatic Scale,217.710294784,11.517097505,229.22739228900002
Bb Clarinet,Major Scales,233.964263038,98.731247165,332.695510203
Bb Clarinet,Sight-Reading,337.711020408,62.600997732,400.31201814
