Instrument,ScoreGroup,Start,Duration,End
Alto Saxophone,Lyrical Etude,13.444353741,68.359546485,81.803900226
Alto Saxophone,Technical Etude,94.11047619,61.463219954,155.573696144
Alto Saxophone,Chromatic Scale,158.801269841,8.637823129,167.43909297
Alto Saxophone,Major Scales,173.429841269,69.961723356,243.391564625
Alto Saxophone,Sight-Reading,252.958185941,46.114829931,299.07301587200004
