Instrument,ScoreGroup,Start,Duration,End
Xylophone,Mallet Etude,11.772517,37.268027,49.040544
Snare Drum,Snare Etude,56.07619,45.348571,101.42476099999999
Timpani,Timpani Etude,105.929433,43.119456,149.048889
Xylophone,Chromatic Scale,156.502494,7.685805,164.188299
Xylophone,Major Scales,170.341587,92.601179,262.942766
Xylophone,Sight-Reading,268.701315,31.439819,300.141134
Snare Drum,Sight-Reading,305.713923,43.165896,348.879819
