Instrument,ScoreGroup,Start,Duration,End
Flute,Lyrical Etude,9.659501134,58.700045351,68.359546485
Flute,Technical Etude,71.703219955,43.096235828,114.79945578299998
Flute,Chromatic Scale,123.344399093,13.746213152,137.09061224500002
Flute,Major Scales,141.548843537,78.019047619,219.56789115600003
Flute,Sight-Reading,222.911564626,43.467755102,266.379319728
