Instrument,ScoreGroup,Start,Duration,End
Alto Saxophone,Lyrical Etude,11.54031746,55.309931973,66.850249433
Alto Saxophone,Technical Etude,72.167619048,35.085351474,107.252970522
Alto Saxophone,Chromatic Scale,113.754557823,9.218321995,122.972879818
Alto Saxophone,Major Scales,130.658684807,114.311836735,244.97052154199997
Alto Saxophone,Sight-Reading,251.332789116,51.525079365,302.85786848099997
