Instrument,ScoreGroup,Start,Duration,End
Bb Clarinet,Lyrical Etude,9.58984127,89.768344671,99.35818594099999
Bb Clarinet,Technical Etude,105.604353741,59.048344671,164.652698412
Bb Clarinet,Chromatic Scale,170.852426304,13.722993197,184.575419501
Bb Clarinet,Major Scales,191.820045351,121.788662132,313.608707483
Bb Clarinet,Sight-Reading,318.136598639,71.587120181,389.72371882
