Instrument,ScoreGroup,Start,Duration,End
Bb Clarinet,Lyrical Etude,20.204184,96.795708,116.999892
Bb Clarinet,Technical Etude,134.054374,33.1871,167.24147399999998
Bb Clarinet,Chromatic Scale,178.303841,11.523299,189.82714
Bb Clarinet,Major Scales,198.123914,99.5613,297.68521400000003
Bb Clarinet,Sight-Reading,304.599193,62.686744,367.285937
