Instrument,ScoreGroup,Start,Duration,End
Alto Saxophone,Lyrical Etude,13.328253968,86.169251701,99.49750566899999
Alto Saxophone,Technical Etude,104.164716553,38.730884354,142.89560090700002
Alto Saxophone,Chromatic Scale,148.979229025,10.216780045,159.19600907
Alto Saxophone,Major Scales,165.8369161,87.21414966,253.05106576
Alto Saxophone,Sight-Reading,256.835918367,77.368888889,334.204807256
