Instrument,ScoreGroup,Start,Duration,End
Bb Clarinet,Lyrical Etude,13.653333,73.142857,86.79619000000001
Bb Clarinet,Technical Etude,92.694059,28.189025,120.883084
Bb Clarinet,Chromatic Scale,129.892426,14.071293,143.963719
Bb Clarinet,Major Scales,153.80898,122.322721,276.131701
Bb Clarinet,Sight-Reading,281.42585,62.275918,343.701768
