Instrument,ScoreGroup,Start,Duration,End
Bb Clarinet,Lyrical Etude,9.752380952,103.096598639,112.848979591
Bb Clarinet,Technical Etude,117.492970522,34.829931973,152.322902495
Bb Clarinet,Chromatic Scale,158.360090703,15.325170068,173.685260771
Bb Clarinet,Major Scales,179.72244898,111.455782313,291.178231293
Bb Clarinet,Sight-Reading,302.323809524,50.155102041,352.47891156500003
