Instrument,ScoreGroup,Start,Duration,End
Xylophone,Mallet Etude,18.35102,45.061224,63.412244
Snare Drum,Snare Etude,73.012245,45.387755,118.39999999999999
Timpani,Timpani Etude,125.852154,67.616508,193.468662
Xylophone,Chromatic Scale,201.991837,8.097959,210.089796
Xylophone,Major Scales,219.689796,94.693878,314.383674
Xylophone,Sight-Reading,322.66449,49.319184,371.983674
Snare Drum,Sight-Reading,381.225215,26.052789,407.278004
