Instrument,ScoreGroup,Start,Duration,End
Flute,Lyrical Etude,13.337279,117.028843,130.366122
Flute,Technical Etude,138.229721,46.25646,184.48618100000002
Flute,Chromatic Scale,193.737472,16.189761,209.927233
Flute,Major Scales,218.253396,101.301647,319.555043
Flute,Sight-Reading,327.418641,39.780555,367.199196
