Instrument,ScoreGroup,Start,Duration,End
Alto Saxophone,Lyrical Etude,14.535692,53.011156,67.546848
Alto Saxophone,Technical Etude,74.396735,24.729252,99.12598700000001
Alto Saxophone,Chromatic Scale,107.29941,8.962902,116.262312
Alto Saxophone,Major Scales,123.739138,93.622857,217.36199499999998
Alto Saxophone,Sight-Reading,223.283084,29.953741,253.236825
