Instrument,ScoreGroup,Start,Duration,End
Flute,Lyrical Etude,10.158730159,18.366984127,28.525714285999996
Flute,Technical Etude,37.465396825,33.239365079,70.70476190400001
Flute,Chromatic Scale,81.188571429,27.225396825,108.41396825400001
Flute,Major Scales,117.516190476,80.61968254,198.135873016
Flute,Sight-Reading,201.793015873,37.221587302,239.014603175
