Instrument,ScoreGroup,Start,Duration,End
Alto Saxophone,Lyrical Etude,9.287981859,76.532970521,85.82095238
Alto Saxophone,Technical Etude,91.022222222,36.037369614,127.059591836
Alto Saxophone,Chromatic Scale,133.003900226,11.88861678,144.89251700600002
Alto Saxophone,Major Scales,151.208344671,80.619682539,231.82802721
Alto Saxophone,Sight-Reading,238.515374149,66.501950113,305.017324262
