Instrument,ScoreGroup,Start,Duration,End
Flute,Lyrical Etude,12.027936508,61.666394558,73.694331066
Flute,Technical Etude,80.268480726,27.689795918,107.95827664400001
Flute,Chromatic Scale,116.520634921,19.475736961,135.996371882
Flute,Major Scales,146.430839002,142.611156463,289.041995465
Flute,Sight-Reading,294.61478458,48.85478458,343.46956916
