Instrument,ScoreGroup,Start,Duration,End
French Horn,Lyrical Etude,19.272617,110.467624,129.740241
French Horn,Technical Etude,140.076392,135.661994,275.738386
French Horn,Chromatic Scale,287.366557,26.486389,313.852946
French Horn,Major Scales,323.543089,136.308004,459.851093
French Horn,Sight-Reading,462.435131,53.618788,516.0539190000001
