Instrument,ScoreGroup,Start,Duration,End
Xylophone,Mallet Etude,16.346848,42.353991,58.700839
Snare Drum,Snare Etude,69.288345,75.973991,145.262336
Timpani,Timpani Etude,152.973061,55.928005,208.90106600000001
Xylophone,Chromatic Scale,218.579592,6.518005,225.09759699999998
Xylophone,Major Scales,233.665306,103.058005,336.72331099999997
Xylophone,Sight-Reading,344.032653,45.822993,389.855646
Snare Drum,Sight-Reading,397.322449,45.858005,443.180454
