Instrument,ScoreGroup,Start,Duration,End
Flute,Lyrical Etude,13.467574,54.799093,68.266667
Flute,Technical Etude,74.768254,45.743311,120.51156499999999
Flute,Chromatic Scale,128.870748,16.253968,145.12471599999998
Flute,Major Scales,157.338413,121.579683,278.918096
Flute,Sight-Reading,285.419683,53.963175,339.382858
