Instrument,ScoreGroup,Start,Duration,End
Alto Saxophone,Lyrical Etude,12.306576,63.576236,75.882812
Alto Saxophone,Technical Etude,81.060862,25.263311,106.324173
Alto Saxophone,Chromatic Scale,113.499138,9.195102,122.69424000000001
Alto Saxophone,Major Scales,130.612245,102.028481,232.640726
Alto Saxophone,Sight-Reading,239.328073,40.309841,279.63791399999997
