Instrument,ScoreGroup,Start,Duration,End
Bb Clarinet,Lyrical Etude,11.331338,52.941497,64.272835
Bb Clarinet,Technical Etude,70.960181,27.771066,98.73124700000001
Bb Clarinet,Chromatic Scale,105.534694,15.346939,120.88163300000001
Bb Clarinet,Major Scales,126.040816,91.167347,217.208163
Bb Clarinet,Sight-Reading,221.257143,45.453061,266.71020400000003
