Instrument,ScoreGroup,Start,Duration,End
Bb Clarinet,Lyrical Etude,11.702857142,118.143129251,129.845986393
Bb Clarinet,Technical Etude,135.976054421,52.755736961,188.73179138199998
Bb Clarinet,Chromatic Scale,196.719455782,11.88861678,208.60807256200002
Bb Clarinet,Major Scales,213.99510204,98.452607709,312.447709749
Bb Clarinet,Sight-Reading,317.779591836,29.257142857,347.036734693
