Instrument,ScoreGroup,Start,Duration,End
Xylophone,Mallet Etude,15.743129,87.957188,103.700317
Snare Drum,Snare Etude,114.172517,113.150839,227.323356
Timpani,Timpani Etude,238.654694,37.453787,276.108481
Xylophone,Chromatic Scale,287.021859,5.944308,292.966167
Xylophone,Major Scales,304.274286,103.932517,408.20680300000004
Xylophone,Sight-Reading,418.887982,39.566803,458.454785
Snare Drum,Sight-Reading,471.01678,33.320635,504.33741499999996
