Instrument,ScoreGroup,Start,Duration,End
Flute,Lyrical Etude,11.145578231,58.14276644,69.288344671
Flute,Technical Etude,73.746575964,20.990839002,94.737414966
Flute,Chromatic Scale,100.681723356,12.074376417,112.756099773
Flute,Major Scales,119.814965986,105.139954649,224.954920635
Flute,Sight-Reading,229.598911565,46.997188209,276.596099774
