Instrument,ScoreGroup,Start,Duration,End
Xylophone,Mallet Etude,24.171973,83.359637,107.53161
Snare Drum,Snare Etude,144.335238,122.322721,266.657959
Timpani,Timpani Etude,273.438186,40.565261,314.003447
Xylophone,Chromatic Scale,326.333243,6.757007,333.09024999999997
Xylophone,Major Scales,349.042358,104.420136,453.462494
Xylophone,Sight-Reading,459.337143,95.991293,555.328436
Snare Drum,Sight-Reading,560.924444,34.319093,595.243537
