Instrument,ScoreGroup,Start,Duration,End
Alto Saxophone,Lyrical Etude,15.232290249,48.808344671,64.04063492
Alto Saxophone,Technical Etude,70.495782312,20.48,90.975782312
Alto Saxophone,Chromatic Scale,97.825668934,9.357641723,107.183310657
Alto Saxophone,Major Scales,115.705034011,58.282086167,173.987120178
Alto Saxophone,Sight-Reading,181.138866211,49.85324263,230.992108841
