Instrument,ScoreGroup,Start,Duration,End
Flute,Lyrical Etude,14.489251701,63.529795918,78.01904761899999
Flute,Technical Etude,87.283809524,49.737142857,137.020952381
Flute,Chromatic Scale,148.073650794,15.847619048,163.92126984200002
Flute,Major Scales,174.288979592,147.330612245,321.61959183700003
Flute,Sight-Reading,336.596462585,65.898231293,402.49469387799996
