Instrument,ScoreGroup,Start,Duration,End
Xylophone,Mallet Etude,11.377778,36.896508,48.274286
Snare Drum,Snare Etude,53.313016,45.83619,99.14920599999999
Timpani,Timpani Etude,103.050159,51.525079,154.57523799999998
Xylophone,Chromatic Scale,160.914286,8.614603,169.528889
Xylophone,Major Scales,178.631111,58.676825,237.307936
Xylophone,Sight-Reading,243.484444,30.394921,273.879365
Snare Drum,Sight-Reading,279.405714,25.193651,304.599365
