Instrument,ScoreGroup,Start,Duration,End
Alto Saxophone,Lyrical Etude,8.916462585,50.898140589,59.814603174
Alto Saxophone,Technical Etude,63.344036281,38.452244897,101.796281178
Alto Saxophone,Chromatic Scale,107.926349206,12.445895691,120.372244897
Alto Saxophone,Major Scales,126.502312925,71.703219954,198.205532879
Alto Saxophone,Sight-Reading,203.035283446,53.313015873,256.348299319
