Instrument,ScoreGroup,Start,Duration,End
Bb Clarinet,Lyrical Etude,10.710204,58.514286,69.22449
Bb Clarinet,Technical Etude,74.057143,39.57551,113.632653
Bb Clarinet,Chromatic Scale,121.991837,23.902041,145.893878
Bb Clarinet,Major Scales,152.137143,122.601361,274.73850400000003
Bb Clarinet,Sight-Reading,279.568254,60.743401,340.31165500000003
