Instrument,ScoreGroup,Start,Duration,End
Bb Clarinet,Lyrical Etude,16.457143,72.489796,88.946939
Bb Clarinet,Technical Etude,95.281633,28.734694,124.016327
Bb Clarinet,Chromatic Scale,132.167982,15.51093,147.678912
Bb Clarinet,Major Scales,151.510204,122.299501,273.809705
Bb Clarinet,Sight-Reading,280.589932,64.830113,345.42004499999996
