Instrument,ScoreGroup,Start,Duration,End
Flute,Lyrical Etude,12.956734693,53.916734693,66.873469386
Flute,Technical Etude,75.371972789,29.535782312,104.90775510099999
Flute,Chromatic Scale,111.037823129,18.808163265,129.845986394
Flute,Major Scales,135.697414965,62.693877551,198.39129251600002
Flute,Sight-Reading,206.889795918,55.309931972,262.19972789
