Instrument,ScoreGroup,Start,Duration,End
Alto Saxophone,Lyrical Etude,11.006258503,57.539047619,68.545306122
Alto Saxophone,Technical Etude,73.97877551,28.560544217,102.539319727
Alto Saxophone,Chromatic Scale,108.251428571,11.981496598,120.232925169
Alto Saxophone,Major Scales,125.910204081,58.932244897,184.842448978
Alto Saxophone,Sight-Reading,188.604081632,48.37877551,236.982857142
