Instrument,ScoreGroup,Start,Duration,End
Xylophone,Mallet Etude,15.281633,82.546939,97.828572
Snare Drum,Snare Etude,110.367347,112.718367,223.085714
Timpani,Timpani Etude,233.499864,106.626032,340.125896
Xylophone,Chromatic Scale,351.15102,9.142857,360.293877
Xylophone,Major Scales,369.632653,99.395918,469.028571
Xylophone,Sight-Reading,476.473469,43.232653,519.706122
Snare Drum,Sight-Reading,525.583673,34.677551,560.261224
