Instrument,ScoreGroup,Start,Duration,End
Flute,Lyrical Etude,10.24,43.154286,53.394286
Flute,Technical Etude,63.634286,44.408163,108.042449
Flute,Chromatic Scale,114.938776,17.972245,132.911021
Flute,Major Scales,139.284898,101.041633,240.326531
Flute,Sight-Reading,248.894694,53.812245,302.706939
