Instrument,ScoreGroup,Start,Duration,End
Bb Clarinet,Lyrical Etude,11.493877551,79.151020408,90.64489795899999
Bb Clarinet,Technical Etude,96.653061224,36.048979591,132.702040815
Bb Clarinet,Chromatic Scale,139.232653061,14.628571428,153.861224489
Bb Clarinet,Major Scales,160.914285714,102.922448979,263.836734693
Bb Clarinet,Sight-Reading,272.195918367,79.412244897,351.608163264
