Instrument,ScoreGroup,Start,Duration,End
Xylophone,Mallet Etude,14.106122,60.251995,74.358117
Snare Drum,Snare Etude,79.412245,103.077007,182.489252
Timpani,Timpani Etude,188.995918,55.511995,244.50791299999997
Xylophone,Chromatic Scale,252.604082,8.587098,261.19118000000003
Xylophone,Major Scales,268.8,100.621995,369.42199500000004
Xylophone,Sight-Reading,373.028571,38.132993,411.161564
Snare Drum,Sight-Reading,416.0,32.806009,448.806009
