Instrument,ScoreGroup,Start,Duration,End
Bb Clarinet,Lyrical Etude,9.984580499,50.85170068,60.836281179
Bb Clarinet,Technical Etude,65.015873016,26.006349206,91.022222222
Bb Clarinet,Chromatic Scale,97.059410431,16.4861678,113.54557823100001
Bb Clarinet,Major Scales,118.770068027,78.831746032,197.601814059
Bb Clarinet,Sight-Reading,201.549206349,51.2,252.74920634900002
