Instrument,ScoreGroup,Start,Duration,End
Flute,Lyrical Etude,12.445895691,120.372244897,132.818140588
Flute,Technical Etude,136.71909297,31.207619047,167.926712017
Flute,Chromatic Scale,173.499501133,26.563628117,200.06312925
Flute,Major Scales,205.45015873,115.914013605,321.364172335
Flute,Sight-Reading,327.053061224,34.690612244,361.743673468
