Instrument,ScoreGroup,Start,Duration,End
Bb Clarinet,Lyrical Etude,13.467573696,83.011337868,96.478911564
Bb Clarinet,Technical Etude,100.44952381,34.702222222,135.151746032
Bb Clarinet,Chromatic Scale,140.271746032,12.596825397,152.868571429
Bb Clarinet,Major Scales,159.753287982,112.616780045,272.370068027
Bb Clarinet,Sight-Reading,276.78185941,57.817687075,334.59954648499996
