Instrument,ScoreGroup,Start,Duration,End
Bb Clarinet,Lyrical Etude,14.791111,87.771429,102.56254
Bb Clarinet,Technical Etude,111.920181,109.807166,221.727347
Bb Clarinet,Chromatic Scale,229.018413,17.507846,246.526259
Bb Clarinet,Major Scales,254.955102,99.915465,354.870567
Bb Clarinet,Sight-Reading,362.463492,89.373605,451.83709699999997
