Instrument,ScoreGroup,Start,Duration,End
Flute,Lyrical Etude,11.203628118,43.943764172,55.14739229
Flute,Technical Etude,61.010430839,32.856235828,93.866666667
Flute,Chromatic Scale,100.890702948,23.858503401,124.74920634899999
Flute,Major Scales,132.075102041,92.368979592,224.444081633
Flute,Sight-Reading,229.993650794,75.012063492,305.005714286
