Instrument,ScoreGroup,Start,Duration,End
Flute,Lyrical Etude,13.514013605,54.752653061,68.26666666599999
Flute,Technical Etude,74.67537415,28.560544218,103.235918368
Flute,Chromatic Scale,109.087346939,24.102312925,133.189659864
Flute,Major Scales,139.877006803,95.712653061,235.589659864
Flute,Sight-Reading,243.252244898,46.393469388,289.645714286
