Instrument,ScoreGroup,Start,Duration,End
Flute,Lyrical Etude,14.860771,52.244898,67.105669
Flute,Technical Etude,73.839456,25.54195,99.381406
Flute,Chromatic Scale,105.882993,16.253968,122.136961
Flute,Major Scales,130.031746,96.827211,226.858957
Flute,Sight-Reading,231.967347,51.780499,283.747846
