Instrument,ScoreGroup,Start,Duration,End
Bb Clarinet,Lyrical Etude,13.374694,76.78839,90.16308400000001
Bb Clarinet,Technical Etude,94.598095,90.581043,185.179138
Bb Clarinet,Chromatic Scale,192.214785,16.904127,209.118912
Bb Clarinet,Major Scales,216.804717,106.858231,323.66294800000003
Bb Clarinet,Sight-Reading,328.539138,55.867211,384.406349
