Instrument,ScoreGroup,Start,Duration,End
Bb Clarinet,Lyrical Etude,11.232653,89.730612,100.96326499999999
Bb Clarinet,Technical Etude,109.453061,39.706122,149.159183
Bb Clarinet,Chromatic Scale,155.428571,13.844898,169.273469
Bb Clarinet,Major Scales,176.587755,108.016327,284.604082
Bb Clarinet,Sight-Reading,289.828571,58.77551,348.604081
