Instrument,ScoreGroup,Start,Duration,End
Alto Saxophone,Lyrical Etude,18.088344671,89.51292517,107.601269841
Alto Saxophone,Technical Etude,118.119909297,39.102403628,157.222312925
Alto Saxophone,Chromatic Scale,165.953015873,11.88861678,177.841632653
Alto Saxophone,Major Scales,191.703945578,112.64,304.343945578
Alto Saxophone,Sight-Reading,312.029750567,51.919818594,363.949569161
