Instrument,ScoreGroup,Start,Duration,End
Xylophone,Mallet Etude,13.096054,35.85161,48.947664
Snare Drum,Snare Etude,53.684535,46.16127,99.845805
Timpani,Timpani Etude,104.304036,51.919819,156.223855
Xylophone,Chromatic Scale,161.518005,9.009342,170.527347
Xylophone,Major Scales,187.338594,63.808435,251.147029
Xylophone,Sight-Reading,257.555737,47.275828,304.831565
Snare Drum,Sight-Reading,309.939955,24.706032,334.645987
