Instrument,ScoreGroup,Start,Duration,End
Flute,Lyrical Etude,15.15102,83.330612,98.481632
Flute,Technical Etude,105.142857,22.857143,128.0
Flute,Chromatic Scale,136.228571,17.632653,153.861224
Flute,Major Scales,163.265306,92.995918,256.261224
Flute,Sight-Reading,264.881633,51.330612,316.21224500000005
