Instrument,ScoreGroup,Start,Duration,End
Xylophone,Mallet Etude,25.68127,26.726168,52.407438
Snare Drum,Snare Etude,62.090159,111.246803,173.336962
Timpani,Timpani Etude,181.672925,44.350113,226.02303799999999
Xylophone,Chromatic Scale,239.978231,7.105306,247.083537
Xylophone,Major Scales,257.602177,119.211247,376.813424
Xylophone,Sight-Reading,386.589025,24.752472,411.341497
Snare Drum,Sight-Reading,420.188299,23.545034,443.73333299999996
