Instrument,ScoreGroup,Start,Duration,End
Bb Clarinet,Lyrical Etude,16.579047619,52.662857143,69.24190476199999
Bb Clarinet,Technical Etude,79.040725624,29.535782313,108.576507937
Bb Clarinet,Chromatic Scale,116.239092971,13.305034014,129.544126985
Bb Clarinet,Major Scales,140.573605442,133.42185941,273.995464852
Bb Clarinet,Sight-Reading,282.284988662,84.474195011,366.759183673
