Instrument,ScoreGroup,Start,Duration,End
Xylophone,Mallet Etude,13.653333,48.576145,62.229478
Snare Drum,Snare Etude,70.402902,105.139955,175.542857
Timpani,Timpani Etude,185.991837,136.620408,322.61224500000003
Xylophone,Chromatic Scale,331.559184,7.24898,338.80816400000003
Xylophone,Major Scales,348.485079,111.827302,460.31238099999996
Xylophone,Sight-Reading,466.808163,55.771429,522.5795919999999
Snare Drum,Sight-Reading,530.416327,44.930612,575.346939
