Instrument,ScoreGroup,Start,Duration,End
Flute,Lyrical Etude,10.216780045,91.254421768,101.471201813
Flute,Technical Etude,105.882993197,27.863945578,133.746938775
Flute,Chromatic Scale,141.873922902,13.699773242,155.573696144
Flute,Major Scales,160.914285714,102.167800453,263.082086167
Flute,Sight-Reading,267.493877551,52.012698412,319.50657596300005
