Instrument,ScoreGroup,Start,Duration,End
French Horn,Lyrical Etude,14.559415,89.24528,103.804695
French Horn,Technical Etude,107.110076,68.468601,175.57867700000003
French Horn,Chromatic Scale,181.717242,9.443945,191.16118699999998
French Horn,Major Scales,196.355357,113.799537,310.154894
French Horn,Sight-Reading,318.182247,58.080262,376.262509
