Instrument,ScoreGroup,Start,Duration,End
Alto Saxophone,Lyrical Etude,12.19047619,47.299047619,59.489523809
Alto Saxophone,Technical Etude,66.083990929,22.453696145,88.53768707399999
Alto Saxophone,Chromatic Scale,94.830294784,13.908752834,108.739047618
Alto Saxophone,Major Scales,117.446530611,55.402811791,172.849342402
Alto Saxophone,Sight-Reading,180.837006801,56.703129251,237.540136052
