Instrument,ScoreGroup,Start,Duration,End
Flute,Lyrical Etude,17.345306122,50.573061224,67.918367346
Flute,Technical Etude,71.888979592,32.287346939,104.176326531
Flute,Chromatic Scale,110.550204082,22.987755102,133.537959184
Flute,Major Scales,140.155646259,102.4,242.555646259
Flute,Sight-Reading,246.595918367,46.114829932,292.710748299
