Instrument,ScoreGroup,Start,Duration,End
Bb Clarinet,Lyrical Etude,15.603809524,69.72952381,85.333333334
Bb Clarinet,Technical Etude,88.816326531,24.380952381,113.197278912
Bb Clarinet,Chromatic Scale,118.653968254,17.298866213,135.952834467
Bb Clarinet,Major Scales,141.572063492,101.587301587,243.159365079
Bb Clarinet,Sight-Reading,247.71047619,80.294603175,328.00507936500003
