Instrument,ScoreGroup,Start,Duration,End
Xylophone,Mallet Etude,9.469388,46.693878,56.163266
Snare Drum,Snare Etude,63.869388,86.595918,150.465306
Timpani,Timpani Etude,157.709932,101.610522,259.32045400000004
Xylophone,Chromatic Scale,268.678095,5.549569,274.227664
Xylophone,Major Scales,279.939773,99.567166,379.506939
Xylophone,Sight-Reading,384.653061,50.416327,435.069388
Snare Drum,Sight-Reading,440.75102,35.918367,476.669387
