Instrument,ScoreGroup,Start,Duration,End
Xylophone,Mallet Etude,19.265306,38.256009,57.521315
Snare Drum,Snare Etude,70.334694,88.955011,159.289705
Timpani,Timpani Etude,168.76263,55.96,224.72263
Xylophone,Chromatic Scale,234.939501,9.820907,244.760408
Xylophone,Major Scales,251.820408,93.94,345.760408
Xylophone,Sight-Reading,353.17551,75.698005,428.873515
Snare Drum,Sight-Reading,437.812245,60.322993,498.135238
