Instrument,ScoreGroup,Start,Duration,End
Alto Saxophone,Lyrical Etude,9.659501133,46.254149659,55.913650792
Alto Saxophone,Technical Etude,60.464761904,27.120907029,87.585668933
Alto Saxophone,Chromatic Scale,93.251337868,10.031020408,103.282358276
Alto Saxophone,Major Scales,108.669387755,60.557641723,169.22702947800002
Alto Saxophone,Sight-Reading,175.171337868,51.362539682,226.53387755
