Instrument,ScoreGroup,Start,Duration,End
Bb Clarinet,Lyrical Etude,11.702857143,54.682993197,66.38585034
Bb Clarinet,Technical Etude,72.67845805,32.298956916,104.977414966
Bb Clarinet,Chromatic Scale,110.039365079,15.464489796,125.503854875
Bb Clarinet,Major Scales,129.915646259,127.756190476,257.671836735
Bb Clarinet,Sight-Reading,260.562721088,47.159727891,307.722448979
