Instrument,ScoreGroup,Start,Duration,End
Trumpet,Lyrical Etude,11.39183,58.813634,70.205464
Trumpet,Technical Etude,76.563695,26.068746,102.632441
Trumpet,Chromatic Scale,112.80561,12.716461,125.522071
Trumpet,Major Scales,132.516125,70.894273,203.410398
Trumpet,Sight-Reading,212.629833,22.253808,234.88364099999998
