Instrument,ScoreGroup,Start,Duration,End
Bb Clarinet,Lyrical Etude,12.747755102,119.536326531,132.284081633
Bb Clarinet,Technical Etude,141.06122449,32.809795918,173.871020408
Bb Clarinet,Chromatic Scale,181.603265306,18.599183673,200.202448979
Bb Clarinet,Major Scales,212.74122449,128.52244898,341.26367347
Bb Clarinet,Sight-Reading,346.488163265,45.55755102,392.04571428500003
