Instrument,ScoreGroup,Start,Duration,End
Flute,Lyrical Etude,16.602267574,26.702947846,43.305215419999996
Flute,Technical Etude,48.471655329,34.7138322,83.185487529
Flute,Chromatic Scale,91.486621315,22.117006803,113.60362811799999
Flute,Major Scales,120.047165533,84.86893424,204.91609977299998
Flute,Sight-Reading,216.758276644,49.110204082,265.86848072600003
