Instrument,ScoreGroup,Start,Duration,End
Bb Clarinet,Lyrical Etude,16.161088435,130.960544217,147.12163265200002
Bb Clarinet,Technical Etude,152.694421768,54.427573696,207.121995464
Bb Clarinet,Chromatic Scale,216.967256235,13.374693877,230.341950112
Bb Clarinet,Major Scales,238.143854875,102.539319727,340.683174602
Bb Clarinet,Sight-Reading,348.11356009,39.009523809,387.123083899
