Instrument,ScoreGroup,Start,Duration,End
Flute,Lyrical Etude,11.54031746,109.714285714,121.254603174
Flute,Technical Etude,127.268571428,32.182857142,159.45142857000002
Flute,Chromatic Scale,165.953015873,14.628571428,180.581587301
Flute,Major Scales,187.57079365,92.972698412,280.54349206200004
Flute,Sight-Reading,285.094603174,31.695238095,316.78984126899996
