Instrument,ScoreGroup,Start,Duration,End
Bb Clarinet,Lyrical Etude,18.250884354,92.368979592,110.61986394600001
Bb Clarinet,Technical Etude,123.576598639,28.142585034,151.719183673
Bb Clarinet,Chromatic Scale,161.610884354,13.096054422,174.70693877600002
Bb Clarinet,Major Scales,185.155918367,105.743673469,290.899591836
Bb Clarinet,Sight-Reading,298.980136054,71.471020408,370.45115646200003
