Instrument,ScoreGroup,Start,Duration,End
Flute,Lyrical Etude,17.554286,43.003356,60.557642
Flute,Technical Etude,68.638186,51.36254,120.00072600000001
Flute,Chromatic Scale,132.725261,37.430567,170.15582799999999
Flute,Major Scales,182.973243,121.022404,303.99564699999996
Flute,Sight-Reading,315.698503,85.913832,401.61233500000003
