Instrument,ScoreGroup,Start,Duration,End
Bb Clarinet,Lyrical Etude,15.673469387,89.07755102,104.751020407
Bb Clarinet,Technical Etude,111.020408163,52.244897959,163.265306122
Bb Clarinet,Chromatic Scale,172.570702947,11.795736961,184.366439908
Bb Clarinet,Major Scales,191.982585034,99.567165532,291.549750566
Bb Clarinet,Sight-Reading,297.772698412,31.207619047,328.980317459
