Instrument,ScoreGroup,Start,Duration,End
Flute,Lyrical Etude,13.49079365,42.585396825,56.076190475
Flute,Technical Etude,60.464761904,22.918095238,83.382857142
Flute,Chromatic Scale,90.372063492,17.554285714,107.926349206
Flute,Major Scales,115.728253968,85.17079365,200.899047618
Flute,Sight-Reading,236.332698412,62.252698412,298.585396824
