Instrument,ScoreGroup,Start,Duration,End
Alto Saxophone,Lyrical Etude,14.83755102,71.053061224,85.89061224400001
Alto Saxophone,Technical Etude,95.764897959,32.914285714,128.679183673
Alto Saxophone,Chromatic Scale,139.755102041,27.742040816,167.49714285699997
Alto Saxophone,Major Scales,178.416326531,92.630204082,271.046530613
Alto Saxophone,Sight-Reading,282.488163265,49.057959184,331.546122449
