Instrument,ScoreGroup,Start,Duration,End
Flute,Lyrical Etude,10.44898,76.277551,86.72653100000001
Flute,Technical Etude,95.108934,22.476916,117.58585000000001
Flute,Chromatic Scale,126.130794,18.947483,145.07827699999999
Flute,Major Scales,152.508662,104.768435,257.27709699999997
Flute,Sight-Reading,262.664127,49.040544,311.704671
