Instrument,ScoreGroup,Start,Duration,End
Alto Saxophone,Lyrical Etude,18.297324263,44.326893424,62.624217687
Alto Saxophone,Technical Etude,69.166439909,22.349206349,91.515646258
Alto Saxophone,Chromatic Scale,103.212698411,15.702494331,118.915192742
Alto Saxophone,Major Scales,127.245351471,69.021315192,196.26666666300002
Alto Saxophone,Sight-Reading,202.971428571,49.574603174,252.546031745
