Instrument,ScoreGroup,Start,Duration,End
Flute,Lyrical Etude,13.792653061,98.847346938,112.639999999
Flute,Technical Etude,124.342857142,67.291428571,191.634285713
Flute,Chromatic Scale,201.038367346,15.464489795,216.502857141
Flute,Major Scales,226.324897959,111.59510204,337.91999999899997
Flute,Sight-Reading,343.980408163,45.766530612,389.746938775
