Instrument,ScoreGroup,Start,Duration,End
Flute,Lyrical Etude,13.583673469,53.49877551,67.082448979
Flute,Technical Etude,71.888979591,22.77877551,94.667755101
Flute,Chromatic Scale,101.773061224,12.329795918,114.102857142
Flute,Major Scales,122.462040816,79.203265306,201.665306122
Flute,Sight-Reading,207.725714285,48.901224489,256.626938774
