Instrument,ScoreGroup,Start,Duration,End
Alto Saxophone,Lyrical Etude,13.839092971,58.816145125,72.655238096
Alto Saxophone,Technical Etude,78.611156463,33.053605442,111.664761905
Alto Saxophone,Chromatic Scale,117.376870748,10.135510204,127.512380952
Alto Saxophone,Major Scales,134.965986395,93.204897959,228.17088435399998
Alto Saxophone,Sight-Reading,234.161632653,44.12952381,278.291156463
