Instrument,ScoreGroup,Start,Duration,End
Bb Clarinet,Lyrical Etude,14.744671202,85.820952381,100.56562358299999
Bb Clarinet,Technical Etude,106.99755102,38.66122449,145.65877551
Bb Clarinet,Chromatic Scale,152.485442177,11.354557823,163.84
Bb Clarinet,Major Scales,172.315283447,105.279274376,277.594557823
Bb Clarinet,Sight-Reading,286.812879819,57.631927438,344.444807257
