Instrument,ScoreGroup,Start,Duration,End
Flute,Lyrical Etude,16.532607709,87.307029478,103.83963718700001
Flute,Technical Etude,110.526984126,27.863945578,138.390929704
Flute,Chromatic Scale,145.264036281,14.675011337,159.939047618
Flute,Major Scales,166.44063492,112.756099773,279.196734693
Flute,Sight-Reading,288.113197278,41.052879818,329.166077096
