Instrument,ScoreGroup,Start,Duration,End
Xylophone,Mallet Etude,12.701315,74.745034,87.446349
Snare Drum,Snare Etude,97.872109,48.622585,146.49469399999998
Timpani,Timpani Etude,151.533424,63.901315,215.43473899999998
Xylophone,Chromatic Scale,226.092698,26.099229,252.19192700000002
Xylophone,Major Scales,266.983039,102.65542,369.638459
Xylophone,Sight-Reading,376.488345,32.252517,408.740862
Snare Drum,Sight-Reading,413.640272,32.995556,446.635828
