Instrument,ScoreGroup,Start,Duration,End
Alto Saxophone,Lyrical Etude,15.428762,89.283192,104.711954
Alto Saxophone,Technical Etude,116.459742,63.907969,180.367711
Alto Saxophone,Chromatic Scale,189.765942,9.868142,199.634084
Alto Saxophone,Major Scales,208.092492,101.500892,309.593384
Alto Saxophone,Sight-Reading,313.822588,59.208854,373.03144199999997
