Instrument,ScoreGroup,Start,Duration,End
Bb Clarinet,Lyrical Etude,9.473741496,58.421405895,67.895147391
Bb Clarinet,Technical Etude,74.861133786,61.857959183,136.719092969
Bb Clarinet,Chromatic Scale,142.477641723,35.108571428,177.586213151
Bb Clarinet,Major Scales,185.202358276,122.88,308.08235827600004
Bb Clarinet,Sight-Reading,314.955464852,84.613514739,399.56897959099996
