Instrument,ScoreGroup,Start,Duration,End
Flute,Lyrical Etude,9.404081632,51.780498866,61.184580498
Flute,Technical Etude,65.015873015,33.088435374,98.104308389
Flute,Chromatic Scale,103.909297052,21.478458049,125.387755101
Flute,Major Scales,132.702040816,122.462040816,255.16408163199998
Flute,Sight-Reading,261.851428571,68.545306122,330.396734693
