Instrument,ScoreGroup,Start,Duration,End
Alto Saxophone,Lyrical Etude,13.653333333,79.969523809,93.622857142
Alto Saxophone,Technical Etude,99.334965986,20.340680272,119.675646258
Alto Saxophone,Chromatic Scale,124.969795918,9.752380952,134.72217687
Alto Saxophone,Major Scales,140.852244897,54.891972789,195.74421768599998
Alto Saxophone,Sight-Reading,202.292244897,75.232653061,277.524897958
