Instrument,ScoreGroup,Start,Duration,End
Bb Clarinet,Lyrical Etude,9.142857142,78.367346938,87.51020408
Bb Clarinet,Technical Etude,90.122448979,39.706122448,129.82857142699999
Bb Clarinet,Chromatic Scale,134.269387755,16.718367346,150.987755101
Bb Clarinet,Major Scales,155.951020408,118.334693877,274.28571428500004
Bb Clarinet,Sight-Reading,277.681632653,67.918367346,345.59999999900003
