Instrument,ScoreGroup,Start,Duration,End
Flute,Lyrical Etude,16.979592,65.044898,82.02449
Flute,Technical Etude,88.555102,22.465306,111.020408
Flute,Chromatic Scale,115.983673,15.412245,131.395918
Flute,Major Scales,142.367347,112.065306,254.43265300000002
Flute,Sight-Reading,257.044898,42.057143,299.102041
