Instrument,ScoreGroup,Start,Duration,End
Trumpet,Lyrical Etude,10.001634,57.998304,67.999938
Trumpet,Technical Etude,81.0747,17.097766,98.17246600000001
Trumpet,Chromatic Scale,105.883223,8.046007,113.92923
Trumpet,Major Scales,123.98674,93.199587,217.186327
Trumpet,Sight-Reading,222.885582,43.24729,266.132872
