Instrument,ScoreGroup,Start,Duration,End
Alto Saxophone,Lyrical Etude,12.492335601,84.86893424,97.361269841
Alto Saxophone,Technical Etude,102.521904762,24.787301587,127.30920634900001
Alto Saxophone,Chromatic Scale,132.794920635,9.346031746,142.140952381
Alto Saxophone,Major Scales,148.642539683,55.466666667,204.10920635
Alto Saxophone,Sight-Reading,210.854603175,53.231746032,264.086349207
