Instrument,ScoreGroup,Start,Duration,End
Trumpet,Lyrical Etude,9.404081632,39.967346938,49.37142857
Trumpet,Technical Etude,55.118367346,26.644897959,81.763265305
Trumpet,Chromatic Scale,88.032653061,12.8,100.832653061
Trumpet,Major Scales,106.840816326,84.897959183,191.738775509
Trumpet,Sight-Reading,196.963265306,59.820408163,256.783673469
