Instrument,ScoreGroup,Start,Duration,End
Alto Saxophone,Lyrical Etude,11.377777778,44.164353741,55.542131519
Alto Saxophone,Technical Etude,59.953922902,32.647256236,92.60117913799999
Alto Saxophone,Chromatic Scale,99.288526077,17.205986395,116.494512472
Alto Saxophone,Major Scales,122.717460317,73.189297052,195.906757369
Alto Saxophone,Sight-Reading,198.600272109,64.969433107,263.569705216
