Instrument,ScoreGroup,Start,Duration,End
Alto Saxophone,Lyrical Etude,14.641989,76.082298,90.72428699999999
Alto Saxophone,Technical Etude,99.551516,68.936447,168.487963
Alto Saxophone,Chromatic Scale,177.735535,9.667916,187.403451
Alto Saxophone,Major Scales,196.230679,91.635033,287.86571200000003
Alto Saxophone,Sight-Reading,293.330187,41.614075,334.94426200000004
