Instrument,ScoreGroup,Start,Duration,End
Xylophone,Mallet Etude,13.188934,84.659955,97.848889
Snare Drum,Snare Etude,107.76381,109.040907,216.804717
Timpani,Timpani Etude,224.095782,37.732426,261.828208
Xylophone,Chromatic Scale,272.880907,6.640907,279.521814
Xylophone,Major Scales,288.415057,114.079637,402.494694
Xylophone,Sight-Reading,411.155737,17.298866,428.45460299999996
Snare Drum,Sight-Reading,440.06458,26.679728,466.744308
