Instrument,ScoreGroup,Start,Duration,End
Alto Saxophone,Lyrical Etude,14.303492063,78.344126984,92.647619047
Alto Saxophone,Technical Etude,97.523809523,28.932063492,126.455873015
Alto Saxophone,Chromatic Scale,133.282539682,13.978412698,147.26095238
Alto Saxophone,Major Scales,153.437460317,86.471111111,239.908571428
Alto Saxophone,Sight-Reading,242.834285714,52.987936507,295.822222221
