Instrument,ScoreGroup,Start,Duration,End
Flute,Lyrical Etude,11.517098,52.848617,64.365715
Flute,Technical Etude,68.359546,22.941315,91.300861
Flute,Chromatic Scale,102.817959,11.609977,114.427936
Flute,Major Scales,122.229841,105.000635,227.230476
Flute,Sight-Reading,232.756825,79.969524,312.726349
