Instrument,ScoreGroup,Start,Duration,End
French Horn,Lyrical Etude,14.359055,103.911329,118.27038399999999
French Horn,Technical Etude,126.162383,156.52466,282.687043
French Horn,Chromatic Scale,292.552043,12.495666,305.04770900000005
French Horn,Major Scales,311.624375,151.263327,462.887702
French Horn,Sight-Reading,469.464369,54.586331,524.0507
