Instrument,ScoreGroup,Start,Duration,End
Bb Clarinet,Lyrical Etude,13.839092971,119.23446712,133.073560091
Bb Clarinet,Technical Etude,138.576689342,46.788208617,185.36489795900002
Bb Clarinet,Chromatic Scale,190.728707483,12.701315193,203.430022676
Bb Clarinet,Major Scales,209.09569161,109.412426304,318.50811791399997
Bb Clarinet,Sight-Reading,325.938503401,70.286802721,396.225306122
