Instrument,ScoreGroup,Start,Duration,End
Alto Saxophone,Lyrical Etude,15.96371882,59.501133786,75.464852606
Alto Saxophone,Technical Etude,82.837188208,47.020408163,129.857596371
Alto Saxophone,Chromatic Scale,137.462131519,32.682086167,170.144217686
Alto Saxophone,Major Scales,180.012698412,122.83356009,302.846258502
Alto Saxophone,Sight-Reading,307.664399092,63.970975056,371.635374148
