Instrument,ScoreGroup,Start,Duration,End
Oboe,Lyrical Etude,14.649339,75.849369,90.498708
Oboe,Technical Etude,103.437718,60.233323,163.671041
Oboe,Chromatic Scale,171.702151,12.046665,183.74881599999998
Oboe,Major Scales,187.76437,106.189117,293.953487
Oboe,Sight-Reading,308.231016,47.740485,355.971501
