Instrument,ScoreGroup,Start,Duration,End
Bb Clarinet,Lyrical Etude,14.907210884,77.299229025,92.206439909
Bb Clarinet,Technical Etude,97.918548753,52.871836735,150.790385488
Bb Clarinet,Chromatic Scale,160.310566893,11.679637188,171.99020408099997
Bb Clarinet,Major Scales,180.837006803,123.948117914,304.78512471700003
Bb Clarinet,Sight-Reading,310.775873016,53.220136054,363.99600907
