Instrument,ScoreGroup,Start,Duration,End
Bb Clarinet,Lyrical Etude,13.844897959,79.281632653,93.12653061200001
Bb Clarinet,Technical Etude,98.089795918,67.657142857,165.746938775
Bb Clarinet,Chromatic Scale,173.583673469,38.269387755,211.853061224
Bb Clarinet,Major Scales,219.820408163,73.665306122,293.485714285
Bb Clarinet,Sight-Reading,302.236734693,105.142857142,407.37959183500004
