Instrument,ScoreGroup,Start,Duration,End
Alto Saxophone,Lyrical Etude,14.303492063,48.924444444,63.227936507
Alto Saxophone,Technical Etude,67.941587301,37.059047619,105.00063492
Alto Saxophone,Chromatic Scale,113.94031746,25.356190476,139.296507936
Alto Saxophone,Major Scales,147.911111111,90.372063492,238.283174603
Alto Saxophone,Sight-Reading,244.947301587,57.539047619,302.486349206
