Instrument,ScoreGroup,Start,Duration,End
Flute,Lyrical Etude,13.096054422,55.031292517,68.12734693899999
Flute,Technical Etude,73.700136054,25.356190476,99.05632652999999
Flute,Chromatic Scale,107.276190476,16.439727891,123.715918367
Flute,Major Scales,131.378503401,129.149387755,260.527891156
Flute,Sight-Reading,268.329795918,47.508027211,315.837823129
