Instrument,ScoreGroup,Start,Duration,End
Flute,Lyrical Etude,12.262154,119.83135,132.093504
Flute,Technical Etude,139.142407,40.531192,179.673599
Flute,Chromatic Scale,187.603615,11.895024,199.498639
Flute,Major Scales,207.428654,90.314069,297.742723
Flute,Sight-Reading,305.672739,43.615087,349.287826
