Instrument,ScoreGroup,Start,Duration,End
Bb Clarinet,Lyrical Etude,19.226122449,90.070204082,109.296326531
Bb Clarinet,Technical Etude,117.864489796,39.497142857,157.36163265300002
Bb Clarinet,Chromatic Scale,168.43755102,12.120816327,180.558367347
Bb Clarinet,Major Scales,188.708571429,135.627755102,324.336326531
Bb Clarinet,Sight-Reading,333.113469388,110.759183673,443.872653061
