Instrument,ScoreGroup,Start,Duration,End
Bb Clarinet,Lyrical Etude,15.804082,89.208163,105.012245
Bb Clarinet,Technical Etude,110.106122,32.326531,142.43265300000002
Bb Clarinet,Chromatic Scale,149.289796,14.171429,163.46122499999998
Bb Clarinet,Major Scales,170.318367,125.039456,295.357823
Bb Clarinet,Sight-Reading,302.04517,56.28517,358.33034
