Instrument,ScoreGroup,Start,Duration,End
Bb Clarinet,Lyrical Etude,7.430385487,98.638367346,106.06875283299999
Bb Clarinet,Technical Etude,110.628571428,77.191836734,187.820408162
Bb Clarinet,Chromatic Scale,195.047619047,18.947482993,213.99510204
Bb Clarinet,Major Scales,220.310929705,122.044081632,342.355011337
Bb Clarinet,Sight-Reading,346.441723356,61.300680272,407.74240362800003
