Instrument,ScoreGroup,Start,Duration,End
Bb Clarinet,Lyrical Etude,13.096054,65.108753,78.20480699999999
Bb Clarinet,Technical Etude,82.895238,27.771066,110.66630400000001
Bb Clarinet,Chromatic Scale,117.075011,13.235374,130.310385
Bb Clarinet,Major Scales,136.719093,64.830113,201.54920599999997
Bb Clarinet,Sight-Reading,207.679274,47.461587,255.140861
