Instrument,ScoreGroup,Start,Duration,End
Alto Saxophone,Lyrical Etude,15.046530612,71.993469387,87.039999999
Alto Saxophone,Technical Etude,95.608163265,52.662857142,148.271020407
Alto Saxophone,Chromatic Scale,157.048163265,8.254693877,165.302857142
Alto Saxophone,Major Scales,171.572244897,85.681632653,257.25387754999997
Alto Saxophone,Sight-Reading,264.777142857,50.050612244,314.827755101
