Instrument,ScoreGroup,Start,Duration,End
Alto Saxophone,Lyrical Etude,14.048072562,56.946938775,70.995011337
Alto Saxophone,Technical Etude,78.947845804,32.507936507,111.455782311
Alto Saxophone,Chromatic Scale,120.453514739,23.684353741,144.13786848
Alto Saxophone,Major Scales,153.541950113,95.085714285,248.627664398
Alto Saxophone,Sight-Reading,254.664852607,59.907482993,314.5723356
