Instrument,ScoreGroup,Start,Duration,End
Alto Saxophone,Lyrical Etude,14.860771,57.539048,72.39981900000001
Alto Saxophone,Technical Etude,78.622766,22.964535,101.587301
Alto Saxophone,Chromatic Scale,109.133787,8.034104,117.167891
Alto Saxophone,Major Scales,124.644717,82.709478,207.354195
Alto Saxophone,Sight-Reading,211.928526,36.03737,247.96589600000001
