Instrument,ScoreGroup,Start,Duration,End
Trumpet,Lyrical Etude,14.889795918,38.661224489,53.551020406999996
Trumpet,Technical Etude,61.126530612,30.563265306,91.689795918
Trumpet,Chromatic Scale,100.832653061,21.420408163,122.253061224
Trumpet,Major Scales,131.395918367,94.824489795,226.220408162
Trumpet,Sight-Reading,236.408163265,74.710204081,311.118367346
