Instrument,ScoreGroup,Start,Duration,End
Bb Clarinet,Lyrical Etude,12.283356009,124.853696145,137.137052154
Bb Clarinet,Technical Etude,143.615419501,79.342585034,222.958004535
Bb Clarinet,Chromatic Scale,229.854331066,19.48154195,249.335873016
Bb Clarinet,Major Scales,257.416417234,120.349024943,377.765442177
Bb Clarinet,Sight-Reading,382.943492063,110.573424036,493.516916099
