Instrument,ScoreGroup,Start,Duration,End
Alto Saxophone,Lyrical Etude,13.514013605,45.116371882,58.630385487000005
Alto Saxophone,Technical Etude,66.176870748,36.733968254,102.91083900199999
Alto Saxophone,Chromatic Scale,110.735963719,7.360725624,118.096689343
Alto Saxophone,Major Scales,126.432653061,80.294603175,206.72725623600002
Alto Saxophone,Sight-Reading,212.230385488,68.963265306,281.193650794
