Instrument,ScoreGroup,Start,Duration,End
Flute,Lyrical Etude,13.177324263,31.056689342,44.234013605
Flute,Technical Etude,50.967800454,58.630385488,109.598185942
Flute,Chromatic Scale,120.035555556,72.086349206,192.12190476199999
Flute,Major Scales,204.962539683,121.57968254,326.54222222299995
Flute,Sight-Reading,329.63047619,109.876825397,439.50730158700003
