Instrument,ScoreGroup,Start,Duration,End
Bb Clarinet,Lyrical Etude,8.823582766,45.232471655,54.056054421
Bb Clarinet,Technical Etude,57.678367346,49.319183673,106.997551019
Bb Clarinet,Chromatic Scale,112.29170068,26.099229024,138.390929704
Bb Clarinet,Major Scales,143.592199546,101.331882086,244.92408163199997
Bb Clarinet,Sight-Reading,248.917913832,46.997188208,295.91510204
