Instrument,ScoreGroup,Start,Duration,End
Bb Clarinet,Lyrical Etude,15.281633,110.759184,126.040817
Bb Clarinet,Technical Etude,133.616327,28.604082,162.22040900000002
Bb Clarinet,Chromatic Scale,171.755102,24.555102,196.310204
Bb Clarinet,Major Scales,206.936236,122.415601,329.351837
Bb Clarinet,Sight-Reading,335.804082,55.771429,391.575511
