Instrument,ScoreGroup,Start,Duration,End
Alto Saxophone,Lyrical Etude,10.100680272,70.03138322,80.132063492
Alto Saxophone,Technical Etude,85.333333333,38.220045351,123.553378684
Alto Saxophone,Chromatic Scale,132.655600907,7.94122449,140.596825397
Alto Saxophone,Major Scales,145.937414966,87.307029478,233.244444444
Alto Saxophone,Sight-Reading,239.002993197,57.724807256,296.727800453
