Instrument,ScoreGroup,Start,Duration,End
Bb Clarinet,Lyrical Etude,12.865306122,52.114285714,64.979591836
Bb Clarinet,Technical Etude,73.012244897,25.6,98.61224489700001
Bb Clarinet,Chromatic Scale,105.534693877,13.975510204,119.510204081
Bb Clarinet,Major Scales,126.824489795,105.665306122,232.489795917
Bb Clarinet,Sight-Reading,237.714285714,49.632653061,287.346938775
