Instrument,ScoreGroup,Start,Duration,End
Flute,Lyrical Etude,13.270204082,79.62122449,92.891428572
Flute,Technical Etude,99.787755102,79.516734694,179.30448979599998
Flute,Chromatic Scale,187.152834467,17.3569161,204.509750567
Flute,Major Scales,212.183945578,115.078095238,327.26204081599997
Flute,Sight-Reading,334.92462585,83.731156463,418.655782313
