Instrument,ScoreGroup,Start,Duration,End
Xylophone,Mallet Etude,12.074376,74.303855,86.378231
Snare Drum,Snare Etude,93.437098,70.031383,163.468481
Timpani,Timpani Etude,173.127982,64.644354,237.772336
Xylophone,Chromatic Scale,244.088163,9.473741,253.561904
Xylophone,Major Scales,262.106848,88.793107,350.89995500000003
Xylophone,Sight-Reading,357.958821,51.45542,409.414241
Snare Drum,Sight-Reading,415.730068,27.120907,442.850975
