Instrument,ScoreGroup,Start,Duration,End
Bb Clarinet,Lyrical Etude,10.646349206,52.50031746,63.146666666
Bb Clarinet,Technical Etude,66.478730159,28.444444444,94.92317460299999
Bb Clarinet,Chromatic Scale,100.530793651,17.554285714,118.085079365
Bb Clarinet,Major Scales,124.22675737,90.673922902,214.900680272
Bb Clarinet,Sight-Reading,220.125170068,66.292970522,286.41814059
