Instrument,ScoreGroup,Start,Duration,End
Bb Clarinet,Lyrical Etude,9.148662132,79.57478458,88.723446712
Bb Clarinet,Technical Etude,92.995918367,89.21106576,182.206984127
Bb Clarinet,Chromatic Scale,187.779773243,30.743219955,218.522993198
Bb Clarinet,Major Scales,225.071020408,122.276281179,347.347301587
Bb Clarinet,Sight-Reading,353.175510204,78.320907029,431.496417233
