Instrument,ScoreGroup,Start,Duration,End
Bb Clarinet,Lyrical Etude,13.931973,60.517007,74.44898
Bb Clarinet,Technical Etude,80.326531,21.942857,102.269388
Bb Clarinet,Chromatic Scale,111.281633,10.971429,122.253062
Bb Clarinet,Major Scales,132.440816,106.579592,239.02040800000003
Bb Clarinet,Sight-Reading,245.028571,41.795918,286.82448899999997
