Instrument,ScoreGroup,Start,Duration,End
Alto Saxophone,Lyrical Etude,13.815873016,44.582312925,58.398185940999994
Alto Saxophone,Technical Etude,62.995736961,29.582222222,92.57795918299999
Alto Saxophone,Chromatic Scale,99.218866213,13.351473923,112.570340136
Alto Saxophone,Major Scales,120.488344671,58.583945578,179.072290249
Alto Saxophone,Sight-Reading,183.600181406,52.871836735,236.47201814099998
