Instrument,ScoreGroup,Start,Duration,End
Flute,Lyrical Etude,9.287981859,29.024943311,38.31292517
Flute,Technical Etude,45.046712018,33.204535147,78.251247165
Flute,Chromatic Scale,88.932426304,27.863945578,116.796371882
Flute,Major Scales,121.556462585,91.254421769,212.810884354
Flute,Sight-Reading,220.705668934,85.449433107,306.15510204099996
