Instrument,ScoreGroup,Start,Duration,End
Bb Clarinet,Lyrical Etude,12.445896,85.820952,98.26684800000001
Bb Clarinet,Technical Etude,105.882993,33.808254,139.691247
Bb Clarinet,Chromatic Scale,147.121633,16.161088,163.282721
Bb Clarinet,Major Scales,172.756463,102.1678,274.924263
Bb Clarinet,Sight-Reading,278.825215,69.845624,348.670839
