Instrument,ScoreGroup,Start,Duration,End
Xylophone,Mallet Etude,15.60381,55.225011,70.828821
Snare Drum,Snare Etude,76.71873,85.681995,162.400725
Timpani,Timpani Etude,169.970068,65.520998,235.491066
Xylophone,Chromatic Scale,241.03,9.397007,250.427007
Xylophone,Major Scales,258.577415,127.37,385.947415
Xylophone,Sight-Reading,391.767075,49.063991,440.83106599999996
Snare Drum,Sight-Reading,444.865306,42.881995,487.747301
