Instrument,ScoreGroup,Start,Duration,End
Alto Saxophone,Lyrical Etude,9.19510204,73.560816326,82.75591836599999
Alto Saxophone,Technical Etude,87.957188208,65.015873015,152.973061223
Alto Saxophone,Chromatic Scale,159.474648526,16.532607709,176.007256235
Alto Saxophone,Major Scales,181.881904761,101.424761904,283.30666666499997
Alto Saxophone,Sight-Reading,290.62095238,61.927619047,352.548571427
