Instrument,ScoreGroup,Start,Duration,End
Alto Saxophone,Lyrical Etude,14.83755102,91.428571428,106.266122448
Alto Saxophone,Technical Etude,113.580408163,68.022857142,181.603265305
Alto Saxophone,Chromatic Scale,187.350204081,9.71755102,197.067755101
Alto Saxophone,Major Scales,201.142857142,89.33877551,290.48163265200003
Alto Saxophone,Sight-Reading,295.079183673,62.798367346,357.877551019
