Instrument,ScoreGroup,Start,Duration,End
Bb Clarinet,Lyrical Etude,15.934694,69.877551,85.81224499999999
Bb Clarinet,Technical Etude,93.191837,27.232653,120.42449
Bb Clarinet,Chromatic Scale,129.371429,11.885714,141.257143
Bb Clarinet,Major Scales,150.334694,109.714286,260.04898000000003
Bb Clarinet,Sight-Reading,281.338776,45.322449,326.661225
