Instrument,ScoreGroup,Start,Duration,End
Bb Clarinet,Lyrical Etude,14.889796,112.065306,126.95510200000001
Bb Clarinet,Technical Etude,136.881633,76.277551,213.15918399999998
Bb Clarinet,Chromatic Scale,222.040816,17.763265,239.804081
Bb Clarinet,Major Scales,242.677551,117.55102,360.228571
Bb Clarinet,Sight-Reading,369.632653,87.510204,457.142857
