Instrument,ScoreGroup,Start,Duration,End
Trumpet,Lyrical Etude,10.448979591,39.183673469,49.632653059999996
Trumpet,Technical Etude,53.551020408,29.779591836,83.33061224400001
Trumpet,Chromatic Scale,89.07755102,13.844897959,102.922448979
Trumpet,Major Scales,107.885714285,98.481632653,206.36734693800003
Trumpet,Sight-Reading,211.591836734,50.93877551,262.530612244
