Instrument,ScoreGroup,Start,Duration,End
Bb Clarinet,Lyrical Etude,16.904126984,111.502222222,128.40634920600002
Bb Clarinet,Technical Etude,135.233015873,28.281904762,163.514920635
Bb Clarinet,Chromatic Scale,168.716190476,14.628571429,183.344761905
Bb Clarinet,Major Scales,190.821587302,108.576507937,299.398095239
Bb Clarinet,Sight-Reading,303.624126984,47.461587302,351.085714286
