Instrument,ScoreGroup,Start,Duration,End
Alto Saxophone,Lyrical Etude,13.885532879,46.138049886,60.023582765
Alto Saxophone,Technical Etude,66.919909297,35.062131519,101.982040816
Alto Saxophone,Chromatic Scale,107.879909291,12.097596371,119.977505662
Alto Saxophone,Major Scales,128.313469381,77.484988662,205.798458043
Alto Saxophone,Sight-Reading,213.066303851,70.913741496,283.980045347
