Instrument,ScoreGroup,Start,Duration,End
Bb Clarinet,Lyrical Etude,17.83292517,53.127256236,70.960181406
Bb Clarinet,Technical Etude,75.789931973,43.839274376,119.62920634899999
Bb Clarinet,Chromatic Scale,125.201995465,18.204444444,143.406439909
Bb Clarinet,Major Scales,147.121632653,100.495963719,247.617596372
Bb Clarinet,Sight-Reading,251.70430839,62.78675737,314.49106575999997
