Instrument,ScoreGroup,Start,Duration,End
Flute,Lyrical Etude,15.603809523,99.892244897,115.49605442
Flute,Technical Etude,124.83047619,29.396462585,154.226938775
Flute,Chromatic Scale,164.536598639,24.798911564,189.335510203
Flute,Major Scales,196.905215419,107.740589569,304.645804988
Flute,Sight-Reading,310.404353741,44.025034013,354.429387754
