Instrument,ScoreGroup,Start,Duration,End
Flute,Lyrical Etude,9.589841269,52.012698412,61.602539680999996
Flute,Technical Etude,66.803809523,23.08063492,89.884444443
Flute,Chromatic Scale,94.598095238,15.441269841,110.03936507899999
Flute,Major Scales,114.265396825,106.951111111,221.216507936
Flute,Sight-Reading,225.28,70.379682539,295.659682539
