Instrument,ScoreGroup,Start,Duration,End
Alto Saxophone,Lyrical Etude,9.404081632,81.293061224,90.697142856
Alto Saxophone,Technical Etude,94.667755102,77.635918367,172.303673469
Alto Saxophone,Chromatic Scale,178.886530612,8.359183673,187.245714285
Alto Saxophone,Major Scales,193.097142857,97.802448979,290.899591836
Alto Saxophone,Sight-Reading,298.980136054,48.343945578,347.324081632
