Instrument,ScoreGroup,Start,Duration,End
Alto Saxophone,Lyrical Etude,11.284897959,73.351836734,84.63673469300001
Alto Saxophone,Technical Etude,88.189387755,36.989387755,125.17877551000001
Alto Saxophone,Chromatic Scale,131.866122448,12.329795918,144.195918366
Alto Saxophone,Major Scales,151.092244897,98.847346938,249.939591835
Alto Saxophone,Sight-Reading,254.746122448,64.783673469,319.529795917
