Instrument,ScoreGroup,Start,Duration,End
Flute,Lyrical Etude,11.470657596,36.269569161,47.740226757
Flute,Technical Etude,53.84707483,28.189024943,82.03609977299999
Flute,Chromatic Scale,90.279183673,12.840634921,103.11981859400001
Flute,Major Scales,112.29170068,98.359727891,210.651428571
Flute,Sight-Reading,218.522993197,48.134965986,266.657959183
