Instrument,ScoreGroup,Start,Duration,End
Alto Saxophone,Lyrical Etude,13.026394557,74.884353741,87.910748298
Alto Saxophone,Technical Etude,94.145306122,18.564353741,112.709659863
Alto Saxophone,Chromatic Scale,120.163265306,10.588299319,130.75156462500001
Alto Saxophone,Major Scales,138.797278911,94.493605442,233.29088435300002
Alto Saxophone,Sight-Reading,238.376054421,40.472380952,278.848435373
