Instrument,ScoreGroup,Start,Duration,End
Oboe,Lyrical Etude,13.514013605,67.709387755,81.22340136
Oboe,Technical Etude,86.099591836,45.139591836,131.239183672
Oboe,Chromatic Scale,139.041088435,14.767891156,153.808979591
Oboe,Major Scales,161.610884353,119.675646258,281.286530611
Oboe,Sight-Reading,286.72,66.594829931,353.314829931
