Instrument,ScoreGroup,Start,Duration,End
Trumpet,Lyrical Etude,13.583673469,47.020408163,60.604081632
Trumpet,Technical Etude,64.261224489,35.526530612,99.787755101
Trumpet,Chromatic Scale,106.318367346,35.004081632,141.322448978
Trumpet,Major Scales,149.681632653,94.040816326,243.722448979
Trumpet,Sight-Reading,247.803356009,51.269659863,299.073015872
