Instrument,ScoreGroup,Start,Duration,End
Bb Clarinet,Lyrical Etude,10.588299,68.173787,78.76208600000001
Bb Clarinet,Technical Etude,82.477279,22.291156,104.768435
Bb Clarinet,Chromatic Scale,109.040907,13.188934,122.22984100000001
Bb Clarinet,Major Scales,127.059592,74.489615,201.549207
Bb Clarinet,Sight-Reading,203.406803,36.780408,240.187211
