Instrument,ScoreGroup,Start,Duration,End
Bb Clarinet,Lyrical Etude,15.622483,108.510844,124.13332700000001
Bb Clarinet,Technical Etude,139.832768,35.554617,175.387385
Bb Clarinet,Chromatic Scale,182.775357,10.158462,192.93381900000003
Bb Clarinet,Major Scales,198.936547,104.816858,303.753405
Bb Clarinet,Sight-Reading,310.21788,58.180282,368.39816199999996
