Instrument,ScoreGroup,Start,Duration,End
Bb Clarinet,Lyrical Etude,10.843719,72.446259,83.28997799999999
Bb Clarinet,Technical Etude,89.466485,102.44644,191.912925
Bb Clarinet,Chromatic Scale,205.287619,28.769524,234.057143
Bb Clarinet,Major Scales,243.670204,119.675646,363.34585000000004
Bb Clarinet,Sight-Reading,368.50068,59.698503,428.199183
