Instrument,ScoreGroup,Start,Duration,End
Bb Clarinet,Lyrical Etude,12.53877551,60.342857142,72.88163265200001
Bb Clarinet,Technical Etude,76.27755102,34.742857142,111.020408162
Bb Clarinet,Chromatic Scale,117.812244897,14.367346938,132.179591835
Bb Clarinet,Major Scales,145.502040816,122.775510204,268.27755102000003
Bb Clarinet,Sight-Reading,272.195918367,48.848979591,321.044897958
