Instrument,ScoreGroup,Start,Duration,End
Alto Saxophone,Lyrical Etude,9.241542,52.314558,61.5561
Alto Saxophone,Technical Etude,67.895147,22.453696,90.34884299999999
Alto Saxophone,Chromatic Scale,95.248254,9.264762,104.51301600000001
Alto Saxophone,Major Scales,109.714286,86.285351,195.999637
Alto Saxophone,Sight-Reading,200.968707,42.956916,243.925623
