Instrument,ScoreGroup,Start,Duration,End
Bb Clarinet,Lyrical Etude,14.210612,48.669025,62.879636999999995
Bb Clarinet,Technical Etude,68.080907,32.322177,100.403084
Bb Clarinet,Chromatic Scale,108.855147,35.015692,143.870839
Bb Clarinet,Major Scales,152.293878,109.061224,261.355102
Bb Clarinet,Sight-Reading,267.232653,54.595918,321.828571
