Instrument,ScoreGroup,Start,Duration,End
Bb Clarinet,Lyrical Etude,13.188934,67.802268,80.991202
Bb Clarinet,Technical Etude,86.703311,26.656508,113.359819
Bb Clarinet,Chromatic Scale,122.415601,11.563537,133.979138
Bb Clarinet,Major Scales,141.920363,117.028571,258.948934
Bb Clarinet,Sight-Reading,263.592925,45.603991,309.196916
