Instrument,ScoreGroup,Start,Duration,End
Bb Clarinet,Lyrical Etude,12.27755102,56.163265306,68.440816326
Bb Clarinet,Technical Etude,72.620408163,30.302040816,102.922448979
Bb Clarinet,Chromatic Scale,109.191836734,14.628571428,123.820408162
Bb Clarinet,Major Scales,130.612244897,116.767346938,247.379591835
Bb Clarinet,Sight-Reading,251.820408163,53.812244897,305.63265306
