Instrument,ScoreGroup,Start,Duration,End
Alto Saxophone,Lyrical Etude,13.351473923,49.458503401,62.809977324
Alto Saxophone,Technical Etude,71.15755102,89.025306122,160.182857142
Alto Saxophone,Chromatic Scale,170.26031746,10.390929705,180.651247165
Alto Saxophone,Major Scales,188.662131519,97.639909297,286.30204081600004
Alto Saxophone,Sight-Reading,292.919727891,55.170612245,348.090340136
