Instrument,ScoreGroup,Start,Duration,End
Alto Saxophone,Lyrical Etude,18.111565,65.898231,84.009796
Alto Saxophone,Technical Etude,92.22966,24.915011,117.14467099999999
Alto Saxophone,Chromatic Scale,125.109116,8.126984,133.2361
Alto Saxophone,Major Scales,143.034921,93.878277,236.913198
Alto Saxophone,Sight-Reading,244.111383,46.393469,290.50485199999997
