Instrument,ScoreGroup,Start,Duration,End
Bb Clarinet,Lyrical Etude,13.322448979,112.848979591,126.17142857
Bb Clarinet,Technical Etude,131.657142857,66.089795918,197.746938775
Bb Clarinet,Chromatic Scale,203.75510204,13.844897959,217.599999999
Bb Clarinet,Major Scales,223.085714285,91.428571428,314.514285713
Bb Clarinet,Sight-Reading,326.269387755,62.171428571,388.440816326
