Instrument,ScoreGroup,Start,Duration,End
Flute,Lyrical Etude,26.563628,49.783583,76.347211
Flute,Technical Etude,84.520635,29.907302,114.427937
Flute,Chromatic Scale,125.016236,19.319002,144.335238
Flute,Major Scales,150.836825,108.855147,259.691972
Flute,Sight-Reading,268.979955,43.839274,312.819229
