Instrument,ScoreGroup,Start,Duration,End
Bb Clarinet,Lyrical Etude,13.560453514,122.044081632,135.604535146
Bb Clarinet,Technical Etude,142.291882086,68.731065759,211.02294784499998
Bb Clarinet,Chromatic Scale,225.697959183,15.418049886,241.116009069
Bb Clarinet,Major Scales,248.36063492,121.858321995,370.218956915
Bb Clarinet,Sight-Reading,374.862947845,53.870294784,428.733242629
