Instrument,ScoreGroup,Start,Duration,End
Xylophone,Mallet Etude,13.97551,50.02449,64.0
Snare Drum,Snare Etude,71.183673,81.763265,152.946938
Timpani,Timpani Etude,161.436735,100.310204,261.746939
Xylophone,Chromatic Scale,270.432653,8.42449,278.857143
Xylophone,Major Scales,288.113197,122.415601,410.528798
Xylophone,Sight-Reading,419.538141,41.14576,460.683901
Snare Drum,Sight-Reading,468.950204,36.780408,505.730612
