Instrument,ScoreGroup,Start,Duration,End
Flute,Lyrical Etude,10.448979592,25.658049887,36.107029479000005
Flute,Technical Etude,42.376417234,27.051247166,69.4276644
Flute,Chromatic Scale,76.509750567,20.085260771,96.595011338
Flute,Major Scales,104.257596372,78.367346939,182.62494331099998
Flute,Sight-Reading,187.849433107,54.799092971,242.648526078
