Instrument,ScoreGroup,Start,Duration,End
Bb Clarinet,Lyrical Etude,11.168798186,105.999092971,117.167891157
Bb Clarinet,Technical Etude,123.553378685,43.490975057,167.044353742
Bb Clarinet,Chromatic Scale,176.100136054,11.633197279,187.733333333
Bb Clarinet,Major Scales,195.001179138,106.440272109,301.44145124700003
Bb Clarinet,Sight-Reading,306.54984127,62.299138322,368.848979592
