Instrument,ScoreGroup,Start,Duration,End
Alto Saxophone,Lyrical Etude,10.820498866,42.515736961,53.336235827
Alto Saxophone,Technical Etude,57.724807256,20.294240362,78.019047618
Alto Saxophone,Chromatic Scale,84.195555555,10.983038548,95.178594103
Alto Saxophone,Major Scales,100.101224481,79.992743764,180.09396824499999
Alto Saxophone,Sight-Reading,185.179138321,63.73877551,248.91791383100002
