Instrument,ScoreGroup,Start,Duration,End
Bb Clarinet,Lyrical Etude,16.195918367,108.408163265,124.604081632
Bb Clarinet,Technical Etude,139.75510204,50.15510204,189.91020408
Bb Clarinet,Chromatic Scale,202.448979591,11.232653061,213.68163265200002
Bb Clarinet,Major Scales,221.779591836,109.061224489,330.840816325
Bb Clarinet,Sight-Reading,335.934693877,26.514285714,362.44897959099995
