Instrument,ScoreGroup,Start,Duration,End
Flute,Lyrical Etude,12.956734693,50.294421768,63.251156461
Flute,Technical Etude,68.266666666,23.266394557,91.533061223
Flute,Chromatic Scale,98.359727891,19.226122448,117.585850339
Flute,Major Scales,125.109115646,61.44,186.54911564600002
Flute,Sight-Reading,193.793741496,48.20462585,241.998367346
