Instrument,ScoreGroup,Start,Duration,End
Bb Clarinet,Lyrical Etude,15.046530612,70.960181405,86.006712017
Bb Clarinet,Technical Etude,90.46494331,34.551292517,125.016235827
Bb Clarinet,Chromatic Scale,134.118458049,15.418049886,149.536507935
Bb Clarinet,Major Scales,156.223854875,101.796281179,258.020136054
Bb Clarinet,Sight-Reading,264.707482993,61.672199546,326.379682539
