Instrument,ScoreGroup,Start,Duration,End
Xylophone,Mallet Etude,14.302041,44.342857,58.644898
Snare Drum,Snare Etude,65.294512,76.81161,142.106122
Timpani,Timpani Etude,151.579864,105.882993,257.462857
Xylophone,Chromatic Scale,266.657959,5.479909,272.137868
Xylophone,Major Scales,279.568254,104.211156,383.77941000000004
Xylophone,Sight-Reading,392.489796,47.804082,440.293878
Snare Drum,Sight-Reading,449.044898,36.963265,486.00816299999997
