Instrument,ScoreGroup,Start,Duration,End
Flute,Lyrical Etude,15.928888889,67.047619048,82.97650793700001
Flute,Technical Etude,92.531519274,38.196825397,130.728344671
Flute,Chromatic Scale,140.248526077,12.19047619,152.439002267
Flute,Major Scales,162.864761905,103.375238095,266.24
Flute,Sight-Reading,273.995464853,60.604081633,334.599546486
