Instrument,ScoreGroup,Start,Duration,End
Xylophone,Mallet Etude,11.689796,29.126531,40.816327
Snare Drum,Snare Etude,46.811429,62.229478,109.040907
Timpani,Timpani Etude,112.7561,51.734059,164.490159
Xylophone,Chromatic Scale,170.248707,7.616145,177.86485199999998
Xylophone,Major Scales,182.595918,101.877551,284.473469
Xylophone,Sight-Reading,289.567347,41.404082,330.971429
Snare Drum,Sight-Reading,336.84898,35.395918,372.244898
