Instrument,ScoreGroup,Start,Duration,End
Flute,Lyrical Etude,11.052698,33.436735,44.489433
Flute,Technical Etude,47.554467,37.802086,85.356553
Flute,Chromatic Scale,90.464943,16.346848,106.811791
Flute,Major Scales,117.214331,70.867302,188.081633
Flute,Sight-Reading,193.375782,41.517279,234.893061
