Instrument,ScoreGroup,Start,Duration,End
Xylophone,Mallet Etude,15.673469,182.595918,198.26938700000002
Snare Drum,Snare Etude,204.056961,66.966349,271.02331
Timpani,Timpani Etude,281.208163,98.220408,379.42857100000003
Xylophone,Chromatic Scale,386.751565,10.40254,397.154105
Xylophone,Major Scales,405.513288,9.566621,415.079909
Xylophone,Sight-Reading,425.665306,88.293878,513.959184
Snare Drum,Sight-Reading,519.894785,32.182857,552.077642
