Instrument,ScoreGroup,Start,Duration,End
Bb Clarinet,Lyrical Etude,12.213696,63.994195,76.207891
Bb Clarinet,Technical Etude,81.87356,134.327438,216.200998
Bb Clarinet,Chromatic Scale,222.586485,23.939773,246.526258
Bb Clarinet,Major Scales,252.818866,111.850522,364.669388
Bb Clarinet,Sight-Reading,371.426395,63.622676,435.049071
