Instrument,ScoreGroup,Start,Duration,End
Flute,Lyrical Etude,10.187755,25.665306,35.853061
Flute,Technical Etude,39.053061,22.4,61.453061
Flute,Chromatic Scale,67.069388,14.82449,81.893878
Flute,Major Scales,88.946939,70.791837,159.738776
Flute,Sight-Reading,164.310204,39.706122,204.016326
