Instrument,ScoreGroup,Start,Duration,End
Alto Saxophone,Lyrical Etude,14.83755102,57.608707483,72.446258503
Alto Saxophone,Technical Etude,76.730340136,37.024217687,113.754557823
Alto Saxophone,Chromatic Scale,120.372244898,8.916462585,129.288707483
Alto Saxophone,Major Scales,137.543401361,99.787755102,237.331156463
Alto Saxophone,Sight-Reading,242.033197279,48.761904762,290.795102041
