Instrument,ScoreGroup,Start,Duration,End
Bb Clarinet,Lyrical Etude,18.018684807,46.625668934,64.644353741
Bb Clarinet,Technical Etude,73.003537414,29.164263038,102.167800452
Bb Clarinet,Chromatic Scale,111.64154195,14.303492063,125.945034013
Bb Clarinet,Major Scales,137.647891156,94.365895691,232.013786847
Bb Clarinet,Sight-Reading,241.859047619,74.118095238,315.977142857
