Instrument,ScoreGroup,Start,Duration,End
Bb Clarinet,Lyrical Etude,10.58829932,72.02829932,82.61659864
Bb Clarinet,Technical Etude,85.402993197,30.650340136,116.053333333
Bb Clarinet,Chromatic Scale,122.88,20.13170068,143.01170068
Bb Clarinet,Major Scales,149.072108844,91.138321995,240.21043083900003
Bb Clarinet,Sight-Reading,247.640816327,47.595102041,295.235918368
