Instrument,ScoreGroup,Start,Duration,End
Alto Saxophone,Lyrical Etude,13.776,41.52,55.29600000000001
Alto Saxophone,Technical Etude,65.706666667,118.72,184.426666667
Alto Saxophone,Chromatic Scale,195.413333333,29.333333333,224.746666666
Alto Saxophone,Major Scales,235.093333333,151.893333333,386.986666666
Alto Saxophone,Sight-Reading,394.24,91.093333333,485.33333333300004
