Instrument,ScoreGroup,Start,Duration,End
Alto Saxophone,Lyrical Etude,16.316054,92.701827,109.01788099999999
Alto Saxophone,Technical Etude,117.408996,59.936526,177.34552200000002
Alto Saxophone,Chromatic Scale,184.937482,7.59196,192.529442
Alto Saxophone,Major Scales,200.121402,68.727217,268.848619
Alto Saxophone,Sight-Reading,278.438463,39.957684,318.39614700000004
