Instrument,ScoreGroup,Start,Duration,End
Bb Clarinet,Lyrical Etude,18.575963719,51.7630839,70.339047619
Bb Clarinet,Technical Etude,83.626666667,26.615873016,110.24253968299999
Bb Clarinet,Chromatic Scale,120.116825397,14.953650794,135.070476191
Bb Clarinet,Major Scales,147.951746032,126.618412698,274.57015873
Bb Clarinet,Sight-Reading,280.99047619,54.938412698,335.92888888799996
