Instrument,ScoreGroup,Start,Duration,End
Bb Clarinet,Lyrical Etude,11.145578231,112.384580498,123.53015872900001
Bb Clarinet,Technical Etude,129.47446712,56.842448979,186.31691609900003
Bb Clarinet,Chromatic Scale,194.490340136,13.374693877,207.86503401299998
Bb Clarinet,Major Scales,215.109659863,108.483628117,323.59328798
Bb Clarinet,Sight-Reading,328.051519274,37.337687074,365.389206348
