Instrument,ScoreGroup,Start,Duration,End
Flute,Lyrical Etude,20.619319727,44.396553287,65.01587301400001
Flute,Technical Etude,71.703219954,24.891791383,96.595011337
Flute,Chromatic Scale,103.839637188,16.346848072,120.18648526
Flute,Major Scales,128.731428571,109.783945578,238.51537414900002
Flute,Sight-Reading,241.301768707,51.455419501,292.757188208
