Instrument,ScoreGroup,Start,Duration,End
Bb Clarinet,Lyrical Etude,16.393287982,51.594739229,67.988027211
Bb Clarinet,Technical Etude,78.576326531,68.568526077,147.144852608
Bb Clarinet,Chromatic Scale,157.291972789,16.741587302,174.033560091
Bb Clarinet,Major Scales,186.340136054,116.517732426,302.85786848
Bb Clarinet,Sight-Reading,315.466303855,53.266575964,368.732879819
