Instrument,ScoreGroup,Start,Duration,End
Alto Saxophone,Lyrical Etude,10.681179138,50.271201814,60.952380952
Alto Saxophone,Technical Etude,70.658321995,25.72770975,96.386031745
Alto Saxophone,Chromatic Scale,104.466575961,9.148662131,113.615238092
Alto Saxophone,Major Scales,121.277823121,54.682993197,175.960816318
Alto Saxophone,Sight-Reading,184.575419501,50.317641723,234.893061224
