Instrument,ScoreGroup,Start,Duration,End
Bb Clarinet,Lyrical Etude,15.412245,112.457143,127.869388
Bb Clarinet,Technical Etude,133.877551,48.195918,182.07346900000002
Bb Clarinet,Chromatic Scale,187.820408,16.457143,204.277551
Bb Clarinet,Major Scales,204.930612,104.489796,309.420408
Bb Clarinet,Sight-Reading,316.473469,68.440816,384.914285
