Instrument,ScoreGroup,Start,Duration,End
Oboe,Lyrical Etude,14.14095238,62.902857142,77.043809522
Oboe,Technical Etude,81.269841269,49.899682539,131.169523808
Oboe,Chromatic Scale,136.37079365,36.246349206,172.617142856
Oboe,Major Scales,178.956190476,86.633650793,265.589841269
Oboe,Sight-Reading,270.953650793,57.213968253,328.167619046
