Instrument,ScoreGroup,Start,Duration,End
Bb Clarinet,Lyrical Etude,14.236734693,52.114285714,66.351020407
Bb Clarinet,Technical Etude,72.097959183,29.126530612,101.224489795
Bb Clarinet,Chromatic Scale,107.363265306,13.975510204,121.33877551
Bb Clarinet,Major Scales,129.697959183,122.253061224,251.951020407
Bb Clarinet,Sight-Reading,258.089795918,63.869387755,321.959183673
