Instrument,ScoreGroup,Start,Duration,End
Trumpet,Lyrical Etude,10.730741,74.781931,85.512672
Trumpet,Technical Etude,94.310545,18.395555,112.7061
Trumpet,Chromatic Scale,119.904361,14.396521,134.300882
Trumpet,Major Scales,143.098757,109.973428,253.072185
Trumpet,Sight-Reading,257.471122,59.585603,317.056725
