Instrument,ScoreGroup,Start,Duration,End
Bb Clarinet,Lyrical Etude,12.538776,68.916825,81.455601
Bb Clarinet,Technical Etude,85.635193,30.46458,116.099773
Bb Clarinet,Chromatic Scale,122.906122,18.938776,141.844898
Bb Clarinet,Major Scales,148.506122,97.306122,245.81224400000002
Bb Clarinet,Sight-Reading,251.428571,54.334694,305.763265
