Instrument,ScoreGroup,Start,Duration,End
Flute,Lyrical Etude,9.142857,30.040816,39.183673
Flute,Technical Etude,42.840816,21.942857,64.783673
Flute,Chromatic Scale,71.314286,12.277551,83.591837
Flute,Major Scales,89.861224,60.081633,149.942857
Flute,Sight-Reading,154.383673,44.408163,198.791836
