Instrument,ScoreGroup,Start,Duration,End
Trumpet,Lyrical Etude,10.448979591,35.004081632,45.453061223000006
Trumpet,Technical Etude,51.983673469,27.951020408,79.934693877
Trumpet,Chromatic Scale,86.204081632,11.75510204,97.959183672
Trumpet,Major Scales,105.795918367,106.057142857,211.853061224
Trumpet,Sight-Reading,217.07755102,42.579591836,259.657142856
