Instrument,ScoreGroup,Start,Duration,End
Alto Saxophone,Lyrical Etude,11.006259,58.258866,69.265125
Alto Saxophone,Technical Etude,74.071655,22.453696,96.525351
Alto Saxophone,Chromatic Scale,103.700317,9.450522,113.15083899999999
Alto Saxophone,Major Scales,120.140045,109.807166,229.94721099999998
Alto Saxophone,Sight-Reading,235.078821,41.958458,277.037279
