Instrument,ScoreGroup,Start,Duration,End
Flute,Lyrical Etude,13.18893424,48.85478458,62.04371882
Flute,Technical Etude,64.226394558,42.353197279,106.579591837
Flute,Chromatic Scale,112.779319728,19.295782313,132.075102041
Flute,Major Scales,138.274829932,84.056235828,222.33106576
Flute,Sight-Reading,228.205714286,42.91047619,271.116190476
