Instrument,ScoreGroup,Start,Duration,End
Trumpet,Lyrical Etude,10.971428571,51.983673469,62.95510204
Trumpet,Technical Etude,66.68770975,37.894965986,104.582675736
Trumpet,Chromatic Scale,111.64154195,14.117732426,125.75927437600001
Trumpet,Major Scales,133.003900226,62.229478458,195.233378684
Trumpet,Sight-Reading,198.948571428,46.625668934,245.574240362
