Instrument,ScoreGroup,Start,Duration,End
Bb Clarinet,Lyrical Etude,11.807346939,52.035918367,63.843265306
Bb Clarinet,Technical Etude,67.500408163,28.42122449,95.921632653
Bb Clarinet,Chromatic Scale,102.191020408,19.435102041,121.62612244900001
Bb Clarinet,Major Scales,128.208979592,76.27755102,204.486530612
Bb Clarinet,Sight-Reading,207.934693878,44.512653061,252.447346939
