Instrument,ScoreGroup,Start,Duration,End
Bb Clarinet,Lyrical Etude,22.511746032,60.464761905,82.97650793700001
Bb Clarinet,Technical Etude,85.577142857,28.606984127,114.184126984
Bb Clarinet,Chromatic Scale,121.092063492,45.42984127,166.521904762
Bb Clarinet,Major Scales,174.010340136,131.099863946,305.110204082
Bb Clarinet,Sight-Reading,308.50031746,75.093333333,383.59365079300005
