Instrument,ScoreGroup,Start,Duration,End
Trumpet,Lyrical Etude,11.108706,56.881229,67.989935
Trumpet,Technical Etude,74.620263,20.588911,95.20917399999999
Trumpet,Chromatic Scale,103.584325,13.260655,116.84498
Trumpet,Major Scales,125.22013,78.16807,203.38819999999998
Trumpet,Sight-Reading,210.018527,67.699132,277.717659
