Instrument,ScoreGroup,Start,Duration,End
Bb Clarinet,Lyrical Etude,16.718367346,54.073469387,70.791836733
Bb Clarinet,Technical Etude,80.718367346,45.714285714,126.43265305999999
Bb Clarinet,Chromatic Scale,136.097959183,13.191836734,149.289795917
Bb Clarinet,Major Scales,159.085714285,121.07755102,280.163265305
Bb Clarinet,Sight-Reading,284.865306122,79.020408163,363.885714285
