Instrument,ScoreGroup,Start,Duration,End
Bb Clarinet,Lyrical Etude,13.467573696,95.201814059,108.669387755
Bb Clarinet,Technical Etude,116.099773243,33.436734694,149.536507937
Bb Clarinet,Chromatic Scale,162.53968254,13.931972789,176.471655329
Bb Clarinet,Major Scales,182.044444444,62.229478458,244.27392290199998
Bb Clarinet,Sight-Reading,260.992290249,75.232653061,336.22494331
