Instrument,ScoreGroup,Start,Duration,End
Flute,Lyrical Etude,11.284897959,69.067755102,80.35265306100001
Flute,Technical Etude,86.308571429,52.662857143,138.97142857199998
Flute,Chromatic Scale,146.912653061,14.524081633,161.436734694
Flute,Major Scales,168.019591837,98.011428571,266.031020408
Flute,Sight-Reading,270.942040816,51.304489796,322.24653061199996
