Instrument,ScoreGroup,Start,Duration,End
Flute,Lyrical Etude,8.777142857,46.393469387,55.170612244000004
Flute,Technical Etude,59.036734693,36.257959183,95.294693876
Flute,Chromatic Scale,102.086530612,33.123265306,135.209795918
Flute,Major Scales,141.246984126,91.834920634,233.08190476
Flute,Sight-Reading,236.007619047,103.70031746,339.707936507
