Instrument,ScoreGroup,Start,Duration,End
Alto Saxophone,Lyrical Etude,14.628571428,117.516190476,132.144761904
Alto Saxophone,Technical Etude,142.384761904,69.241904761,211.626666665
Alto Saxophone,Chromatic Scale,219.428571428,9.264761904,228.693333332
Alto Saxophone,Major Scales,235.357460317,83.382857142,318.74031745900004
Alto Saxophone,Sight-Reading,322.641269841,61.927619047,384.568888888
