Instrument,ScoreGroup,Start,Duration,End
Bb Clarinet,Lyrical Etude,14.628571429,105.534693878,120.163265307
Bb Clarinet,Technical Etude,126.084353741,38.777324263,164.861678004
Bb Clarinet,Chromatic Scale,172.175963719,14.048072562,186.224036281
Bb Clarinet,Major Scales,192.632743764,135.976054422,328.608798186
Bb Clarinet,Sight-Reading,333.217959184,45.244081633,378.462040817
