Instrument,ScoreGroup,Start,Duration,End
Trumpet,Lyrical Etude,10.774058956,47.925986394,58.700045349999996
Trumpet,Technical Etude,62.693877551,35.758730158,98.452607709
Trumpet,Chromatic Scale,104.675555555,17.182766439,121.85832199400001
Trumpet,Major Scales,127.338231292,83.034557823,210.372789115
Trumpet,Sight-Reading,215.852698412,56.006530612,271.859229024
