Instrument,ScoreGroup,Start,Duration,End
Bb Clarinet,Lyrical Etude,12.19047619,102.074920635,114.265396825
Bb Clarinet,Technical Etude,121.254603175,39.822222222,161.076825397
Bb Clarinet,Chromatic Scale,175.38031746,13.165714286,188.54603174599998
Bb Clarinet,Major Scales,195.233378685,121.858321995,317.09170068
Bb Clarinet,Sight-Reading,322.525170068,41.679818594,364.204988662
