Instrument,ScoreGroup,Start,Duration,End
Bb Clarinet,Lyrical Etude,13.537234,77.090249,90.627483
Bb Clarinet,Technical Etude,100.286984,95.666213,195.953197
Bb Clarinet,Chromatic Scale,203.685442,18.599184,222.284626
Bb Clarinet,Major Scales,229.923991,87.05161,316.975601
Bb Clarinet,Sight-Reading,325.218685,63.854875,389.07356
