Instrument,ScoreGroup,Start,Duration,End
Flute,Lyrical Etude,10.774059,37.709206,48.483265
Flute,Technical Etude,54.056054,40.124082,94.180136
Flute,Chromatic Scale,103.468118,17.089887,120.55800500000001
Flute,Major Scales,127.98839,70.402902,198.391292
Flute,Sight-Reading,203.778322,43.096236,246.874558
