Instrument,ScoreGroup,Start,Duration,End
Trumpet,Lyrical Etude,11.517097505,51.269659863,62.786757368
Trumpet,Technical Etude,66.501950113,33.436734693,99.938684806
Trumpet,Chromatic Scale,105.139954648,14.4892517,119.629206348
Trumpet,Major Scales,124.458956916,64.644353741,189.103310657
Trumpet,Sight-Reading,194.304580498,34.551292517,228.85587301500001
