Instrument,ScoreGroup,Start,Duration,End
Trumpet,Lyrical Etude,12.631655328,40.309841269,52.941496597000004
Trumpet,Technical Etude,61.486439909,24.148752834,85.635192743
Trumpet,Chromatic Scale,92.322539682,11.331337868,103.65387755
Trumpet,Major Scales,108.669387755,116.099773242,224.769160997
Trumpet,Sight-Reading,228.298594104,58.142766439,286.441360543
