Instrument,ScoreGroup,Start,Duration,End
Flute,Lyrical Etude,12.53877551,64.365714286,76.90448979600001
Flute,Technical Etude,80.666122449,20.340680272,101.006802721
Flute,Chromatic Scale,107.136870748,11.284897959,118.42176870700001
Flute,Major Scales,124.83047619,88.050068027,212.880544217
Flute,Sight-Reading,216.502857143,37.755646259,254.258503402
