Instrument,ScoreGroup,Start,Duration,End
Alto Saxophone,Lyrical Etude,17.461405896,63.274376417,80.735782313
Alto Saxophone,Technical Etude,85.960272109,41.679818594,127.640090703
Alto Saxophone,Chromatic Scale,134.072018141,16.161088435,150.233106576
Alto Saxophone,Major Scales,157.570612245,106.277732426,263.848344671
Alto Saxophone,Sight-Reading,268.515555556,61.207800454,329.72335601
