Instrument,ScoreGroup,Start,Duration,End
Alto Saxophone,Lyrical Etude,13.514013605,91.556281179,105.070294784
Alto Saxophone,Technical Etude,111.386122449,38.405804989,149.79192743800002
Alto Saxophone,Chromatic Scale,155.666575964,10.402539683,166.069115647
Alto Saxophone,Major Scales,170.829206349,82.639818594,253.46902494300002
Alto Saxophone,Sight-Reading,262.083628118,54.799092971,316.882721089
