Instrument,ScoreGroup,Start,Duration,End
Flute,Lyrical Etude,15.464489796,45.580770975,61.045260771
Flute,Technical Etude,67.361088435,24.311292517,91.672380952
Flute,Chromatic Scale,102.725079365,22.12861678,124.853696145
Flute,Major Scales,132.562721088,129.451247166,262.013968254
Flute,Sight-Reading,269.693968254,109.511111111,379.205079365
