Instrument,ScoreGroup,Start,Duration,End
Xylophone,Mallet Etude,16.579048,29.675102,46.254149999999996
Snare Drum,Snare Etude,53.220136,45.139592,98.35972799999999
Timpani,Timpani Etude,104.977415,48.274286,153.251701
Xylophone,Chromatic Scale,161.959184,7.035646,168.99482999999998
Xylophone,Major Scales,176.796735,80.875102,257.671837
Xylophone,Sight-Reading,265.090612,30.197551,295.288163
Snare Drum,Sight-Reading,303.229388,25.70449,328.933878
