Instrument,ScoreGroup,Start,Duration,End
Bb Clarinet,Lyrical Etude,44.582312925,284.212244898,328.794557823
Bb Clarinet,Technical Etude,339.940136054,154.180498866,494.12063492
Bb Clarinet,Chromatic Scale,525.699773243,48.297505669,573.997278912
Bb Clarinet,Major Scales,601.86122449,408.671201814,1010.5324263040001
Bb Clarinet,Sight-Reading,1030.965986395,243.345124717,1274.3111111120002
