Instrument,ScoreGroup,Start,Duration,End
Flute,Lyrical Etude,10.03102,73.189297,83.220317
Flute,Technical Etude,85.635193,22.569796,108.204989
Flute,Chromatic Scale,111.084263,20.990839,132.07510200000002
Flute,Major Scales,135.314286,123.036735,258.351021
Flute,Sight-Reading,259.395918,43.102041,302.497959
