Instrument,ScoreGroup,Start,Duration,End
Flute,Lyrical Etude,19.504761905,56.238730159,75.743492064
Flute,Technical Etude,82.895238095,25.681269841,108.576507936
Flute,Chromatic Scale,118.003809524,15.603809524,133.607619048
Flute,Major Scales,143.36,121.57968254,264.93968254000004
Flute,Sight-Reading,272.741587302,65.015873016,337.757460318
