Instrument,ScoreGroup,Start,Duration,End
Flute,Lyrical Etude,12.829024943,48.413605442,61.242630385
Flute,Technical Etude,67.6861678,40.751020408,108.43718820800001
Flute,Chromatic Scale,116.099773243,11.087528345,127.187301588
Flute,Major Scales,133.64244898,94.667755102,228.310204082
Flute,Sight-Reading,234.788571429,52.093968254,286.882539683
