Instrument,ScoreGroup,Start,Duration,End
Alto Saxophone,Lyrical Etude,11.88861678,41.006439909,52.895056689
Alto Saxophone,Technical Etude,58.456235828,49.052154195,107.508390023
Alto Saxophone,Chromatic Scale,114.468571429,7.720634921,122.18920634999999
Alto Saxophone,Major Scales,128.986848073,100.890702948,229.877551021
Alto Saxophone,Sight-Reading,234.893061224,44.396553288,279.289614512
