Instrument,ScoreGroup,Start,Duration,End
Bb Clarinet,Lyrical Etude,12.540773,96.121764,108.662537
Bb Clarinet,Technical Etude,118.666159,33.925328,152.591487
Bb Clarinet,Chromatic Scale,159.98547,13.483143,173.468613
Bb Clarinet,Major Scales,181.732475,106.125386,287.857861
Bb Clarinet,Sight-Reading,296.556663,50.018112,346.57477500000005
