Instrument,ScoreGroup,Start,Duration,End
Bb Clarinet,Lyrical Etude,15.21632653,55.640816326,70.857142856
Bb Clarinet,Technical Etude,78.106122448,34.873469387,112.979591835
Bb Clarinet,Chromatic Scale,119.836734693,19.983673469,139.820408162
Bb Clarinet,Major Scales,146.41632653,70.269387755,216.685714285
Bb Clarinet,Sight-Reading,224.979591836,56.293877551,281.273469387
