Instrument,ScoreGroup,Start,Duration,End
Bb Clarinet,Lyrical Etude,18.860408163,54.125714286,72.98612244899999
Bb Clarinet,Technical Etude,84.532244898,21.106938776,105.63918367400001
Bb Clarinet,Chromatic Scale,114.311836735,14.524081633,128.835918368
Bb Clarinet,Major Scales,135.883174603,78.204807256,214.08798185899997
Bb Clarinet,Sight-Reading,220.752108844,50.085442177,270.83755102099997
