Instrument,ScoreGroup,Start,Duration,End
Xylophone,Mallet Etude,12.004717,78.320907,90.325624
Snare Drum,Snare Etude,95.573333,122.415601,217.988934
Timpani,Timpani Etude,223.584943,41.958458,265.543401
Xylophone,Chromatic Scale,271.836009,5.967528,277.803537
Xylophone,Major Scales,284.862404,88.003628,372.866032
Xylophone,Sight-Reading,377.904762,69.845624,447.750386
Snare Drum,Sight-Reading,452.394376,39.009524,491.4039
