Instrument,ScoreGroup,Start,Duration,End
Flute,Lyrical Etude,15.36,84.636735,99.996735
Flute,Technical Etude,107.72898,61.126531,168.855511
Flute,Chromatic Scale,174.915918,23.823673,198.73959100000002
Flute,Major Scales,207.934694,111.908571,319.843265
Flute,Sight-Reading,321.724082,47.229388,368.95347000000004
