Instrument,ScoreGroup,Start,Duration,End
Flute,Lyrical Etude,13.781147,125.112614,138.89376099999998
Flute,Technical Etude,144.521664,37.663659,182.18532299999998
Flute,Chromatic Scale,189.111972,11.688722,200.80069400000002
Flute,Major Scales,209.026091,87.88187,296.907961
Flute,Sight-Reading,304.700442,39.395321,344.09576300000003
