Instrument,ScoreGroup,Start,Duration,End
Bb Clarinet,Lyrical Etude,13.792653061,76.765170068,90.557823129
Bb Clarinet,Technical Etude,94.319455782,42.074557823,136.394013605
Bb Clarinet,Chromatic Scale,142.106122449,14.210612245,156.316734694
Bb Clarinet,Major Scales,162.168163265,124.412517007,286.580680272
Bb Clarinet,Sight-Reading,292.153469388,55.484081633,347.63755102100004
