Instrument,ScoreGroup,Start,Duration,End
Flute,Lyrical Etude,11.885714,41.665306,53.55102
Flute,Technical Etude,58.77551,49.502041,108.27755099999999
Flute,Chromatic Scale,114.808163,26.253061,141.06122399999998
Flute,Major Scales,147.853061,89.077551,236.930612
Flute,Sight-Reading,240.457143,64.653061,305.110204
