Instrument,ScoreGroup,Start,Duration,End
Flute,Lyrical Etude,11.84217687,101.006802721,112.848979591
Flute,Technical Etude,118.18956916,24.148752834,142.338321994
Flute,Chromatic Scale,148.60770975,13.003174603,161.610884353
Flute,Major Scales,166.254875283,102.4,268.654875283
Flute,Sight-Reading,272.602267573,33.901133786,306.503401359
