Instrument,ScoreGroup,Start,Duration,End
Flute,Lyrical Etude,13.374693877,53.916734693,67.29142857000001
Flute,Technical Etude,74.605714285,23.196734693,97.802448978
Flute,Chromatic Scale,107.624489795,14.83755102,122.462040815
Flute,Major Scales,129.149387755,117.864489795,247.01387755
Flute,Sight-Reading,252.447346938,44.721632653,297.16897959100004
