Instrument,ScoreGroup,Start,Duration,End
Flute,Lyrical Etude,13.134857,82.453498,95.58835499999999
Flute,Technical Etude,101.51043,47.83214,149.34257
Flute,Chromatic Scale,157.086821,12.755237,169.84205799999998
Flute,Major Scales,176.219677,108.419517,284.639194
Flute,Sight-Reading,293.294534,69.698261,362.992795
