Instrument,ScoreGroup,Start,Duration,End
Bb Clarinet,Lyrical Etude,12.556190476,48.985396825,61.541587301
Bb Clarinet,Technical Etude,66.661587302,47.624126984,114.285714286
Bb Clarinet,Chromatic Scale,116.276825397,19.586031746,135.86285714299999
Bb Clarinet,Major Scales,139.49968254,129.64861678,269.14829932
Bb Clarinet,Sight-Reading,274.459863946,65.509297052,339.969160998
