Instrument,ScoreGroup,Start,Duration,End
Flute,Lyrical Etude,8.475283,35.99093,44.466212999999996
Flute,Technical Etude,46.32381,40.86712,87.19093000000001
Flute,Chromatic Scale,88.932426,12.422676,101.355102
Flute,Major Scales,103.677098,69.427664,173.104762
Flute,Sight-Reading,179.838549,65.596372,245.434921
