Instrument,ScoreGroup,Start,Duration,End
Flute,Lyrical Etude,15.36,59.733333333,75.093333333
Flute,Technical Etude,85.73968254,58.107936508,143.847619048
Flute,Chromatic Scale,154.087619048,27.387936508,181.475555556
Flute,Major Scales,189.846349206,135.604535147,325.450884353
Flute,Sight-Reading,336.224943311,84.86893424,421.093877551
