Instrument,ScoreGroup,Start,Duration,End
Flute,Lyrical Etude,17.740045351,37.894965986,55.635011337
Flute,Technical Etude,60.371882086,26.656507937,87.028390023
Flute,Chromatic Scale,92.694058957,18.297324263,110.99138321999999
Flute,Major Scales,116.842811791,82.198639456,199.041451247
Flute,Sight-Reading,202.710204082,39.775782313,242.485986395
