Instrument,ScoreGroup,Start,Duration,End
Flute,Lyrical Etude,11.54031746,68.893605442,80.43392290199999
Flute,Technical Etude,84.752834467,40.96,125.712834467
Flute,Chromatic Scale,132.191201814,32.182857143,164.37405895700002
Flute,Major Scales,169.714648526,89.094965986,258.809614512
Flute,Sight-Reading,262.571247166,55.727891156,318.299138322
