Instrument,ScoreGroup,Start,Duration,End
Flute,Lyrical Etude,9.613061224,42.353197278,51.966258502
Flute,Technical Etude,55.867210884,19.226122448,75.093333332
Flute,Chromatic Scale,81.502040816,13.374693877,94.876734693
Flute,Major Scales,101.564081632,98.081088435,199.64517006699998
Flute,Sight-Reading,202.570884353,53.49877551,256.06965986299997
