Instrument,ScoreGroup,Start,Duration,End
Flute,Lyrical Etude,9.97877551,31.033469388,41.012244898
Flute,Technical Etude,46.184489796,29.518367347,75.702857143
Flute,Chromatic Scale,82.912653061,23.928163265,106.840816326
Flute,Major Scales,113.197278912,92.856598639,206.053877551
Flute,Sight-Reading,211.069387755,54.334693878,265.40408163300003
