Instrument,ScoreGroup,Start,Duration,End
Alto Saxophone,Lyrical Etude,16.161088435,36.617868481,52.778956916
Alto Saxophone,Technical Etude,61.207800454,46.277369615,107.48517006899999
Alto Saxophone,Chromatic Scale,112.314920635,8.753922902,121.06884353699999
Alto Saxophone,Major Scales,126.688072562,90.952562358,217.64063492
Alto Saxophone,Sight-Reading,221.797006803,39.566802721,261.363809524
