Instrument,ScoreGroup,Start,Duration,End
Flute,Lyrical Etude,19.319002,71.331701,90.650703
Flute,Technical Etude,95.480454,25.44907,120.92952399999999
Flute,Chromatic Scale,127.245351,16.346848,143.592199
Flute,Major Scales,149.350748,111.270023,260.620771
Flute,Sight-Reading,264.335964,57.585488,321.921452
