Instrument,ScoreGroup,Start,Duration,End
Bb Clarinet,Lyrical Etude,13.003175,79.876644,92.879819
Bb Clarinet,Technical Etude,98.081088,24.148753,122.229841
Bb Clarinet,Chromatic Scale,128.545669,16.346848,144.892517
Bb Clarinet,Major Scales,152.322902,77.647528,229.97043
Bb Clarinet,Sight-Reading,233.314104,50.155102,283.469206
