Instrument,ScoreGroup,Start,Duration,End
Flute,Lyrical Etude,15.000090703,44.048253968,59.048344670999995
Flute,Technical Etude,67.291428571,29.024943311,96.316371882
Flute,Chromatic Scale,107.206530612,11.633197279,118.839727891
Flute,Major Scales,127.988390023,105.813333333,233.801723356
Flute,Sight-Reading,241.301768707,52.221678005,293.523446712
