Instrument,ScoreGroup,Start,Duration,End
Flute,Lyrical Etude,9.795918,22.595918,32.391836
Flute,Technical Etude,38.138776,30.040816,68.179592
Flute,Chromatic Scale,76.212245,28.538776,104.751021
Flute,Major Scales,114.799456,125.201995,240.001451
Flute,Sight-Reading,243.722449,41.795918,285.518367
