Instrument,ScoreGroup,Start,Duration,End
Xylophone,Mallet Etude,13.583673,70.791837,84.37551
Snare Drum,Snare Etude,90.77551,45.453061,136.228571
Timpani,Timpani Etude,141.714286,67.134694,208.84897999999998
Xylophone,Chromatic Scale,216.032653,14.367347,230.4
Xylophone,Major Scales,238.628571,71.836735,310.465306
Xylophone,Sight-Reading,318.955102,155.95102,474.906122
Snare Drum,Sight-Reading,480.979592,40.620408,521.6
