Instrument,ScoreGroup,Start,Duration,End
Trumpet,Lyrical Etude,16.979591836,44.669387755,61.648979591
Trumpet,Technical Etude,66.612244897,28.473469387,95.085714284
Trumpet,Chromatic Scale,101.61632653,31.085714285,132.702040815
Trumpet,Major Scales,138.948208616,131.146303854,270.09451247
Trumpet,Sight-Reading,273.995464852,54.79909297,328.794557822
