Instrument,ScoreGroup,Start,Duration,End
Bb Clarinet,Lyrical Etude,16.253968,65.480272,81.73424
Bb Clarinet,Technical Etude,87.864308,37.802086,125.666394
Bb Clarinet,Chromatic Scale,131.517823,14.210612,145.728435
Bb Clarinet,Major Scales,154.383673,79.412245,233.79591799999997
Bb Clarinet,Sight-Reading,238.497959,49.436735,287.93469400000004
