Instrument,ScoreGroup,Start,Duration,End
Bb Clarinet,Lyrical Etude,14.4892517,117.214331065,131.703582765
Bb Clarinet,Technical Etude,140.434285714,65.201632653,205.635918367
Bb Clarinet,Chromatic Scale,213.066303854,12.445895691,225.51219954500002
Bb Clarinet,Major Scales,233.128344671,111.455782312,344.58412698300003
Bb Clarinet,Sight-Reading,349.599637188,53.405895691,403.005532879
