Instrument,ScoreGroup,Start,Duration,End
Flute,Lyrical Etude,11.447437642,45.627210884,57.074648526000004
Flute,Technical Etude,65.201632653,31.02185941,96.22349206300001
Flute,Chromatic Scale,106.440272109,20.503219955,126.943492064
Flute,Major Scales,135.883174603,82.152199546,218.035374149
Flute,Sight-Reading,224.397641723,76.231111111,300.628752834
