Instrument,ScoreGroup,Start,Duration,End
Oboe,Lyrical Etude,20.062040816,50.712380952,70.774421768
Oboe,Technical Etude,78.57632653,45.325351473,123.901678003
Oboe,Chromatic Scale,130.77478458,17.83292517,148.60770975
Oboe,Major Scales,159.010249433,71.703219954,230.71346938700003
Oboe,Sight-Reading,240.744489795,56.842448979,297.586938774
