Instrument,ScoreGroup,Start,Duration,End
Bb Clarinet,Lyrical Etude,12.8,52.506122448,65.306122448
Bb Clarinet,Technical Etude,71.314285714,36.048979591,107.363265305
Bb Clarinet,Chromatic Scale,113.632653061,15.673469387,129.306122448
Bb Clarinet,Major Scales,136.097959183,117.028571428,253.12653061100002
Bb Clarinet,Sight-Reading,259.395918367,56.424489795,315.820408162
