Instrument,ScoreGroup,Start,Duration,End
Flute,Lyrical Etude,13.444353741,57.678367347,71.12272108799999
Flute,Technical Etude,76.567800454,48.297505669,124.865306123
Flute,Chromatic Scale,131.657142857,17.00861678,148.665759637
Flute,Major Scales,156.316734694,118.003809524,274.320544218
Flute,Sight-Reading,279.812063492,49.24952381,329.061587302
