Instrument,ScoreGroup,Start,Duration,End
Flute,Lyrical Etude,17.902585034,58.165986395,76.068571429
Flute,Technical Etude,83.963356009,35.433650794,119.397006803
Flute,Chromatic Scale,131.796462585,10.634739229,142.431201814
Flute,Major Scales,152.555102041,100.890702948,253.445804989
Flute,Sight-Reading,259.970612245,82.755918367,342.726530612
