Instrument,ScoreGroup,Start,Duration,End
Alto Saxophone,Lyrical Etude,14.524081633,78.123537415,92.647619048
Alto Saxophone,Technical Etude,96.060952381,38.928253968,134.989206349
Alto Saxophone,Chromatic Scale,144.579047619,11.54031746,156.119365079
Alto Saxophone,Major Scales,164.49015873,59.408253968,223.898412698
Alto Saxophone,Sight-Reading,228.774603175,58.758095238,287.532698413
