Instrument,ScoreGroup,Start,Duration,End
Bb Clarinet,Lyrical Etude,21.733877551,47.55446712,69.288344671
Bb Clarinet,Technical Etude,81.92,47.740226757,129.660226757
Bb Clarinet,Chromatic Scale,140.434285714,17.83292517,158.267210884
Bb Clarinet,Major Scales,164.397278911,90.279183673,254.676462584
Bb Clarinet,Sight-Reading,260.2492517,72.446258503,332.695510203
