Instrument,ScoreGroup,Start,Duration,End
Flute,Lyrical Etude,17.461405896,58.328526077,75.789931973
Flute,Technical Etude,79.876643991,29.72154195,109.598185941
Flute,Chromatic Scale,115.356734694,23.219954649,138.576689343
Flute,Major Scales,148.793469388,123.344399093,272.137868481
Flute,Sight-Reading,277.153378685,46.625668934,323.779047619
