Instrument,ScoreGroup,Start,Duration,End
Bb Clarinet,Lyrical Etude,10.54185941,48.622585034,59.164444444
Bb Clarinet,Technical Etude,62.693877551,24.706031746,87.399909297
Bb Clarinet,Chromatic Scale,96.037732426,17.786485261,113.824217687
Bb Clarinet,Major Scales,118.572698413,78.913015873,197.48571428600002
Bb Clarinet,Sight-Reading,201.793015873,57.539047619,259.332063492
