Instrument,ScoreGroup,Start,Duration,End
Alto Saxophone,Lyrical Etude,14.071292517,52.964716553,67.03600907
Alto Saxophone,Technical Etude,72.817777778,50.271201814,123.08897959200002
Alto Saxophone,Chromatic Scale,129.219047619,8.89324263,138.112290249
Alto Saxophone,Major Scales,145.867755102,93.971156463,239.838911565
Alto Saxophone,Sight-Reading,245.10984127,46.068390023,291.178231293
