Instrument,ScoreGroup,Start,Duration,End
Xylophone,Mallet Etude,11.470658,73.119637,84.590295
Snare Drum,Snare Etude,90.673923,112.89542,203.569343
Timpani,Timpani Etude,210.279909,38.498685,248.778594
Xylophone,Chromatic Scale,352.896871,6.083628,358.98049899999995
Xylophone,Major Scales,257.625397,90.000544,347.625941
Xylophone,Sight-Reading,364.971247,51.803719,416.774966
Snare Drum,Sight-Reading,422.835374,26.493968,449.329342
