Instrument,ScoreGroup,Start,Duration,End
Flute,Lyrical Etude,13.003174603,60.13968254,73.142857143
Flute,Technical Etude,80.61968254,21.942857143,102.562539683
Flute,Chromatic Scale,111.014603175,12.840634921,123.85523809600001
Flute,Major Scales,133.445079365,110.039365079,243.48444444400002
Flute,Sight-Reading,250.148571429,44.860952381,295.00952380999996
