Instrument,ScoreGroup,Start,Duration,End
Flute,Lyrical Etude,10.727619047,53.313015873,64.04063492
Flute,Technical Etude,69.404444444,25.193650793,94.59809523700001
Flute,Chromatic Scale,99.799365079,28.606984126,128.406349205
Flute,Major Scales,134.582857142,85.82095238,220.403809522
Flute,Sight-Reading,226.255238095,55.263492063,281.51873015800004
