Instrument,ScoreGroup,Start,Duration,End
Alto Saxophone,Lyrical Etude,10.704399092,51.246439909,61.950839001000006
Alto Saxophone,Technical Etude,69.102585034,23.196734693,92.299319727
Alto Saxophone,Chromatic Scale,98.893786848,22.964535147,121.85832199500001
Alto Saxophone,Major Scales,128.963628111,100.310204081,229.273832192
Alto Saxophone,Sight-Reading,234.660861671,52.012698412,286.673560083
