Instrument,ScoreGroup,Start,Duration,End
Flute,Lyrical Etude,11.820408,34.220408,46.040816
Flute,Technical Etude,54.073469,30.236735,84.310204
Flute,Chromatic Scale,93.714286,21.877551,115.591837
Flute,Major Scales,122.97288,91.765261,214.73814099999998
Flute,Sight-Reading,222.540045,57.028209,279.56825399999997
