Instrument,ScoreGroup,Start,Duration,End
Bb Clarinet,Lyrical Etude,11.702857,122.97288,134.675737
Bb Clarinet,Technical Etude,145.449796,43.281995,188.731791
Bb Clarinet,Chromatic Scale,191.703946,13.931973,205.635919
Bb Clarinet,Major Scales,211.580227,108.297868,319.87809500000003
Bb Clarinet,Sight-Reading,324.893605,88.235828,413.12943299999995
