Instrument,ScoreGroup,Start,Duration,End
Flute,Lyrical Etude,9.264762,58.189206,67.453968
Flute,Technical Etude,72.005079,28.038095,100.043174
Flute,Chromatic Scale,106.300952,17.229206,123.530158
Flute,Major Scales,129.056508,115.728254,244.784762
Flute,Sight-Reading,251.448889,51.850159,303.299048
