Instrument,ScoreGroup,Start,Duration,End
Flute,Lyrical Etude,13.003174603,98.220408163,111.223582766
Flute,Technical Etude,117.260770975,24.613151927,141.873922902
Flute,Chromatic Scale,151.161904761,10.913378684,162.075283445
Flute,Major Scales,168.344671201,80.341043083,248.68571428400003
Flute,Sight-Reading,253.329705215,48.065306122,301.39501133699997
