Instrument,ScoreGroup,Start,Duration,End
Flute,Lyrical Etude,10.971429,59.559184,70.530613
Flute,Technical Etude,74.501224,59.663673,134.164897
Flute,Chromatic Scale,141.740408,17.554286,159.294694
Flute,Major Scales,165.790476,113.824218,279.614694
Flute,Sight-Reading,283.376327,61.718639,345.094966
