Instrument,ScoreGroup,Start,Duration,End
Flute,Lyrical Etude,12.979954649,59.048344671,72.02829932
Flute,Technical Etude,85.356553288,26.331428571,111.687981859
Flute,Chromatic Scale,122.57814059,17.623945578,140.202086168
Flute,Major Scales,148.770249433,85.890612245,234.660861678
Flute,Sight-Reading,244.738321995,55.681451247,300.419773242
