Instrument,ScoreGroup,Start,Duration,End
Flute,Lyrical Etude,15.78956916,59.4430839,75.23265305999999
Flute,Technical Etude,82.105759637,26.192108843,108.29786848
Flute,Chromatic Scale,117.214331065,18.947482993,136.161814058
Flute,Major Scales,142.106122448,121.486802721,263.592925169
Flute,Sight-Reading,270.280272108,76.532970521,346.813242629
