Instrument,ScoreGroup,Start,Duration,End
Alto Saxophone,Lyrical Etude,17.536,73.594666667,91.130666667
Alto Saxophone,Technical Etude,99.792,34.197333333,133.989333333
Alto Saxophone,Chromatic Scale,139.141333333,9.221333333,148.362666666
Alto Saxophone,Major Scales,157.696,118.085333333,275.781333333
Alto Saxophone,Sight-Reading,285.674666667,46.106666667,331.781333334
