Instrument,ScoreGroup,Start,Duration,End
Xylophone,Mallet Etude,12.445896,46.532789,58.978685
Snare Drum,Snare Etude,64.783673,96.261224,161.044897
Timpani,Timpani Etude,166.069116,56.56381,222.632926
Xylophone,Chromatic Scale,232.524626,11.377778,243.90240400000002
Xylophone,Major Scales,249.475193,150.651066,400.126259
Xylophone,Sight-Reading,409.41424,60.186122,469.600362
Snare Drum,Sight-Reading,476.612789,41.09932,517.712109
