Instrument,ScoreGroup,Start,Duration,End
Alto Saxophone,Lyrical Etude,13.235374149,70.356462585,83.591836734
Alto Saxophone,Technical Etude,89.396825396,52.709297052,142.106122448
Alto Saxophone,Chromatic Scale,148.143310657,16.4861678,164.629478457
Alto Saxophone,Major Scales,169.505668934,88.46802721,257.973696144
Alto Saxophone,Sight-Reading,261.921088435,62.461678004,324.382766439
