Instrument,ScoreGroup,Start,Duration,End
Flute,Lyrical Etude,12.770975056,120.743764172,133.514739228
Flute,Technical Etude,140.248526077,25.07755102,165.326077097
Flute,Chromatic Scale,173.917460317,13.699773242,187.617233559
Flute,Major Scales,195.047619047,101.006802721,296.054421768
Flute,Sight-Reading,300.930612244,32.043537414,332.974149658
