Instrument,ScoreGroup,Start,Duration,End
Bb Clarinet,Lyrical Etude,8.080544218,100.867482993,108.948027211
Bb Clarinet,Technical Etude,111.455782313,35.944489796,147.400272109
Bb Clarinet,Chromatic Scale,151.30122449,13.653333333,164.95455782300002
Bb Clarinet,Major Scales,169.691428571,96.130612245,265.82204081599997
Bb Clarinet,Sight-Reading,268.88707483,44.860952381,313.748027211
