Instrument,ScoreGroup,Start,Duration,End
Xylophone,Mallet Etude,10.634739,37.384127,48.018866
Snare Drum,Snare Etude,53.127256,45.487891,98.61514700000001
Timpani,Timpani Etude,103.978957,43.444535,147.423492
Xylophone,Chromatic Scale,155.295057,7.291066,162.58612300000001
Xylophone,Major Scales,168.600091,80.108844,248.708935
Xylophone,Sight-Reading,253.074286,51.0839,304.158186
Snare Drum,Sight-Reading,308.639637,40.472381,349.112018
