Instrument,ScoreGroup,Start,Duration,End
Bb Clarinet,Lyrical Etude,10.710204081,116.114285714,126.824489795
Bb Clarinet,Technical Etude,131.265306122,60.342857142,191.60816326399998
Bb Clarinet,Chromatic Scale,197.61632653,13.061224489,210.67755101900002
Bb Clarinet,Major Scales,216.946938775,111.281632653,328.228571428
Bb Clarinet,Sight-Reading,332.27755102,35.918367346,368.195918366
