Instrument,ScoreGroup,Start,Duration,End
Alto Saxophone,Lyrical Etude,22.198276644,73.932335601,96.13061224500001
Alto Saxophone,Technical Etude,115.426394558,29.570612245,144.997006803
Alto Saxophone,Chromatic Scale,158.928979592,10.58829932,169.517278912
Alto Saxophone,Major Scales,184.772789116,60.987210884,245.76000000000002
Alto Saxophone,Sight-Reading,251.820408163,50.433741497,302.25414966
