Instrument,ScoreGroup,Start,Duration,End
Flute,Lyrical Etude,10.41414966,45.348571429,55.762721089
Flute,Technical Etude,60.778231293,50.642721088,111.420952381
Flute,Chromatic Scale,117.620680272,13.618503401,131.239183673
Flute,Major Scales,138.019410431,110.155464853,248.174875284
Flute,Sight-Reading,254.490702948,41.795918367,296.286621315
