Instrument,ScoreGroup,Start,Duration,End
Alto Saxophone,Lyrical Etude,10.727619048,64.325079365,75.05269841299999
Alto Saxophone,Technical Etude,80.822857143,29.013333333,109.83619047599998
Alto Saxophone,Chromatic Scale,116.053333333,12.14984127,128.203174603
Alto Saxophone,Major Scales,134.664126984,64.65015873,199.314285714
Alto Saxophone,Sight-Reading,203.865396825,56.157460317,260.022857142
