Instrument,ScoreGroup,Start,Duration,End
Bb Clarinet,Lyrical Etude,16.416508,71.54068,87.957188
Bb Clarinet,Technical Etude,97.29161,70.890522,168.18213200000002
Bb Clarinet,Chromatic Scale,177.562993,24.938231,202.501224
Bb Clarinet,Major Scales,211.951746,82.709478,294.661224
Bb Clarinet,Sight-Reading,301.441451,61.114921,362.55637199999995
