Instrument,ScoreGroup,Start,Duration,End
Flute,Lyrical Etude,12.190476,48.994104,61.18458
Flute,Technical Etude,65.596372,31.695238,97.29161
Flute,Chromatic Scale,103.444898,21.246259,124.69115699999999
Flute,Major Scales,131.889342,99.033107,230.922449
Flute,Sight-Reading,236.263039,57.121088,293.384127
