Instrument,ScoreGroup,Start,Duration,End
Bb Clarinet,Lyrical Etude,11.232653,59.428571,70.661224
Bb Clarinet,Technical Etude,76.146939,24.163265,100.310204
Bb Clarinet,Chromatic Scale,108.146939,12.146939,120.293878
Bb Clarinet,Major Scales,127.346939,77.97551,205.322449
Bb Clarinet,Sight-Reading,210.285714,51.722449,262.008163
