Instrument,ScoreGroup,Start,Duration,End
Flute,Lyrical Etude,14.001633,61.64898,75.650613
Flute,Technical Etude,84.636735,31.346939,115.98367400000001
Flute,Chromatic Scale,123.08898,24.868571,147.957551
Flute,Major Scales,157.570612,120.790204,278.360816
Flute,Sight-Reading,282.540408,51.26966,333.810068
