Instrument,ScoreGroup,Start,Duration,End
Flute,Lyrical Etude,13.931972789,41.795918367,55.727891156
Flute,Technical Etude,60.186122449,51.269659864,111.455782313
Flute,Chromatic Scale,118.143129252,12.260136054,130.40326530599998
Flute,Major Scales,137.090612245,101.796281179,238.886893424
Flute,Sight-Reading,243.345124717,49.783582766,293.128707483
