Instrument,ScoreGroup,Start,Duration,End
Alto Saxophone,Lyrical Etude,14.2338322,103.973151927,118.206984127
Alto Saxophone,Technical Etude,127.512380952,119.344761905,246.85714285699999
Alto Saxophone,Chromatic Scale,251.205079365,15.441269841,266.64634920599997
Alto Saxophone,Major Scales,275.667301587,100.002539683,375.66984127
Alto Saxophone,Sight-Reading,382.821587302,90.453333333,473.274920635
