Instrument,ScoreGroup,Start,Duration,End
Alto Saxophone,Lyrical Etude,11.609977324,57.074648526,68.68462585
Alto Saxophone,Technical Etude,75.046893424,30.441360544,105.48825396800001
Alto Saxophone,Chromatic Scale,112.245260771,7.685804989,119.93106576000001
Alto Saxophone,Major Scales,126.386213152,82.012879819,208.39909297100002
Alto Saxophone,Sight-Reading,212.39292517,35.387210884,247.78013605400002
