Instrument,ScoreGroup,Start,Duration,End
Bb Clarinet,Lyrical Etude,10.58829932,52.244897959,62.833197279000004
Bb Clarinet,Technical Etude,67.477188209,50.596281179,118.073469388
Bb Clarinet,Chromatic Scale,124.644716553,19.713741497,144.35845805
Bb Clarinet,Major Scales,149.768707483,116.378412698,266.147120181
Bb Clarinet,Sight-Reading,274.297324263,70.077823129,344.37514739200003
