Instrument,ScoreGroup,Start,Duration,End
Alto Saxophone,Lyrical Etude,14.140952381,53.823854875,67.964807256
Alto Saxophone,Technical Etude,73.32861678,46.718548753,120.047165533
Alto Saxophone,Chromatic Scale,126.52553288,14.2338322,140.75936508
Alto Saxophone,Major Scales,148.096870748,73.723356009,221.820226757
Alto Saxophone,Sight-Reading,227.62521542,94.574875283,322.200090703
