Instrument,ScoreGroup,Start,Duration,End
Flute,Lyrical Etude,10.971428571,26.017959184,36.989387754999996
Flute,Technical Etude,41.586938776,24.346122449,65.93306122499999
Flute,Chromatic Scale,74.50122449,17.763265306,92.26448979599999
Flute,Major Scales,101.355102041,78.471836735,179.826938776
Flute,Sight-Reading,186.096326531,62.798367347,248.894693878
