Instrument,ScoreGroup,Start,Duration,End
Flute,Lyrical Etude,10.959819,32.322177,43.28199600000001
Flute,Technical Etude,48.576145,29.071383,77.647528
Flute,Chromatic Scale,83.777596,19.411882,103.18947800000001
Flute,Major Scales,110.367347,76.538776,186.90612299999998
Flute,Sight-Reading,190.563265,46.367347,236.930612
