Instrument,ScoreGroup,Start,Duration,End
Bb Clarinet,Lyrical Etude,11.192018,70.077823,81.269841
Bb Clarinet,Technical Etude,88.050068,126.827392,214.87745999999999
Bb Clarinet,Chromatic Scale,221.820227,41.401179,263.221406
Bb Clarinet,Major Scales,272.300408,122.578141,394.878549
Bb Clarinet,Sight-Reading,398.918821,82.0361,480.954921
