Instrument,ScoreGroup,Start,Duration,End
Bb Clarinet,Lyrical Etude,12.770975057,43.514195011,56.285170068
Bb Clarinet,Technical Etude,59.79138322,35.898049887,95.689433107
Bb Clarinet,Chromatic Scale,100.286984127,14.767891156,115.054875283
Bb Clarinet,Major Scales,120.58122449,105.95845805,226.53968254
Bb Clarinet,Sight-Reading,231.131428571,50.874920635,282.006349206
