Instrument,ScoreGroup,Start,Duration,End
Flute,Lyrical Etude,12.888185,103.701468,116.589653
Flute,Technical Etude,126.423414,61.237505,187.66091899999998
Flute,Chromatic Scale,197.494678,13.856662,211.35134
Flute,Major Scales,221.632089,89.844807,311.476896
Flute,Sight-Reading,319.07571,35.312138,354.387848
