Instrument,ScoreGroup,Start,Duration,End
Flute,Lyrical Etude,12.068571429,42.823401361,54.891972790000004
Flute,Technical Etude,61.744761905,21.09968254,82.844444445
Flute,Chromatic Scale,91.167346939,16.606621315,107.773968254
Flute,Major Scales,115.87047619,117.472653061,233.343129251
Flute,Sight-Reading,241.998367347,60.371882086,302.370249433
