Instrument,ScoreGroup,Start,Duration,End
Bb Clarinet,Lyrical Etude,18.575963719,112.384580499,130.960544218
Bb Clarinet,Technical Etude,138.855328798,29.72154195,168.57687074799998
Bb Clarinet,Chromatic Scale,176.936054422,13.467573696,190.403628118
Bb Clarinet,Major Scales,197.276734694,112.64,309.916734694
Bb Clarinet,Sight-Reading,316.604081633,67.08244898,383.686530613
