Instrument,ScoreGroup,Start,Duration,End
Bb Clarinet,Lyrical Etude,13.188934,57.028209,70.217143
Bb Clarinet,Technical Etude,75.975692,41.238639,117.21433099999999
Bb Clarinet,Chromatic Scale,125.201995,51.26966,176.471655
Bb Clarinet,Major Scales,185.202358,122.78712,307.989478
Bb Clarinet,Sight-Reading,312.07619,73.003537,385.079727
