Instrument,ScoreGroup,Start,Duration,End
Alto Saxophone,Lyrical Etude,9.589841,72.469478,82.05931899999999
Alto Saxophone,Technical Etude,86.146032,29.024943,115.170975
Alto Saxophone,Chromatic Scale,121.695782,13.397914,135.093696
Alto Saxophone,Major Scales,141.804263,73.934512,215.73877499999998
Alto Saxophone,Sight-Reading,221.371429,58.236735,279.608164
