Instrument,ScoreGroup,Start,Duration,End
Bb Clarinet,Lyrical Etude,25.730612,104.489796,130.220408
Bb Clarinet,Technical Etude,137.012245,30.302041,167.314286
Bb Clarinet,Chromatic Scale,178.677551,11.755102,190.432653
Bb Clarinet,Major Scales,198.661224,94.040816,292.70204
Bb Clarinet,Sight-Reading,298.840816,34.612245,333.45306100000005
