Instrument,ScoreGroup,Start,Duration,End
Bb Clarinet,Lyrical Etude,11.885714285,108.408163265,120.29387755
Bb Clarinet,Technical Etude,130.220408163,48.326530612,178.546938775
Bb Clarinet,Chromatic Scale,186.514285714,12.01632653,198.530612244
Bb Clarinet,Major Scales,205.975510204,105.142857142,311.118367346
Bb Clarinet,Sight-Reading,316.081632653,31.869387755,347.951020408
