Instrument,ScoreGroup,Start,Duration,End
Flute,Lyrical Etude,11.331337868,72.63201814,83.963356008
Flute,Technical Etude,89.350385487,29.535782312,118.88616779899999
Flute,Chromatic Scale,125.573514739,10.774058956,136.347573695
Flute,Major Scales,143.592199546,83.591836734,227.18403628
Flute,Sight-Reading,234.428662131,38.638004535,273.066666666
