Instrument,ScoreGroup,Start,Duration,End
Bb Clarinet,Lyrical Etude,14.558911565,55.170612245,69.72952381
Bb Clarinet,Technical Etude,74.884353741,26.819047619,101.70340136
Bb Clarinet,Chromatic Scale,108.181768707,16.439727891,124.62149659800001
Bb Clarinet,Major Scales,130.519365079,73.955555556,204.474920635
Bb Clarinet,Sight-Reading,209.513650794,66.316190476,275.82984127
