Instrument,ScoreGroup,Start,Duration,End
Bb Clarinet,Lyrical Etude,12.930612,72.881633,85.81224499999999
Bb Clarinet,Technical Etude,91.167347,24.685714,115.85306100000001
Bb Clarinet,Chromatic Scale,122.253061,12.930612,135.183673
Bb Clarinet,Major Scales,140.991565,109.412426,250.40399100000002
Bb Clarinet,Sight-Reading,251.239909,52.198458,303.438367
