Instrument,ScoreGroup,Start,Duration,End
Bb Clarinet,Lyrical Etude,16.718367346,132.310204081,149.028571427
Bb Clarinet,Technical Etude,160.130612244,52.767346938,212.897959182
Bb Clarinet,Chromatic Scale,220.734693877,11.493877551,232.228571428
Bb Clarinet,Major Scales,241.110204081,108.53877551,349.648979591
Bb Clarinet,Sight-Reading,356.832653061,37.35510204,394.187755101
