Instrument,ScoreGroup,Start,Duration,End
Bb Clarinet,Lyrical Etude,16.195918367,43.493877551,59.689795918
Bb Clarinet,Technical Etude,64.522448979,43.493877551,108.01632653
Bb Clarinet,Chromatic Scale,115.069387755,15.020408163,130.089795918
Bb Clarinet,Major Scales,137.012244897,121.208163265,258.220408162
Bb Clarinet,Sight-Reading,262.13877551,62.040816326,324.179591836
