Instrument,ScoreGroup,Start,Duration,End
Bb Clarinet,Lyrical Etude,11.363265,120.293878,131.65714300000002
Bb Clarinet,Technical Etude,135.706122,208.195918,343.90204
Bb Clarinet,Chromatic Scale,348.473469,50.416327,398.88979600000005
Bb Clarinet,Major Scales,406.465306,122.383673,528.848979
Bb Clarinet,Sight-Reading,532.636735,105.012245,637.64898
