Instrument,ScoreGroup,Start,Duration,End
Flute,Lyrical Etude,11.54031746,107.438730158,118.979047618
Flute,Technical Etude,124.18031746,26.168888888,150.349206348
Flute,Chromatic Scale,156.363174603,14.791111111,171.154285714
Flute,Major Scales,177.493333333,98.499047619,275.992380952
Flute,Sight-Reading,282.006349206,52.662857142,334.669206348
