Instrument,ScoreGroup,Start,Duration,End
Xylophone,Mallet Etude,14.432653,7.24898,21.681633
Snare Drum,Snare Etude,29.907302,69.845624,99.752926
Timpani,Timpani Etude,107.36907,51.919819,159.28888899999998
Xylophone,Chromatic Scale,167.555193,11.424218,178.979411
Xylophone,Major Scales,184.27356,124.087438,308.360998
Xylophone,Sight-Reading,316.905941,60.186122,377.092063
Snare Drum,Sight-Reading,383.036372,24.891791,407.928163
