Instrument,ScoreGroup,Start,Duration,End
Alto Saxophone,Lyrical Etude,14.303492063,74.036825396,88.340317459
Alto Saxophone,Technical Etude,94.679365079,22.349206349,117.02857142799999
Alto Saxophone,Chromatic Scale,125.886984126,11.54031746,137.427301586
Alto Saxophone,Major Scales,144.335238095,102.643809523,246.97904761799998
Alto Saxophone,Sight-Reading,252.261587301,52.419047619,304.68063492
