Instrument,ScoreGroup,Start,Duration,End
Bb Clarinet,Lyrical Etude,15.151020408,67.657142857,82.80816326499999
Bb Clarinet,Technical Etude,86.987755102,43.102040816,130.089795918
Bb Clarinet,Chromatic Scale,137.926530612,18.808163265,156.73469387699998
Bb Clarinet,Major Scales,166.254875283,110.712743764,276.96761904699997
Bb Clarinet,Sight-Reading,283.283446712,46.997188208,330.28063492
