Instrument,ScoreGroup,Start,Duration,End
Alto Saxophone,Lyrical Etude,13.479183673,101.773061224,115.252244897
Alto Saxophone,Technical Etude,119.640816326,64.052244897,183.693061223
Alto Saxophone,Chromatic Scale,190.589387755,8.672653061,199.262040816
Alto Saxophone,Major Scales,207.203265306,81.815510204,289.01877551
Alto Saxophone,Sight-Reading,294.661224489,47.960816326,342.622040815
