Instrument,ScoreGroup,Start,Duration,End
Flute,Lyrical Etude,9.984580499,67.918367347,77.902947846
Flute,Technical Etude,82.44244898,59.663673469,142.106122449
Flute,Chromatic Scale,148.584489796,16.404897959,164.98938775500002
Flute,Major Scales,172.570702948,131.146303855,303.717006803
Flute,Sight-Reading,309.080816327,54.752653061,363.83346938799997
