Instrument,ScoreGroup,Start,Duration,End
Flute,Lyrical Etude,10.448979592,49.516553288,59.96553288
Flute,Technical Etude,66.194285714,32.496326531,98.69061224500001
Flute,Chromatic Scale,106.091972789,10.379319728,116.471292517
Flute,Major Scales,123.414058957,92.531519274,215.945578231
Flute,Sight-Reading,222.795464853,46.614058957,269.40952381
