Instrument,ScoreGroup,Start,Duration,End
Bb Clarinet,Lyrical Etude,11.906031746,56.302585034,68.20861678
Bb Clarinet,Technical Etude,73.055782313,29.692517007,102.74829932
Bb Clarinet,Chromatic Scale,109.685260771,14.222222222,123.907482993
Bb Clarinet,Major Scales,130.351020408,100.223129252,230.57414966000002
Bb Clarinet,Sight-Reading,235.798639456,56.49414966,292.292789116
