Instrument,ScoreGroup,Start,Duration,End
Flute,Lyrical Etude,15.418049887,32.043537415,47.461587302000005
Flute,Technical Etude,54.334693878,29.257142857,83.591836735
Flute,Chromatic Scale,92.229659864,12.353015873,104.582675737
Flute,Major Scales,113.034739229,102.353560091,215.38829932
Flute,Sight-Reading,221.797006803,45.046712018,266.843718821
