Instrument,ScoreGroup,Start,Duration,End
Bb Clarinet,Lyrical Etude,11.772517007,116.726712018,128.499229025
Bb Clarinet,Technical Etude,135.46521542,43.95537415,179.42058957
Bb Clarinet,Chromatic Scale,189.474829932,12.933514739,202.408344671
Bb Clarinet,Major Scales,209.211791383,114.869115646,324.080907029
Bb Clarinet,Sight-Reading,329.491156463,53.266575964,382.75773242699995
