Instrument,ScoreGroup,Start,Duration,End
Bb Clarinet,Lyrical Etude,13.815873016,110.526984127,124.342857143
Bb Clarinet,Technical Etude,132.144761905,42.097777778,174.242539683
Bb Clarinet,Chromatic Scale,182.694603175,21.78031746,204.474920635
Bb Clarinet,Major Scales,214.227301587,124.993015873,339.22031746
Bb Clarinet,Sight-Reading,343.608888889,83.545396825,427.154285714
