Instrument,ScoreGroup,Start,Duration,End
Bb Clarinet,Lyrical Etude,10.797278912,124.203537415,135.000816327
Bb Clarinet,Technical Etude,139.946666667,51.107120181,191.053786848
Bb Clarinet,Chromatic Scale,198.251972789,9.334421769,207.586394558
Bb Clarinet,Major Scales,213.73968254,106.69569161,320.43537415
Bb Clarinet,Sight-Reading,325.613424036,60.116462585,385.72988662100005
