Instrument,ScoreGroup,Start,Duration,End
Bb Clarinet,Lyrical Etude,13.931973,136.533333,150.465306
Bb Clarinet,Technical Etude,159.381769,83.220317,242.60208599999999
Bb Clarinet,Chromatic Scale,251.332789,15.975329,267.308118
Bb Clarinet,Major Scales,276.41034,99.381406,375.791746
Bb Clarinet,Sight-Reading,382.293333,105.882993,488.176326
