Instrument,ScoreGroup,Start,Duration,End
Alto Saxophone,Lyrical Etude,14.744671202,57.469387755,72.21405895699999
Alto Saxophone,Technical Etude,79.296145125,54.172154195,133.46829932
Alto Saxophone,Chromatic Scale,141.548843537,11.192018141,152.74086167800002
Alto Saxophone,Major Scales,161.239365079,86.796190476,248.03555555500003
Alto Saxophone,Sight-Reading,255.930340136,46.90430839,302.834648526
