Instrument,ScoreGroup,Start,Duration,End
Alto Saxophone,Lyrical Etude,9.380861678,63.344036281,72.724897959
Alto Saxophone,Technical Etude,79.969523809,29.257142857,109.226666666
Alto Saxophone,Chromatic Scale,114.799455782,22.848435374,137.647891156
Alto Saxophone,Major Scales,144.613877551,86.563990929,231.17786848
Alto Saxophone,Sight-Reading,235.450340136,60.464761904,295.91510203999997
