Instrument,ScoreGroup,Start,Duration,End
Bb Clarinet,Lyrical Etude,24.228571,75.820408,100.048979
Bb Clarinet,Technical Etude,110.759184,30.82449,141.583674
Bb Clarinet,Chromatic Scale,155.167347,13.322449,168.489796
Bb Clarinet,Major Scales,179.07229,113.313379,292.385669
Bb Clarinet,Sight-Reading,296.097959,56.946939,353.044898
