Instrument,ScoreGroup,Start,Duration,End
Flute,Lyrical Etude,13.757823129,80.805442177,94.563265306
Flute,Technical Etude,100.542403628,56.656689342,157.19909297
Flute,Chromatic Scale,164.571428571,21.420408163,185.991836734
Flute,Major Scales,194.142040816,118.804897959,312.946938775
Flute,Sight-Reading,320.528253968,69.810793651,390.339047619
