Instrument,ScoreGroup,Start,Duration,End
Bb Clarinet,Lyrical Etude,13.096054,59.721723,72.81777699999999
Bb Clarinet,Technical Etude,83.498957,40.96,124.458957
Bb Clarinet,Chromatic Scale,134.768617,24.520272,159.288889
Bb Clarinet,Major Scales,165.511837,122.601361,288.113198
Bb Clarinet,Sight-Reading,295.706122,106.840816,402.546938
