Instrument,ScoreGroup,Start,Duration,End
Bb Clarinet,Lyrical Etude,14.767891156,50.712380952,65.480272108
Bb Clarinet,Technical Etude,70.774421769,27.585306122,98.359727891
Bb Clarinet,Chromatic Scale,105.882993197,14.210612245,120.09360544200001
Bb Clarinet,Major Scales,125.945034014,63.529795918,189.474829932
Bb Clarinet,Sight-Reading,193.097142857,37.616326531,230.713469388
