Instrument,ScoreGroup,Start,Duration,End
Bb Clarinet,Lyrical Etude,12.631655328,49.040544217,61.672199545
Bb Clarinet,Technical Etude,67.059229024,83.684716553,150.743945577
Bb Clarinet,Chromatic Scale,156.781133786,49.50494331,206.28607709599999
Bb Clarinet,Major Scales,212.416145124,60.650521541,273.066666665
Bb Clarinet,Sight-Reading,280.032653061,76.068571428,356.101224489
