Instrument,ScoreGroup,Start,Duration,End
Flute,Lyrical Etude,9.93814059,42.26031746,52.19845805
Flute,Technical Etude,55.635011338,29.628662132,85.26367347
Flute,Chromatic Scale,90.731972789,14.512471655,105.244444444
Flute,Major Scales,111.873741497,67.988027211,179.861768708
Flute,Sight-Reading,185.469387755,49.052154195,234.52154195000003
