Instrument,ScoreGroup,Start,Duration,End
Flute,Lyrical Etude,12.863854875,50.294421769,63.158276644000004
Flute,Technical Etude,69.845623583,37.871746032,107.717369615
Flute,Chromatic Scale,115.170975057,13.769433107,128.94040816400002
Flute,Major Scales,137.462131519,100.983582766,238.445714285
Flute,Sight-Reading,245.016961451,57.631927438,302.648888889
