Instrument,ScoreGroup,Start,Duration,End
Flute,Lyrical Etude,12.770975057,48.90122449,61.672199547
Flute,Technical Etude,67.848707483,39.810612245,107.659319728
Flute,Chromatic Scale,115.879183673,13.06122449,128.940408163
Flute,Major Scales,136.533333333,102.156190476,238.689523809
Flute,Sight-Reading,244.866031746,52.256507937,297.122539683
