Instrument,ScoreGroup,Start,Duration,End
Flute,Lyrical Etude,10.379319728,41.285079365,51.664399093
Flute,Technical Etude,55.913650794,37.035827664,92.949478458
Flute,Chromatic Scale,98.45260771,17.298866213,115.75147392299999
Flute,Major Scales,122.856780045,112.245260771,235.102040816
Flute,Sight-Reading,240.024671202,44.977052154,285.001723356
