Instrument,ScoreGroup,Start,Duration,End
Flute,Lyrical Etude,9.334421769,47.90276644,57.237188209
Flute,Technical Etude,59.025124717,33.01877551,92.043900227
Flute,Chromatic Scale,95.480453515,22.035736961,117.51619047599999
Flute,Major Scales,122.415600907,91.324081633,213.73968254
Flute,Sight-Reading,217.083356009,52.337777778,269.42113378700003
