Instrument,ScoreGroup,Start,Duration,End
Flute,Lyrical Etude,11.215238095,37.709206349,48.924444444
Flute,Technical Etude,52.662857142,30.72,83.382857142
Flute,Chromatic Scale,91.834920634,26.981587301,118.816507935
Flute,Major Scales,123.065759637,134.211337868,257.277097505
Flute,Sight-Reading,260.295691609,64.551473922,324.84716553100003
