Instrument,ScoreGroup,Start,Duration,End
Flute,Lyrical Etude,10.774058957,78.947845805,89.721904762
Flute,Technical Etude,94.876734694,39.775782313,134.652517007
Flute,Chromatic Scale,141.130884354,13.096054422,154.226938776
Flute,Major Scales,161.239365079,117.841269841,279.08063492
Flute,Sight-Reading,283.376326531,45.789750567,329.166077098
