Instrument,ScoreGroup,Start,Duration,End
Alto Saxophone,Lyrical Etude,12.817414965,61.231020408,74.048435373
Alto Saxophone,Technical Etude,79.412244897,20.271020408,99.68326530499999
Alto Saxophone,Chromatic Scale,106.370612244,9.264761904,115.635374148
Alto Saxophone,Major Scales,121.417142857,86.308571428,207.72571428499998
Alto Saxophone,Sight-Reading,213.99510204,56.981768707,270.976870747
