Instrument,ScoreGroup,Start,Duration,End
Bb Clarinet,Lyrical Etude,11.958277,67.918367,79.876644
Bb Clarinet,Technical Etude,86.076372,59.141224,145.21759600000001
Bb Clarinet,Chromatic Scale,153.065941,13.676553,166.74249400000002
Bb Clarinet,Major Scales,173.522721,85.751293,259.27401399999997
Bb Clarinet,Sight-Reading,264.289524,42.144218,306.433742
