Instrument,ScoreGroup,Start,Duration,End
Bb Clarinet,Lyrical Etude,14.257052154,65.224852608,79.481904762
Bb Clarinet,Technical Etude,86.21569161,48.018866213,134.234557823
Bb Clarinet,Chromatic Scale,144.381678005,14.907210884,159.288888889
Bb Clarinet,Major Scales,168.391111111,121.602902494,289.99401360499996
Bb Clarinet,Sight-Reading,297.26185941,66.548390023,363.81024943299997
