Instrument,ScoreGroup,Start,Duration,End
Flute,Lyrical Etude,9.508571,109.087347,118.595918
Flute,Technical Etude,123.193469,42.840816,166.03428499999998
Flute,Chromatic Scale,170.736327,10.971429,181.707756
Flute,Major Scales,186.827755,98.638367,285.466122
Flute,Sight-Reading,289.436735,43.154286,332.591021
