Instrument,ScoreGroup,Start,Duration,End
Trumpet,Lyrical Etude,13.502374,57.446464,70.948838
Trumpet,Technical Etude,77.724575,19.443419,97.167994
Trumpet,Chromatic Scale,106.005911,8.248723,114.254634
Trumpet,Major Scales,122.208759,69.230354,191.43911300000002
Trumpet,Sight-Reading,199.687836,34.173281,233.861117
