Instrument,ScoreGroup,Start,Duration,End
Flute,Lyrical Etude,11.911836735,50.712380952,62.624217687
Flute,Technical Etude,68.893605442,38.452244898,107.34585034
Flute,Chromatic Scale,115.078095238,11.981496599,127.059591837
Flute,Major Scales,135.836734694,106.231292517,242.06802721100001
Flute,Sight-Reading,248.546394558,47.856326531,296.402721089
