Instrument,ScoreGroup,Start,Duration,End
Bb Clarinet,Lyrical Etude,8.777142857,114.242176871,123.019319728
Bb Clarinet,Technical Etude,127.756190476,33.854693878,161.610884354
Bb Clarinet,Chromatic Scale,167.880272109,12.678095238,180.558367347
Bb Clarinet,Major Scales,186.131156463,120.093605442,306.224761905
Bb Clarinet,Sight-Reading,311.100952381,44.164353741,355.265306122
