Instrument,ScoreGroup,Start,Duration,End
Flute,Lyrical Etude,13.072834467,44.512653061,57.585487528
Flute,Technical Etude,62.600997732,34.899591837,97.500589569
Flute,Chromatic Scale,107.299410431,14.18739229,121.486802721
Flute,Major Scales,131.541043084,99.892244898,231.433287982
Flute,Sight-Reading,237.86521542,45.60399093,283.46920635
