Instrument,ScoreGroup,Start,Duration,End
Flute,Lyrical Etude,9.404082,40.170522,49.574604
Flute,Technical Etude,54.799093,53.405896,108.204989
Flute,Chromatic Scale,114.009977,23.684354,137.694331
Flute,Major Scales,143.963719,90.441723,234.405442
Flute,Sight-Reading,238.120635,57.585488,295.706123
