Instrument,ScoreGroup,Start,Duration,End
Xylophone,Mallet Etude,8.777143,199.366531,208.143674
Snare Drum,Snare Etude,211.394467,62.693878,274.088345
Timpani,Timpani Etude,280.311293,86.378231,366.689524
Xylophone,Chromatic Scale,371.333515,10.30966,381.643175
Xylophone,Major Scales,387.424943,121.672562,509.09750499999996
Xylophone,Sight-Reading,514.368435,208.8,723.168435
Snare Drum,Sight-Reading,728.735057,41.331519,770.0665759999999
