Instrument,ScoreGroup,Start,Duration,End
Flute,Lyrical Etude,11.62449,67.004082,78.62857199999999
Flute,Technical Etude,84.114286,22.726531,106.84081700000002
Flute,Chromatic Scale,114.677551,14.889796,129.56734699999998
Flute,Major Scales,138.710204,118.857143,257.567347
Flute,Sight-Reading,272.195918,44.930612,317.12653
