Instrument,ScoreGroup,Start,Duration,End
Bb Clarinet,Lyrical Etude,14.628571429,82.57015873,97.19873015900001
Bb Clarinet,Technical Etude,102.4,39.334603175,141.73460317500002
Bb Clarinet,Chromatic Scale,147.748571429,13.978412698,161.726984127
Bb Clarinet,Major Scales,166.254875283,132.12154195,298.376417233
Bb Clarinet,Sight-Reading,303.020408163,56.215510204,359.235918367
