Instrument,ScoreGroup,Start,Duration,End
Bb Clarinet,Lyrical Etude,9.752380952,84.985034014,94.73741496599999
Bb Clarinet,Technical Etude,100.310204082,32.879455782,133.189659864
Bb Clarinet,Chromatic Scale,138.390929705,11.702857143,150.09378684799998
Bb Clarinet,Major Scales,155.689795918,106.463492063,262.153287981
Bb Clarinet,Sight-Reading,265.984580499,46.207709751,312.19229025
