Instrument,ScoreGroup,Start,Duration,End
Bb Clarinet,Lyrical Etude,10.344489796,52.767346939,63.111836735
Bb Clarinet,Technical Etude,67.918367347,36.780408163,104.69877550999999
Bb Clarinet,Chromatic Scale,108.251428571,17.554285714,125.80571428500001
Bb Clarinet,Major Scales,130.612244898,79.830204082,210.44244898
Bb Clarinet,Sight-Reading,214.413061224,49.946122449,264.35918367299996
