Instrument,ScoreGroup,Start,Duration,End
Xylophone,Mallet Etude,11.102041,74.187755,85.289796
Snare Drum,Snare Etude,90.514286,69.355102,159.86938800000001
Timpani,Timpani Etude,163.918367,60.604082,224.522449
Xylophone,Chromatic Scale,230.269388,9.534694,239.804082
Xylophone,Major Scales,245.681633,96.653061,342.334694
Xylophone,Sight-Reading,351.346939,42.057143,393.404082
Snare Drum,Sight-Reading,401.612336,28.235465,429.847801
