Instrument,ScoreGroup,Start,Duration,End
Xylophone,Mallet Etude,12.283356,68.127347,80.410703
Snare Drum,Snare Etude,88.259048,44.025034,132.284082
Timpani,Timpani Etude,140.829025,60.627302,201.456327
Xylophone,Chromatic Scale,208.329433,12.260136,220.58956899999998
Xylophone,Major Scales,228.461134,91.742041,320.203175
Xylophone,Sight-Reading,328.144399,52.500317,380.644716
Snare Drum,Sight-Reading,388.841361,34.969252,423.810613
