Instrument,ScoreGroup,Start,Duration,End
Bb Clarinet,Lyrical Etude,12.515555556,66.246530612,78.762086168
Bb Clarinet,Technical Etude,86.633650794,41.285079365,127.918730159
Bb Clarinet,Chromatic Scale,136.161814059,12.863854875,149.02566893399998
Bb Clarinet,Major Scales,156.223854875,92.949478458,249.17333333300002
Bb Clarinet,Sight-Reading,256.812698413,51.432199546,308.244897959
