Instrument,ScoreGroup,Start,Duration,End
Bb Clarinet,Lyrical Etude,10.402539683,79.27292517,89.675464853
Bb Clarinet,Technical Etude,96.246712018,57.306848073,153.553560091
Bb Clarinet,Chromatic Scale,161.750204082,21.803537415,183.553741497
Bb Clarinet,Major Scales,187.431473923,119.420226757,306.85170068
Bb Clarinet,Sight-Reading,313.631927438,54.079274376,367.711201814
