Instrument,ScoreGroup,Start,Duration,End
Bb Clarinet,Lyrical Etude,14.210612245,110.34122449,124.551836735
Bb Clarinet,Technical Etude,127.895510204,39.566802721,167.462312925
Bb Clarinet,Chromatic Scale,173.871020408,13.096054422,186.96707483
Bb Clarinet,Major Scales,199.50585034,107.554829932,307.060680272
Bb Clarinet,Sight-Reading,310.682993197,26.749387755,337.43238095199996
