Instrument,ScoreGroup,Start,Duration,End
Alto Saxophone,Lyrical Etude,12.631655329,50.619501134,63.251156463
Alto Saxophone,Technical Etude,67.268208617,32.182857143,99.45106576
Alto Saxophone,Chromatic Scale,106.370612245,13.606893424,119.97750566900001
Alto Saxophone,Major Scales,126.037913832,78.669206349,204.707120181
Alto Saxophone,Sight-Reading,210.349569161,71.865759637,282.215328798
