Instrument,ScoreGroup,Start,Duration,End
Trumpet,Lyrical Etude,19.029313,73.487746,92.517059
Trumpet,Technical Etude,101.235944,24.9111,126.14704400000001
Trumpet,Chromatic Scale,138.602594,15.361845,153.964439
Trumpet,Major Scales,163.92888,91.755886,255.684766
Trumpet,Sight-Reading,264.818836,66.014416,330.83325199999996
