Instrument,ScoreGroup,Start,Duration,End
Flute,Lyrical Etude,24.346122448,61.335510204,85.681632652
Flute,Technical Etude,103.235918367,24.973061224,128.208979591
Flute,Chromatic Scale,138.031020408,38.661224489,176.692244897
Flute,Major Scales,190.032108843,91.393741496,281.425850339
Flute,Sight-Reading,284.67664399,45.975510204,330.652154194
