Instrument,ScoreGroup,Start,Duration,End
Bb Clarinet,Lyrical Etude,8.614603175,43.235555556,51.850158731
Bb Clarinet,Technical Etude,57.254603175,32.304761905,89.55936507999999
Bb Clarinet,Chromatic Scale,95.37015873,13.897142857,109.267301587
Bb Clarinet,Major Scales,116.006893424,84.799274376,200.8061678
Bb Clarinet,Sight-Reading,207.029115646,44.210793651,251.239909297
