Instrument,ScoreGroup,Start,Duration,End
Flute,Lyrical Etude,9.195102041,62.136598639,71.33170068
Flute,Technical Etude,74.814693878,19.504761905,94.319455783
Flute,Chromatic Scale,100.05478458,16.207528345,116.262312925
Flute,Major Scales,125.503854875,97.895328798,223.39918367299998
Flute,Sight-Reading,227.718095238,52.19845805,279.916553288
