Instrument,ScoreGroup,Start,Duration,End
Xylophone,Mallet Etude,13.328254,25.007891,38.336145
Snare Drum,Snare Etude,47.322268,78.251247,125.57351500000001
Timpani,Timpani Etude,136.115374,59.280544,195.395918
Xylophone,Chromatic Scale,201.781406,8.126984,209.90839
Xylophone,Major Scales,215.690159,88.073288,303.763447
Xylophone,Sight-Reading,308.244898,38.336145,346.58104299999997
Snare Drum,Sight-Reading,354.034649,33.622494,387.657143
