Instrument,ScoreGroup,Start,Duration,End
Xylophone,Mallet Etude,12.081633,47.804082,59.885715000000005
Snare Drum,Snare Etude,69.195465,59.628844,128.824309
Timpani,Timpani Etude,135.511655,59.257324,194.768979
Xylophone,Chromatic Scale,200.991927,8.173424,209.16535100000002
Xylophone,Major Scales,215.481179,102.53932,318.020499
Xylophone,Sight-Reading,326.565442,29.350023,355.91546500000004
Snare Drum,Sight-Reading,363.71737,27.863946,391.581316
