Instrument,ScoreGroup,Start,Duration,End
Bb Clarinet,Lyrical Etude,13.583673,84.897959,98.481632
Bb Clarinet,Technical Etude,106.811791,26.006349,132.81814
Bb Clarinet,Chromatic Scale,139.319728,15.975329,155.29505699999999
Bb Clarinet,Major Scales,164.954558,116.657052,281.61161
Bb Clarinet,Sight-Reading,284.026485,45.325351,329.351836
