Instrument,ScoreGroup,Start,Duration,End
Flute,Lyrical Etude,12.260136054,54.613333333,66.873469387
Flute,Technical Etude,72.446258503,23.034195011,95.480453514
Flute,Chromatic Scale,101.424761904,14.117732426,115.54249433
Flute,Major Scales,121.486802721,99.195646258,220.68244897900001
Flute,Sight-Reading,222.911564625,59.814603174,282.726167799
