Instrument,ScoreGroup,Start,Duration,End
Xylophone,Mallet Etude,12.146939,52.506122,64.653061
Snare Drum,Snare Etude,72.097959,58.644898,130.74285700000001
Timpani,Timpani Etude,137.795918,51.983673,189.779591
Xylophone,Chromatic Scale,196.179592,7.967347,204.146939
Xylophone,Major Scales,211.722449,95.346939,307.069388
Xylophone,Sight-Reading,314.644898,55.24898,369.89387800000003
Snare Drum,Sight-Reading,375.640816,30.693878,406.33469399999996
