Instrument,ScoreGroup,Start,Duration,End
Alto Saxophone,Lyrical Etude,11.284897959,43.885714286,55.170612245
Alto Saxophone,Technical Etude,61.161360544,52.871836735,114.033197279
Alto Saxophone,Chromatic Scale,120.528979592,8.933877551,129.462857143
Alto Saxophone,Major Scales,136.997732426,91.951020408,228.948752834
Alto Saxophone,Sight-Reading,235.264580499,44.860952381,280.12553288
