Instrument,ScoreGroup,Start,Duration,End
Alto Saxophone,Lyrical Etude,13.888,53.376,67.264
Alto Saxophone,Technical Etude,73.514666667,34.56,108.074666667
Alto Saxophone,Chromatic Scale,132.522666667,17.024,149.546666667
Alto Saxophone,Major Scales,164.458666667,100.288,264.746666667
Alto Saxophone,Sight-Reading,274.218666667,54.165333333,328.38399999999996
