Instrument,ScoreGroup,Start,Duration,End
Alto Saxophone,Lyrical Etude,13.769433107,60.116462585,73.885895692
Alto Saxophone,Technical Etude,78.088707483,38.730884354,116.81959183699999
Alto Saxophone,Chromatic Scale,123.715918367,23.614693878,147.330612245
Alto Saxophone,Major Scales,158.081451247,72.910657596,230.99210884299998
Alto Saxophone,Sight-Reading,235.17170068,77.554648526,312.726349206
