Instrument,ScoreGroup,Start,Duration,End
Bb Clarinet,Lyrical Etude,17.716825397,103.212698413,120.92952381
Bb Clarinet,Technical Etude,132.957460317,39.334603175,172.292063492
Bb Clarinet,Chromatic Scale,180.744126984,12.19047619,192.934603174
Bb Clarinet,Major Scales,204.8,131.448163265,336.248163265
Bb Clarinet,Sight-Reading,342.51755102,81.084081633,423.60163265299997
