Instrument,ScoreGroup,Start,Duration,End
Flute,Lyrical Etude,13.746213151,48.669024943,62.415238093999996
Flute,Technical Etude,66.873469387,30.418140589,97.291609976
Flute,Chromatic Scale,103.096598639,24.148752834,127.245351473
Flute,Major Scales,132.911020408,120.372244897,253.28326530500001
Flute,Sight-Reading,256.348299319,81.084081632,337.43238095099997
