Instrument,ScoreGroup,Start,Duration,End
Bb Clarinet,Lyrical Etude,19.90972,90.592925,110.502645
Bb Clarinet,Technical Etude,122.048802,35.082554,157.13135599999998
Bb Clarinet,Chromatic Scale,169.121596,15.098821,184.220417
Bb Clarinet,Major Scales,190.881661,103.471331,294.35299200000003
Bb Clarinet,Sight-Reading,307.675481,45.296462,352.971943
