Instrument,ScoreGroup,Start,Duration,End
Bb Clarinet,Lyrical Etude,10.775510204,67.983673469,78.759183673
Bb Clarinet,Technical Etude,81.763265306,41.6,123.36326530599999
Bb Clarinet,Chromatic Scale,130.285714285,16.065306122,146.35102040700002
Bb Clarinet,Major Scales,152.424489795,79.281632653,231.706122448
Bb Clarinet,Sight-Reading,238.759183673,53.551020408,292.310204081
