Instrument,ScoreGroup,Start,Duration,End
Alto Saxophone,Lyrical Etude,11.354557823,55.542131519,66.896689342
Alto Saxophone,Technical Etude,71.192380952,47.043628118,118.23600907
Alto Saxophone,Chromatic Scale,123.692698413,8.335963719,132.028662132
Alto Saxophone,Major Scales,138.251609977,78.762086168,217.01369614499998
Alto Saxophone,Sight-Reading,223.352743764,71.424580499,294.77732426299997
