Instrument,ScoreGroup,Start,Duration,End
Bb Clarinet,Lyrical Etude,30.000181405,49.226303854,79.226485259
Bb Clarinet,Technical Etude,85.077913832,40.031201814,125.10911564599999
Bb Clarinet,Chromatic Scale,132.167981859,15.882448979,148.050430838
Bb Clarinet,Major Scales,157.895691609,110.062585034,267.958276643
Bb Clarinet,Sight-Reading,273.623945578,50.247981859,323.871927437
