Instrument,ScoreGroup,Start,Duration,End
Flute,Lyrical Etude,11.296463,115.542347,126.83881000000001
Flute,Technical Etude,132.297503,47.308677,179.60618
Flute,Chromatic Scale,186.884438,12.28206,199.166498
Flute,Major Scales,205.534975,105.989633,311.524608
Flute,Sight-Reading,319.257757,43.214657,362.472414
