Instrument,ScoreGroup,Start,Duration,End
Bb Clarinet,Lyrical Etude,10.49542,71.42458,81.92
Bb Clarinet,Technical Etude,86.471111,23.777234,110.248345
Bb Clarinet,Chromatic Scale,117.121451,12.236916,129.358367
Bb Clarinet,Major Scales,135.836735,94.432653,230.269388
Bb Clarinet,Sight-Reading,234.122449,43.167347,277.28979599999997
