Instrument,ScoreGroup,Start,Duration,End
Alto Saxophone,Lyrical Etude,11.633197279,47.949206349,59.582403628
Alto Saxophone,Technical Etude,63.878095238,25.611609977,89.489705215
Alto Saxophone,Chromatic Scale,95.016054422,9.543401361,104.559455783
Alto Saxophone,Major Scales,110.6430839,59.187664399,169.830748299
Alto Saxophone,Sight-Reading,173.77814059,39.752562358,213.530702948
