Instrument,ScoreGroup,Start,Duration,End
Xylophone,Mallet Etude,16.068209,53.986395,70.054604
Snare Drum,Snare Etude,79.946304,42.260317,122.206621
Timpani,Timpani Etude,133.421859,52.616417,186.038276
Xylophone,Chromatic Scale,194.838639,7.128526,201.967165
Xylophone,Major Scales,211.301587,66.80381,278.10539700000004
Xylophone,Sight-Reading,290.806712,70.611882,361.418594
Snare Drum,Sight-Reading,368.7561,35.247891,404.003991
