Instrument,ScoreGroup,Start,Duration,End
Trumpet,Lyrical Etude,16.195918367,52.767346938,68.96326530500001
Trumpet,Technical Etude,75.232653061,31.346938775,106.57959183599999
Trumpet,Chromatic Scale,113.893877551,17.763265306,131.657142857
Trumpet,Major Scales,138.971428571,65.828571428,204.799999999
Trumpet,Sight-Reading,210.546938775,53.812244897,264.359183672
