Instrument,ScoreGroup,Start,Duration,End
Alto Saxophone,Lyrical Etude,12.422675736,89.745124716,102.16780045200001
Alto Saxophone,Technical Etude,109.249886621,64.203174603,173.453061224
Alto Saxophone,Chromatic Scale,178.445351473,9.868480725,188.313832198
Alto Saxophone,Major Scales,195.16371882,85.101133786,280.26485260600003
Alto Saxophone,Sight-Reading,285.837641723,47.600907029,333.438548752
