Instrument,ScoreGroup,Start,Duration,End
Bb Clarinet,Lyrical Etude,9.012245,89.6,98.612245
Bb Clarinet,Technical Etude,102.138776,41.534694,143.67347
Bb Clarinet,Chromatic Scale,150.204082,11.62449,161.828572
Bb Clarinet,Major Scales,169.534694,84.114286,253.64898
Bb Clarinet,Sight-Reading,260.04898,40.620408,300.66938799999997
