Instrument,ScoreGroup,Start,Duration,End
Flute,Lyrical Etude,14.558911565,59.48952381,74.048435375
Flute,Technical Etude,84.21877551,35.038911565,119.257687075
Flute,Chromatic Scale,133.607619048,10.100680272,143.70829932
Flute,Major Scales,151.626303855,94.737414966,246.36371882100002
Flute,Sight-Reading,253.631564626,34.829931973,288.461496599
