Instrument,ScoreGroup,Start,Duration,End
Flute,Lyrical Etude,9.659501134,39.102403628,48.761904762
Flute,Technical Etude,53.591655329,32.786575964,86.378231293
Flute,Chromatic Scale,94.087256236,26.284988662,120.372244898
Flute,Major Scales,127.941950113,76.161451247,204.10340136000002
Flute,Sight-Reading,211.39446712,44.303673469,255.698140589
