Instrument,ScoreGroup,Start,Duration,End
Bb Clarinet,Lyrical Etude,13.191837,77.191837,90.38367400000001
Bb Clarinet,Technical Etude,96.261224,27.428571,123.689795
Bb Clarinet,Chromatic Scale,130.873469,12.016327,142.889796
Bb Clarinet,Major Scales,155.428571,103.706122,259.13469299999997
Bb Clarinet,Sight-Reading,264.489796,66.873469,331.363265
