Instrument,ScoreGroup,Start,Duration,End
Bb Clarinet,Lyrical Etude,15.046530612,57.957006802,73.00353741400001
Bb Clarinet,Technical Etude,80.433922902,55.727891156,136.161814058
Bb Clarinet,Chromatic Scale,143.96371882,14.4892517,158.45297052
Bb Clarinet,Major Scales,165.326077097,101.424761904,266.750839001
Bb Clarinet,Sight-Reading,273.438185941,66.873469387,340.311655328
