Instrument,ScoreGroup,Start,Duration,End
Alto Saxophone,Lyrical Etude,11.958276644,59.733333333,71.691609977
Alto Saxophone,Technical Etude,77.264399093,31.492063492,108.756462585
Alto Saxophone,Chromatic Scale,120.424489796,9.578231293,130.002721089
Alto Saxophone,Major Scales,139.668027211,104.141496599,243.80952381000003
Alto Saxophone,Sight-Reading,251.385034014,44.263038549,295.648072563
