Instrument,ScoreGroup,Start,Duration,End
Flute,Lyrical Etude,11.609977324,62.926077098,74.536054422
Flute,Technical Etude,80.57324263,46.439909297,127.013151927
Flute,Chromatic Scale,132.353741497,14.164172336,146.517913833
Flute,Major Scales,152.322902494,107.740589569,260.063492063
Flute,Sight-Reading,263.314285714,47.600907029,310.915192743
