Instrument,ScoreGroup,Start,Duration,End
Flute,Lyrical Etude,13.328253968,85.82095238,99.14920634799999
Flute,Technical Etude,103.235918367,23.684353741,126.92027210799999
Flute,Chromatic Scale,131.378503401,17.972244897,149.35074829799998
Flute,Major Scales,153.019501133,101.70340136,254.722902493
Flute,Sight-Reading,260.295691609,36.455328798,296.751020407
