Instrument,ScoreGroup,Start,Duration,End
Alto Saxophone,Lyrical Etude,11.284897959,86.958730159,98.243628118
Alto Saxophone,Technical Etude,103.468117914,44.303673469,147.771791383
Alto Saxophone,Chromatic Scale,154.575238095,10.147120181,164.722358276
Alto Saxophone,Major Scales,173.151201814,103.375238095,276.526439909
Alto Saxophone,Sight-Reading,281.611609977,62.368798186,343.980408163
