Instrument,ScoreGroup,Start,Duration,End
Bb Clarinet,Lyrical Etude,16.393465,97.927485,114.32095000000001
Bb Clarinet,Technical Etude,125.153636,35.531211,160.684847
Bb Clarinet,Chromatic Scale,167.18446,13.865839,181.050299
Bb Clarinet,Major Scales,191.01637,102.260559,293.276929
Bb Clarinet,Sight-Reading,302.809693,41.597516,344.40720899999997
