Instrument,ScoreGroup,Start,Duration,End
Xylophone,Mallet Etude,11.102041,28.538776,39.640817
Snare Drum,Snare Etude,45.603991,66.31619,111.92018100000001
Timpani,Timpani Etude,119.836735,50.481633,170.31836800000002
Xylophone,Chromatic Scale,179.629569,6.803447,186.433016
Xylophone,Major Scales,192.0,98.742857,290.742857
Xylophone,Sight-Reading,295.264943,19.551202,314.816145
Snare Drum,Sight-Reading,329.119637,32.786576,361.906213
