Instrument,ScoreGroup,Start,Duration,End
Bb Clarinet,Lyrical Etude,15.162630385,72.423038549,87.585668934
Bb Clarinet,Technical Etude,100.960362812,46.393469388,147.3538322
Bb Clarinet,Chromatic Scale,159.590748299,14.2338322,173.824580499
Bb Clarinet,Major Scales,184.62185941,121.672562358,306.294421768
Bb Clarinet,Sight-Reading,313.004988662,57.260408163,370.26539682500004
