Instrument,ScoreGroup,Start,Duration,End
Flute,Lyrical Etude,10.216780045,54.613333333,64.830113378
Flute,Technical Etude,66.873469387,20.805079365,87.678548752
Flute,Chromatic Scale,92.879818594,19.876281179,112.756099773
Flute,Major Scales,118.514648526,104.211156462,222.725804988
Flute,Sight-Reading,226.255238095,45.325351473,271.580589568
