Instrument,ScoreGroup,Start,Duration,End
Flute,Lyrical Etude,12.051156463,57.585487528,69.636643991
Flute,Technical Etude,75.97569161,26.540408163,102.516099773
Flute,Chromatic Scale,110.921723356,16.579047619,127.500770975
Flute,Major Scales,134.977596372,81.293061224,216.27065759599998
Flute,Sight-Reading,220.427029478,60.302222222,280.7292517
