Instrument,ScoreGroup,Start,Duration,End
Xylophone,Mallet Etude,15.20907,51.966259,67.175329
Snare Drum,Snare Etude,80.550023,43.908934,124.458957
Timpani,Timpani Etude,132.237642,57.399728,189.63737
Xylophone,Chromatic Scale,197.276735,11.261678,208.538413
Xylophone,Major Scales,216.526077,75.975692,292.50176899999997
Xylophone,Sight-Reading,300.210794,55.077732,355.28852600000005
Snare Drum,Sight-Reading,364.088889,27.631746,391.720635
