Instrument,ScoreGroup,Start,Duration,End
Flute,Lyrical Etude,10.03102,87.307029,97.338049
Flute,Technical Etude,103.282358,24.520272,127.80263
Flute,Chromatic Scale,134.861497,13.003175,147.864672
Flute,Major Scales,154.552018,96.966531,251.518549
Flute,Sight-Reading,256.348299,61.30068,317.648979
