Instrument,ScoreGroup,Start,Duration,End
Trumpet,Lyrical Etude,10.318367346,54.073469387,64.391836733
Trumpet,Technical Etude,68.179591836,40.359183673,108.538775509
Trumpet,Chromatic Scale,114.67755102,12.408163265,127.085714285
Trumpet,Major Scales,136.228571428,60.865306122,197.09387755
Trumpet,Sight-Reading,201.142857142,47.151020408,248.29387755
