Instrument,ScoreGroup,Start,Duration,End
Bb Clarinet,Lyrical Etude,54.984852608,312.076190476,367.061043084
Bb Clarinet,Technical Etude,387.866122449,188.731791383,576.597913832
Bb Clarinet,Chromatic Scale,612.263764172,98.081088435,710.344852607
Bb Clarinet,Major Scales,731.149931973,469.600362812,1200.750294785
Bb Clarinet,Sight-Reading,1242.360453515,267.493877551,1509.854331066
