Instrument,ScoreGroup,Start,Duration,End
Bb Clarinet,Lyrical Etude,21.055803,94.150661,115.206464
Bb Clarinet,Technical Etude,126.735116,41.791365,168.526481
Bb Clarinet,Chromatic Scale,180.055133,12.009013,192.06414600000002
Bb Clarinet,Major Scales,201.190996,109.041837,310.232833
Bb Clarinet,Sight-Reading,327.525812,54.280738,381.80654999999996
