Instrument,ScoreGroup,Start,Duration,End
Alto Saxophone,Lyrical Etude,22.883265306,58.247256236,81.130521542
Alto Saxophone,Technical Etude,93.622857143,38.591564626,132.214421769
Alto Saxophone,Chromatic Scale,142.384761905,32.182857143,174.567619048
Alto Saxophone,Major Scales,184.087800454,88.003628118,272.091428572
Alto Saxophone,Sight-Reading,281.936689342,40.542040816,322.478730158
