Instrument,ScoreGroup,Start,Duration,End
Bb Clarinet,Lyrical Etude,18.250884354,69.938503401,88.18938775500001
Bb Clarinet,Technical Etude,93.344217687,64.644353741,157.988571428
Bb Clarinet,Chromatic Scale,164.118639456,21.733877551,185.85251700700002
Bb Clarinet,Major Scales,186.827755102,73.003537415,259.831292517
Bb Clarinet,Sight-Reading,265.961360544,65.898231293,331.859591837
