Instrument,ScoreGroup,Start,Duration,End
Flute,Lyrical Etude,14.419592,48.692245,63.111837
Flute,Technical Etude,67.709388,23.614694,91.324082
Flute,Chromatic Scale,98.220408,12.747755,110.968163
Flute,Major Scales,118.491429,107.62449,226.115919
Flute,Sight-Reading,237.191837,53.707755,290.899592
