Instrument,ScoreGroup,Start,Duration,End
Oboe,Lyrical Etude,13.085064,87.287945,100.373009
Oboe,Technical Etude,108.175283,64.856406,173.031689
Oboe,Chromatic Scale,183.272174,9.265201,192.537375
Oboe,Major Scales,199.852007,123.373464,323.22547099999997
Oboe,Sight-Reading,329.077177,58.517058,387.594235
