Instrument,ScoreGroup,Start,Duration,End
Trumpet,Lyrical Etude,15.673469387,50.808163265,66.481632652
Trumpet,Technical Etude,75.418412698,24.148752834,99.56716553199999
Trumpet,Chromatic Scale,109.226666666,10.402539682,119.629206348
Trumpet,Major Scales,128.545668934,59.814603174,188.360272108
Trumpet,Sight-Reading,196.905215419,32.32217687,229.227392289
