Instrument,ScoreGroup,Start,Duration,End
Xylophone,Mallet Etude,17.136327,56.796009,73.93233599999999
Snare Drum,Snare Etude,79.481905,48.669025,128.15093
Timpani,Timpani Etude,134.420317,60.441542,194.861859
Xylophone,Chromatic Scale,205.380499,11.145578,216.526077
Xylophone,Major Scales,231.642268,84.497415,316.139683
Xylophone,Sight-Reading,325.915283,23.428934,349.344217
Snare Drum,Sight-Reading,362.370612,36.501769,398.872381
