Instrument,ScoreGroup,Start,Duration,End
Flute,Lyrical Etude,11.215238095,29.41968254,40.634920635
Flute,Technical Etude,46.811428571,34.133333333,80.944761904
Flute,Chromatic Scale,89.396825397,35.271111111,124.667936508
Flute,Major Scales,133.12,98.011428571,231.13142857100001
Flute,Sight-Reading,236.332698413,44.698412698,281.031111111
