Instrument,ScoreGroup,Start,Duration,End
Bb Clarinet,Lyrical Etude,12.445896,105.139955,117.585851
Bb Clarinet,Technical Etude,127.98839,37.894966,165.883356
Bb Clarinet,Chromatic Scale,177.028934,11.888617,188.917551
Bb Clarinet,Major Scales,200.063129,107.926349,307.989478
Bb Clarinet,Sight-Reading,313.748027,64.458594,378.206621
