Instrument,ScoreGroup,Start,Duration,End
Trumpet,Lyrical Etude,21.24962,64.773762,86.023382
Trumpet,Technical Etude,97.912237,19.678105,117.590342
Trumpet,Chromatic Scale,130.299117,11.478894,141.778011
Trumpet,Major Scales,153.666867,110.279379,263.946246
Trumpet,Sight-Reading,273.375337,53.294867,326.670204
