Instrument,ScoreGroup,Start,Duration,End
Bb Clarinet,Lyrical Etude,14.373151927,54.381133787,68.754285714
Bb Clarinet,Technical Etude,76.138231293,80.550022676,156.68825396900002
Bb Clarinet,Chromatic Scale,165.79047619,16.068208617,181.858684807
Bb Clarinet,Major Scales,191.448526077,121.719002268,313.167528345
Bb Clarinet,Sight-Reading,320.760453515,52.825396825,373.58585034
