Instrument,ScoreGroup,Start,Duration,End
Xylophone,Mallet Etude,11.586757,51.989478,63.576235
Snare Drum,Snare Etude,70.263583,41.21542,111.479003
Timpani,Timpani Etude,117.237551,54.822313,172.059864
Xylophone,Chromatic Scale,178.189932,10.588299,188.778231
Xylophone,Major Scales,194.58322,65.851791,260.43501100000003
Xylophone,Sight-Reading,267.726077,32.600816,300.326893
Snare Drum,Sight-Reading,305.156644,27.051247,332.20789099999996
