Instrument,ScoreGroup,Start,Duration,End
Trumpet,Lyrical Etude,14.05625,61.440443,75.49669300000001
Trumpet,Technical Etude,83.892282,20.607354,104.499636
Trumpet,Chromatic Scale,113.658459,12.211765,125.870224
Trumpet,Major Scales,132.739342,108.379415,241.118757
Trumpet,Sight-Reading,251.422434,53.044855,304.467289
