Instrument,ScoreGroup,Start,Duration,End
Alto Saxophone,Lyrical Etude,10.681179138,51.292879819,61.974058957
Alto Saxophone,Technical Etude,67.361088435,55.472471655,122.83356008999999
Alto Saxophone,Chromatic Scale,131.541043084,11.261678005,142.802721089
Alto Saxophone,Major Scales,150.209886621,84.520634921,234.73052154200002
Alto Saxophone,Sight-Reading,240.303310658,50.712380952,291.01569161
