Instrument,ScoreGroup,Start,Duration,End
Alto Saxophone,Lyrical Etude,13.096054422,56.215510204,69.31156462599999
Alto Saxophone,Technical Etude,76.962539683,56.32,133.282539683
Alto Saxophone,Chromatic Scale,141.873922902,8.962902494,150.836825396
Alto Saxophone,Major Scales,159.985487528,98.336507937,258.321995465
Alto Saxophone,Sight-Reading,267.284897959,59.280544218,326.56544217699997
