Instrument,ScoreGroup,Start,Duration,End
Flute,Lyrical Etude,13.003174603,90.534603174,103.537777777
Flute,Technical Etude,111.339682539,32.67047619,144.010158729
Flute,Chromatic Scale,152.624761904,13.653333333,166.278095237
Flute,Major Scales,172.779682539,114.102857142,286.882539681
Flute,Sight-Reading,292.246349206,51.362539682,343.60888888799997
