Instrument,ScoreGroup,Start,Duration,End
Bb Clarinet,Lyrical Etude,14.4892517,49.783582766,64.272834466
Bb Clarinet,Technical Etude,69.566984126,45.789750566,115.356734692
Bb Clarinet,Chromatic Scale,122.88,20.526439909,143.406439909
Bb Clarinet,Major Scales,150.000907029,76.068571428,226.069478457
Bb Clarinet,Sight-Reading,229.784671201,55.542131519,285.32680272
