Instrument,ScoreGroup,Start,Duration,End
Flute,Lyrical Etude,10.21678,30.000181,40.216961
Flute,Technical Etude,50.062222,21.919637,71.981859
Flute,Chromatic Scale,78.483447,13.746213,92.22966
Flute,Major Scales,98.545488,61.022041,159.567529
Flute,Sight-Reading,164.675918,43.281995,207.957913
