Instrument,ScoreGroup,Start,Duration,End
Alto Saxophone,Lyrical Etude,10.866938775,55.954285714,66.821224489
Alto Saxophone,Technical Etude,72.829387755,34.951836734,107.781224489
Alto Saxophone,Chromatic Scale,114.207346938,17.449795918,131.657142856
Alto Saxophone,Major Scales,138.344489795,59.036734693,197.381224488
Alto Saxophone,Sight-Reading,206.262857142,63.582040816,269.844897958
