Instrument,ScoreGroup,Start,Duration,End
Alto Saxophone,Lyrical Etude,21.942857142,48.018866213,69.961723355
Alto Saxophone,Technical Etude,76.695510204,21.385578231,98.081088435
Alto Saxophone,Chromatic Scale,111.084263031,11.88861678,122.97287981100001
Alto Saxophone,Major Scales,131.355283441,67.709387755,199.064671196
Alto Saxophone,Sight-Reading,204.126621311,64.551473922,268.678095233
