Instrument,ScoreGroup,Start,Duration,End
Alto Saxophone,Lyrical Etude,10.24,42.585396825,52.825396825
Alto Saxophone,Technical Etude,57.283628118,33.622494331,90.90612244900001
Alto Saxophone,Chromatic Scale,95.735873016,13.978412698,109.714285714
Alto Saxophone,Major Scales,114.845895692,78.715646259,193.56154195099998
Alto Saxophone,Sight-Reading,198.135873016,65.526712018,263.662585034
