Instrument,ScoreGroup,Start,Duration,End
Flute,Lyrical Etude,12.53877551,55.066122448,67.60489795800001
Flute,Technical Etude,72.620408163,23.823673469,96.44408163199999
Flute,Chromatic Scale,104.280816326,12.329795918,116.610612244
Flute,Major Scales,125.17877551,61.648979591,186.82775510099998
Flute,Sight-Reading,192.365714285,63.73877551,256.104489795
