Instrument,ScoreGroup,Start,Duration,End
Trumpet,Lyrical Etude,13.746213151,42.353197278,56.099410429
Trumpet,Technical Etude,64.272834467,29.350022675,93.622857142
Trumpet,Chromatic Scale,102.539319727,12.260136054,114.799455781
Trumpet,Major Scales,122.972879818,104.768435374,227.741315192
Trumpet,Sight-Reading,237.453061224,55.118367346,292.57142857
