Instrument,ScoreGroup,Start,Duration,End
Alto Saxophone,Lyrical Etude,11.84217687,40.751020408,52.593197278000005
Alto Saxophone,Technical Etude,58.514285714,30.766439909,89.280725623
Alto Saxophone,Chromatic Scale,96.246712018,18.924263038,115.170975056
Alto Saxophone,Major Scales,121.324263038,83.824036281,205.148299319
Alto Saxophone,Sight-Reading,210.140589569,41.56371882,251.704308389
