Instrument,ScoreGroup,Start,Duration,End
Flute,Lyrical Etude,11.052698412,63.878095238,74.93079365
Flute,Technical Etude,78.947845804,37.732426303,116.680272107
Flute,Chromatic Scale,122.601360544,12.770975056,135.3723356
Flute,Major Scales,141.734603174,122.392380952,264.126984126
Flute,Sight-Reading,266.89015873,54.613333333,321.503492063
