Instrument,ScoreGroup,Start,Duration,End
Flute,Lyrical Etude,16.393287982,44.90739229,61.300680271999994
Flute,Technical Etude,70.33324263,21.548117914,91.881360544
Flute,Chromatic Scale,99.288526077,14.117732426,113.406258503
Flute,Major Scales,119.722086168,107.165895692,226.88798186000002
Flute,Sight-Reading,231.502947846,57.659501134,289.16244898
