Instrument,ScoreGroup,Start,Duration,End
Bb Clarinet,Lyrical Etude,34.922812,74.907574,109.830386
Bb Clarinet,Technical Etude,118.468209,90.650703,209.118912
Bb Clarinet,Chromatic Scale,217.385215,18.343764,235.72897899999998
Bb Clarinet,Major Scales,243.855964,89.954104,333.810068
Bb Clarinet,Sight-Reading,338.988118,69.984943,408.973061
