Instrument,ScoreGroup,Start,Duration,End
Flute,Lyrical Etude,15.255510204,102.4,117.65551020400001
Flute,Technical Etude,127.059591836,30.511020408,157.570612244
Flute,Chromatic Scale,165.929795918,15.255510204,181.185306122
Flute,Major Scales,188.499591836,105.743673469,294.243265305
Flute,Sight-Reading,298.213877551,33.436734693,331.650612244
