Instrument,ScoreGroup,Start,Duration,End
Bb Clarinet,Lyrical Etude,13.096054,71.70322,84.799274
Bb Clarinet,Technical Etude,89.814785,24.241633,114.05641800000001
Bb Clarinet,Chromatic Scale,122.88,12.074376,134.954376
Bb Clarinet,Major Scales,142.236735,101.093878,243.33061300000003
Bb Clarinet,Sight-Reading,248.453515,62.322358,310.775873
