Instrument,ScoreGroup,Start,Duration,End
Flute,Lyrical Etude,10.448979591,47.229387755,57.678367346
Flute,Technical Etude,62.972517006,32.32217687,95.294693876
Flute,Chromatic Scale,103.235918367,37.755646258,140.991564625
Flute,Major Scales,150.024126984,122.554920634,272.579047618
Flute,Sight-Reading,278.267936507,64.69079365,342.958730157
