Instrument,ScoreGroup,Start,Duration,End
Bb Clarinet,Lyrical Etude,14.236735,109.714286,123.951021
Bb Clarinet,Technical Etude,133.22449,54.726531,187.951021
Bb Clarinet,Chromatic Scale,199.183673,14.497959,213.681632
Bb Clarinet,Major Scales,222.354286,122.78712,345.141406
Bb Clarinet,Sight-Reading,350.714195,59.071565,409.78576000000004
