Instrument,ScoreGroup,Start,Duration,End
Bb Clarinet,Lyrical Etude,14.628571428,117.028571428,131.657142856
Bb Clarinet,Technical Etude,143.934693877,62.171428571,206.106122448
Bb Clarinet,Chromatic Scale,216.032653061,14.106122448,230.138775509
Bb Clarinet,Major Scales,241.110204081,114.93877551,356.04897959100003
Bb Clarinet,Sight-Reading,361.534693877,44.930612244,406.465306121
