Instrument,ScoreGroup,Start,Duration,End
Flute,Lyrical Etude,11.435827664,47.136507937,58.572335601
Flute,Technical Etude,63.309206349,32.182857143,95.492063492
Flute,Chromatic Scale,103.05015873,20.154920635,123.205079365
Flute,Major Scales,129.381587302,79.133605442,208.51519274400002
Flute,Sight-Reading,215.69015873,35.596190476,251.286349206
