Instrument,ScoreGroup,Start,Duration,End
Alto Saxophone,Lyrical Etude,13.676553,78.019048,91.695601
Alto Saxophone,Technical Etude,96.966531,18.320544,115.287075
Alto Saxophone,Chromatic Scale,121.672562,10.774059,132.446621
Alto Saxophone,Major Scales,140.736145,82.05932,222.79546499999998
Alto Saxophone,Sight-Reading,230.016871,39.566803,269.58367400000003
