Instrument,ScoreGroup,Start,Duration,End
Bb Clarinet,Lyrical Etude,12.353015873,77.554648526,89.907664399
Bb Clarinet,Technical Etude,96.827210884,40.100861678,136.928072562
Bb Clarinet,Chromatic Scale,144.079818594,13.560453515,157.640272109
Bb Clarinet,Major Scales,166.463854875,118.58430839,285.048163265
Bb Clarinet,Sight-Reading,291.967709751,42.028117914,333.995827665
