Instrument,ScoreGroup,Start,Duration,End
Tenor Saxophone,Lyrical Etude,10.715302,74.301318,85.01661999999999
Tenor Saxophone,Technical Etude,89.251411,60.057024,149.308435
Tenor Saxophone,Chromatic Scale,158.162996,10.394485,168.557481
Tenor Saxophone,Major Scales,173.947214,82.770899,256.718113
Tenor Saxophone,Sight-Reading,260.567922,45.042768,305.61069000000003
