Instrument,ScoreGroup,Start,Duration,End
Flute,Lyrical Etude,8.777142857,71.192380952,79.969523809
Flute,Technical Etude,83.545396825,51.687619048,135.233015873
Flute,Chromatic Scale,140.759365079,20.154920635,160.914285714
Flute,Major Scales,169.041269841,122.392380952,291.43365079299997
Flute,Sight-Reading,294.359365079,54.938412698,349.29777777699996
