Instrument,ScoreGroup,Start,Duration,End
Bb Clarinet,Lyrical Etude,11.215238095,50.468571429,61.683809524
Bb Clarinet,Technical Etude,67.453968254,24.218412698,91.672380952
Bb Clarinet,Chromatic Scale,97.686349206,14.791111111,112.47746031700001
Bb Clarinet,Major Scales,119.013877551,81.293061224,200.306938775
Bb Clarinet,Sight-Reading,207.62122449,61.544489796,269.165714286
