Instrument,ScoreGroup,Start,Duration,End
Bb Clarinet,Lyrical Etude,13.490793651,77.937777778,91.428571429
Bb Clarinet,Technical Etude,96.223492063,42.829206349,139.05269841199998
Bb Clarinet,Chromatic Scale,145.31047619,27.631746032,172.942222222
Bb Clarinet,Major Scales,179.606349206,103.793197279,283.399546485
Bb Clarinet,Sight-Reading,290.133333333,65.828571429,355.961904762
