Instrument,ScoreGroup,Start,Duration,End
Flute,Lyrical Etude,15.046530612,45.232471655,60.279002266999996
Flute,Technical Etude,66.501950113,27.863945578,94.365895691
Flute,Chromatic Scale,102.074920635,21.919637188,123.994557823
Flute,Major Scales,131.935782313,95.991292517,227.92707483
Flute,Sight-Reading,233.163174603,52.987936508,286.151111111
