Instrument,ScoreGroup,Start,Duration,End
Flute,Lyrical Etude,10.866938776,64.644353741,75.511292517
Flute,Technical Etude,77.183129252,68.823945578,146.00707483
Flute,Chromatic Scale,151.022585034,14.489251701,165.511836735
Flute,Major Scales,172.477823129,113.406258503,285.884081632
Flute,Sight-Reading,289.227755102,71.610340136,360.838095238
