Instrument,ScoreGroup,Start,Duration,End
Xylophone,Mallet Etude,16.84898,47.542857,64.391837
Snare Drum,Snare Etude,68.702041,83.853061,152.55510199999998
Timpani,Timpani Etude,157.257143,103.053061,260.310204
Xylophone,Chromatic Scale,267.586757,9.566621,277.153378
Xylophone,Major Scales,282.644898,90.906122,373.55102
Xylophone,Sight-Reading,377.208163,31.085714,408.293877
Snare Drum,Sight-Reading,413.036553,33.668934,446.705487
