Instrument,ScoreGroup,Start,Duration,End
Xylophone,Mallet Etude,21.478458,61.30068,82.779138
Snare Drum,Snare Etude,93.599637,119.954286,213.553923
Timpani,Timpani Etude,222.284626,89.466485,311.75111100000004
Xylophone,Chromatic Scale,320.249615,9.752381,330.001996
Xylophone,Major Scales,341.379773,82.988118,424.367891
Xylophone,Sight-Reading,431.449977,67.616508,499.066485
Snare Drum,Sight-Reading,505.684172,39.195283,544.879455
