Instrument,ScoreGroup,Start,Duration,End
Alto Saxophone,Lyrical Etude,17.856145,84.776054,102.632199
Alto Saxophone,Technical Etude,109.807166,20.085261,129.892427
Alto Saxophone,Chromatic Scale,138.901769,8.870023,147.771792
Alto Saxophone,Major Scales,157.477732,58.189206,215.66693800000002
Alto Saxophone,Sight-Reading,223.608163,39.148844,262.757007
