Instrument,ScoreGroup,Start,Duration,End
Flute,Lyrical Etude,10.100680272,57.469387755,67.570068027
Flute,Technical Etude,71.98185941,37.558276644,109.540136054
Flute,Chromatic Scale,118.352108844,10.205170068,128.557278912
Flute,Major Scales,135.279455782,112.29170068,247.57115646200003
Flute,Sight-Reading,253.376145125,43.003356009,296.379501134
