Instrument,ScoreGroup,Start,Duration,End
Flute,Lyrical Etude,11.261678004,53.638095238,64.899773242
Flute,Technical Etude,68.382766439,32.043537414,100.426303853
Flute,Chromatic Scale,105.070294784,26.702947845,131.773242629
Flute,Major Scales,137.3692517,102.260680272,239.629931972
Flute,Sight-Reading,243.391564625,60.604081632,303.995646257
