Instrument,ScoreGroup,Start,Duration,End
Alto Saxophone,Lyrical Etude,12.213696145,46.184489796,58.398185941
Alto Saxophone,Technical Etude,63.576235828,45.209251701,108.785487529
Alto Saxophone,Chromatic Scale,114.98521542,10.634739229,125.61995464900001
Alto Saxophone,Major Scales,132.678820862,81.153741497,213.832562359
Alto Saxophone,Sight-Reading,219.358911565,41.912018141,261.270929706
