Instrument,ScoreGroup,Start,Duration,End
Flute,Lyrical Etude,20.897959184,51.269659864,72.167619048
Flute,Technical Etude,78.854965986,21.82675737,100.68172335599999
Flute,Chromatic Scale,108.019229025,11.702857143,119.722086168
Flute,Major Scales,126.8738322,105.511473923,232.385306123
Flute,Sight-Reading,241.023129252,41.099319728,282.12244898
