Instrument,ScoreGroup,Start,Duration,End
Flute,Lyrical Etude,11.168798186,57.422947846,68.591746032
Flute,Technical Etude,73.212517007,30.975419501,104.187936508
Flute,Chromatic Scale,110.550204082,32.252517007,142.802721089
Flute,Major Scales,150.209886621,119.93106576,270.14095238100003
Flute,Sight-Reading,275.388662132,47.856326531,323.24498866299996
