Instrument,ScoreGroup,Start,Duration,End
Flute,Lyrical Etude,13.792653061,56.842448979,70.63510203999999
Flute,Technical Etude,77.113469387,25.704489795,102.817959182
Flute,Chromatic Scale,109.714285714,22.77877551,132.493061224
Flute,Major Scales,143.151020408,110.550204081,253.701224489
Flute,Sight-Reading,260.806530612,48.274285714,309.080816326
