Instrument,ScoreGroup,Start,Duration,End
Flute,Lyrical Etude,14.489251701,56.84244898,71.331700681
Flute,Technical Etude,80.248163265,41.238639456,121.486802721
Flute,Chromatic Scale,130.960544218,15.046530612,146.00707483
Flute,Major Scales,154.366258503,106.161632653,260.527891156
Flute,Sight-Reading,266.100680272,41.795918367,307.896598639
