Instrument,ScoreGroup,Start,Duration,End
Flute,Lyrical Etude,20.967619,77.206349,98.173968
Flute,Technical Etude,106.951111,51.36254,158.313651
Flute,Chromatic Scale,168.553651,18.366984,186.920635
Flute,Major Scales,196.673016,99.636825,296.309841
Flute,Sight-Reading,304.924444,40.472381,345.396825
