Instrument,ScoreGroup,Start,Duration,End
Bb Clarinet,Lyrical Etude,12.27755102,123.820408163,136.097959183
Bb Clarinet,Technical Etude,141.844897959,62.432653061,204.27755102
Bb Clarinet,Chromatic Scale,210.837188208,17.461405895,228.29859410299997
Bb Clarinet,Major Scales,235.357460317,104.768435374,340.125895691
Bb Clarinet,Sight-Reading,346.070204081,37.151927437,383.22213151799997
