Instrument,ScoreGroup,Start,Duration,End
Alto Saxophone,Lyrical Etude,11.006258503,60.325442176,71.33170067900001
Alto Saxophone,Technical Etude,76.068571428,36.919727891,112.98829931899999
Alto Saxophone,Chromatic Scale,120.790204081,23.823673469,144.61387754999998
Alto Saxophone,Major Scales,151.997823129,77.879727891,229.87755102
Alto Saxophone,Sight-Reading,237.679455782,46.393469387,284.072925169
