Instrument,ScoreGroup,Start,Duration,End
Bb Clarinet,Lyrical Etude,10.187755102,70.530612244,80.718367346
Bb Clarinet,Technical Etude,84.897959183,34.220408163,119.118367346
Bb Clarinet,Chromatic Scale,125.126530612,14.367346938,139.49387755
Bb Clarinet,Major Scales,145.240816326,103.706122448,248.946938774
Bb Clarinet,Sight-Reading,252.865306122,56.424489795,309.289795917
