Instrument,ScoreGroup,Start,Duration,End
Alto Saxophone,Lyrical Etude,11.377777777,71.192380952,82.570158729
Alto Saxophone,Technical Etude,87.283809523,27.306666666,114.590476189
Alto Saxophone,Chromatic Scale,118.166349206,12.921904761,131.088253967
Alto Saxophone,Major Scales,133.932698412,68.673015873,202.605714285
Alto Saxophone,Sight-Reading,206.344126984,65.422222222,271.76634920600003
