Instrument,ScoreGroup,Start,Duration,End
Bb Clarinet,Lyrical Etude,11.861649,98.873615,110.735264
Bb Clarinet,Technical Etude,125.064773,40.600277,165.66505
Bb Clarinet,Chromatic Scale,178.561608,12.418908,190.980516
Bb Clarinet,Major Scales,202.921774,113.203124,316.12489800000003
Bb Clarinet,Sight-Reading,327.588506,52.541534,380.13004
