Instrument,ScoreGroup,Start,Duration,End
Bb Clarinet,Lyrical Etude,11.885714,100.179592,112.06530599999999
Bb Clarinet,Technical Etude,121.991837,47.934694,169.926531
Bb Clarinet,Chromatic Scale,176.065306,14.497959,190.563265
Bb Clarinet,Major Scales,198.269388,113.240816,311.510204
Bb Clarinet,Sight-Reading,316.865306,49.110204,365.97551
