Instrument,ScoreGroup,Start,Duration,End
Flute,Lyrical Etude,19.330612,59.559184,78.889796
Flute,Technical Etude,87.771429,55.640816,143.41224499999998
Flute,Chromatic Scale,153.6,13.322449,166.922449
Flute,Major Scales,177.371429,101.616327,278.987756
Flute,Sight-Reading,286.040816,43.102041,329.142857
