Instrument,ScoreGroup,Start,Duration,End
Bb Clarinet,Lyrical Etude,14.860771,72.074739,86.93551
Bb Clarinet,Technical Etude,92.13678,31.393379,123.530159
Bb Clarinet,Chromatic Scale,134.489977,14.303492,148.79346900000002
Bb Clarinet,Major Scales,155.852336,85.263673,241.11600900000002
Bb Clarinet,Sight-Reading,245.388481,53.127256,298.515737
