Instrument,ScoreGroup,Start,Duration,End
Alto Saxophone,Lyrical Etude,13.281814059,59.861043084,73.142857143
Alto Saxophone,Technical Etude,80.666122449,28.978503401,109.64462585
Alto Saxophone,Chromatic Scale,115.217414966,10.448979592,125.66639455800001
Alto Saxophone,Major Scales,132.423401361,72.585578231,205.008979592
Alto Saxophone,Sight-Reading,211.487346939,56.703129252,268.190476191
