Instrument,ScoreGroup,Start,Duration,End
Xylophone,Mallet Etude,14.210612,63.065397,77.276009
Snare Drum,Snare Etude,81.893878,68.440816,150.334694
Timpani,Timpani Etude,155.297959,70.138776,225.436735
Xylophone,Chromatic Scale,234.971429,4.571429,239.542858
Xylophone,Major Scales,247.379592,106.840816,354.220408
Xylophone,Sight-Reading,357.215782,59.814603,417.03038499999997
Snare Drum,Sight-Reading,419.63102,37.151927,456.782947
