Instrument,ScoreGroup,Start,Duration,End
Alto Saxophone,Lyrical Etude,9.19510204,60.325442176,69.520544216
Alto Saxophone,Technical Etude,74.303854875,28.096145124,102.399999999
Alto Saxophone,Chromatic Scale,107.369070294,13.096054421,120.465124715
Alto Saxophone,Major Scales,126.409433106,77.090249433,203.499682539
Alto Saxophone,Sight-Reading,207.539954648,63.111836734,270.651791382
