Instrument,ScoreGroup,Start,Duration,End
Alto Saxophone,Lyrical Etude,14.506666666,179.626666666,194.133333332
Alto Saxophone,Technical Etude,198.4,70.826666666,269.226666666
Alto Saxophone,Chromatic Scale,275.84,15.146666666,290.98666666599996
Alto Saxophone,Major Scales,296.96,30.293333333,327.253333333
Alto Saxophone,Sight-Reading,344.32,52.906666666,397.22666666599997
