Instrument,ScoreGroup,Start,Duration,End
Bb Clarinet,Lyrical Etude,14.889795918,103.314285714,118.204081632
Bb Clarinet,Technical Etude,128.522448979,61.648979591,190.17142857
Bb Clarinet,Chromatic Scale,201.273469387,16.587755102,217.861224489
Bb Clarinet,Major Scales,228.571428571,111.412244897,339.983673468
Bb Clarinet,Sight-Reading,352.261224489,37.746938775,390.008163264
