Instrument,ScoreGroup,Start,Duration,End
Flute,Lyrical Etude,9.456326531,28.839183673,38.295510204
Flute,Technical Etude,44.210793651,36.31600907,80.526802721
Flute,Chromatic Scale,86.749750567,28.699863946,115.449614513
Flute,Major Scales,121.486802721,97.338049887,218.82485260800001
Flute,Sight-Reading,223.468843537,54.891972789,278.360816326
