Instrument,ScoreGroup,Start,Duration,End
Flute,Lyrical Etude,15.162630385,47.275827664,62.438458049
Flute,Technical Etude,68.313106576,26.331428571,94.644535147
Flute,Chromatic Scale,101.40154195,34.226213152,135.62775510199998
Flute,Major Scales,142.593741497,92.670839002,235.26458049899998
Flute,Sight-Reading,240.628390023,66.153650794,306.782040817
