Instrument,ScoreGroup,Start,Duration,End
Flute,Lyrical Etude,12.277551,65.828571,78.106122
Flute,Technical Etude,83.069388,30.040816,113.11020400000001
Flute,Chromatic Scale,119.902041,23.510204,143.41224499999998
Flute,Major Scales,149.159184,119.640816,268.8
Flute,Sight-Reading,274.546939,55.902041,330.44898
