Instrument,ScoreGroup,Start,Duration,End
Trumpet,Lyrical Etude,12.01632653,35.265306122,47.281632652
Trumpet,Technical Etude,52.767346938,25.6,78.367346938
Trumpet,Chromatic Scale,85.812244897,10.448979591,96.261224488
Trumpet,Major Scales,103.444897959,93.387755102,196.832653061
Trumpet,Sight-Reading,202.187755102,45.583673469,247.771428571
