Instrument,ScoreGroup,Start,Duration,End
Flute,Lyrical Etude,9.038367,35.160816,44.199183
Flute,Technical Etude,47.751837,37.146122,84.897959
Flute,Chromatic Scale,94.406531,21.577143,115.98367400000001
Flute,Major Scales,121.051429,90.435918,211.487347
Flute,Sight-Reading,216.816327,46.654694,263.471021
