Instrument,ScoreGroup,Start,Duration,End
Bb Clarinet,Lyrical Etude,12.678095238,34.864761905,47.542857143
Bb Clarinet,Technical Etude,51.037460317,31.857777778,82.895238095
Bb Clarinet,Chromatic Scale,89.071746032,14.140952381,103.212698413
Bb Clarinet,Major Scales,109.307936508,80.294603175,189.602539683
Bb Clarinet,Sight-Reading,193.666031746,39.65968254,233.325714286
