Instrument,ScoreGroup,Start,Duration,End
Flute,Lyrical Etude,10.07746,56.19229,66.26975
Flute,Technical Etude,73.142857,64.412154,137.555011
Flute,Chromatic Scale,145.542676,23.545034,169.08771000000002
Flute,Major Scales,178.143492,80.805442,258.948934
Flute,Sight-Reading,267.122358,38.638005,305.76036300000004
