Instrument,ScoreGroup,Start,Duration,End
Flute,Lyrical Etude,10.321269841,32.751746032,43.073015873
Flute,Technical Etude,48.193015873,23.568253968,71.761269841
Flute,Chromatic Scale,78.10031746,13.003174603,91.103492063
Flute,Major Scales,96.037732426,79.598004535,175.63573696100002
Flute,Sight-Reading,182.415963719,76.904489796,259.320453515
