Instrument,ScoreGroup,Start,Duration,End
Bb Clarinet,Lyrical Etude,10.983039,64.574694,75.557733
Bb Clarinet,Technical Etude,80.294603,56.12263,136.417233
Bb Clarinet,Chromatic Scale,144.869297,10.541859,155.41115599999998
Bb Clarinet,Major Scales,161.425125,57.376508,218.801633
Bb Clarinet,Sight-Reading,223.863583,28.189025,252.05260800000002
