Instrument,ScoreGroup,Start,Duration,End
Bb Clarinet,Lyrical Etude,16.718367346,51.722448979,68.440816325
Bb Clarinet,Technical Etude,72.359183673,32.391836734,104.751020407
Bb Clarinet,Chromatic Scale,110.497959183,14.106122448,124.60408163100001
Bb Clarinet,Major Scales,130.873469387,109.714285714,240.587755101
Bb Clarinet,Sight-Reading,246.857142857,73.404081632,320.261224489
