Instrument,ScoreGroup,Start,Duration,End
Bb Clarinet,Lyrical Etude,11.726077098,38.893424036,50.619501134
Bb Clarinet,Technical Etude,57.004988662,30.650340136,87.655328798
Bb Clarinet,Chromatic Scale,95.898412698,13.583673469,109.482086167
Bb Clarinet,Major Scales,116.331972789,63.970975057,180.302947846
Bb Clarinet,Sight-Reading,181.580045351,41.679818594,223.259863945
