Instrument,ScoreGroup,Start,Duration,End
Bb Clarinet,Lyrical Etude,11.795737,67.152109,78.947846
Bb Clarinet,Technical Etude,86.006712,29.628662,115.63537399999998
Bb Clarinet,Chromatic Scale,123.885714,13.64898,137.534694
Bb Clarinet,Major Scales,146.471474,78.576327,225.047801
Bb Clarinet,Sight-Reading,230.713469,58.328526,289.041995
