Instrument,ScoreGroup,Start,Duration,End
Alto Saxophone,Lyrical Etude,14.976870748,80.828662132,95.80553288
Alto Saxophone,Technical Etude,104.977414966,28.606984127,133.584399093
Alto Saxophone,Chromatic Scale,139.482267574,11.679637188,151.16190476199998
Alto Saxophone,Major Scales,157.175873016,60.255782313,217.431655329
Alto Saxophone,Sight-Reading,222.98122449,44.628752834,267.609977324
