Instrument,ScoreGroup,Start,Duration,End
Xylophone,Mallet Etude,16.326531,50.285714,66.612245
Snare Drum,Snare Etude,75.363265,51.2,126.563265
Timpani,Timpani Etude,133.355102,72.75102,206.10612199999997
Xylophone,Chromatic Scale,213.877551,16.587755,230.465306
Xylophone,Major Scales,242.787846,93.065578,335.853424
Xylophone,Sight-Reading,345.338776,75.493878,420.832654
Snare Drum,Sight-Reading,427.850884,31.021859,458.872743
