Instrument,ScoreGroup,Start,Duration,End
Bb Clarinet,Lyrical Etude,12.8,83.330612244,96.13061224399999
Bb Clarinet,Technical Etude,100.571428571,68.571428571,169.142857142
Bb Clarinet,Chromatic Scale,176.848979591,13.061224489,189.91020408
Bb Clarinet,Major Scales,196.832653061,109.453061224,306.285714285
Bb Clarinet,Sight-Reading,310.073469387,62.432653061,372.506122448
