Instrument,ScoreGroup,Start,Duration,End
Xylophone,Mallet Etude,8.045714,39.984762,48.03047600000001
Snare Drum,Snare Etude,52.419048,48.843175,101.262223
Timpani,Timpani Etude,104.431746,53.231746,157.66349200000002
Xylophone,Chromatic Scale,161.076825,12.353016,173.429841
Xylophone,Major Scales,178.097052,96.362812,274.459864
Xylophone,Sight-Reading,283.399546,34.017234,317.41678
Snare Drum,Sight-Reading,325.659864,27.863946,353.52381
