Instrument,ScoreGroup,Start,Duration,End
Alto Saxophone,Lyrical Etude,12.794195011,69.868843537,82.663038548
Alto Saxophone,Technical Etude,89.025306122,37.918185941,126.94349206300001
Alto Saxophone,Chromatic Scale,134.095238095,9.613061224,143.70829931900002
Alto Saxophone,Major Scales,153.29814059,96.200272109,249.498412699
Alto Saxophone,Sight-Reading,256.046439909,47.322267574,303.36870748300004
