Instrument,ScoreGroup,Start,Duration,End
Flute,Lyrical Etude,11.885714,62.82449,74.710204
Flute,Technical Etude,78.628571,24.555102,103.183673
Flute,Chromatic Scale,110.106122,26.514286,136.620408
Flute,Major Scales,142.477642,141.363084,283.840726
Flute,Sight-Reading,287.927438,56.28517,344.212608
