Instrument,ScoreGroup,Start,Duration,End
Flute,Lyrical Etude,16.979592,33.828571,50.80816299999999
Flute,Technical Etude,55.771429,38.269388,94.040817
Flute,Chromatic Scale,101.877551,29.387755,131.265306
Flute,Major Scales,154.122449,106.318367,260.440816
Flute,Sight-Reading,264.881633,58.514286,323.39591900000005
