Instrument,ScoreGroup,Start,Duration,End
Alto Saxophone,Lyrical Etude,15.092970521,183.902040816,198.99501133700002
Alto Saxophone,Technical Etude,204.10340136,49.690702947,253.794104307
Alto Saxophone,Chromatic Scale,259.366893424,10.216780045,269.583673469
Alto Saxophone,Major Scales,275.853061224,97.523809523,373.376870747
Alto Saxophone,Sight-Reading,378.48526077,38.777324263,417.26258503300005
