Instrument,ScoreGroup,Start,Duration,End
Alto Saxophone,Lyrical Etude,12.376235828,81.107301587,93.483537415
Alto Saxophone,Technical Etude,98.522267574,42.840816327,141.36308390099998
Alto Saxophone,Chromatic Scale,146.401814059,9.705941043,156.107755102
Alto Saxophone,Major Scales,160.84462585,121.788662132,282.633287982
Alto Saxophone,Sight-Reading,288.995555556,54.566893424,343.56244898
