Instrument,ScoreGroup,Start,Duration,End
Bb Clarinet,Lyrical Etude,8.254693878,52.871836735,61.126530613
Bb Clarinet,Technical Etude,64.783673469,26.017959184,90.80163265299998
Bb Clarinet,Chromatic Scale,96.391836735,27.376326531,123.768163266
Bb Clarinet,Major Scales,129.671836735,104.69877551,234.37061224500002
Bb Clarinet,Sight-Reading,237.493696145,59.164444444,296.658140589
