Instrument,ScoreGroup,Start,Duration,End
Alto Saxophone,Lyrical Etude,13.119274376,77.368888889,90.488163265
Alto Saxophone,Technical Etude,96.386031746,43.95537415,140.341405896
Alto Saxophone,Chromatic Scale,147.818231293,10.936598639,158.754829932
Alto Saxophone,Major Scales,168.507210884,110.062585034,278.56979591799995
Alto Saxophone,Sight-Reading,292.942947846,83.243537415,376.186485261
