Instrument,ScoreGroup,Start,Duration,End
Flute,Lyrical Etude,15.650249433,53.034376417,68.68462585
Flute,Technical Etude,74.118095238,45.650430839,119.76852607699999
Flute,Chromatic Scale,129.071020408,11.728979592,140.8
Flute,Major Scales,150.395646259,103.096598639,253.492244898
Flute,Sight-Reading,260.876190476,69.520544218,330.396734694
