Instrument,ScoreGroup,Start,Duration,End
Bb Clarinet,Lyrical Etude,13.931973,73.375057,87.30703
Bb Clarinet,Technical Etude,98.266848,28.514104,126.780952
Bb Clarinet,Chromatic Scale,134.768617,17.832925,152.601542
Bb Clarinet,Major Scales,162.911202,91.207982,254.11918400000002
Bb Clarinet,Sight-Reading,262.661224,66.873469,329.534693
