Instrument,ScoreGroup,Start,Duration,End
Bb Clarinet,Lyrical Etude,11.215238,73.793016,85.008254
Bb Clarinet,Technical Etude,89.559365,52.825397,142.384762
Bb Clarinet,Chromatic Scale,150.674286,17.879365,168.553651
Bb Clarinet,Major Scales,175.542857,117.028571,292.57142799999997
Bb Clarinet,Sight-Reading,297.958458,69.474104,367.432562
