Instrument,ScoreGroup,Start,Duration,End
Bb Clarinet,Lyrical Etude,12.260136,65.851791,78.11192700000001
Bb Clarinet,Technical Etude,82.198639,40.309841,122.50847999999999
Bb Clarinet,Chromatic Scale,125.852154,17.647166,143.49932
Bb Clarinet,Major Scales,146.842993,80.341043,227.184036
Bb Clarinet,Sight-Reading,234.893061,60.836281,295.729342
