Instrument,ScoreGroup,Start,Duration,End
Flute,Lyrical Etude,15.743129,38.034286,53.777415000000005
Flute,Technical Etude,58.514286,45.97551,104.489796
Flute,Chromatic Scale,111.595102,14.628571,126.22367299999999
Flute,Major Scales,135.418776,63.808435,199.227211
Flute,Sight-Reading,203.267483,35.80517,239.072653
