Instrument,ScoreGroup,Start,Duration,End
Bb Clarinet,Lyrical Etude,29.907301587,55.658231293,85.56553288
Bb Clarinet,Technical Etude,110.619863946,33.506394558,144.126258504
Bb Clarinet,Chromatic Scale,159.822947846,15.092970522,174.915918368
Bb Clarinet,Major Scales,185.875736961,157.89569161,343.771428571
Bb Clarinet,Sight-Reading,354.847346939,54.241814059,409.08916099799995
