Instrument,ScoreGroup,Start,Duration,End
Flute,Lyrical Etude,17.48462585,38.754104308,56.238730158
Flute,Technical Etude,65.619591837,36.501768707,102.121360544
Flute,Chromatic Scale,112.593560091,16.83446712,129.428027211
Flute,Major Scales,146.00707483,116.308752834,262.315827664
Flute,Sight-Reading,269.792653061,60.696961451,330.489614512
