Instrument,ScoreGroup,Start,Duration,End
Alto Saxophone,Lyrical Etude,16.4861678,72.910657596,89.396825396
Alto Saxophone,Technical Etude,93.80861678,41.331519274,135.14013605399998
Alto Saxophone,Chromatic Scale,139.319727891,9.984580498,149.30430838900003
Alto Saxophone,Major Scales,152.787301587,84.056235827,236.843537414
Alto Saxophone,Sight-Reading,242.648526077,49.690702947,292.339229024
