Instrument,ScoreGroup,Start,Duration,End
Oboe,Lyrical Etude,10.588299319,33.250975056,43.839274375
Oboe,Technical Etude,51.455419501,49.412063492,100.86748299300001
Oboe,Chromatic Scale,108.112108843,64.272834467,172.38494330999998
Oboe,Major Scales,180.558367346,85.635192743,266.193560089
Oboe,Sight-Reading,272.13786848,52.941496598,325.079365078
