Instrument,ScoreGroup,Start,Duration,End
French Horn,Lyrical Etude,16.297419,142.87079,159.168209
French Horn,Technical Etude,166.194642,89.587012,255.781654
French Horn,Chromatic Scale,265.15023,14.052865,279.203095
French Horn,Major Scales,283.301847,120.034885,403.336732
French Horn,Sight-Reading,407.435485,58.553603,465.98908800000004
