Instrument,ScoreGroup,Start,Duration,End
Alto Saxophone,Lyrical Etude,11.906031746,75.459047619,87.365079365
Alto Saxophone,Technical Etude,92.972698413,30.232380952,123.205079365
Alto Saxophone,Chromatic Scale,130.763174603,11.621587302,142.384761905
Alto Saxophone,Major Scales,149.820952381,60.220952381,210.041904762
Alto Saxophone,Sight-Reading,215.202539683,40.30984127,255.512380953
