Instrument,ScoreGroup,Start,Duration,End
Flute,Lyrical Etude,12.434286,42.684082,55.118368
Flute,Technical Etude,63.164082,39.183673,102.347755
Flute,Chromatic Scale,110.132245,14.158367,124.290612
Flute,Major Scales,131.552653,72.045714,203.598367
Flute,Sight-Reading,210.703673,55.327347,266.03102
