Instrument,ScoreGroup,Start,Duration,End
Alto Saxophone,Lyrical Etude,10.750839002,57.893151927,68.643990929
Alto Saxophone,Technical Etude,74.419954649,44.204988662,118.62494331100001
Alto Saxophone,Chromatic Scale,125.707029478,11.087528345,136.794557823
Alto Saxophone,Major Scales,145.70521542,111.542857143,257.248072563
Alto Saxophone,Sight-Reading,268.306575964,83.388662132,351.69523809599997
