Instrument,ScoreGroup,Start,Duration,End
Flute,Lyrical Etude,3.721982,99.440118,103.1621
Flute,Technical Etude,111.167873,51.826841,162.994714
Flute,Chromatic Scale,172.264556,19.382396,191.646952
Flute,Major Scales,197.124585,96.490623,293.615208
Flute,Sight-Reading,299.935555,34.972584,334.908139
