Instrument,ScoreGroup,Start,Duration,End
Alto Saxophone,Lyrical Etude,13.165789,67.000771,80.16656
Alto Saxophone,Technical Etude,90.0926,62.037751,152.13035100000002
Alto Saxophone,Chromatic Scale,160.815636,9.92604,170.741676
Alto Saxophone,Major Scales,177.359037,98.846816,276.205853
Alto Saxophone,Sight-Reading,285.718308,43.426426,329.14473399999997
