Instrument,ScoreGroup,Start,Duration,End
Flute,Lyrical Etude,13.235374149,46.532789115,59.768163264
Flute,Technical Etude,64.922993197,25.913469387,90.836462584
Flute,Chromatic Scale,100.867482993,39.427482993,140.294965986
Flute,Major Scales,146.703673469,91.533061224,238.236734693
Flute,Sight-Reading,245.620680272,53.359455782,298.980136054
