Instrument,ScoreGroup,Start,Duration,End
Bb Clarinet,Lyrical Etude,12.074376417,51.432199546,63.506575963
Bb Clarinet,Technical Etude,68.963265306,43.189115646,112.15238095199999
Bb Clarinet,Chromatic Scale,122.020861678,13.699773243,135.720634921
Bb Clarinet,Major Scales,140.945124717,93.46031746,234.405442177
Bb Clarinet,Sight-Reading,238.236734694,55.170612245,293.40734693900004
