Instrument,ScoreGroup,Start,Duration,End
Flute,Lyrical Etude,14.860770975,66.409070294,81.269841269
Flute,Technical Etude,86.842630385,23.800453514,110.643083899
Flute,Chromatic Scale,119.118367346,13.699773242,132.818140588
Flute,Major Scales,145.473015873,89.396825396,234.869841269
Flute,Sight-Reading,239.513832199,24.961451247,264.475283446
