Instrument,ScoreGroup,Start,Duration,End
Bb Clarinet,Lyrical Etude,49.040544218,499.321904762,548.36244898
Bb Clarinet,Technical Etude,573.625759637,150.093786848,723.719546485
Bb Clarinet,Chromatic Scale,757.899319728,54.984852608,812.884172336
Bb Clarinet,Major Scales,845.577868481,468.114285714,1313.692154195
Bb Clarinet,Sight-Reading,1340.44154195,286.812879819,1627.2544217690001
