Instrument,ScoreGroup,Start,Duration,End
Xylophone,Mallet Etude,12.538776,52.755737,65.29451300000001
Snare Drum,Snare Etude,69.877551,89.6,159.477551
Timpani,Timpani Etude,165.511837,144.335238,309.847075
Xylophone,Chromatic Scale,317.159184,8.293878,325.453062
Xylophone,Major Scales,332.69551,124.458957,457.154467
Xylophone,Sight-Reading,462.077098,58.978685,521.055783
Snare Drum,Sight-Reading,529.693605,41.424399,571.118004
