Instrument,ScoreGroup,Start,Duration,End
Xylophone,Mallet Etude,14.349932,36.989388,51.33932
Snare Drum,Snare Etude,57.701587,47.113288,104.814875
Timpani,Timpani Etude,111.177143,42.724717,153.90186
Xylophone,Chromatic Scale,161.007166,6.455147,167.46231300000002
Xylophone,Major Scales,174.915918,85.054694,259.970612
Xylophone,Sight-Reading,265.357642,25.286531,290.644173
Snare Drum,Sight-Reading,295.009524,25.79737,320.806894
