Instrument,ScoreGroup,Start,Duration,End
Flute,Lyrical Etude,14.675011337,50.898140589,65.57315192600001
Flute,Technical Etude,72.446258503,21.548117913,93.994376416
Flute,Chromatic Scale,100.124444444,16.161088435,116.285532879
Flute,Major Scales,123.158639455,108.112108843,231.270748298
Flute,Sight-Reading,237.215056689,58.142766439,295.357823128
