Instrument,ScoreGroup,Start,Duration,End
Bb Clarinet,Lyrical Etude,13.23537415,61.068480726,74.303854876
Bb Clarinet,Technical Etude,82.198639456,33.436734694,115.63537414999999
Bb Clarinet,Chromatic Scale,126.548752834,17.647165533,144.195918367
Bb Clarinet,Major Scales,153.925079365,108.088888889,262.013968254
Bb Clarinet,Sight-Reading,267.377777778,59.164444444,326.54222222199996
