Instrument,ScoreGroup,Start,Duration,End
Flute,Lyrical Etude,13.18893424,44.768072562,57.957006802
Flute,Technical Etude,67.337868481,34.272653061,101.610521542
Flute,Chromatic Scale,113.127619048,11.23845805,124.366077098
Flute,Major Scales,133.282539683,107.926349206,241.208888889
Flute,Sight-Reading,251.239909297,38.638004535,289.877913832
