Instrument,ScoreGroup,Start,Duration,End
Flute,Lyrical Etude,11.377778,103.677098,115.05487600000001
Flute,Technical Etude,119.931066,43.769615,163.700681
Flute,Chromatic Scale,169.853968,13.351474,183.205442
Flute,Major Scales,191.796825,110.643084,302.439909
Flute,Sight-Reading,307.548299,73.955556,381.503855
