Instrument,ScoreGroup,Start,Duration,End
Bb Clarinet,Lyrical Etude,11.029478458,106.463492063,117.492970521
Bb Clarinet,Technical Etude,124.342857143,23.684353741,148.027210884
Bb Clarinet,Chromatic Scale,154.064399093,11.842176871,165.90657596399998
Bb Clarinet,Major Scales,172.175963719,96.827210884,269.003174603
Bb Clarinet,Sight-Reading,272.021768707,49.574603175,321.59637188199997
