Instrument,ScoreGroup,Start,Duration,End
Flute,Lyrical Etude,16.404897959,29.779591837,46.184489796
Flute,Technical Etude,53.080816327,24.241632653,77.32244898
Flute,Chromatic Scale,85.681632653,15.986938776,101.668571429
Flute,Major Scales,110.863673469,74.083265306,184.946938775
Flute,Sight-Reading,191.425306122,51.931428571,243.356734693
