Instrument,ScoreGroup,Start,Duration,End
Alto Saxophone,Lyrical Etude,11.424217687,90.975782312,102.399999999
Alto Saxophone,Technical Etude,111.873741496,96.827210884,208.70095238
Alto Saxophone,Chromatic Scale,212.462585034,12.53877551,225.001360544
Alto Saxophone,Major Scales,230.156190476,92.926258503,323.082448979
Alto Saxophone,Sight-Reading,327.401360544,62.972517006,390.37387755
