Instrument,ScoreGroup,Start,Duration,End
French Horn,Lyrical Etude,19.176293,112.917146,132.093439
French Horn,Technical Etude,141.191029,73.315872,214.50690099999997
French Horn,Chromatic Scale,221.463882,20.870942,242.33482400000003
French Horn,Major Scales,250.897261,115.057756,365.955017
French Horn,Sight-Reading,373.44715,51.374626,424.821776
