Instrument,ScoreGroup,Start,Duration,End
Trumpet,Lyrical Etude,10.56076,68.874519,79.43527900000001
Trumpet,Technical Etude,86.519515,22.826983,109.346498
Trumpet,Chromatic Scale,118.792146,15.742747,134.534893
Trumpet,Major Scales,141.225561,105.082837,246.308398
Trumpet,Sight-Reading,253.786203,59.035302,312.821505
