Instrument,ScoreGroup,Start,Duration,End
Bb Clarinet,Lyrical Etude,17.632653061,115.330612244,132.963265305
Bb Clarinet,Technical Etude,141.191836734,46.628571428,187.82040816199998
Bb Clarinet,Chromatic Scale,196.114285714,9.6,205.714285714
Bb Clarinet,Major Scales,215.967346938,102.073469387,318.040816325
Bb Clarinet,Sight-Reading,323.853061224,27.689795918,351.542857142
