Instrument,ScoreGroup,Start,Duration,End
Bb Clarinet,Lyrical Etude,11.493877551,44.814512472,56.308390023
Bb Clarinet,Technical Etude,61.997278912,32.159637188,94.15691609999999
Bb Clarinet,Chromatic Scale,102.283900227,15.905668934,118.18956916100001
Bb Clarinet,Major Scales,126.316553288,73.02675737,199.343310658
Bb Clarinet,Sight-Reading,205.380498866,56.424489796,261.804988662
