Instrument,ScoreGroup,Start,Duration,End
Flute,Lyrical Etude,14.349931973,52.662857143,67.012789116
Flute,Technical Etude,73.746575964,24.543492063,98.290068027
Flute,Chromatic Scale,105.69723356,15.18585034,120.8830839
Flute,Major Scales,129.381587302,68.080907029,197.46249433100002
Flute,Sight-Reading,205.078639456,44.001814059,249.080453515
