Instrument,ScoreGroup,Start,Duration,End
Trumpet,Lyrical Etude,13.671921,59.499262,73.171183
Trumpet,Technical Etude,80.916649,19.011598,99.928247
Trumpet,Chromatic Scale,110.842313,13.026466,123.868779
Trumpet,Major Scales,132.318378,105.972058,238.290436
Trumpet,Sight-Reading,244.627636,36.61493,281.242566
