Instrument,ScoreGroup,Start,Duration,End
Alto Saxophone,Lyrical Etude,11.795736961,73.235736961,85.031473922
Alto Saxophone,Technical Etude,89.675464852,28.514104308,118.18956916
Alto Saxophone,Chromatic Scale,122.83356009,14.117732426,136.951292516
Alto Saxophone,Major Scales,142.01324263,71.006621315,213.019863945
Alto Saxophone,Sight-Reading,217.756734693,44.025034013,261.781768706
