Instrument,ScoreGroup,Start,Duration,End
Bb Clarinet,Lyrical Etude,12.051156463,66.525170068,78.57632653099999
Bb Clarinet,Technical Etude,83.197097506,47.531247166,130.728344672
Bb Clarinet,Chromatic Scale,138.228390023,13.88553288,152.113922903
Bb Clarinet,Major Scales,157.733151927,96.989750567,254.72290249399998
Bb Clarinet,Sight-Reading,266.820498866,63.111836735,329.932335601
