Instrument,ScoreGroup,Start,Duration,End
Bb Clarinet,Lyrical Etude,10.959819,89.721905,100.681724
Bb Clarinet,Technical Etude,105.325714,54.056054,159.38176800000002
Bb Clarinet,Chromatic Scale,166.069116,14.117732,180.186848
Bb Clarinet,Major Scales,187.617234,115.356735,302.973969
Bb Clarinet,Sight-Reading,307.4322,56.656689,364.088889
