Instrument,ScoreGroup,Start,Duration,End
Alto Saxophone,Lyrical Etude,13.351473922,47.368707482,60.720181404
Alto Saxophone,Technical Etude,65.480272108,32.740136054,98.22040816199998
Alto Saxophone,Chromatic Scale,103.444897959,10.216780045,113.66167800400001
Alto Saxophone,Major Scales,118.770068027,61.300680272,180.070748299
Alto Saxophone,Sight-Reading,184.714739229,55.727891156,240.442630385
