Instrument,ScoreGroup,Start,Duration,End
Bb Clarinet,Lyrical Etude,8.881633,62.171429,71.05306200000001
Bb Clarinet,Technical Etude,75.493878,36.04898,111.542858
Bb Clarinet,Chromatic Scale,119.118367,14.367347,133.485714
Bb Clarinet,Major Scales,139.493878,105.012245,244.506123
Bb Clarinet,Sight-Reading,253.126531,68.702041,321.828572
