Instrument,ScoreGroup,Start,Duration,End
Bb Clarinet,Lyrical Etude,17.449795918,134.687346939,152.13714285700001
Bb Clarinet,Technical Etude,158.406530612,33.645714286,192.05224489800003
Bb Clarinet,Chromatic Scale,202.919183673,14.83755102,217.756734693
Bb Clarinet,Major Scales,225.80244898,113.371428571,339.17387755100003
Bb Clarinet,Sight-Reading,349.622857143,69.799183673,419.422040816
