Instrument,ScoreGroup,Start,Duration,End
Bb Clarinet,Lyrical Etude,14.489252,78.390567,92.879819
Bb Clarinet,Technical Etude,98.452608,62.972517,161.425125
Bb Clarinet,Chromatic Scale,168.669751,22.476916,191.14666699999998
Bb Clarinet,Major Scales,200.248889,122.229841,322.47873
Bb Clarinet,Sight-Reading,327.68,83.406077,411.086077
