Instrument,ScoreGroup,Start,Duration,End
Flute,Lyrical Etude,11.122358277,55.49569161,66.618049887
Flute,Technical Etude,74.512834467,25.890249433,100.40308390000001
Flute,Chromatic Scale,109.110566893,17.252426304,126.362993197
Flute,Major Scales,134.954376417,96.966530612,231.92090702899998
Flute,Sight-Reading,236.611337868,54.474013605,291.085351473
