Instrument,ScoreGroup,Start,Duration,End
Flute,Lyrical Etude,12.120816327,81.293061224,93.413877551
Flute,Technical Etude,100.519183673,54.334693878,154.853877551
Flute,Chromatic Scale,163.84,15.88244898,179.72244898
Flute,Major Scales,187.895873016,118.979047619,306.87492063499997
Flute,Sight-Reading,319.111836735,41.377959184,360.489795919
