Instrument,ScoreGroup,Start,Duration,End
Xylophone,Mallet Etude,13.188934,37.523447,50.71238099999999
Snare Drum,Snare Etude,56.842449,53.498776,110.34122500000001
Timpani,Timpani Etude,116.657052,89.536145,206.193197
Xylophone,Chromatic Scale,212.880544,12.445896,225.32644
Xylophone,Major Scales,231.084989,103.653878,334.738867
Xylophone,Sight-Reading,341.983492,42.167438,384.15093
Snare Drum,Sight-Reading,391.952834,30.65034,422.60317399999997
