Instrument,ScoreGroup,Start,Duration,End
Bb Clarinet,Lyrical Etude,11.493877551,76.53877551,88.03265306099999
Bb Clarinet,Technical Etude,92.212244897,31.608163265,123.820408162
Bb Clarinet,Chromatic Scale,130.612244897,13.583673469,144.195918366
Bb Clarinet,Major Scales,154.122448979,111.020408163,265.142857142
Bb Clarinet,Sight-Reading,270.367346938,45.453061224,315.82040816200004
