Instrument,ScoreGroup,Start,Duration,End
Bb Clarinet,Lyrical Etude,15.418317,85.155558,100.573875
Bb Clarinet,Technical Etude,109.863573,30.965658,140.829231
Bb Clarinet,Chromatic Scale,149.344786,11.225051,160.569837
Bb Clarinet,Major Scales,168.698322,100.638387,269.336709
Bb Clarinet,Sight-Reading,275.916912,32.901011,308.817923
