Instrument,ScoreGroup,Start,Duration,End
Bb Clarinet,Lyrical Etude,12.399455782,101.424761905,113.824217687
Bb Clarinet,Technical Etude,118.143129252,42.353197279,160.496326531
Bb Clarinet,Chromatic Scale,166.196825397,15.197460317,181.394285714
Bb Clarinet,Major Scales,186.758095238,150.186666667,336.944761905
Bb Clarinet,Sight-Reading,341.054693878,59.350204082,400.40489796
