Instrument,ScoreGroup,Start,Duration,End
Flute,Lyrical Etude,12.306576,52.477098,64.78367399999999
Flute,Technical Etude,69.427664,34.597732,104.025396
Flute,Chromatic Scale,111.490612,24.868571,136.359183
Flute,Major Scales,142.733061,118.909388,261.642449
Flute,Sight-Reading,265.404082,59.350204,324.75428600000004
