Instrument,ScoreGroup,Start,Duration,End
Alto Saxophone,Lyrical Etude,13.212154195,58.816145125,72.02829932
Alto Saxophone,Technical Etude,78.053877551,36.641088435,114.694965986
Alto Saxophone,Chromatic Scale,124.203537415,11.075918367,135.279455782
Alto Saxophone,Major Scales,142.349931973,104.141496599,246.49142857200002
Alto Saxophone,Sight-Reading,253.387755102,42.736326531,296.124081633
