Instrument,ScoreGroup,Start,Duration,End
Alto Saxophone,Lyrical Etude,12.19047619,46.973968253,59.164444443
Alto Saxophone,Technical Etude,62.577777777,28.932063492,91.509841269
Alto Saxophone,Chromatic Scale,96.386031746,10.402539682,106.788571428
Alto Saxophone,Major Scales,110.689523809,67.779047619,178.468571428
Alto Saxophone,Sight-Reading,182.857142857,42.585396825,225.44253968200002
