Instrument,ScoreGroup,Start,Duration,End
Bb Clarinet,Lyrical Etude,16.587755102,124.734693877,141.322448979
Bb Clarinet,Technical Etude,150.857142857,57.6,208.457142857
Bb Clarinet,Chromatic Scale,218.514285714,93.257142857,311.771428571
Bb Clarinet,Major Scales,323.395918367,13.191836734,336.58775510099997
Bb Clarinet,Sight-Reading,342.987755102,47.542857142,390.530612244
