Instrument,ScoreGroup,Start,Duration,End
Bb Clarinet,Lyrical Etude,10.03102,88.166168,98.197188
Bb Clarinet,Technical Etude,100.913923,77.949388,178.863311
Bb Clarinet,Chromatic Scale,187.361814,13.583673,200.945487
Bb Clarinet,Major Scales,204.498141,71.42458,275.922721
Bb Clarinet,Sight-Reading,284.560544,42.585397,327.145941
