Instrument,ScoreGroup,Start,Duration,End
Trumpet,Lyrical Etude,18.986223,66.98144,85.967663
Trumpet,Technical Etude,98.679469,32.268431,130.9479
Trumpet,Chromatic Scale,141.704043,21.023372,162.727415
Trumpet,Major Scales,182.772955,123.206736,305.979691
Trumpet,Sight-Reading,315.758003,74.80409,390.562093
