Instrument,ScoreGroup,Start,Duration,End
Bb Clarinet,Lyrical Etude,10.710204,85.420408,96.130612
Bb Clarinet,Technical Etude,99.265306,23.771429,123.036735
Bb Clarinet,Chromatic Scale,129.306122,14.367347,143.67346899999998
Bb Clarinet,Major Scales,149.420408,73.142857,222.563265
Bb Clarinet,Sight-Reading,226.742857,40.489796,267.23265299999997
