Instrument,ScoreGroup,Start,Duration,End
Alto Saxophone,Lyrical Etude,12.53877551,90.279183673,102.817959183
Alto Saxophone,Technical Etude,109.714285714,51.408979591,161.123265305
Alto Saxophone,Chromatic Scale,170.73632653,14.001632653,184.73795918300002
Alto Saxophone,Major Scales,193.933061224,122.671020408,316.604081632
Alto Saxophone,Sight-Reading,321.410612244,101.564081632,422.974693876
