Instrument,ScoreGroup,Start,Duration,End
Flute,Lyrical Etude,11.646756,118.120643,129.767399
Flute,Technical Etude,136.079188,45.985899,182.065087
Flute,Chromatic Scale,189.278562,11.271054,200.549616
Flute,Major Scales,205.959722,97.381904,303.341626
Flute,Sight-Reading,310.104258,49.141794,359.246052
