Instrument,ScoreGroup,Start,Duration,End
Bb Clarinet,Lyrical Etude,11.493878,51.461224,62.955102000000004
Bb Clarinet,Technical Etude,67.134694,24.555102,91.689796
Bb Clarinet,Chromatic Scale,99.265306,16.718367,115.983673
Bb Clarinet,Major Scales,122.514286,84.114286,206.62857200000002
Bb Clarinet,Sight-Reading,212.897959,54.334694,267.23265299999997
