Instrument,ScoreGroup,Start,Duration,End
Bb Clarinet,Lyrical Etude,12.469116,59.675283,72.14439899999999
Bb Clarinet,Technical Etude,80.851882,91.718821,172.570703
Bb Clarinet,Chromatic Scale,182.137324,18.738503,200.87582700000002
Bb Clarinet,Major Scales,208.979592,100.472744,309.452336
Bb Clarinet,Sight-Reading,316.395102,52.384218,368.77932
