Instrument,ScoreGroup,Start,Duration,End
Bb Clarinet,Lyrical Etude,11.117011,106.244012,117.361023
Bb Clarinet,Technical Etude,124.550467,30.754845,155.305312
Bb Clarinet,Chromatic Scale,162.095343,11.582994,173.678337
Bb Clarinet,Major Scales,180.468368,95.060431,275.528799
Bb Clarinet,Sight-Reading,282.718244,33.55074,316.26898400000005
