Instrument,ScoreGroup,Start,Duration,End
Flute,Lyrical Etude,10.030294,111.13859,121.16888399999999
Flute,Technical Etude,131.272393,43.489014,174.761407
Flute,Chromatic Scale,182.6685,11.421357,194.089857
Flute,Major Scales,203.314799,92.688706,296.003505
Flute,Sight-Reading,299.078485,49.638975,348.71746
