Instrument,ScoreGroup,Start,Duration,End
Xylophone,Mallet Etude,11.284898,74.187755,85.472653
Snare Drum,Snare Etude,94.783855,39.915102,134.698957
Timpani,Timpani Etude,141.339864,60.720181,202.060045
Xylophone,Chromatic Scale,209.74585,8.823583,218.569433
Xylophone,Major Scales,227.555556,60.696961,288.252517
Xylophone,Sight-Reading,296.031202,59.698503,355.729705
Snare Drum,Sight-Reading,362.300952,29.907302,392.208254
