Instrument,ScoreGroup,Start,Duration,End
Flute,Lyrical Etude,9.183492063,23.080634921,32.264126984
Flute,Technical Etude,37.546666667,27.062857143,64.60952381
Flute,Chromatic Scale,70.298412698,17.066666667,87.36507936500001
Flute,Major Scales,92.403809524,92.403809524,184.807619048
Flute,Sight-Reading,191.39047619,48.436825397,239.827301587
