Instrument,ScoreGroup,Start,Duration,End
Alto Saxophone,Lyrical Etude,11.859591836,33.488979591,45.348571427
Alto Saxophone,Technical Etude,54.073469387,32.862040816,86.935510203
Alto Saxophone,Chromatic Scale,93.93632653,27.428571428,121.364897958
Alto Saxophone,Major Scales,127.802630385,74.768253968,202.570884353
Alto Saxophone,Sight-Reading,208.05079365,45.789750566,253.840544216
