Instrument,ScoreGroup,Start,Duration,End
Alto Saxophone,Lyrical Etude,14.651791383,79.865034014,94.516825397
Alto Saxophone,Technical Etude,102.562539683,54.36952381,156.932063493
Alto Saxophone,Chromatic Scale,167.131428571,10.402539683,177.533968254
Alto Saxophone,Major Scales,187.611428571,100.896507937,288.507936508
Alto Saxophone,Sight-Reading,301.104761905,70.054603175,371.15936508
