Instrument,ScoreGroup,Start,Duration,End
Flute,Lyrical Etude,9.752380952,54.288253968,64.04063492
Flute,Technical Etude,70.542222222,23.73079365,94.273015872
Flute,Chromatic Scale,104.838095238,21.942857142,126.78095238
Flute,Major Scales,134.907936507,107.438730158,242.346666665
Flute,Sight-Reading,248.36063492,44.86095238,293.2215873
