Instrument,ScoreGroup,Start,Duration,End
Alto Saxophone,Lyrical Etude,16.579047619,52.244897959,68.82394557800001
Alto Saxophone,Technical Etude,76.556190476,62.415238095,138.971428571
Alto Saxophone,Chromatic Scale,146.053514739,12.829024943,158.88253968200002
Alto Saxophone,Major Scales,167.322993197,122.740680272,290.063673469
Alto Saxophone,Sight-Reading,298.724716553,46.672108844,345.396825397
