Instrument,ScoreGroup,Start,Duration,End
Alto Saxophone,Lyrical Etude,15.650249433,45.487891156,61.138140589
Alto Saxophone,Technical Etude,67.128888888,20.317460317,87.446349205
Alto Saxophone,Chromatic Scale,96.246712018,11.818956916,108.065668934
Alto Saxophone,Major Scales,114.009977321,72.678458049,186.68843536999998
Alto Saxophone,Sight-Reading,191.262766431,50.247981859,241.51074828999998
