Instrument,ScoreGroup,Start,Duration,End
Bb Clarinet,Lyrical Etude,12.027936508,59.164444444,71.192380952
Bb Clarinet,Technical Etude,77.368888889,68.916825397,146.285714286
Bb Clarinet,Chromatic Scale,153.112380952,52.012698413,205.125079365
Bb Clarinet,Major Scales,213.252063492,125.480634921,338.732698413
Bb Clarinet,Sight-Reading,346.85968254,121.254603175,468.114285715
