Instrument,ScoreGroup,Start,Duration,End
Flute,Lyrical Etude,14.303492063,45.325351474,59.628843537
Flute,Technical Etude,65.015873016,25.634829932,90.650702948
Flute,Chromatic Scale,97.245170068,13.281814059,110.52698412699999
Flute,Major Scales,116.93569161,72.539138322,189.474829932
Flute,Sight-Reading,193.654421769,42.446077098,236.100498867
