Instrument,ScoreGroup,Start,Duration,End
Flute,Lyrical Etude,10.383673,29.714286,40.097959
Flute,Technical Etude,46.106122,28.212245,74.318367
Flute,Chromatic Scale,82.612245,17.697959,100.310204
Flute,Major Scales,109.040907,66.037551,175.078458
Flute,Sight-Reading,181.672925,36.873288,218.546213
