Instrument,ScoreGroup,Start,Duration,End
Flute,Lyrical Etude,16.718367346,52.012698412,68.731065758
Flute,Technical Etude,74.768253968,22.291156462,97.05941043
Flute,Chromatic Scale,104.954195011,18.111564625,123.065759636
Flute,Major Scales,131.42494331,99.845804988,231.270748298
Flute,Sight-Reading,238.004535147,59.907482993,297.91201814
