Instrument,ScoreGroup,Start,Duration,End
Flute,Lyrical Etude,16.718367,70.530612,87.248979
Flute,Technical Etude,91.95102,40.228571,132.17959100000002
Flute,Chromatic Scale,138.710204,23.771429,162.48163300000002
Flute,Major Scales,169.012245,124.604082,293.616327
Flute,Sight-Reading,299.363265,71.836735,371.20000000000005
