Instrument,ScoreGroup,Start,Duration,End
Flute,Lyrical Etude,10.866939,40.019592,50.886531000000005
Flute,Technical Etude,55.275102,53.707755,108.982857
Flute,Chromatic Scale,115.147755,38.452245,153.6
Flute,Major Scales,165.825306,123.715918,289.541224
Flute,Sight-Reading,293.616327,81.397551,375.01387800000003
