Instrument,ScoreGroup,Start,Duration,End
Flute,Lyrical Etude,14.210612,61.857959,76.068571
Flute,Technical Etude,81.362721,23.684354,105.04707499999999
Flute,Chromatic Scale,112.013061,14.489252,126.50231299999999
Flute,Major Scales,127.616871,100.310204,227.927075
Flute,Sight-Reading,234.893061,48.204626,283.097687
