Instrument,ScoreGroup,Start,Duration,End
Bb Clarinet,Lyrical Etude,16.195918367,149.420408163,165.61632652999998
Bb Clarinet,Technical Etude,182.595918367,56.685714285,239.28163265199998
Bb Clarinet,Chromatic Scale,248.946938775,12.8,261.746938775
Bb Clarinet,Major Scales,270.497959183,116.114285714,386.612244897
Bb Clarinet,Sight-Reading,391.314285714,34.481632653,425.795918367
