Instrument,ScoreGroup,Start,Duration,End
Oboe,Lyrical Etude,17.345306122,63.947755102,81.293061224
Oboe,Technical Etude,87.980408163,37.407346938,125.38775510100001
Oboe,Chromatic Scale,134.164897959,15.673469387,149.838367346
Oboe,Major Scales,157.988571428,82.128979591,240.11755101900002
Oboe,Sight-Reading,247.431836734,50.991020408,298.422857142
