Instrument,ScoreGroup,Start,Duration,End
Alto Saxophone,Lyrical Etude,12.445895692,65.944671202,78.39056689399999
Alto Saxophone,Technical Etude,84.149115646,63.065396825,147.214512471
Alto Saxophone,Chromatic Scale,155.109297052,8.637823129,163.74712018099999
Alto Saxophone,Major Scales,171.78122449,104.907755102,276.688979592
Alto Saxophone,Sight-Reading,281.437460317,49.24952381,330.68698412699996
