Instrument,ScoreGroup,Start,Duration,End
Bb Clarinet,Lyrical Etude,10.579592,103.053061,113.632653
Bb Clarinet,Technical Etude,121.991837,68.310204,190.302041
Bb Clarinet,Chromatic Scale,199.57551,16.065306,215.640816
Bb Clarinet,Major Scales,221.387755,118.465306,339.853061
Bb Clarinet,Sight-Reading,345.077551,46.628571,391.70612200000005
