Instrument,ScoreGroup,Start,Duration,End
Xylophone,Mallet Etude,17.110204,34.155102,51.265305999999995
Snare Drum,Snare Etude,61.387755,76.669388,138.057143
Timpani,Timpani Etude,149.028571,55.379592,204.408163
Xylophone,Chromatic Scale,214.595918,7.183673,221.779591
Xylophone,Major Scales,232.881633,95.346939,328.228572
Xylophone,Sight-Reading,338.808163,25.208163,364.016326
Snare Drum,Sight-Reading,372.636735,39.183673,411.820408
