Instrument,ScoreGroup,Start,Duration,End
Bb Clarinet,Lyrical Etude,46.811428571,533.315918367,580.127346938
Bb Clarinet,Technical Etude,593.502040816,110.34122449,703.8432653059999
Bb Clarinet,Chromatic Scale,728.920816327,53.49877551,782.419591837
Bb Clarinet,Major Scales,805.825306122,422.974693878,1228.8
Bb Clarinet,Sight-Reading,1243.846530612,197.276734694,1441.123265306
