Instrument,ScoreGroup,Start,Duration,End
Flute,Lyrical Etude,14.303492,19.504762,33.808254
Flute,Technical Etude,40.031202,28.142585,68.173787
Flute,Chromatic Scale,75.511293,25.077551,100.588844
Flute,Major Scales,108.408163,68.702041,177.110204
Flute,Sight-Reading,181.289796,41.012245,222.302041
