Instrument,ScoreGroup,Start,Duration,End
Alto Saxophone,Lyrical Etude,12.445895691,167.926712018,180.372607709
Alto Saxophone,Technical Etude,185.388117913,63.158276643,248.546394556
Alto Saxophone,Chromatic Scale,255.047981859,12.445895691,267.49387755
Alto Saxophone,Major Scales,274.924263038,116.657052154,391.581315192
Alto Saxophone,Sight-Reading,400.31201814,46.811428571,447.12344671100004
