Instrument,ScoreGroup,Start,Duration,End
Flute,Lyrical Etude,15.804082,46.302041,62.106123000000004
Flute,Technical Etude,70.595918,22.334694,92.930612
Flute,Chromatic Scale,104.293878,13.061224,117.355102
Flute,Major Scales,127.542857,74.840816,202.383673
Flute,Sight-Reading,211.657143,44.865306,256.522449
