Instrument,ScoreGroup,Start,Duration,End
Flute,Lyrical Etude,10.158730158,44.292063492,54.450793649999994
Flute,Technical Etude,57.782857142,25.437460317,83.220317459
Flute,Chromatic Scale,88.177777777,18.773333333,106.95111111
Flute,Major Scales,113.057959183,74.501224489,187.559183672
Flute,Sight-Reading,191.73877551,52.871836734,244.610612244
