Instrument,ScoreGroup,Start,Duration,End
Flute,Lyrical Etude,15.232290249,60.186122449,75.418412698
Flute,Technical Etude,85.170793651,42.91047619,128.081269841
Flute,Chromatic Scale,138.808888889,13.003174603,151.812063492
Flute,Major Scales,160.914285714,99.892244898,260.80653061199996
Flute,Sight-Reading,270.001632653,42.422857143,312.424489796
