Instrument,ScoreGroup,Start,Duration,End
Flute,Lyrical Etude,15.673469387,51.826938775,67.500408162
Flute,Technical Etude,75.232653061,30.093061224,105.32571428499999
Flute,Chromatic Scale,114.102857142,23.196734693,137.299591835
Flute,Major Scales,146.494693877,120.790204081,267.284897958
Flute,Sight-Reading,273.345306122,53.916734693,327.26204081500003
