Instrument,ScoreGroup,Start,Duration,End
Flute,Lyrical Etude,13.490793651,21.861587302,35.352380953
Flute,Technical Etude,42.016507937,23.730793651,65.747301588
Flute,Chromatic Scale,74.199365079,17.554285714,91.753650793
Flute,Major Scales,104.675555556,88.096507937,192.77206349300002
Flute,Sight-Reading,201.386666667,58.189206349,259.575873016
