Instrument,ScoreGroup,Start,Duration,End
Alto Saxophone,Lyrical Etude,13.467573696,50.85170068,64.319274376
Alto Saxophone,Technical Etude,70.298412698,31.927437641,102.225850339
Alto Saxophone,Chromatic Scale,107.856689342,13.873922902,121.730612244
Alto Saxophone,Major Scales,128.812698412,65.828571428,194.64126984
Alto Saxophone,Sight-Reading,199.98185941,55.495691609,255.477551019
