Instrument,ScoreGroup,Start,Duration,End
Alto Saxophone,Lyrical Etude,14.744671,74.814694,89.559365
Alto Saxophone,Technical Etude,96.455692,26.052789,122.508481
Alto Saxophone,Chromatic Scale,130.078186,16.625488,146.70367399999998
Alto Saxophone,Major Scales,155.527256,56.42449,211.95174599999999
Alto Saxophone,Sight-Reading,217.338776,39.682902,257.021678
