Instrument,ScoreGroup,Start,Duration,End
Bb Clarinet,Lyrical Etude,11.95102,53.093878,65.04489799999999
Bb Clarinet,Technical Etude,72.228571,25.6,97.82857100000001
Bb Clarinet,Chromatic Scale,105.186395,14.767891,119.95428600000001
Bb Clarinet,Major Scales,126.040816,87.118367,213.159183
Bb Clarinet,Sight-Reading,219.382132,59.628844,279.010976
