Instrument,ScoreGroup,Start,Duration,End
Bb Clarinet,Lyrical Etude,16.195918,51.983673,68.179591
Bb Clarinet,Technical Etude,74.44898,25.991837,100.44081700000001
Bb Clarinet,Chromatic Scale,108.669388,17.240816,125.910204
Bb Clarinet,Major Scales,134.008163,82.808163,216.816326
Bb Clarinet,Sight-Reading,222.955102,44.930612,267.885714
