Instrument,ScoreGroup,Start,Duration,End
Xylophone,Mallet Etude,13.955193,86.726531,100.68172399999999
Snare Drum,Snare Etude,110.178685,124.900136,235.078821
Timpani,Timpani Etude,243.020045,46.556009,289.576054
Xylophone,Chromatic Scale,299.537415,9.311202,308.848617
Xylophone,Major Scales,309.893515,122.97288,432.866395
Xylophone,Sight-Reading,440.970159,40.588481,481.55864
Snare Drum,Sight-Reading,492.889977,27.608526,520.498503
