Instrument,ScoreGroup,Start,Duration,End
Oboe,Lyrical Etude,16.416507936,54.288253968,70.704761904
Oboe,Technical Etude,75.255873015,33.97079365,109.22666666500001
Oboe,Chromatic Scale,115.89079365,12.678095238,128.568888888
Oboe,Major Scales,135.72063492,83.87047619,219.59111111
Oboe,Sight-Reading,224.304761904,44.048253968,268.353015872
