Instrument,ScoreGroup,Start,Duration,End
Alto Saxophone,Lyrical Etude,11.772517007,61.74185941,73.51437641700001
Alto Saxophone,Technical Etude,77.763628118,53.568435374,131.332063492
Alto Saxophone,Chromatic Scale,138.135510204,9.311201814,147.44671201800003
Alto Saxophone,Major Scales,153.228480726,94.783854875,248.012335601
Alto Saxophone,Sight-Reading,252.679546485,51.896598639,304.576145124
