Instrument,ScoreGroup,Start,Duration,End
Flute,Lyrical Etude,15.777959,90.070204,105.848163
Flute,Technical Etude,112.117551,118.073469,230.19102
Flute,Chromatic Scale,242.625306,37.720816,280.346122
Flute,Major Scales,294.243265,121.103673,415.346938
Flute,Sight-Reading,423.392653,86.204082,509.59673499999997
