Instrument,ScoreGroup,Start,Duration,End
Flute,Lyrical Etude,15.232290249,75.604172335,90.836462584
Flute,Technical Etude,94.365895691,40.309841269,134.67573696
Flute,Chromatic Scale,139.284897959,17.13632653,156.421224489
Flute,Major Scales,164.397278911,124.644716553,289.041995464
Flute,Sight-Reading,292.571428571,64.087074829,356.65850340000003
