Instrument,ScoreGroup,Start,Duration,End
Bb Clarinet,Lyrical Etude,11.145578,66.40907,77.554648
Bb Clarinet,Technical Etude,83.359637,28.281905,111.641542
Bb Clarinet,Chromatic Scale,119.350567,13.931973,133.28253999999998
Bb Clarinet,Major Scales,140.538776,109.061224,249.60000000000002
Bb Clarinet,Sight-Reading,255.216327,49.306122,304.522449
