Instrument,ScoreGroup,Start,Duration,End
Bb Clarinet,Lyrical Etude,15.23229,119.629206,134.861496
Bb Clarinet,Technical Etude,137.665306,31.869388,169.534694
Bb Clarinet,Chromatic Scale,174.628571,23.640816,198.269387
Bb Clarinet,Major Scales,203.406803,85.449433,288.85623599999997
Bb Clarinet,Sight-Reading,292.385669,38.452245,330.837914
