Instrument,ScoreGroup,Start,Duration,End
Flute,Lyrical Etude,11.702857143,76.347210884,88.05006802700001
Flute,Technical Etude,92.50829932,66.316190476,158.82448979600002
Flute,Chromatic Scale,166.347755102,32.322176871,198.66993197300002
Flute,Major Scales,204.242721088,126.780952381,331.023673469
Flute,Sight-Reading,335.853424036,71.33170068,407.18512471599996
