Instrument,ScoreGroup,Start,Duration,End
Xylophone,Mallet Etude,10.971429,52.767347,63.738776
Snare Drum,Snare Etude,72.620408,61.126531,133.746939
Timpani,Timpani Etude,145.240816,54.857143,200.097959
Xylophone,Chromatic Scale,207.412245,9.404082,216.816327
Xylophone,Major Scales,224.391837,98.220408,322.61224500000003
Xylophone,Sight-Reading,327.314286,45.453061,372.767347
Snare Drum,Sight-Reading,376.42449,26.644898,403.069388
