Instrument,ScoreGroup,Start,Duration,End
Flute,Lyrical Etude,10.894588,104.75045,115.645038
Flute,Technical Etude,123.359218,36.134845,159.49406299999998
Flute,Chromatic Scale,165.990215,10.150237,176.140452
Flute,Major Scales,184.666652,93.788193,278.454845
Flute,Sight-Reading,285.357007,37.352874,322.709881
