Instrument,ScoreGroup,Start,Duration,End
Bb Clarinet,Lyrical Etude,11.865396825,102.4,114.26539682500001
Bb Clarinet,Technical Etude,119.466666667,39.822222222,159.288888889
Bb Clarinet,Chromatic Scale,165.14031746,13.815873016,178.95619047600002
Bb Clarinet,Major Scales,183.530521542,118.700408163,302.230929705
Bb Clarinet,Sight-Reading,307.617959184,68.916825397,376.53478458099994
