Instrument,ScoreGroup,Start,Duration,End
Flute,Lyrical Etude,10.727619048,55.449251701,66.176870749
Flute,Technical Etude,71.053061224,26.749387755,97.802448979
Flute,Chromatic Scale,104.489795918,18.808163265,123.297959183
Flute,Major Scales,129.845986395,94.876734694,224.722721089
Flute,Sight-Reading,229.738231293,42.213877551,271.952108844
