Instrument,ScoreGroup,Start,Duration,End
Bb Clarinet,Lyrical Etude,15.209070295,58.862585034,74.071655329
Bb Clarinet,Technical Etude,82.779138322,46.230929705,129.010068027
Bb Clarinet,Chromatic Scale,139.737687075,12.2369161,151.974603175
Bb Clarinet,Major Scales,164.095419501,116.239092971,280.33451247200003
Bb Clarinet,Sight-Reading,289.274195011,54.381133787,343.655328798
