Instrument,ScoreGroup,Start,Duration,End
Flute,Lyrical Etude,13.560454,63.529796,77.09025
Flute,Technical Etude,84.892154,52.569977,137.462131
Flute,Chromatic Scale,147.493152,10.588299,158.08145100000002
Flute,Major Scales,167.555193,94.923175,262.478368
Flute,Sight-Reading,268.422676,47.182948,315.60562400000003
