Instrument,ScoreGroup,Start,Duration,End
Flute,Lyrical Etude,12.678095238,46.114829932,58.79292517
Flute,Technical Etude,65.619591837,22.848435374,88.468027211
Flute,Chromatic Scale,95.15537415,27.167346939,122.322721089
Flute,Major Scales,128.17414966,122.044081633,250.21823129300003
Flute,Sight-Reading,254.119183673,51.408979592,305.528163265
