Instrument,ScoreGroup,Start,Duration,End
Flute,Lyrical Etude,10.21678,71.331701,81.548481
Flute,Technical Etude,86.192472,23.405714,109.598186
Flute,Chromatic Scale,114.427937,16.161088,130.589025
Flute,Major Scales,137.833651,108.483628,246.31727899999998
Flute,Sight-Reading,252.818866,54.799093,307.61795900000004
