Instrument,ScoreGroup,Start,Duration,End
Alto Saxophone,Lyrical Etude,15.116190476,75.58095238,90.697142856
Alto Saxophone,Technical Etude,99.067936507,19.667301587,118.735238094
Alto Saxophone,Chromatic Scale,126.212063492,10.158730158,136.37079365
Alto Saxophone,Major Scales,146.204444444,82.813968253,229.01841269699997
Alto Saxophone,Sight-Reading,240.233650793,44.535873015,284.76952380800003
