Instrument,ScoreGroup,Start,Duration,End
Flute,Lyrical Etude,11.377777777,103.862857142,115.240634919
Flute,Technical Etude,119.466666666,25.518730158,144.985396824
Flute,Chromatic Scale,151.161904761,15.116190476,166.278095237
Flute,Major Scales,172.292063492,95.41079365,267.702857142
Flute,Sight-Reading,275.829841269,48.274285714,324.104126983
