Instrument,ScoreGroup,Start,Duration,End
Xylophone,Mallet Etude,13.281814,46.904308,60.186122
Snare Drum,Snare Etude,70.217143,95.108934,165.326077
Timpani,Timpani Etude,173.685261,123.530159,297.21542
Xylophone,Chromatic Scale,304.84898,7.053061,311.902041
Xylophone,Major Scales,318.392018,99.567166,417.959184
Xylophone,Sight-Reading,423.836735,76.277551,500.114286
Snare Drum,Sight-Reading,506.77551,42.644898,549.420408
