Instrument,ScoreGroup,Start,Duration,End
Trumpet,Lyrical Etude,7.801904761,40.867120181,48.669024942
Trumpet,Technical Etude,51.269659863,32.693696145,83.963356008
Trumpet,Chromatic Scale,89.16462585,10.959818594,100.12444444399999
Trumpet,Major Scales,104.954195011,101.610521541,206.564716552
Trumpet,Sight-Reading,210.094149659,55.356371882,265.450521541
