Instrument,ScoreGroup,Start,Duration,End
Alto Saxophone,Lyrical Etude,15.766349206,69.648253968,85.414603174
Alto Saxophone,Technical Etude,93.541587302,26.981587302,120.52317460399999
Alto Saxophone,Chromatic Scale,128.934603175,9.833650794,138.768253969
Alto Saxophone,Major Scales,149.08952381,57.701587302,206.791111112
Alto Saxophone,Sight-Reading,211.911111111,40.96,252.871111111
