Instrument,ScoreGroup,Start,Duration,End
Xylophone,Mallet Etude,14.303492,48.297506,62.600998
Snare Drum,Snare Etude,70.402902,60.557642,130.960544
Timpani,Timpani Etude,138.01941,62.600998,200.620408
Xylophone,Chromatic Scale,207.121995,7.616145,214.73814
Xylophone,Major Scales,222.168526,100.681723,322.850249
Xylophone,Sight-Reading,329.909116,31.207619,361.116735
Snare Drum,Sight-Reading,367.061043,25.82059,392.88163299999997
