Instrument,ScoreGroup,Start,Duration,End
Flute,Lyrical Etude,11.551927438,34.655782313,46.207709751
Flute,Technical Etude,49.864852608,44.117913832,93.98276644
Flute,Chromatic Scale,101.239002268,27.678185941,128.917188209
Flute,Major Scales,136.045714286,117.353650794,253.39936508
Flute,Sight-Reading,256.696598639,54.334693878,311.031292517
