Instrument,ScoreGroup,Start,Duration,End
Trumpet,Lyrical Etude,15.956906,53.417969,69.374875
Trumpet,Technical Etude,75.949395,22.189003,98.138398
Trumpet,Chromatic Scale,105.534731,13.970853,119.505584
Trumpet,Major Scales,131.421901,112.99955,244.421451
Trumpet,Sight-Reading,261.268657,64.51247,325.781127
