Instrument,ScoreGroup,Start,Duration,End
Flute,Lyrical Etude,17.763265,64.0,81.763265
Flute,Technical Etude,87.510204,19.853061,107.363265
Flute,Chromatic Scale,115.983673,22.726531,138.710204
Flute,Major Scales,145.502041,120.946939,266.44898
Flute,Sight-Reading,272.457143,46.497959,318.95510199999995
