Instrument,ScoreGroup,Start,Duration,End
Flute,Lyrical Etude,17.345306122,90.906122449,108.25142857099999
Flute,Technical Etude,116.140408163,37.041632653,153.182040816
Flute,Chromatic Scale,165.250612245,11.650612245,176.90122449
Flute,Major Scales,188.3138322,99.265306122,287.579138322
Flute,Sight-Reading,293.616326531,54.044444444,347.66077097500005
