Instrument,ScoreGroup,Start,Duration,End
Bb Clarinet,Lyrical Etude,15.603809523,67.616507936,83.220317459
Bb Clarinet,Technical Etude,95.10893424,27.863945578,122.972879818
Bb Clarinet,Chromatic Scale,132.260861678,13.746213151,146.007074829
Bb Clarinet,Major Scales,153.437460317,110.712743764,264.15020408099997
Bb Clarinet,Sight-Reading,271.580589569,74.303854875,345.884444444
