Instrument,ScoreGroup,Start,Duration,End
Flute,Lyrical Etude,14.001633,85.054694,99.056327
Flute,Technical Etude,107.206531,54.334694,161.541225
Flute,Chromatic Scale,171.363265,13.479184,184.84244900000002
Flute,Major Scales,194.45551,96.757551,291.21306100000004
Flute,Sight-Reading,296.96,47.333878,344.29387799999995
