Instrument,ScoreGroup,Start,Duration,End
Flute,Lyrical Etude,13.23537415,78.950748299,92.186122449
Flute,Technical Etude,100.675918367,21.577142857,122.25306122399999
Flute,Chromatic Scale,131.186938776,15.490612245,146.677551021
Flute,Major Scales,157.622857143,104.097959184,261.720816327
Flute,Sight-Reading,269.505306122,63.346938776,332.852244898
