Instrument,ScoreGroup,Start,Duration,End
Flute,Lyrical Etude,12.399455782,31.625578231,44.025034012999996
Flute,Technical Etude,47.461587302,24.798911565,72.260498867
Flute,Chromatic Scale,78.251247166,20.805079365,99.056326531
Flute,Major Scales,106.533151927,141.990022676,248.523174603
Flute,Sight-Reading,252.891428571,85.028571429,337.92
