Instrument,ScoreGroup,Start,Duration,End
Flute,Lyrical Etude,11.102041,48.326531,59.428572
Flute,Technical Etude,63.869388,46.497959,110.367347
Flute,Chromatic Scale,115.722449,13.191837,128.914286
Flute,Major Scales,134.008163,104.489796,238.49795899999998
Flute,Sight-Reading,241.371429,43.885714,285.257143
