Instrument,ScoreGroup,Start,Duration,End
Bb Clarinet,Lyrical Etude,10.309659864,63.901315193,74.210975057
Bb Clarinet,Technical Etude,76.811609977,53.777414966,130.589024943
Bb Clarinet,Chromatic Scale,135.976054422,24.613151927,160.589206349
Bb Clarinet,Major Scales,166.208435374,59.071564626,225.28
Bb Clarinet,Sight-Reading,229.598911565,75.882811791,305.481723356
