Instrument,ScoreGroup,Start,Duration,End
Bb Clarinet,Lyrical Etude,10.21678,83.220317,93.437097
Bb Clarinet,Technical Etude,98.452608,68.359546,166.812154
Bb Clarinet,Chromatic Scale,172.942222,12.445896,185.388118
Bb Clarinet,Major Scales,191.146667,91.022222,282.16888900000004
Bb Clarinet,Sight-Reading,297.586939,68.731066,366.31800499999997
