Instrument,ScoreGroup,Start,Duration,End
Bb Clarinet,Lyrical Etude,13.453061224,47.542857142,60.995918366000005
Bb Clarinet,Technical Etude,65.959183673,44.930612244,110.889795917
Bb Clarinet,Chromatic Scale,116.767346938,16.065306122,132.83265306
Bb Clarinet,Major Scales,139.624489795,66.220408163,205.844897958
Bb Clarinet,Sight-Reading,207.281632653,48.195918367,255.47755102
