Instrument,ScoreGroup,Start,Duration,End
Bb Clarinet,Lyrical Etude,13.53723356,86.401451247,99.938684807
Bb Clarinet,Technical Etude,106.69569161,62.229478458,168.925170068
Bb Clarinet,Chromatic Scale,178.491791383,16.741587302,195.233378685
Bb Clarinet,Major Scales,204.080181406,118.862947846,322.943129252
Bb Clarinet,Sight-Reading,331.186213152,47.484807256,378.671020408
