Instrument,ScoreGroup,Start,Duration,End
Flute,Lyrical Etude,11.493878,49.684898,61.178776
Flute,Technical Etude,66.037551,44.617143,110.65469399999999
Flute,Chromatic Scale,116.610612,40.85551,157.466122
Flute,Major Scales,169.412789,85.263673,254.67646200000001
Flute,Sight-Reading,258.577415,68.684626,327.26204099999995
