Instrument,ScoreGroup,Start,Duration,End
Bb Clarinet,Lyrical Etude,20.767346938,55.379591836,76.146938774
Bb Clarinet,Technical Etude,91.036734693,60.734693877,151.77142857
Bb Clarinet,Chromatic Scale,168.489795918,21.812244897,190.302040815
Bb Clarinet,Major Scales,214.726530612,120.424489795,335.15102040700003
Bb Clarinet,Sight-Reading,338.67755102,68.310204081,406.987755101
