Instrument,ScoreGroup,Start,Duration,End
Flute,Lyrical Etude,10.657959183,53.289795918,63.947755101
Flute,Technical Etude,69.799183673,23.823673469,93.622857142
Flute,Chromatic Scale,99.683265306,16.927346938,116.610612244
Flute,Major Scales,122.253061224,106.161632653,228.414693877
Flute,Sight-Reading,232.385306122,48.483265306,280.868571428
