Instrument,ScoreGroup,Start,Duration,End
Flute,Lyrical Etude,9.102222222,105.325714285,114.427936507
Flute,Technical Etude,121.440362811,26.702947845,148.143310656
Flute,Chromatic Scale,155.573696145,11.377777777,166.95147392200002
Flute,Major Scales,177.632653061,97.523809523,275.156462584
Flute,Sight-Reading,280.497052154,50.15510204,330.652154194
