Instrument,ScoreGroup,Start,Duration,End
Oboe,Lyrical Etude,15.865,69.068094,84.933094
Oboe,Technical Etude,96.887187,55.785768,152.672955
Oboe,Chromatic Scale,162.856071,9.740372,172.596443
Oboe,Major Scales,177.909373,91.205303,269.114676
Oboe,Sight-Reading,278.855049,74.381024,353.23607300000003
