Instrument,ScoreGroup,Start,Duration,End
Alto Saxophone,Lyrical Etude,16.439727891,207.586394557,224.026122448
Alto Saxophone,Technical Etude,233.499863945,44.582312925,278.08217687
Alto Saxophone,Chromatic Scale,286.72,13.096054421,299.81605442100005
Alto Saxophone,Major Scales,307.339319727,85.542312925,392.881632652
Alto Saxophone,Sight-Reading,398.222222222,33.726984126,431.949206348
