Instrument,ScoreGroup,Start,Duration,End
Trumpet,Lyrical Etude,11.56917,56.377683,67.946853
Trumpet,Technical Etude,73.232261,20.084549,93.31680999999999
Trumpet,Chromatic Scale,101.068741,10.218455,111.28719600000001
Trumpet,Major Scales,119.391488,88.442489,207.833977
Trumpet,Sight-Reading,215.233548,64.481974,279.715522
