Instrument,ScoreGroup,Start,Duration,End
Alto Saxophone,Lyrical Etude,10.808888888,74.686984126,85.495873014
Alto Saxophone,Technical Etude,91.753650793,37.709206349,129.46285714200002
Alto Saxophone,Chromatic Scale,136.045714285,13.572063492,149.61777777700001
Alto Saxophone,Major Scales,156.606984126,73.061587301,229.668571427
Alto Saxophone,Sight-Reading,234.869841269,73.305396825,308.175238094
