Instrument,ScoreGroup,Start,Duration,End
Flute,Lyrical Etude,12.492335601,63.413696145,75.906031746
Flute,Technical Etude,81.200181406,21.315918367,102.516099773
Flute,Chromatic Scale,109.296326531,11.125260771,120.421587302
Flute,Major Scales,127.746031746,128.410702948,256.15673469399997
Flute,Sight-Reading,261.707755102,54.629297052,316.33705215400005
