Instrument,ScoreGroup,Start,Duration,End
Alto Saxophone,Lyrical Etude,14.303492063,52.314557823,66.618049886
Alto Saxophone,Technical Etude,74.791473923,25.332970522,100.124444445
Alto Saxophone,Chromatic Scale,109.180226757,11.58675737,120.766984127
Alto Saxophone,Major Scales,129.17260771,54.752653061,183.92526077099998
Alto Saxophone,Sight-Reading,188.406712018,46.718548753,235.125260771
