Instrument,ScoreGroup,Start,Duration,End
Xylophone,Mallet Etude,15.60381,29.791202,45.395011999999994
Snare Drum,Snare Etude,54.868753,120.140045,175.008798
Timpani,Timpani Etude,182.624943,50.921361,233.546304
Xylophone,Chromatic Scale,242.346667,9.380862,251.727529
Xylophone,Major Scales,258.554195,102.53932,361.093515
Xylophone,Sight-Reading,369.917098,32.833016,402.750114
Snare Drum,Sight-Reading,410.969977,26.493968,437.46394499999997
