Instrument,ScoreGroup,Start,Duration,End
Flute,Lyrical Etude,11.232653,73.142857,84.37551
Flute,Technical Etude,90.906122,24.816327,115.722449
Flute,Chromatic Scale,122.514286,17.763265,140.277551
Flute,Major Scales,148.37551,120.42449,268.8
Flute,Sight-Reading,274.546939,58.514286,333.06122500000004
