Instrument,ScoreGroup,Start,Duration,End
Alto Saxophone,Lyrical Etude,19.179682539,84.358095238,103.537777777
Alto Saxophone,Technical Etude,114.753015873,52.012698412,166.765714285
Alto Saxophone,Chromatic Scale,176.03047619,7.314285714,183.344761904
Alto Saxophone,Major Scales,191.471746031,78.344126984,269.815873015
Alto Saxophone,Sight-Reading,273.716825396,36.687528344,310.40435374
