Instrument,ScoreGroup,Start,Duration,End
Bb Clarinet,Lyrical Etude,11.517098,80.248163,91.76526100000001
Bb Clarinet,Technical Etude,95.851973,34.922812,130.774785
Bb Clarinet,Chromatic Scale,136.719093,21.548118,158.26721099999997
Bb Clarinet,Major Scales,164.583039,82.10576,246.68879900000002
Bb Clarinet,Sight-Reading,250.77551,53.498776,304.274286
