Instrument,ScoreGroup,Start,Duration,End
Bb Clarinet,Lyrical Etude,13.931973,63.436916,77.368889
Bb Clarinet,Technical Etude,83.963356,97.639909,181.60326500000002
Bb Clarinet,Chromatic Scale,189.54449,19.063583,208.608073
Bb Clarinet,Major Scales,215.550839,95.596553,311.14739199999997
Bb Clarinet,Sight-Reading,318.136599,76.347211,394.48381
