Instrument,ScoreGroup,Start,Duration,End
Flute,Lyrical Etude,15.36,61.927619047,77.28761904699999
Flute,Technical Etude,81.757460317,24.868571428,106.62603174499999
Flute,Chromatic Scale,112.071111111,26.90031746,138.971428571
Flute,Major Scales,143.151020408,90.790022675,233.941043083
Flute,Sight-Reading,237.075736961,41.679818594,278.755555555
