Instrument,ScoreGroup,Start,Duration,End
Trumpet,Lyrical Etude,11.102040816,49.371428571,60.473469387
Trumpet,Technical Etude,64.130612244,35.265306122,99.395918366
Trumpet,Chromatic Scale,109.061224489,15.542857142,124.604081631
Trumpet,Major Scales,131.004081632,63.21632653,194.220408162
Trumpet,Sight-Reading,200.359183673,56.946938775,257.306122448
