Instrument,ScoreGroup,Start,Duration,End
Xylophone,Mallet Etude,13.374694,97.33805,110.712744
Snare Drum,Snare Etude,118.328889,99.195646,217.52453500000001
Timpani,Timpani Etude,226.440998,79.319365,305.760363
Xylophone,Chromatic Scale,311.518912,12.817415,324.336327
Xylophone,Major Scales,332.323991,104.396916,436.720907
Xylophone,Sight-Reading,443.965533,66.130431,510.095964
Snare Drum,Sight-Reading,517.15483,41.610159,558.7649889999999
