Instrument,ScoreGroup,Start,Duration,End
Flute,Lyrical Etude,25.63483,23.962993,49.597823000000005
Flute,Technical Etude,63.529796,65.573152,129.102948
Flute,Chromatic Scale,143.034921,18.018685,161.053606
Flute,Major Scales,178.329252,121.486803,299.816055
Flute,Sight-Reading,307.24644,46.439909,353.686349
