Instrument,ScoreGroup,Start,Duration,End
Flute,Lyrical Etude,9.926530612,47.124897959,57.051428571
Flute,Technical Etude,62.589387755,28.839183673,91.428571428
Flute,Chromatic Scale,97.488979591,26.226938775,123.71591836600001
Flute,Major Scales,129.056507936,78.506666666,207.563174602
Flute,Sight-Reading,212.926984126,51.687619047,264.614603173
