Instrument,ScoreGroup,Start,Duration,End
Alto Saxophone,Lyrical Etude,11.122358276,60.650521541,71.772879817
Alto Saxophone,Technical Etude,76.834829931,22.616235827,99.451065758
Alto Saxophone,Chromatic Scale,106.509931971,11.702857142,118.212789113
Alto Saxophone,Major Scales,125.318095231,73.142857142,198.460952373
Alto Saxophone,Sight-Reading,205.101859411,44.953832199,250.05569161
