Instrument,ScoreGroup,Start,Duration,End
Alto Saxophone,Lyrical Etude,12.979954649,42.26031746,55.240272109
Alto Saxophone,Technical Etude,60.604081633,31.439818594,92.043900227
Alto Saxophone,Chromatic Scale,101.958820862,19.620861678,121.57968254
Alto Saxophone,Major Scales,128.615328798,101.865941043,230.48126984100003
Alto Saxophone,Sight-Reading,235.589659864,59.907482993,295.497142857
