Instrument,ScoreGroup,Start,Duration,End
Alto Saxophone,Lyrical Etude,16.18430839,87.771428571,103.955736961
Alto Saxophone,Technical Etude,112.222040816,39.288163265,151.510204081
Alto Saxophone,Chromatic Scale,163.120181406,10.402539683,173.52272108900002
Alto Saxophone,Major Scales,185.155918367,99.172426304,284.32834467099997
Alto Saxophone,Sight-Reading,290.922811791,68.243446712,359.166258503
