Instrument,ScoreGroup,Start,Duration,End
Xylophone,Mallet Etude,13.518367,41.273469,54.791835999999996
Snare Drum,Snare Etude,63.715556,86.563991,150.279547
Timpani,Timpani Etude,156.966893,105.139955,262.106848
Xylophone,Chromatic Scale,272.695147,7.151746,279.846893
Xylophone,Major Scales,287.608163,89.338776,376.946939
Xylophone,Sight-Reading,420.440816,33.959184,454.4
Snare Drum,Sight-Reading,380.734694,32.914286,413.64898
