Instrument,ScoreGroup,Start,Duration,End
Alto Saxophone,Lyrical Etude,15.18585034,68.893605442,84.079455782
Alto Saxophone,Technical Etude,90.720362812,77.508208617,168.228571429
Alto Saxophone,Chromatic Scale,178.654331066,10.983038549,189.637369615
Alto Saxophone,Major Scales,198.135873016,108.948027211,307.083900227
Alto Saxophone,Sight-Reading,315.001904762,56.517369615,371.519274377
