Instrument,ScoreGroup,Start,Duration,End
Bb Clarinet,Lyrical Etude,18.390204081,75.975691609,94.36589569
Bb Clarinet,Technical Etude,104.025396825,37.337687074,141.363083899
Bb Clarinet,Chromatic Scale,147.30739229,14.117732426,161.425124716
Bb Clarinet,Major Scales,170.155827664,108.112108843,278.267936507
Bb Clarinet,Sight-Reading,284.212244897,60.557641723,344.76988662
