Instrument,ScoreGroup,Start,Duration,End
Flute,Lyrical Etude,10.448979591,40.333061224,50.782040815
Flute,Technical Etude,55.170612244,36.989387755,92.15999999900001
Flute,Chromatic Scale,98.220408163,40.96,139.180408163
Flute,Major Scales,144.497777777,116.053333333,260.55111111
Flute,Sight-Reading,266.077460317,46.648888888,312.72634920499996
