Instrument,ScoreGroup,Start,Duration,End
Flute,Lyrical Etude,11.493878,53.080816,64.574694
Flute,Technical Etude,71.68,48.065306,119.745306
Flute,Chromatic Scale,136.672653,19.435102,156.107755
Flute,Major Scales,160.705306,126.432653,287.137959
Flute,Sight-Reading,294.243265,69.799184,364.04244900000003
