Instrument,ScoreGroup,Start,Duration,End
Flute,Lyrical Etude,16.439727891,48.390385488,64.830113379
Flute,Technical Etude,71.517460317,29.442902494,100.960362811
Flute,Chromatic Scale,109.412426304,20.526439909,129.93886621299998
Flute,Major Scales,137.833650794,83.545396825,221.379047619
Flute,Sight-Reading,225.837278912,41.377959184,267.215238096
