Instrument,ScoreGroup,Start,Duration,End
Flute,Lyrical Etude,9.752380952,55.01968254,64.772063492
Flute,Technical Etude,69.810793651,34.864761905,104.675555556
Flute,Chromatic Scale,111.177142857,10.524444444,121.701587301
Flute,Major Scales,128.034829932,105.743673469,233.77850340100002
Flute,Sight-Reading,240.46585034,64.458594104,304.924444444
