Instrument,ScoreGroup,Start,Duration,End
Flute,Lyrical Etude,11.006258503,47.116190476,58.122448979
Flute,Technical Etude,64.509387755,23.363628118,87.87301587300001
Flute,Chromatic Scale,95.361451247,19.156462585,114.517913832
Flute,Major Scales,121.454875283,129.564444444,251.019319727
Flute,Sight-Reading,257.410612245,98.063673469,355.47428571399996
