Instrument,ScoreGroup,Start,Duration,End
Bb Clarinet,Lyrical Etude,11.911836735,89.33877551,101.250612245
Bb Clarinet,Technical Etude,105.012244898,39.706122449,144.718367347
Bb Clarinet,Chromatic Scale,149.733877551,13.792653061,163.52653061200002
Bb Clarinet,Major Scales,168.553650794,118.653968254,287.20761904799997
Bb Clarinet,Sight-Reading,290.481632653,57.585487528,348.067120181
