Instrument,ScoreGroup,Start,Duration,End
Flute,Lyrical Etude,13.374694,51.931429,65.306123
Flute,Technical Etude,68.858776,27.480816,96.33959200000001
Flute,Chromatic Scale,102.60898,17.449796,120.058776
Flute,Major Scales,125.910204,113.893878,239.804082
Flute,Sight-Reading,245.133061,40.542041,285.675102
