Instrument,ScoreGroup,Start,Duration,End
Flute,Lyrical Etude,9.462132,40.92517,50.387302000000005
Flute,Technical Etude,56.30839,48.645805,104.954195
Flute,Chromatic Scale,111.687982,35.64263,147.330612
Flute,Major Scales,153.135601,89.164626,242.300227
Flute,Sight-Reading,245.66712,54.973243,300.640363
