Instrument,ScoreGroup,Start,Duration,End
Flute,Lyrical Etude,10.031020408,72.910657596,82.941678004
Flute,Technical Etude,88.793106575,49.876462585,138.66956915999998
Flute,Chromatic Scale,144.428117913,11.238458049,155.666575962
Flute,Major Scales,161.79664399,122.787120181,284.583764171
Flute,Sight-Reading,288.113197278,48.297505668,336.41070294599996
