Instrument,ScoreGroup,Start,Duration,End
French Horn,Lyrical Etude,14.757622,106.974031,121.731653
French Horn,Technical Etude,128.923185,65.622725,194.54591
French Horn,Chromatic Scale,201.287971,9.438885,210.726856
French Horn,Major Scales,216.569975,98.434088,315.004063
French Horn,Sight-Reading,319.49877,39.103953,358.60272299999997
