Instrument,ScoreGroup,Start,Duration,End
Xylophone,Mallet Etude,12.016327,70.4,82.41632700000001
Snare Drum,Snare Etude,89.730612,58.383673,148.114285
Timpani,Timpani Etude,152.694422,78.947846,231.642268
Xylophone,Chromatic Scale,240.979592,10.383673,251.36326499999998
Xylophone,Major Scales,255.738776,69.616327,325.355103
Xylophone,Sight-Reading,332.146939,66.481633,398.62857199999996
Snare Drum,Sight-Reading,402.285714,33.567347,435.85306099999997
