Instrument,ScoreGroup,Start,Duration,End
Flute,Lyrical Etude,13.996622,102.746153,116.74277500000001
Flute,Technical Etude,126.125985,46.916052,173.042037
Flute,Chromatic Scale,183.363568,12.667334,196.030902
Flute,Major Scales,204.006631,106.030277,310.036908
Flute,Sight-Reading,321.29676,52.076817,373.373577
