Instrument,ScoreGroup,Start,Duration,End
Trumpet,Lyrical Etude,11.985607,75.456186,87.441793
Trumpet,Technical Etude,98.777933,18.775483,117.553416
Trumpet,Chromatic Scale,126.409776,9.210614,135.62039
Trumpet,Major Scales,146.956531,84.312546,231.269077
Trumpet,Sight-Reading,239.416928,41.802018,281.218946
