Instrument,ScoreGroup,Start,Duration,End
Flute,Lyrical Etude,13.844898,61.64898,75.493878
Flute,Technical Etude,80.979592,23.24898,104.228572
Flute,Chromatic Scale,111.804082,12.016327,123.820409
Flute,Major Scales,132.440816,95.608163,228.04897900000003
Flute,Sight-Reading,236.146939,41.273469,277.420408
