Instrument,ScoreGroup,Start,Duration,End
Flute,Lyrical Etude,11.354557823,49.597823129,60.952380952
Flute,Technical Etude,65.4338322,34.876371882,100.310204082
Flute,Chromatic Scale,107.136870748,12.608435374,119.745306122
Flute,Major Scales,127.663310658,105.372154195,233.035464853
Flute,Sight-Reading,240.16399093,43.003356009,283.167346939
