Instrument,ScoreGroup,Start,Duration,End
Flute,Lyrical Etude,12.53877551,54.056054422,66.59482993200001
Flute,Technical Etude,73.421496599,34.829931973,108.251428572
Flute,Chromatic Scale,113.127619048,27.863945578,140.991564626
Flute,Major Scales,146.285714286,122.462040816,268.747755102
Flute,Sight-Reading,273.205986395,62.693877551,335.89986394600004
