Instrument,ScoreGroup,Start,Duration,End
Bb Clarinet,Lyrical Etude,11.842176871,102.864399093,114.706575964
Bb Clarinet,Technical Etude,120.047165533,67.105668934,187.152834467
Bb Clarinet,Chromatic Scale,192.400544218,19.644081633,212.04462585099998
Bb Clarinet,Major Scales,218.290793651,136.370793651,354.66158730200004
Bb Clarinet,Sight-Reading,360.35047619,91.347301587,451.697777777
