Instrument,ScoreGroup,Start,Duration,End
Xylophone,Mallet Etude,14.497959,44.538776,59.036735
Snare Drum,Snare Etude,66.68771,70.588662,137.27637199999998
Timpani,Timpani Etude,142.663401,58.421406,201.08480699999998
Xylophone,Chromatic Scale,209.397551,5.688889,215.08643999999998
Xylophone,Major Scales,223.216327,75.232653,298.44898
Xylophone,Sight-Reading,305.667483,36.733968,342.401451
Snare Drum,Sight-Reading,351.410794,33.947574,385.35836800000004
