Instrument,ScoreGroup,Start,Duration,End
Alto Saxophone,Lyrical Etude,13.746213152,59.326984127,73.073197279
Alto Saxophone,Technical Etude,79.063945578,42.399637188,121.463582766
Alto Saxophone,Chromatic Scale,128.220589569,8.684263039,136.904852608
Alto Saxophone,Major Scales,144.381678005,119.095147392,263.47682539699997
Alto Saxophone,Sight-Reading,270.489251701,65.503492063,335.992743764
