Instrument,ScoreGroup,Start,Duration,End
Bb Clarinet,Lyrical Etude,12.53877551,128.870748299,141.409523809
Bb Clarinet,Technical Etude,149.768707483,37.384126984,187.152834467
Bb Clarinet,Chromatic Scale,192.934603175,13.978412698,206.913015873
Bb Clarinet,Major Scales,214.227301587,109.389206349,323.616507936
Bb Clarinet,Sight-Reading,332.231111111,54.775873016,387.006984127
