Instrument,ScoreGroup,Start,Duration,End
Flute,Lyrical Etude,11.702857142,49.876462585,61.579319727
Flute,Technical Etude,66.455510204,25.07755102,91.53306122400001
Flute,Chromatic Scale,99.892244897,19.78340136,119.675646257
Flute,Major Scales,125.527074829,81.92,207.447074829
Flute,Sight-Reading,213.437823129,52.244897959,265.682721088
