Instrument,ScoreGroup,Start,Duration,End
Alto Saxophone,Lyrical Etude,10.866938775,183.693061224,194.55999999899998
Alto Saxophone,Technical Etude,199.366530612,69.172244897,268.538775509
Alto Saxophone,Chromatic Scale,276.271020408,11.493877551,287.76489795900005
Alto Saxophone,Major Scales,293.407346938,97.802448979,391.209795917
Alto Saxophone,Sight-Reading,394.344489795,46.184489795,440.52897959
