Instrument,ScoreGroup,Start,Duration,End
Alto Saxophone,Lyrical Etude,9.868480725,49.922902494,59.791383219
Alto Saxophone,Technical Etude,64.551473922,33.66893424,98.220408162
Alto Saxophone,Chromatic Scale,105.65079365,9.752380952,115.40317460199999
Alto Saxophone,Major Scales,120.743764172,60.720181405,181.463945577
Alto Saxophone,Sight-Reading,187.26893424,42.376417233,229.645351473
