Instrument,ScoreGroup,Start,Duration,End
Flute,Lyrical Etude,17.461406,56.47093,73.932336
Flute,Technical Etude,80.991202,27.863946,108.855148
Flute,Chromatic Scale,121.858322,27.492426,149.350748
Flute,Major Scales,160.496327,122.229841,282.72616800000003
Flute,Sight-Reading,287.184399,75.046893,362.231292
