Instrument,ScoreGroup,Start,Duration,End
Flute,Lyrical Etude,11.424217687,98.220408163,109.64462585
Flute,Technical Etude,114.799455782,40.681360544,155.480816326
Flute,Chromatic Scale,162.446802721,16.300408163,178.74721088400003
Flute,Major Scales,184.459319727,112.570340136,297.029659863
Flute,Sight-Reading,302.463129251,73.421496598,375.88462584900003
