Instrument,ScoreGroup,Start,Duration,End
Bb Clarinet,Lyrical Etude,15.046530612,51.919818594,66.966349206
Bb Clarinet,Technical Etude,72.910657596,42.817596371,115.728253967
Bb Clarinet,Chromatic Scale,124.737596371,20.897959183,145.635555554
Bb Clarinet,Major Scales,154.644897959,91.672380952,246.317278911
Bb Clarinet,Sight-Reading,252.447346938,71.703219954,324.15056689200003
