Instrument,ScoreGroup,Start,Duration,End
Bb Clarinet,Lyrical Etude,10.402539682,52.384217687,62.786757369
Bb Clarinet,Technical Etude,67.430748299,42.724716553,110.155464852
Bb Clarinet,Chromatic Scale,115.914013605,14.117732426,130.03174603099998
Bb Clarinet,Major Scales,135.976054421,74.303854875,210.27990929599997
Bb Clarinet,Sight-Reading,214.552380952,46.439909297,260.992290249
