Instrument,ScoreGroup,Start,Duration,End
Bb Clarinet,Lyrical Etude,15.046530612,42.817596371,57.864126983
Bb Clarinet,Technical Etude,63.529795918,35.944489795,99.474285713
Bb Clarinet,Chromatic Scale,106.440272108,15.696689342,122.13696145
Bb Clarinet,Major Scales,130.403265306,80.619682539,211.022947845
Bb Clarinet,Sight-Reading,219.753650793,58.235646258,277.989297051
