Instrument,ScoreGroup,Start,Duration,End
Alto Saxophone,Lyrical Etude,15.046530612,59.071564625,74.118095237
Alto Saxophone,Technical Etude,80.666122448,49.458503401,130.12462584899998
Alto Saxophone,Chromatic Scale,136.672653061,46.950748299,183.62340136
Alto Saxophone,Major Scales,192.818503401,106.99755102,299.816054421
Alto Saxophone,Sight-Reading,306.642721088,59.768163265,366.410884353
