Instrument,ScoreGroup,Start,Duration,End
Bb Clarinet,Lyrical Etude,13.191837,81.893878,95.085715
Bb Clarinet,Technical Etude,100.124444,31.021859,131.146303
Bb Clarinet,Chromatic Scale,139.232653,14.432653,153.665306
Bb Clarinet,Major Scales,164.211519,125.387755,289.59927400000004
Bb Clarinet,Sight-Reading,294.008163,65.436735,359.444898
