Instrument,ScoreGroup,Start,Duration,End
Flute,Lyrical Etude,9.287981859,45.278911564,54.566893422999996
Flute,Technical Etude,58.978684807,21.246258503,80.22494331
Flute,Chromatic Scale,85.797732426,17.182766439,102.980498865
Flute,Major Scales,108.901587301,82.779138321,191.680725622
Flute,Sight-Reading,196.905215419,42.376417233,239.28163265199998
