Instrument,ScoreGroup,Start,Duration,End
Trumpet,Lyrical Etude,15.248079,65.573284,80.821363
Trumpet,Technical Etude,90.637722,22.773955,113.411677
Trumpet,Chromatic Scale,122.442728,10.994323,133.437051
Trumpet,Major Scales,147.179955,103.268105,250.44806
Trumpet,Sight-Reading,264.583619,48.689145,313.272764
