Instrument,ScoreGroup,Start,Duration,End
Alto Saxophone,Lyrical Etude,9.752380952,48.843174603,58.595555555000004
Alto Saxophone,Technical Etude,61.44,27.062857142,88.502857142
Alto Saxophone,Chromatic Scale,93.622857142,18.041904761,111.664761903
Alto Saxophone,Major Scales,117.76,72.655238095,190.415238095
Alto Saxophone,Sight-Reading,194.316190476,86.389841269,280.706031745
