Instrument,ScoreGroup,Start,Duration,End
Bb Clarinet,Lyrical Etude,11.122358,69.450884,80.57324200000001
Bb Clarinet,Technical Etude,89.141406,70.379683,159.52108900000002
Bb Clarinet,Chromatic Scale,167.880272,13.258594,181.13886599999998
Bb Clarinet,Major Scales,189.61415,70.263583,259.877733
Bb Clarinet,Sight-Reading,265.775601,52.500317,318.275918
