Instrument,ScoreGroup,Start,Duration,End
Bb Clarinet,Lyrical Etude,12.074376417,104.396916099,116.47129251599999
Bb Clarinet,Technical Etude,121.858321995,48.669024943,170.527346938
Bb Clarinet,Chromatic Scale,178.886530612,10.959818594,189.846349206
Bb Clarinet,Major Scales,197.834013605,105.139954648,302.973968253
Bb Clarinet,Sight-Reading,308.636734693,63.47755102,372.114285713
