Instrument,ScoreGroup,Start,Duration,End
Flute,Lyrical Etude,10.24,40.193741497,50.433741497
Flute,Technical Etude,54.961632653,36.989387755,91.951020408
Flute,Chromatic Scale,99.195646259,41.168979592,140.364625851
Flute,Major Scales,146.935873016,106.707301587,253.64317460299998
Flute,Sight-Reading,259.16952381,64.121904762,323.291428572
