Instrument,ScoreGroup,Start,Duration,End
Bb Clarinet,Lyrical Etude,16.532608,73.560816,90.093424
Bb Clarinet,Technical Etude,98.266848,26.284989,124.55183699999999
Bb Clarinet,Chromatic Scale,133.654059,11.981497,145.63555599999998
Bb Clarinet,Major Scales,155.167347,101.616327,256.783674
Bb Clarinet,Sight-Reading,267.865397,40.77424,308.639637
