Instrument,ScoreGroup,Start,Duration,End
Bb Clarinet,Lyrical Etude,17.011195,128.490649,145.501844
Bb Clarinet,Technical Etude,156.3821,40.412381,196.79448100000002
Bb Clarinet,Chromatic Scale,207.156631,11.398364,218.55499500000002
Bb Clarinet,Major Scales,232.025788,107.766351,339.792139
Bb Clarinet,Sight-Reading,348.599966,65.281539,413.881505
