Instrument,ScoreGroup,Start,Duration,End
Bb Clarinet,Lyrical Etude,13.844898,77.322449,91.167347
Bb Clarinet,Technical Etude,95.480454,31.764898,127.245352
Bb Clarinet,Chromatic Scale,133.746939,13.931973,147.678912
Bb Clarinet,Major Scales,154.180499,113.499138,267.679637
Bb Clarinet,Sight-Reading,273.252426,46.06839,319.32081600000004
