Instrument,ScoreGroup,Start,Duration,End
Xylophone,Mallet Etude,9.473741,39.288163,48.761904
Snare Drum,Snare Etude,51.966259,47.090068,99.05632700000001
Timpani,Timpani Etude,102.817959,60.464762,163.282721
Xylophone,Chromatic Scale,168.437551,10.03102,178.46857100000003
Xylophone,Major Scales,183.205442,70.217143,253.422585
Xylophone,Sight-Reading,258.298776,63.529796,321.82857199999995
Snare Drum,Sight-Reading,326.426122,30.093061,356.519183
