Instrument,ScoreGroup,Start,Duration,End
Xylophone,Mallet Etude,12.538776,60.604082,73.142858
Snare Drum,Snare Etude,83.853061,63.738776,147.591837
Timpani,Timpani Etude,158.040816,58.77551,216.816326
Xylophone,Chromatic Scale,229.877551,8.359184,238.236735
Xylophone,Major Scales,245.289796,101.093878,346.383674
Xylophone,Sight-Reading,352.914286,49.371429,402.285715
Snare Drum,Sight-Reading,408.032653,32.914286,440.946939
