Instrument,ScoreGroup,Start,Duration,End
Bb Clarinet,Lyrical Etude,11.493878,84.37551,95.869388
Bb Clarinet,Technical Etude,99.752925,122.044082,221.797007
Bb Clarinet,Chromatic Scale,227.555556,36.594649,264.15020499999997
Bb Clarinet,Major Scales,271.15102,124.865306,396.01632600000005
Bb Clarinet,Sight-Reading,400.718367,88.032653,488.75102
