Instrument,ScoreGroup,Start,Duration,End
Bb Clarinet,Lyrical Etude,18.546939,66.873469,85.420408
Bb Clarinet,Technical Etude,86.987755,17.502041,104.48979600000001
Bb Clarinet,Chromatic Scale,112.84898,25.077551,137.926531
Bb Clarinet,Major Scales,144.979592,91.167347,236.146939
Bb Clarinet,Sight-Reading,243.983673,62.955102,306.938775
