Instrument,ScoreGroup,Start,Duration,End
Bb Clarinet,Lyrical Etude,11.075918367,67.918367347,78.994285714
Bb Clarinet,Technical Etude,88.259047619,27.585306122,115.84435374099999
Bb Clarinet,Chromatic Scale,123.646258503,17.763265306,141.409523809
Bb Clarinet,Major Scales,146.854603175,84.601904762,231.456507937
Bb Clarinet,Sight-Reading,236.82031746,44.292063492,281.112380952
