Instrument,ScoreGroup,Start,Duration,End
Flute,Lyrical Etude,14.994285714,46.08,61.074285714
Flute,Technical Etude,68.754285714,35.213061224,103.967346938
Flute,Chromatic Scale,112.953469388,26.540408163,139.493877551
Flute,Major Scales,150.999365079,122.22984127,273.229206349
Flute,Sight-Reading,280.148752834,51.54829932,331.697052154
