Instrument,ScoreGroup,Start,Duration,End
Alto Saxophone,Lyrical Etude,16.788027211,70.600272109,87.38829932
Alto Saxophone,Technical Etude,94.772244898,39.984761905,134.757006803
Alto Saxophone,Chromatic Scale,144.857687075,12.956734694,157.814421769
Alto Saxophone,Major Scales,166.034285714,70.147482993,236.181768707
Alto Saxophone,Sight-Reading,244.192653061,52.906666667,297.099319728
