Instrument,ScoreGroup,Start,Duration,End
Xylophone,Mallet Etude,10.644898,43.363265,54.008162999999996
Snare Drum,Snare Etude,58.77551,97.959184,156.734694
Timpani,Timpani Etude,162.168163,99.752925,261.921088
Xylophone,Chromatic Scale,270.001633,6.408707,276.41034
Xylophone,Major Scales,283.297959,98.481633,381.779592
Xylophone,Sight-Reading,385.567347,60.865306,446.43265299999996
Snare Drum,Sight-Reading,450.416327,37.616327,488.03265400000004
