Instrument,ScoreGroup,Start,Duration,End
Flute,Lyrical Etude,11.261678005,30.476190476,41.737868481
Flute,Technical Etude,46.207709751,33.8430839,80.050793651
Flute,Chromatic Scale,86.436281179,27.457596372,113.893877551
Flute,Major Scales,121.486802721,94.389115646,215.875918367
Flute,Sight-Reading,219.428571429,50.503401361,269.93197279
