Instrument,ScoreGroup,Start,Duration,End
Flute,Lyrical Etude,11.135836,133.630031,144.76586700000001
Flute,Technical Etude,153.187928,60.638838,213.826766
Flute,Chromatic Scale,226.179122,15.159709,241.338831
Flute,Major Scales,253.129716,142.613563,395.74327900000003
Flute,Sight-Reading,411.464459,35.372655,446.837114
