Instrument,ScoreGroup,Start,Duration,End
Bb Clarinet,Lyrical Etude,11.517097505,122.601360544,134.118458049
Bb Clarinet,Technical Etude,140.062766439,58.328526077,198.391292516
Bb Clarinet,Chromatic Scale,205.061224489,13.844897959,218.90612244800002
Bb Clarinet,Major Scales,225.697959183,111.804081632,337.502040815
Bb Clarinet,Sight-Reading,341.159183673,34.742857142,375.90204081499996
