Instrument,ScoreGroup,Start,Duration,End
Alto Saxophone,Lyrical Etude,15.830204081,72.515918367,88.346122448
Alto Saxophone,Technical Etude,97.436734693,26.226938775,123.66367346800001
Alto Saxophone,Chromatic Scale,131.657142857,9.926530612,141.583673469
Alto Saxophone,Major Scales,150.047346938,64.261224489,214.308571427
Alto Saxophone,Sight-Reading,222.093061224,64.835918367,286.92897959100003
