Instrument,ScoreGroup,Start,Duration,End
Trumpet,Lyrical Etude,12.284267,56.495156,68.77942300000001
Trumpet,Technical Etude,74.391525,25.441527,99.83305200000001
Trumpet,Chromatic Scale,106.567574,11.224203,117.791777
Trumpet,Major Scales,124.152159,109.248911,233.40107
Trumpet,Sight-Reading,239.013172,59.114137,298.12730899999997
