Instrument,ScoreGroup,Start,Duration,End
Bb Clarinet,Lyrical Etude,9.404081633,69.903673469,79.307755102
Bb Clarinet,Technical Etude,84.636734694,52.871836735,137.508571429
Bb Clarinet,Chromatic Scale,144.718367347,19.644081633,164.36244898
Bb Clarinet,Major Scales,171.676734694,77.531428571,249.208163265
Bb Clarinet,Sight-Reading,256.835918367,51.617959184,308.453877551
