Instrument,ScoreGroup,Start,Duration,End
Alto Saxophone,Lyrical Etude,14.628571428,198.066213151,212.694784579
Alto Saxophone,Technical Etude,219.660770975,54.102494331,273.763265306
Alto Saxophone,Chromatic Scale,284.67664399,11.145578231,295.822222221
Alto Saxophone,Major Scales,302.788208616,89.16462585,391.952834466
Alto Saxophone,Sight-Reading,397.061224489,50.247981859,447.309206348
