Instrument,ScoreGroup,Start,Duration,End
Bb Clarinet,Lyrical Etude,12.277551,88.685714,100.963265
Bb Clarinet,Technical Etude,109.453061,53.289796,162.74285700000001
Bb Clarinet,Chromatic Scale,171.363265,15.020408,186.38367300000002
Bb Clarinet,Major Scales,194.481633,100.702041,295.183674
Bb Clarinet,Sight-Reading,301.583673,55.24898,356.832653
