Instrument,ScoreGroup,Start,Duration,End
Bb Clarinet,Lyrical Etude,13.844898,104.228571,118.073469
Bb Clarinet,Technical Etude,122.322721,28.328345,150.65106600000001
Bb Clarinet,Chromatic Scale,155.480816,14.024853,169.505669
Bb Clarinet,Major Scales,176.657415,122.97288,299.630295
Bb Clarinet,Sight-Reading,303.531247,52.012698,355.543945
