Instrument,ScoreGroup,Start,Duration,End
Alto Saxophone,Lyrical Etude,16.83446712,57.260408163,74.094875283
Alto Saxophone,Technical Etude,78.762086168,33.994013605,112.75609977299999
Alto Saxophone,Chromatic Scale,122.903219955,23.196734694,146.09995464899998
Alto Saxophone,Major Scales,152.810521542,114.544036281,267.354557823
Alto Saxophone,Sight-Reading,275.574421769,45.929070295,321.50349206400006
