Instrument,ScoreGroup,Start,Duration,End
Flute,Lyrical Etude,12.538776,51.548299,64.087075
Flute,Technical Etude,70.820862,47.136508,117.95737
Flute,Chromatic Scale,123.994558,28.096145,152.090703
Flute,Major Scales,158.360091,54.799093,213.159184
Flute,Sight-Reading,220.35737,59.210884,279.568254
