Instrument,ScoreGroup,Start,Duration,End
Flute,Lyrical Etude,14.860771,165.511837,180.372608
Flute,Technical Etude,191.146667,93.994376,285.141043
Flute,Chromatic Scale,292.757188,25.44907,318.206258
Flute,Major Scales,333.252789,124.087438,457.340227
Flute,Sight-Reading,462.355737,117.77161,580.127347
