Instrument,ScoreGroup,Start,Duration,End
Flute,Lyrical Etude,9.845261,49.504943,59.350204
Flute,Technical Etude,63.344036,26.656508,90.000544
Flute,Chromatic Scale,97.616689,24.427392,122.04408099999999
Flute,Major Scales,130.403265,70.310023,200.713288
Flute,Sight-Reading,205.543039,39.381043,244.924082
