Instrument,ScoreGroup,Start,Duration,End
Flute,Lyrical Etude,49.24952381,80.132063492,129.381587302
Flute,Technical Etude,137.578231293,82.755918367,220.33414965999998
Flute,Chromatic Scale,229.320272109,12.956734694,242.277006803
Flute,Major Scales,251.05414966,106.626031746,357.680181406
Flute,Sight-Reading,365.551746032,92.972698413,458.524444445
