Instrument,ScoreGroup,Start,Duration,End
Trumpet,Lyrical Etude,16.644438,49.044821,65.68925899999999
Trumpet,Technical Etude,77.06197,23.811616,100.873586
Trumpet,Chromatic Scale,112.601696,10.30652,122.90821600000001
Trumpet,Major Scales,131.082353,101.643614,232.72596700000003
Trumpet,Sight-Reading,239.478514,41.936876,281.41539
