Instrument,ScoreGroup,Start,Duration,End
Alto Saxophone,Lyrical Etude,11.23845805,49.470113379,60.708571428999996
Alto Saxophone,Technical Etude,68.336326531,50.44244898,118.77877551099999
Alto Saxophone,Chromatic Scale,127.346938776,9.691428571,137.038367347
Alto Saxophone,Major Scales,144.039183673,90.906122449,234.94530612199998
Alto Saxophone,Sight-Reading,242.860408163,56.05877551,298.91918367299996
