Instrument,ScoreGroup,Start,Duration,End
Trumpet,Lyrical Etude,11.493877551,41.012244897,52.506122448
Trumpet,Technical Etude,56.946938775,26.122448979,83.069387754
Trumpet,Chromatic Scale,88.032653061,12.53877551,100.57142857100001
Trumpet,Major Scales,105.273469387,67.918367346,173.191836733
Trumpet,Sight-Reading,177.121814058,42.724716553,219.84653061100002
