Instrument,ScoreGroup,Start,Duration,End
Alto Saxophone,Lyrical Etude,19.760181,62.113379,81.87356
Alto Saxophone,Technical Etude,86.494331,28.839184,115.333515
Alto Saxophone,Chromatic Scale,119.025488,10.681179,129.70666699999998
Alto Saxophone,Major Scales,137.276372,101.401542,238.67791400000002
Alto Saxophone,Sight-Reading,248.151655,51.826939,299.978594
