Instrument,ScoreGroup,Start,Duration,End
Alto Saxophone,Lyrical Etude,9.659501,78.715646,88.37514700000001
Alto Saxophone,Technical Etude,92.601179,26.377868,118.97904700000001
Alto Saxophone,Chromatic Scale,124.435737,9.241542,133.677279
Alto Saxophone,Major Scales,140.945125,60.395102,201.340227
Alto Saxophone,Sight-Reading,206.286077,39.148844,245.434921
