Instrument,ScoreGroup,Start,Duration,End
Bb Clarinet,Lyrical Etude,18.227664399,63.622675737,81.850340136
Bb Clarinet,Technical Etude,85.9138322,66.176870748,152.090702948
Bb Clarinet,Chromatic Scale,158.940589569,23.684353741,182.62494331
Bb Clarinet,Major Scales,189.010430839,97.988208617,286.998639456
Bb Clarinet,Sight-Reading,295.241723356,67.6861678,362.92789115600004
