Instrument,ScoreGroup,Start,Duration,End
Flute,Lyrical Etude,7.569705215,39.381043084,46.950748299
Flute,Technical Etude,51.896598639,22.384036281,74.28063492
Flute,Chromatic Scale,80.248163265,19.783401361,100.031564626
Flute,Major Scales,107.740589569,119.646621315,227.387210884
Flute,Sight-Reading,232.211156463,56.84244898,289.05360544300004
