Instrument,ScoreGroup,Start,Duration,End
Bb Clarinet,Lyrical Etude,11.232653,97.959184,109.19183699999999
Bb Clarinet,Technical Etude,113.110204,64.261224,177.37142799999998
Bb Clarinet,Chromatic Scale,183.379592,14.367347,197.746939
Bb Clarinet,Major Scales,204.521361,113.313379,317.83474
Bb Clarinet,Sight-Reading,323.407528,75.232653,398.640181
