Instrument,ScoreGroup,Start,Duration,End
Flute,Lyrical Etude,18.111565,53.405896,71.517461
Flute,Technical Etude,79.876644,24.845351,104.72199499999999
Flute,Chromatic Scale,113.777778,13.699773,127.477551
Flute,Major Scales,133.979138,110.759184,244.738322
Flute,Sight-Reading,250.078912,42.724717,292.803629
