Instrument,ScoreGroup,Start,Duration,End
Bb Clarinet,Lyrical Etude,12.724535,68.359546,81.084081
Bb Clarinet,Technical Etude,87.585669,43.281995,130.867664
Bb Clarinet,Chromatic Scale,139.412608,42.260317,181.67292500000002
Bb Clarinet,Major Scales,191.346939,98.35102,289.69795899999997
Bb Clarinet,Sight-Reading,296.489796,74.318367,370.80816300000004
