Instrument,ScoreGroup,Start,Duration,End
Alto Saxophone,Lyrical Etude,9.404082,57.028209,66.43229099999999
Alto Saxophone,Technical Etude,72.051519,24.706032,96.757551
Alto Saxophone,Chromatic Scale,102.678639,9.450522,112.12916100000001
Alto Saxophone,Major Scales,119.025488,97.918549,216.94403699999998
Alto Saxophone,Sight-Reading,222.749025,42.376417,265.12544199999996
