Instrument,ScoreGroup,Start,Duration,End
Flute,Lyrical Etude,11.911836735,70.060408163,81.972244898
Flute,Technical Etude,92.786938776,48.953469388,141.740408164
Flute,Chromatic Scale,149.681632653,12.852244898,162.53387755100002
Flute,Major Scales,168.669750567,119.536326531,288.206077098
Flute,Sight-Reading,293.546666667,49.876462585,343.423129252
