Instrument,ScoreGroup,Start,Duration,End
Flute,Lyrical Etude,13.844897959,48.431020408,62.275918367
Flute,Technical Etude,74.67537415,27.411156463,102.086530613
Flute,Chromatic Scale,111.072653061,10.205170068,121.277823129
Flute,Major Scales,132.214421769,88.398367347,220.61278911600002
Flute,Sight-Reading,228.675918367,44.146938776,272.822857143
