Instrument,ScoreGroup,Start,Duration,End
Bb Clarinet,Lyrical Etude,12.074376417,54.520453515,66.594829932
Bb Clarinet,Technical Etude,72.074739229,36.594648526,108.669387755
Bb Clarinet,Chromatic Scale,116.006893424,15.789569161,131.796462585
Bb Clarinet,Major Scales,140.434285714,79.783764172,220.21804988600002
Bb Clarinet,Sight-Reading,225.883718821,41.517278912,267.400997733
