Instrument,ScoreGroup,Start,Duration,End
Flute,Lyrical Etude,10.588299319,49.876462585,60.464761904
Flute,Technical Etude,64.087074829,27.02802721,91.115102039
Flute,Chromatic Scale,97.245170068,22.848435374,120.093605442
Flute,Major Scales,125.945034013,124.83047619,250.775510203
Flute,Sight-Reading,254.95510204,52.384217687,307.33931972700003
