Instrument,ScoreGroup,Start,Duration,End
Oboe,Lyrical Etude,19.687442,133.840809,153.528251
Oboe,Technical Etude,162.653761,66.413432,229.067193
Oboe,Chromatic Scale,233.122974,14.195237,247.318211
Oboe,Major Scales,251.880967,95.310879,347.191846
Oboe,Sight-Reading,353.782492,50.697276,404.479768
