Instrument,ScoreGroup,Start,Duration,End
Flute,Lyrical Etude,9.752381,54.056054,63.808435
Flute,Technical Etude,66.873469,27.724626,94.598095
Flute,Chromatic Scale,98.081088,13.653333,111.734421
Flute,Major Scales,114.799456,116.471293,231.27074900000002
Flute,Sight-Reading,233.917823,62.972517,296.89034
