Instrument,ScoreGroup,Start,Duration,End
Flute,Lyrical Etude,8.359184,49.226304,57.585488
Flute,Technical Etude,60.023583,25.77415,85.797733
Flute,Chromatic Scale,89.977324,16.253968,106.231292
Flute,Major Scales,110.294785,102.980499,213.275284
Flute,Sight-Reading,216.409977,49.574603,265.98458
