Instrument,ScoreGroup,Start,Duration,End
Bb Clarinet,Lyrical Etude,11.389387755,67.813877551,79.203265306
Bb Clarinet,Technical Etude,82.651428571,25.6,108.25142857099999
Bb Clarinet,Chromatic Scale,115.565714286,15.255510204,130.82122449
Bb Clarinet,Major Scales,136.777142857,88.293877551,225.07102040799998
Bb Clarinet,Sight-Reading,228.728163265,58.723265306,287.451428571
