Instrument,ScoreGroup,Start,Duration,End
Bb Clarinet,Lyrical Etude,12.538776,60.995918,73.534694
Bb Clarinet,Technical Etude,79.412245,31.486259,110.898504
Bb Clarinet,Chromatic Scale,120.232925,16.300408,136.533333
Bb Clarinet,Major Scales,145.502041,94.432653,239.93469399999998
Bb Clarinet,Sight-Reading,243.623764,52.012698,295.636462
