Instrument,ScoreGroup,Start,Duration,End
Bb Clarinet,Lyrical Etude,12.167256236,47.740226757,59.907482993
Bb Clarinet,Technical Etude,66.03755102,28.328344671,94.36589569099999
Bb Clarinet,Chromatic Scale,101.146122449,16.904126984,118.050249433
Bb Clarinet,Major Scales,124.551836735,76.904489796,201.456326531
Bb Clarinet,Sight-Reading,208.422312925,68.127346939,276.549659864
