Instrument,ScoreGroup,Start,Duration,End
Alto Saxophone,Lyrical Etude,10.216780045,101.006802721,111.22358276599999
Alto Saxophone,Technical Etude,115.287074829,75.697052154,190.984126983
Alto Saxophone,Chromatic Scale,197.485714285,10.332879818,207.818594103
Alto Saxophone,Major Scales,213.507482993,94.505215419,308.01269841199996
Alto Saxophone,Sight-Reading,313.353287981,48.413605442,361.766893423
