Instrument,ScoreGroup,Start,Duration,End
Bb Clarinet,Lyrical Etude,16.161088435,67.244988662,83.406077097
Bb Clarinet,Technical Etude,88.421587301,52.569977324,140.991564625
Bb Clarinet,Chromatic Scale,148.60770975,18.390204081,166.997913831
Bb Clarinet,Major Scales,174.242539682,116.285532879,290.528072561
Bb Clarinet,Sight-Reading,297.772698412,64.087074829,361.859773241
