Instrument,ScoreGroup,Start,Duration,End
Flute,Lyrical Etude,15.766349,137.99619,153.762539
Flute,Technical Etude,165.140317,65.991111,231.13142800000003
Flute,Chromatic Scale,239.583492,17.554286,257.137778
Flute,Major Scales,265.102222,121.742222,386.84444399999995
Flute,Sight-Reading,393.183492,81.75746,474.940952
