Instrument,ScoreGroup,Start,Duration,End
Flute,Lyrical Etude,18.390204082,46.672108844,65.062312926
Flute,Technical Etude,71.262040816,36.710748299,107.972789115
Flute,Chromatic Scale,116.680272109,36.083809524,152.764081633
Flute,Major Scales,160.600816327,101.355102041,261.95591836799997
Flute,Sight-Reading,268.53877551,47.856326531,316.395102041
