Instrument,ScoreGroup,Start,Duration,End
Alto Saxophone,Lyrical Etude,9.613061224,82.546938775,92.15999999900001
Alto Saxophone,Technical Etude,96.339591836,47.438367346,143.777959182
Alto Saxophone,Chromatic Scale,149.629387755,13.792653061,163.42204081600002
Alto Saxophone,Major Scales,170.527346938,122.601360544,293.128707482
Alto Saxophone,Sight-Reading,294.243265306,75.232653061,369.475918367
