Instrument,ScoreGroup,Start,Duration,End
Xylophone,Mallet Etude,16.653061,47.15102,63.804081000000004
Snare Drum,Snare Etude,71.902041,53.942857,125.844898
Timpani,Timpani Etude,135.511655,73.189297,208.70095199999997
Xylophone,Chromatic Scale,218.917732,11.609977,230.52770900000002
Xylophone,Major Scales,245.420408,95.346939,340.76734700000003
Xylophone,Sight-Reading,347.559184,60.604082,408.163266
Snare Drum,Sight-Reading,416.718367,45.126531,461.844898
