Instrument,ScoreGroup,Start,Duration,End
Alto Saxophone,Lyrical Etude,14.512471655,58.340136054,72.852607709
Alto Saxophone,Technical Etude,76.974149659,28.270294784,105.244444443
Alto Saxophone,Chromatic Scale,111.165532879,14.106122448,125.27165532699999
Alto Saxophone,Major Scales,132.702040816,81.850340136,214.552380952
Alto Saxophone,Sight-Reading,218.906122448,52.535147392,271.44126984
