Instrument,ScoreGroup,Start,Duration,End
Bb Clarinet,Lyrical Etude,12.306575964,108.437188209,120.743764173
Bb Clarinet,Technical Etude,126.548752834,23.916553288,150.465306122
Bb Clarinet,Chromatic Scale,157.199092971,11.609977324,168.809070295
Bb Clarinet,Major Scales,174.38185941,102.167800454,276.549659864
Bb Clarinet,Sight-Reading,279.336054422,51.083900227,330.41995464900003
