Instrument,ScoreGroup,Start,Duration,End
Flute,Lyrical Etude,11.377777777,57.817687074,69.195464851
Flute,Technical Etude,75.58095238,24.7292517,100.31020408
Flute,Chromatic Scale,106.579591836,20.78185941,127.361451246
Flute,Major Scales,133.537959183,96.130612244,229.66857142700002
Flute,Sight-Reading,232.803265306,53.080816326,285.884081632
