Instrument,ScoreGroup,Start,Duration,End
Flute,Lyrical Etude,14.210612,45.97551,60.186122
Flute,Technical Etude,64.087075,49.876463,113.963538
Flute,Chromatic Scale,120.511565,38.870204,159.38176900000002
Flute,Major Scales,165.790476,111.037823,276.828299
Flute,Sight-Reading,280.589932,57.121088,337.71101999999996
