Instrument,ScoreGroup,Start,Duration,End
Flute,Lyrical Etude,10.24,99.05632653,109.29632653
Flute,Technical Etude,114.729795918,27.37632653,142.106122448
Flute,Chromatic Scale,147.330612244,15.464489795,162.795102039
Flute,Major Scales,170.945306122,110.341224489,281.286530611
Flute,Sight-Reading,285.884081632,48.483265306,334.367346938
