Instrument,ScoreGroup,Start,Duration,End
Flute,Lyrical Etude,10.588299,50.503401,61.091699999999996
Flute,Technical Etude,64.783673,27.028027,91.8117
Flute,Chromatic Scale,96.827211,16.927347,113.754558
Flute,Major Scales,118.212789,123.228299,241.441088
Flute,Sight-Reading,244.854422,79.760544,324.614966
