Instrument,ScoreGroup,Start,Duration,End
Alto Saxophone,Lyrical Etude,17.18276644,60.09324263,77.27600907
Alto Saxophone,Technical Etude,81.641360544,42.074557823,123.715918367
Alto Saxophone,Chromatic Scale,132.725260771,14.953650794,147.678911565
Alto Saxophone,Major Scales,156.781133787,63.065396825,219.84653061199998
Alto Saxophone,Sight-Reading,227.184036281,51.826938776,279.010975057
