Instrument,ScoreGroup,Start,Duration,End
Alto Saxophone,Lyrical Etude,11.563537415,45.90585034,57.469387755
Alto Saxophone,Technical Etude,64.60952381,64.284444444,128.89396825400001
Alto Saxophone,Chromatic Scale,136.11537415,9.752380952,145.86775510200002
Alto Saxophone,Major Scales,153.07755102,92.68244898,245.76
Alto Saxophone,Sight-Reading,250.543310658,49.400453515,299.943764173
