Instrument,ScoreGroup,Start,Duration,End
Bb Clarinet,Lyrical Etude,14.628571,62.432653,77.06122400000001
Bb Clarinet,Technical Etude,83.220317,27.678186,110.89850299999999
Bb Clarinet,Chromatic Scale,116.564172,12.910295,129.474467
Bb Clarinet,Major Scales,135.604535,116.471293,252.075828
Bb Clarinet,Sight-Reading,259.2,49.502041,308.702041
