Instrument,ScoreGroup,Start,Duration,End
Flute,Lyrical Etude,10.448979592,37.674376417,48.123356009
Flute,Technical Etude,51.37414966,26.180498866,77.554648526
Flute,Chromatic Scale,83.301587302,38.080725624,121.382312926
Flute,Major Scales,127.593650794,126.293333333,253.886984127
Flute,Sight-Reading,257.30031746,50.712380952,308.01269841199996
