Instrument,ScoreGroup,Start,Duration,End
Flute,Lyrical Etude,11.424217687,64.969433107,76.393650794
Flute,Technical Etude,80.457142857,29.837641723,110.29478458
Flute,Chromatic Scale,115.705034014,29.744761905,145.449795919
Flute,Major Scales,150.372426304,118.677188209,269.049614513
Flute,Sight-Reading,275.690521542,68.498866213,344.189387755
