Instrument,ScoreGroup,Start,Duration,End
French Horn,Lyrical Etude,13.183681,115.846278,129.029959
French Horn,Technical Etude,139.747015,76.040068,215.787083
French Horn,Chromatic Scale,225.483468,10.206721,235.69018899999998
French Horn,Major Scales,245.896909,104.108549,350.005458
French Horn,Sight-Reading,357.660498,48.992259,406.652757
