Instrument,ScoreGroup,Start,Duration,End
Bb Clarinet,Lyrical Etude,10.579591836,87.379591836,97.95918367200001
Bb Clarinet,Technical Etude,107.75510204,54.465306122,162.220408162
Bb Clarinet,Chromatic Scale,169.665306122,13.322448979,182.987755101
Bb Clarinet,Major Scales,192.391836734,99.004081632,291.395918366
Bb Clarinet,Sight-Reading,299.102040816,43.493877551,342.59591836699997
