Instrument,ScoreGroup,Start,Duration,End
Alto Saxophone,Lyrical Etude,10.565079365,72.93968254,83.50476190500001
Alto Saxophone,Technical Etude,88.055873016,30.476190476,118.532063492
Alto Saxophone,Chromatic Scale,124.911746032,26.006349206,150.918095238
Alto Saxophone,Major Scales,157.663492063,79.96952381,237.633015873
Alto Saxophone,Sight-Reading,241.980952381,51.362539683,293.34349206400003
