Instrument,ScoreGroup,Start,Duration,End
Bb Clarinet,Lyrical Etude,20.921179138,97.779229025,118.700408163
Bb Clarinet,Technical Etude,132.098321995,35.085351474,167.18367346899998
Bb Clarinet,Chromatic Scale,177.888072562,11.029478458,188.91755102
Bb Clarinet,Major Scales,201.200907029,94.435555556,295.636462585
Bb Clarinet,Sight-Reading,303.159727891,49.412063492,352.571791383
