Instrument,ScoreGroup,Start,Duration,End
Bb Clarinet,Lyrical Etude,14.489252,72.446259,86.93551099999999
Bb Clarinet,Technical Etude,94.365896,21.362358,115.728254
Bb Clarinet,Chromatic Scale,122.229841,13.560454,135.790295
Bb Clarinet,Major Scales,143.40644,80.062404,223.468844
Bb Clarinet,Sight-Reading,230.34195,29.907302,260.249252
