Instrument,ScoreGroup,Start,Duration,End
Flute,Lyrical Etude,13.625377,113.413544,127.038921
Flute,Technical Etude,136.49005,51.508651,187.99870099999998
Flute,Chromatic Scale,199.340056,15.121806,214.461862
Flute,Major Scales,222.495321,103.962416,326.457737
Flute,Sight-Reading,332.128414,42.530079,374.658493
