Instrument,ScoreGroup,Start,Duration,End
Flute,Lyrical Etude,11.905414,82.422097,94.32751099999999
Flute,Technical Etude,103.319013,54.448537,157.76755
Flute,Chromatic Scale,167.758107,13.487252,181.245359
Flute,Major Scales,193.234028,124.881966,318.115994
Flute,Sight-Reading,327.607023,70.433429,398.040452
