Instrument,ScoreGroup,Start,Duration,End
Alto Saxophone,Lyrical Etude,11.116553288,40.780045351,51.896598639
Alto Saxophone,Technical Etude,57.759637188,56.279365079,114.039002267
Alto Saxophone,Chromatic Scale,121.701587302,11.697052154,133.39863945599998
Alto Saxophone,Major Scales,139.784126984,120.540589569,260.32471655300003
Alto Saxophone,Sight-Reading,270.338321995,62.403628118,332.74195011300003
