Instrument,ScoreGroup,Start,Duration,End
Flute,Lyrical Etude,15.441269841,61.196190476,76.637460317
Flute,Technical Etude,81.594920635,43.235555556,124.830476191
Flute,Chromatic Scale,130.449705215,14.117732426,144.567437641
Flute,Major Scales,149.65260771,100.890702948,250.543310658
Flute,Sight-Reading,256.417959184,62.693877551,319.111836735
