Instrument,ScoreGroup,Start,Duration,End
Flute,Lyrical Etude,13.246984127,72.492698413,85.73968254
Flute,Technical Etude,88.096507937,64.446984127,152.543492064
Flute,Chromatic Scale,162.168163265,16.039183673,178.207346938
Flute,Major Scales,186.107936508,135.07047619,321.178412698
Flute,Sight-Reading,328.20244898,59.454693878,387.657142858
