Instrument,ScoreGroup,Start,Duration,End
Bb Clarinet,Lyrical Etude,11.679637188,46.956553288,58.636190476
Bb Clarinet,Technical Etude,62.902857143,27.144126984,90.046984127
Bb Clarinet,Chromatic Scale,95.451428571,14.466031746,109.91746031699999
Bb Clarinet,Major Scales,115.321904762,129.880816327,245.202721089
Bb Clarinet,Sight-Reading,250.729070295,63.39047619,314.119546485
