Instrument,ScoreGroup,Start,Duration,End
Xylophone,Mallet Etude,12.724535,41.517279,54.241814000000005
Snare Drum,Snare Etude,62.392018,46.718549,109.110567
Timpani,Timpani Etude,115.403175,49.574603,164.977778
Xylophone,Chromatic Scale,171.525805,9.125442,180.65124699999998
Xylophone,Major Scales,192.493424,117.72517,310.218594
Xylophone,Sight-Reading,317.765079,37.268027,355.03310600000003
Snare Drum,Sight-Reading,361.232834,35.549751,396.78258500000004
