Instrument,ScoreGroup,Start,Duration,End
Flute,Lyrical Etude,12.88707483,49.412063492,62.299138322000005
Flute,Technical Etude,66.827029478,22.198276644,89.025306122
Flute,Chromatic Scale,95.875192744,19.574421769,115.449614513
Flute,Major Scales,123.22829932,75.697052154,198.92535147400002
Flute,Sight-Reading,205.612698413,65.991111111,271.603809524
