Instrument,ScoreGroup,Start,Duration,End
Alto Saxophone,Lyrical Etude,10.244198,54.940948,65.185146
Alto Saxophone,Technical Etude,75.486573,57.687995,133.17456800000002
Alto Saxophone,Chromatic Scale,140.728949,7.55438,148.283329
Alto Saxophone,Major Scales,159.271519,74.513661,233.78518000000003
Alto Saxophone,Sight-Reading,240.652798,33.651331,274.304129
