Instrument,ScoreGroup,Start,Duration,End
Trumpet,Lyrical Etude,14.882603,51.925204,66.807807
Trumpet,Technical Etude,84.509581,22.028875,106.538456
Trumpet,Chromatic Scale,115.192657,14.554792,129.747449
Trumpet,Major Scales,143.908868,104.243782,248.15265
Trumpet,Sight-Reading,257.986969,55.072187,313.059156
