Instrument,ScoreGroup,Start,Duration,End
Bb Clarinet,Lyrical Etude,10.913378685,48.576145125,59.489523809999994
Bb Clarinet,Technical Etude,63.831655329,50.828480726,114.66013605500001
Bb Clarinet,Chromatic Scale,120.279365079,14.582131519,134.861496598
Bb Clarinet,Major Scales,141.618503401,133.276734694,274.89523809499997
Bb Clarinet,Sight-Reading,279.045804989,66.641269841,345.68707483
