Instrument,ScoreGroup,Start,Duration,End
Xylophone,Mallet Etude,16.457143,40.881633,57.338775999999996
Snare Drum,Snare Etude,67.787755,88.032653,155.820408
Timpani,Timpani Etude,164.702041,99.657143,264.359184
Xylophone,Chromatic Scale,271.859229,8.405624,280.264853
Xylophone,Major Scales,287.869388,111.804082,399.67347
Xylophone,Sight-Reading,406.256327,33.994014,440.250341
Snare Drum,Sight-Reading,449.166803,29.907302,479.07410500000003
