Instrument,ScoreGroup,Start,Duration,End
Flute,Lyrical Etude,13.061224489,66.977959183,80.039183672
Flute,Technical Etude,88.189387755,24.973061224,113.162448979
Flute,Chromatic Scale,120.05877551,30.302040816,150.36081632600002
Flute,Major Scales,157.570612244,76.207891156,233.77850339999998
Flute,Sight-Reading,245.620680272,43.746394557,289.367074829
