Instrument,ScoreGroup,Start,Duration,End
Flute,Lyrical Etude,19.226122449,57.957006803,77.183129252
Flute,Technical Etude,88.050068027,25.356190476,113.40625850299999
Flute,Chromatic Scale,122.88,19.226122449,142.106122449
Flute,Major Scales,151.30122449,105.604353741,256.905578231
Flute,Sight-Reading,264.150204082,49.876462585,314.02666666700003
