Instrument,ScoreGroup,Start,Duration,End
Flute,Lyrical Etude,22.105396825,23.870113379,45.975510204
Flute,Technical Etude,54.334693878,28.42122449,82.75591836800001
Flute,Chromatic Scale,91.85814059,35.758730159,127.61687074900001
Flute,Major Scales,138.112290249,101.331882086,239.44417233500002
Flute,Sight-Reading,250.032471655,69.752743764,319.785215419
