Instrument,ScoreGroup,Start,Duration,End
Bb Clarinet,Lyrical Etude,23.248979591,75.232653061,98.481632652
Bb Clarinet,Technical Etude,103.932517006,32.043537414,135.97605442
Bb Clarinet,Chromatic Scale,149.25786848,14.582131519,163.839999999
Bb Clarinet,Major Scales,174.242539682,122.972879818,297.2154195
Bb Clarinet,Sight-Reading,304.274285714,66.130430839,370.40471655299996
