Instrument,ScoreGroup,Start,Duration,End
Alto Saxophone,Lyrical Etude,16.904126984,48.599365079,65.50349206300001
Alto Saxophone,Technical Etude,72.33015873,39.822222222,112.15238095199999
Alto Saxophone,Chromatic Scale,121.742222222,21.292698412,143.034920634
Alto Saxophone,Major Scales,150.349206349,70.542222222,220.891428571
Alto Saxophone,Sight-Reading,227.067936507,44.373333333,271.44126984
