Instrument,ScoreGroup,Start,Duration,End
Oboe,Lyrical Etude,15.78956916,59.164444444,74.954013604
Oboe,Technical Etude,80.805442176,31.02185941,111.827301586
Oboe,Chromatic Scale,119.53632653,11.052698412,130.589024942
Oboe,Major Scales,139.505487528,62.972517006,202.478004534
Oboe,Sight-Reading,210.187029478,54.14893424,264.335963718
