Instrument,ScoreGroup,Start,Duration,End
Oboe,Lyrical Etude,9.636281179,43.189115646,52.825396825
Oboe,Technical Etude,58.514285714,35.526530612,94.040816326
Oboe,Chromatic Scale,102.283900226,16.718367346,119.002267572
Oboe,Major Scales,128.058049886,49.690702947,177.748752833
Oboe,Sight-Reading,183.669841269,48.297505668,231.967346937
