Instrument,ScoreGroup,Start,Duration,End
Alto Saxophone,Lyrical Etude,13.003174603,71.517460317,84.52063492
Alto Saxophone,Technical Etude,87.307029478,40.170521541,127.477551019
Alto Saxophone,Chromatic Scale,132.585941043,11.145578231,143.731519274
Alto Saxophone,Major Scales,148.375510204,102.167800453,250.543310657
Alto Saxophone,Sight-Reading,254.95510204,62.693877551,317.648979591
