Instrument,ScoreGroup,Start,Duration,End
Flute,Lyrical Etude,9.264761905,29.048163265,38.31292517
Flute,Technical Etude,43.25877551,22.77877551,66.03755102
Flute,Chromatic Scale,72.481088435,16.021768707,88.50285714200001
Flute,Major Scales,94.876734694,70.739591837,165.61632653100003
Flute,Sight-Reading,170.266122449,39.392653061,209.65877551
