Instrument,ScoreGroup,Start,Duration,End
Flute,Lyrical Etude,11.702857142,93.297777777,105.00063491899999
Flute,Technical Etude,108.901587301,28.606984126,137.508571427
Flute,Chromatic Scale,143.522539682,17.229206349,160.751746031
Flute,Major Scales,172.454603174,105.65079365,278.10539682399997
Flute,Sight-Reading,282.331428571,39.009523809,321.34095238
