Instrument,ScoreGroup,Start,Duration,End
Bb Clarinet,Lyrical Etude,12.437377,115.191817,127.629194
Bb Clarinet,Technical Etude,135.141704,46.076727,181.218431
Bb Clarinet,Chromatic Scale,186.727604,17.028355,203.75595900000002
Bb Clarinet,Major Scales,210.266801,137.228512,347.495313
Bb Clarinet,Sight-Reading,353.004487,44.073391,397.077878
