Instrument,ScoreGroup,Start,Duration,End
Flute,Lyrical Etude,13.815873016,62.252698413,76.068571429
Flute,Technical Etude,81.26984127,35.433650794,116.703492064
Flute,Chromatic Scale,123.53015873,29.907301587,153.437460317
Flute,Major Scales,161.401904762,122.554920635,283.956825397
Flute,Sight-Reading,291.921269841,68.266666667,360.187936508
