Instrument,ScoreGroup,Start,Duration,End
Trumpet,Lyrical Etude,10.774058956,49.969342403,60.743401358999996
Trumpet,Technical Etude,69.102585034,25.820589569,94.923174603
Trumpet,Chromatic Scale,105.139954648,10.774058956,115.914013604
Trumpet,Major Scales,125.945034013,66.68770975,192.632743763
Trumpet,Sight-Reading,198.205532879,45.139591836,243.345124715
