Instrument,ScoreGroup,Start,Duration,End
Bb Clarinet,Lyrical Etude,12.277551,80.718367,92.995918
Bb Clarinet,Technical Etude,98.081088,32.786576,130.867664
Bb Clarinet,Chromatic Scale,136.946939,13.518367,150.465306
Bb Clarinet,Major Scales,156.409615,122.415601,278.825216
Bb Clarinet,Sight-Reading,283.559184,54.726531,338.28571500000004
