Instrument,ScoreGroup,Start,Duration,End
Flute,Lyrical Etude,13.270204,65.880816,79.15101999999999
Flute,Technical Etude,83.017143,68.284082,151.301225
Flute,Chromatic Scale,158.876735,18.651429,177.528164
Flute,Major Scales,185.626122,122.77551,308.401632
Flute,Sight-Reading,311.745306,45.296327,357.04163300000005
