Instrument,ScoreGroup,Start,Duration,End
Trumpet,Lyrical Etude,10.031020408,53.870294784,63.901315192
Trumpet,Technical Etude,69.845623582,35.480090702,105.325714284
Trumpet,Chromatic Scale,110.155464852,12.260136054,122.415600906
Trumpet,Major Scales,128.174149659,61.672199546,189.846349205
Trumpet,Sight-Reading,194.86185941,54.984852607,249.846712017
