Instrument,ScoreGroup,Start,Duration,End
Alto Saxophone,Lyrical Etude,13.293424036,61.010430839,74.303854875
Alto Saxophone,Technical Etude,79.934693877,23.045804988,102.980498865
Alto Saxophone,Chromatic Scale,109.249886621,10.274829931,119.524716552
Alto Saxophone,Major Scales,125.794104308,101.587301587,227.381405895
Alto Saxophone,Sight-Reading,233.99909297,35.120181405,269.119274375
