Instrument,ScoreGroup,Start,Duration,End
Flute,Lyrical Etude,11.493878,26.644898,38.138776
Flute,Technical Etude,45.191837,29.257143,74.44898
Flute,Chromatic Scale,82.285714,34.220408,116.506122
Flute,Major Scales,124.865306,83.853061,208.718367
Flute,Sight-Reading,214.726531,61.910204,276.636735
