Instrument,ScoreGroup,Start,Duration,End
Flute,Lyrical Etude,11.609977,48.018866,59.628843
Flute,Technical Etude,64.644354,47.554467,112.19882100000001
Flute,Chromatic Scale,118.607528,18.854603,137.462131
Flute,Major Scales,142.942041,104.025397,246.967438
Flute,Sight-Reading,252.075828,49.504943,301.580771
