Instrument,ScoreGroup,Start,Duration,End
Flute,Lyrical Etude,10.21678,27.120907,37.337687
Flute,Technical Etude,41.610159,26.006349,67.61650800000001
Flute,Chromatic Scale,70.774422,21.919637,92.69405900000001
Flute,Major Scales,97.33805,82.663039,180.00108899999998
Flute,Sight-Reading,186.131156,45.88263,232.013786
