Instrument,ScoreGroup,Start,Duration,End
Flute,Lyrical Etude,15.786666667,28.64,44.426666667
Flute,Technical Etude,50.506666667,27.093333333,77.6
Flute,Chromatic Scale,85.269333333,36.586666667,121.85600000000001
Flute,Major Scales,128.874666667,115.509333333,244.38400000000001
Flute,Sight-Reading,249.685333333,36.96,286.645333333
