Instrument,ScoreGroup,Start,Duration,End
Alto Saxophone,Lyrical Etude,15.464489795,47.647346938,63.111836733
Alto Saxophone,Technical Etude,67.673469387,20.751020408,88.424489795
Alto Saxophone,Chromatic Scale,94.873469387,12.342857142,107.216326529
Alto Saxophone,Major Scales,114.677551021,74.269387755,188.946938776
Alto Saxophone,Sight-Reading,193.746938771,52.702040816,246.448979587
