Instrument,ScoreGroup,Start,Duration,End
Flute,Lyrical Etude,12.016327,30.563265,42.579592000000005
Flute,Technical Etude,49.893878,26.644898,76.538776
Flute,Chromatic Scale,83.591837,24.555102,108.146939
Flute,Major Scales,117.028571,85.942857,202.971428
Flute,Sight-Reading,208.718367,76.277551,284.995918
