Instrument,ScoreGroup,Start,Duration,End
Alto Saxophone,Lyrical Etude,12.260136054,54.056054422,66.316190476
Alto Saxophone,Technical Etude,71.238820862,65.851791383,137.090612245
Alto Saxophone,Chromatic Scale,142.576326531,9.195102041,151.77142857200002
Alto Saxophone,Major Scales,157.89569161,87.423129252,245.318820862
Alto Saxophone,Sight-Reading,250.195011338,56.308390023,306.503401361
