Instrument,ScoreGroup,Start,Duration,End
Oboe,Lyrical Etude,12.027936507,64.203174603,76.23111111
Oboe,Technical Etude,83.464126984,30.963809523,114.427936507
Oboe,Chromatic Scale,122.473650793,14.14095238,136.614603173
Oboe,Major Scales,149.048888888,54.532063492,203.58095237999999
Oboe,Sight-Reading,211.22031746,47.38031746,258.60063492
