Instrument,ScoreGroup,Start,Duration,End
Bb Clarinet,Lyrical Etude,12.346825,90.781278,103.128103
Bb Clarinet,Technical Etude,111.264161,38.111008,149.375169
Bb Clarinet,Chromatic Scale,160.080509,15.415689,175.496198
Bb Clarinet,Major Scales,181.062974,104.055899,285.118873
Bb Clarinet,Sight-Reading,288.972796,51.813843,340.78663900000004
