Instrument,ScoreGroup,Start,Duration,End
Flute,Lyrical Etude,10.710204,29.64898,40.359184
Flute,Technical Etude,44.8,31.608163,76.408163
Flute,Chromatic Scale,82.416327,46.628571,129.044898
Flute,Major Scales,136.881633,124.081633,260.963266
Flute,Sight-Reading,266.971429,54.595918,321.567347
