Instrument,ScoreGroup,Start,Duration,End
Flute,Lyrical Etude,22.291156463,63.251156463,85.542312926
Flute,Technical Etude,93.309387755,42.631836735,135.94122449
Flute,Chromatic Scale,143.986938776,13.688163265,157.675102041
Flute,Major Scales,166.626394558,101.564081633,268.190476191
Flute,Sight-Reading,273.48462585,53.916734694,327.401360544
