Instrument,ScoreGroup,Start,Duration,End
Bb Clarinet,Lyrical Etude,15.32517,78.971066,94.296236
Bb Clarinet,Technical Etude,106.881451,78.251247,185.132698
Bb Clarinet,Chromatic Scale,193.607982,19.829841,213.43782299999998
Bb Clarinet,Major Scales,221.611247,94.923175,316.534422
Bb Clarinet,Sight-Reading,324.986485,53.963175,378.94966
