Instrument,ScoreGroup,Start,Duration,End
Trumpet,Lyrical Etude,20.114285714,36.048979591,56.163265304999996
Trumpet,Technical Etude,69.485714285,25.6,95.085714285
Trumpet,Chromatic Scale,106.34739229,18.111564625,124.458956915
Trumpet,Major Scales,134.489977324,123.344399092,257.834376416
Trumpet,Sight-Reading,265.665306122,69.093877551,334.759183673
