Instrument,ScoreGroup,Start,Duration,End
Bb Clarinet,Lyrical Etude,17.110204,54.334694,71.444898
Bb Clarinet,Technical Etude,80.979592,26.77551,107.755102
Bb Clarinet,Chromatic Scale,115.821134,15.882449,131.703583
Bb Clarinet,Major Scales,139.505488,79.783764,219.28925200000003
Bb Clarinet,Sight-Reading,225.5122,45.046712,270.558912
