Instrument,ScoreGroup,Start,Duration,End
Flute,Lyrical Etude,10.866939,66.873469,77.740408
Flute,Technical Etude,81.084082,57.678367,138.762449
Flute,Chromatic Scale,143.777959,18.390204,162.16816300000002
Flute,Major Scales,167.183673,97.802449,264.986122
Flute,Sight-Reading,270.001633,48.483265,318.48489800000004
