Instrument,ScoreGroup,Start,Duration,End
Alto Saxophone,Lyrical Etude,12.288,44.202666666,56.490666665999996
Alto Saxophone,Technical Etude,60.928,66.133333333,127.061333333
Alto Saxophone,Chromatic Scale,136.021333333,30.976,166.997333333
Alto Saxophone,Major Scales,173.653333333,65.621333333,239.274666666
Alto Saxophone,Sight-Reading,244.48,61.610666666,306.090666666
