Instrument,ScoreGroup,Start,Duration,End
Bb Clarinet,Lyrical Etude,12.631655329,186.874195011,199.50585034000002
Bb Clarinet,Technical Etude,202.84952381,135.233015873,338.082539683
Bb Clarinet,Chromatic Scale,344.235827664,44.117913832,388.353741496
Bb Clarinet,Major Scales,389.282539683,103.096598639,492.379138322
Bb Clarinet,Sight-Reading,501.667120181,106.579591837,608.2467120179999
