Instrument,ScoreGroup,Start,Duration,End
Bb Clarinet,Lyrical Etude,11.702857,86.378231,98.081088
Bb Clarinet,Technical Etude,109.714286,45.844898,155.55918400000002
Bb Clarinet,Chromatic Scale,167.926712,15.32517,183.25188200000002
Bb Clarinet,Major Scales,196.04898,82.938776,278.987756
Bb Clarinet,Sight-Reading,286.53424,53.498776,340.03301600000003
