Instrument,ScoreGroup,Start,Duration,End
Flute,Lyrical Etude,14.628571429,55.635011338,70.263582767
Flute,Technical Etude,75.882811791,51.919818594,127.80263038499999
Flute,Chromatic Scale,136.777142857,15.777959184,152.555102041
Flute,Major Scales,160.124807256,124.366077098,284.490884354
Flute,Sight-Reading,289.831473923,52.012698413,341.844172336
