Instrument,ScoreGroup,Start,Duration,End
Oboe,Lyrical Etude,11.54031746,52.175238095,63.715555554999995
Oboe,Technical Etude,69.729523809,41.122539682,110.852063491
Oboe,Chromatic Scale,116.215873015,13.003174603,129.219047618
Oboe,Major Scales,134.745396825,74.768253968,209.513650793
Oboe,Sight-Reading,215.527619047,52.825396825,268.353015872
