Instrument,ScoreGroup,Start,Duration,End
Alto Saxophone,Lyrical Etude,12.933514739,59.466303855,72.399818594
Alto Saxophone,Technical Etude,79.57478458,48.738684807,128.313469387
Alto Saxophone,Chromatic Scale,137.229931973,8.498503401,145.728435374
Alto Saxophone,Major Scales,153.112380952,85.333333333,238.445714285
Alto Saxophone,Sight-Reading,245.10984127,49.504943311,294.614784581
