Instrument,ScoreGroup,Start,Duration,End
Flute,Lyrical Etude,10.443175,44.292063,54.735237999999995
Flute,Technical Etude,58.71746,48.152381,106.86984100000001
Flute,Chromatic Scale,111.299048,35.880635,147.179683
Flute,Major Scales,151.812063,80.904127,232.71618999999998
Flute,Sight-Reading,237.754921,66.519365,304.27428599999996
