Instrument,ScoreGroup,Start,Duration,End
Flute,Lyrical Etude,24.241632653,60.464761904,84.706394557
Flute,Technical Etude,90.975782312,29.67510204,120.650884352
Flute,Chromatic Scale,128.174149659,20.619319727,148.793469386
Flute,Major Scales,156.270294784,120.511564625,276.781859409
Flute,Sight-Reading,281.913469387,50.364081632,332.27755101900004
