Instrument,ScoreGroup,Start,Duration,End
Flute,Lyrical Etude,13.18893424,121.301043083,134.489977323
Flute,Technical Etude,141.920362811,24.148752834,166.06911564499998
Flute,Chromatic Scale,171.014965986,14.570521541,185.585487527
Flute,Major Scales,192.121904761,109.064126984,301.186031745
Flute,Sight-Reading,303.461587301,43.723174603,347.184761904
