Instrument,ScoreGroup,Start,Duration,End
Flute,Lyrical Etude,14.860771,66.873469,81.73424
Flute,Technical Etude,85.635193,47.182948,132.818141
Flute,Chromatic Scale,138.01941,18.390204,156.409614
Flute,Major Scales,162.220408,124.081633,286.302041
Flute,Sight-Reading,290.742857,55.379592,346.122449
