Instrument,ScoreGroup,Start,Duration,End
Trumpet,Lyrical Etude,12.817414965,48.85478458,61.672199545
Trumpet,Technical Etude,66.873469387,37.523446712,104.39691609900001
Trumpet,Chromatic Scale,111.084263038,23.034195011,134.118458049
Trumpet,Major Scales,141.548843537,90.650702947,232.199546484
Trumpet,Sight-Reading,240.372970521,44.21079365,284.583764171
