Instrument,ScoreGroup,Start,Duration,End
Flute,Lyrical Etude,13.23537415,56.981768707,70.217142857
Flute,Technical Etude,74.536054422,23.359274376,97.89532879800001
Flute,Chromatic Scale,104.528979592,14.542947846,119.071927438
Flute,Major Scales,126.955102041,65.584761905,192.539863946
Flute,Sight-Reading,198.530612245,55.437641723,253.968253968
