Instrument,ScoreGroup,Start,Duration,End
Alto Saxophone,Lyrical Etude,8.59138322,48.529705215,57.121088435000004
Alto Saxophone,Technical Etude,60.232562358,24.241632653,84.474195011
Alto Saxophone,Chromatic Scale,88.769886621,9.079002268,97.848888889
Alto Saxophone,Major Scales,101.819501134,50.224761905,152.04426303900001
Alto Saxophone,Sight-Reading,157.199092971,45.650430839,202.84952381
