Instrument,ScoreGroup,Start,Duration,End
Flute,Lyrical Etude,14.10031746,53.313015873,67.413333333
Flute,Technical Etude,73.996190476,38.440634921,112.43682539699999
Flute,Chromatic Scale,122.340136054,14.715646259,137.055782313
Flute,Major Scales,139.041088435,91.602721088,230.64380952300002
Flute,Sight-Reading,236.901587302,42.666666667,279.568253969
