Instrument,ScoreGroup,Start,Duration,End
Alto Saxophone,Lyrical Etude,15.673469387,47.194557823,62.868027209999994
Alto Saxophone,Technical Etude,67.16371882,22.987755102,90.15147392200001
Alto Saxophone,Chromatic Scale,97.291609977,10.623129251,107.91473922799999
Alto Saxophone,Major Scales,114.532426303,98.10430839,212.636734693
Alto Saxophone,Sight-Reading,219.138321995,41.91201814,261.050340135
