Instrument,ScoreGroup,Start,Duration,End
Bb Clarinet,Lyrical Etude,12.53877551,83.800816327,96.339591837
Bb Clarinet,Technical Etude,102.92244898,40.855510204,143.777959184
Bb Clarinet,Chromatic Scale,150.883265306,15.151020408,166.034285714
Bb Clarinet,Major Scales,174.567619048,132.632380952,307.20000000000005
Bb Clarinet,Sight-Reading,312.726349206,50.89814059,363.62448979600003
