Instrument,ScoreGroup,Start,Duration,End
Trumpet,Lyrical Etude,11.145578231,49.412063492,60.557641723
Trumpet,Technical Etude,68.179591836,22.987755102,91.16734693800001
Trumpet,Chromatic Scale,97.152290249,11.517097505,108.669387754
Trumpet,Major Scales,114.985215419,56.14585034,171.131065759
Trumpet,Sight-Reading,175.403537414,56.238730158,231.642267572
