Instrument,ScoreGroup,Start,Duration,End
Flute,Lyrical Etude,22.349206349,47.368707483,69.717913832
Flute,Technical Etude,74.745034014,52.732517007,127.477551021
Flute,Chromatic Scale,134.478367347,19.487346939,153.96571428599998
Flute,Major Scales,161.053605442,117.028571429,278.082176871
Flute,Sight-Reading,283.445986395,56.49414966,339.940136055
