Instrument,ScoreGroup,Start,Duration,End
Flute,Lyrical Etude,12.631655,80.991202,93.622857
Flute,Technical Etude,97.709569,67.244989,164.95455800000002
Flute,Chromatic Scale,175.171338,13.746213,188.917551
Flute,Major Scales,196.905215,74.118095,271.02331
Flute,Sight-Reading,276.22458,84.706395,360.930975
