Instrument,ScoreGroup,Start,Duration,End
Alto Saxophone,Lyrical Etude,8.637823,63.227937,71.86576
Alto Saxophone,Technical Etude,75.789932,30.6039,106.39383199999999
Alto Saxophone,Chromatic Scale,112.4078,10.17034,122.57813999999999
Alto Saxophone,Major Scales,128.940408,115.496054,244.436462
Alto Saxophone,Sight-Reading,248.569615,36.199909,284.769524
