Instrument,ScoreGroup,Start,Duration,End
Bb Clarinet,Lyrical Etude,13.061224489,50.67755102,63.73877550900001
Bb Clarinet,Technical Etude,72.228571428,27.297959183,99.526530611
Bb Clarinet,Chromatic Scale,110.367346938,12.146938775,122.51428571299999
Bb Clarinet,Major Scales,133.093877551,110.236734693,243.330612244
Bb Clarinet,Sight-Reading,251.428571428,42.710204081,294.13877550899997
