Instrument,ScoreGroup,Start,Duration,End
Alto Saxophone,Lyrical Etude,15.046530612,165.929795918,180.97632653
Alto Saxophone,Technical Etude,185.364897959,49.528163265,234.893061224
Alto Saxophone,Chromatic Scale,241.580408163,10.031020408,251.61142857099998
Alto Saxophone,Major Scales,256.626938775,65.201632653,321.828571428
Alto Saxophone,Sight-Reading,325.799183673,36.571428571,362.37061224400003
