Instrument,ScoreGroup,Start,Duration,End
Xylophone,Mallet Etude,13.630113,51.33932,64.969433
Snare Drum,Snare Etude,73.467937,41.1922,114.660137
Timpani,Timpani Etude,122.6478,53.382676,176.030476
Xylophone,Chromatic Scale,184.923719,10.866939,195.790658
Xylophone,Major Scales,210.721088,76.068571,286.78965900000003
Xylophone,Sight-Reading,294.963084,94.087256,389.05034
Snare Drum,Sight-Reading,395.784127,36.408889,432.193016
