Instrument,ScoreGroup,Start,Duration,End
Flute,Lyrical Etude,14.767891156,50.991020408,65.758911564
Flute,Technical Etude,70.495782312,51.408979591,121.90476190300001
Flute,Chromatic Scale,129.149387755,18.529523809,147.678911564
Flute,Major Scales,155.759455782,89.16462585,244.924081632
Flute,Sight-Reading,283.237006802,77.183129251,360.42013605299996
