Instrument,ScoreGroup,Start,Duration,End
Alto Saxophone,Lyrical Etude,18.227664399,44.466213152,62.693877551
Alto Saxophone,Technical Etude,68.777505669,43.467755102,112.245260771
Alto Saxophone,Chromatic Scale,119.466666667,9.009342404,128.476009071
Alto Saxophone,Major Scales,134.629297052,97.639909297,232.269206349
Alto Saxophone,Sight-Reading,237.656235828,47.647346939,285.303582767
