Instrument,ScoreGroup,Start,Duration,End
Flute,Lyrical Etude,14.367347,67.657143,82.02449
Flute,Technical Etude,89.861224,43.363265,133.224489
Flute,Chromatic Scale,141.322449,12.8,154.12244900000002
Flute,Major Scales,163.004082,105.273469,268.277551
Flute,Sight-Reading,274.285714,51.461224,325.746938
