Instrument,ScoreGroup,Start,Duration,End
Bb Clarinet,Lyrical Etude,16.346848,85.008254,101.35510199999999
Bb Clarinet,Technical Etude,110.302041,25.338776,135.640817
Bb Clarinet,Chromatic Scale,142.497959,12.538776,155.03673500000002
Bb Clarinet,Major Scales,161.425125,115.356735,276.78186
Bb Clarinet,Sight-Reading,286.53424,62.508118,349.04235800000004
