Instrument,ScoreGroup,Start,Duration,End
Bb Clarinet,Lyrical Etude,11.331338,72.632018,83.963356
Bb Clarinet,Technical Etude,87.21415,55.077732,142.291882
Bb Clarinet,Chromatic Scale,147.983673,23.379592,171.363265
Bb Clarinet,Major Scales,177.771973,121.486803,299.258776
Bb Clarinet,Sight-Reading,302.973968,91.207982,394.18195000000003
