Instrument,ScoreGroup,Start,Duration,End
Flute,Lyrical Etude,14.117732,63.529796,77.647528
Flute,Technical Etude,82.477279,31.950658,114.427937
Flute,Chromatic Scale,120.293878,20.114286,140.408164
Flute,Major Scales,149.681633,121.730612,271.412245
Flute,Sight-Reading,274.808163,65.044898,339.85306099999997
