Instrument,ScoreGroup,Start,Duration,End
Bb Clarinet,Lyrical Etude,16.881388,93.433313,110.314701
Bb Clarinet,Technical Etude,121.063666,32.246896,153.310562
Bb Clarinet,Chromatic Scale,162.819262,12.816074,175.635336
Bb Clarinet,Major Scales,184.317193,97.567531,281.884724
Bb Clarinet,Sight-Reading,289.326315,39.275065,328.60138
