Instrument,ScoreGroup,Start,Duration,End
Alto Saxophone,Lyrical Etude,11.331337868,102.910839002,114.24217687000001
Alto Saxophone,Technical Etude,118.8861678,52.012698412,170.898866212
Alto Saxophone,Chromatic Scale,177.005714285,8.986122448,185.991836733
Alto Saxophone,Major Scales,191.982585034,90.975782312,282.95836734600005
Alto Saxophone,Sight-Reading,287.416598639,55.031292517,342.44789115599997
