Instrument,ScoreGroup,Start,Duration,End
Flute,Lyrical Etude,14.889796,29.126531,44.016327000000004
Flute,Technical Etude,48.195918,33.567347,81.76326499999999
Flute,Chromatic Scale,87.640816,32.0,119.640816
Flute,Major Scales,127.346939,92.865306,220.212245
Flute,Sight-Reading,227.918367,47.804082,275.722449
