Instrument,ScoreGroup,Start,Duration,End
Flute,Lyrical Etude,14.767891156,59.350204082,74.118095238
Flute,Technical Etude,76.904489796,40.402721088,117.307210884
Flute,Chromatic Scale,123.715918367,14.489251701,138.205170068
Flute,Major Scales,144.056598639,100.031564626,244.088163265
Flute,Sight-Reading,246.317278912,50.712380952,297.029659864
