Instrument,ScoreGroup,Start,Duration,End
Bb Clarinet,Lyrical Etude,15.60381,101.053243,116.65705299999999
Bb Clarinet,Technical Etude,124.458957,47.554467,172.013424
Bb Clarinet,Chromatic Scale,180.744127,13.931973,194.6761
Bb Clarinet,Major Scales,206.936236,106.811791,313.748027
Bb Clarinet,Sight-Reading,319.320816,61.114921,380.43573699999996
