Instrument,ScoreGroup,Start,Duration,End
Alto Saxophone,Lyrical Etude,12.108857,74.224023,86.33288
Alto Saxophone,Technical Etude,93.401835,65.19147,158.593305
Alto Saxophone,Chromatic Scale,164.484101,9.032553,173.51665400000002
Alto Saxophone,Major Scales,179.407449,93.860008,273.26745700000004
Alto Saxophone,Sight-Reading,277.980094,34.952053,312.932147
