Instrument,ScoreGroup,Start,Duration,End
Flute,Lyrical Etude,12.678095238,54.938412698,67.616507936
Flute,Technical Etude,72.492698413,21.78031746,94.27301587299999
Flute,Chromatic Scale,99.961904762,15.278730159,115.24063492100001
Flute,Major Scales,121.904761905,121.57968254,243.484444445
Flute,Sight-Reading,249.498412698,34.946031746,284.444444444
