Instrument,ScoreGroup,Start,Duration,End
Flute,Lyrical Etude,14.860770975,46.811428571,61.672199546
Flute,Technical Etude,70.031383219,24.891791383,94.923174602
Flute,Chromatic Scale,101.424761904,15.232290249,116.657052153
Flute,Major Scales,125.759274376,105.69723356,231.45650793599998
Flute,Sight-Reading,239.072653061,46.068390022,285.141043083
