Instrument,ScoreGroup,Start,Duration,End
Bb Clarinet,Lyrical Etude,18.111564626,70.820861678,88.932426304
Bb Clarinet,Technical Etude,95.434013605,56.888888889,152.322902494
Bb Clarinet,Chromatic Scale,158.708390023,17.53106576,176.23945578299998
Bb Clarinet,Major Scales,182.694603175,129.219047619,311.913650794
Bb Clarinet,Sight-Reading,317.416780045,85.681632653,403.098412698
