Instrument,ScoreGroup,Start,Duration,End
Flute,Lyrical Etude,13.653333333,57.539047619,71.19238095200001
Flute,Technical Etude,76.393650794,89.721904762,166.115555556
Flute,Chromatic Scale,179.838548753,50.503401361,230.34195011399999
Flute,Major Scales,238.004535147,117.957369615,355.961904762
Flute,Sight-Reading,365.017687075,78.251247166,443.268934241
