Instrument,ScoreGroup,Start,Duration,End
Oboe,Lyrical Etude,9.473741496,68.127346938,77.601088434
Oboe,Technical Etude,82.059319727,40.26340136,122.322721087
Oboe,Chromatic Scale,129.010068027,18.808163265,147.81823129199998
Oboe,Major Scales,153.530340136,65.758911564,219.28925170000002
Oboe,Sight-Reading,225.976598639,52.244897959,278.221496598
