Instrument,ScoreGroup,Start,Duration,End
Flute,Lyrical Etude,13.653333333,45.673650794,59.326984126999996
Flute,Technical Etude,65.340952381,40.228571429,105.56952380999999
Flute,Chromatic Scale,115.078095238,26.168888889,141.24698412700002
Flute,Major Scales,153.994739229,122.044081633,276.038820862
Flute,Sight-Reading,281.42585034,76.718730159,358.144580499
