Instrument,ScoreGroup,Start,Duration,End
Alto Saxophone,Lyrical Etude,11.424218,60.371882,71.7961
Alto Saxophone,Technical Etude,77.647528,22.709116,100.35664399999999
Alto Saxophone,Chromatic Scale,108.460408,11.377778,119.83818600000001
Alto Saxophone,Major Scales,129.404807,102.19102,231.59582699999999
Alto Saxophone,Sight-Reading,238.143855,35.89805,274.041905
