Instrument,ScoreGroup,Start,Duration,End
Alto Saxophone,Lyrical Etude,10.054240363,70.286802721,80.341043084
Alto Saxophone,Technical Etude,85.449433107,27.72462585,113.174058957
Alto Saxophone,Chromatic Scale,119.536326531,10.309659864,129.845986395
Alto Saxophone,Major Scales,135.790294785,56.378049887,192.168344672
Alto Saxophone,Sight-Reading,196.162176871,33.66893424,229.831111111
