Instrument,ScoreGroup,Start,Duration,End
Alto Saxophone,Lyrical Etude,15.209070295,65.306122449,80.515192744
Alto Saxophone,Technical Etude,88.119727891,29.053968254,117.173696145
Alto Saxophone,Chromatic Scale,127.187301587,10.390929705,137.578231292
Alto Saxophone,Major Scales,145.995464853,66.525170068,212.52063492099998
Alto Saxophone,Sight-Reading,220.125170068,46.672108844,266.79727891199997
