Instrument,ScoreGroup,Start,Duration,End
Flute,Lyrical Etude,9.914920635,28.363174603,38.278095238
Flute,Technical Etude,44.942222222,24.137142857,69.079365079
Flute,Chromatic Scale,77.775238095,12.19047619,89.965714285
Flute,Major Scales,98.173968254,85.820952381,183.994920635
Flute,Sight-Reading,190.659047619,45.511111111,236.17015873
