Instrument,ScoreGroup,Start,Duration,End
Bb Clarinet,Lyrical Etude,10.913379,87.12127,98.034649
Bb Clarinet,Technical Etude,105.279274,66.827029,172.106303
Bb Clarinet,Chromatic Scale,180.697687,11.656417,192.354104
Bb Clarinet,Major Scales,201.572426,57.933787,259.506213
Bb Clarinet,Sight-Reading,268.283356,43.607075,311.89043100000004
