Instrument,ScoreGroup,Start,Duration,End
Bb Clarinet,Lyrical Etude,10.44898,49.110204,59.559184
Bb Clarinet,Technical Etude,65.567347,35.004082,100.571429
Bb Clarinet,Chromatic Scale,108.146939,21.420408,129.567347
Bb Clarinet,Major Scales,137.926531,95.085714,233.012245
Bb Clarinet,Sight-Reading,237.714286,56.163265,293.877551
