Instrument,ScoreGroup,Start,Duration,End
Bb Clarinet,Lyrical Etude,11.888617,64.272834,76.161451
Bb Clarinet,Technical Etude,82.01288,26.192109,108.204989
Bb Clarinet,Chromatic Scale,114.677551,13.64898,128.326531
Bb Clarinet,Major Scales,134.791837,75.493878,210.28571499999998
Bb Clarinet,Sight-Reading,216.555102,56.816327,273.37142900000003
