Instrument,ScoreGroup,Start,Duration,End
Alto Saxophone,Lyrical Etude,17.414965986,59.210884353,76.625850339
Alto Saxophone,Technical Etude,82.198639455,26.819047619,109.01768707400001
Alto Saxophone,Chromatic Scale,117.492970521,11.493877551,128.98684807200002
Alto Saxophone,Major Scales,137.229931972,67.221768707,204.451700679
Alto Saxophone,Sight-Reading,214.784580498,48.878004535,263.662585033
