Instrument,ScoreGroup,Start,Duration,End
Flute,Lyrical Etude,11.754728,115.575522,127.33025
Flute,Technical Etude,135.06562,45.047152,180.112772
Flute,Chromatic Scale,188.303164,14.560696,202.86386000000002
Flute,Major Scales,210.599229,100.104783,310.70401200000003
Flute,Sight-Reading,316.164273,45.502174,361.66644699999995
