Instrument,ScoreGroup,Start,Duration,End
Bb Clarinet,Lyrical Etude,12.260136054,73.9323356,86.192471654
Bb Clarinet,Technical Etude,91.207981859,32.693696145,123.90167800399999
Bb Clarinet,Chromatic Scale,130.960544217,12.817414965,143.77795918200002
Bb Clarinet,Major Scales,149.722267573,96.4092517,246.131519273
Bb Clarinet,Sight-Reading,250.403990929,53.684535147,304.088526076
