Instrument,ScoreGroup,Start,Duration,End
Xylophone,Mallet Etude,11.820408,51.265306,63.085714
Snare Drum,Snare Etude,71.053061,93.910204,164.96326499999998
Timpani,Timpani Etude,172.016327,102.661224,274.677551
Xylophone,Chromatic Scale,287.277279,7.523265,294.800544
Xylophone,Major Scales,301.061224,97.959184,399.020408
Xylophone,Sight-Reading,406.073469,42.057143,448.130612
Snare Drum,Sight-Reading,454.138776,34.873469,489.012245
