Instrument,ScoreGroup,Start,Duration,End
Alto Saxophone,Lyrical Etude,16.602267574,41.865578231,58.467845804999996
Alto Saxophone,Technical Etude,61.834739229,29.326802721,91.16154195
Alto Saxophone,Chromatic Scale,96.618231293,10.263219955,106.88145124799999
Alto Saxophone,Major Scales,112.361360544,66.780589569,179.141950113
Alto Saxophone,Sight-Reading,182.601723356,56.354829932,238.956553288
