Instrument,ScoreGroup,Start,Duration,End
Bb Clarinet,Lyrical Etude,10.448979592,58.398185941,68.84716553300001
Bb Clarinet,Technical Etude,75.000453515,54.102494331,129.102947846
Bb Clarinet,Chromatic Scale,130.496145125,25.309750567,155.805895692
Bb Clarinet,Major Scales,163.561360544,134.722176871,298.28353741499996
Bb Clarinet,Sight-Reading,304.134965986,63.529795918,367.664761904
