Instrument,ScoreGroup,Start,Duration,End
Xylophone,Mallet Etude,16.065306,46.367347,62.432653
Snare Drum,Snare Etude,63.869388,57.730612,121.6
Timpani,Timpani Etude,133.55102,52.897959,186.448979
Xylophone,Chromatic Scale,195.722449,6.922449,202.644898
Xylophone,Major Scales,209.536871,91.207982,300.744853
Xylophone,Sight-Reading,310.590113,47.090068,357.68018099999995
Snare Drum,Sight-Reading,366.689524,23.219955,389.90947900000003
