Instrument,ScoreGroup,Start,Duration,End
Bb Clarinet,Lyrical Etude,24.380952381,58.676825397,83.057777778
Bb Clarinet,Technical Etude,89.721904762,39.65968254,129.38158730199999
Bb Clarinet,Chromatic Scale,136.672653061,15.673469388,152.346122449
Bb Clarinet,Major Scales,159.660408163,73.665306122,233.325714285
Bb Clarinet,Sight-Reading,239.281632653,53.707755102,292.989387755
