Instrument,ScoreGroup,Start,Duration,End
Bb Clarinet,Lyrical Etude,15.78956916,60.929160997,76.718730157
Bb Clarinet,Technical Etude,83.034557823,62.229478458,145.26403628100002
Bb Clarinet,Chromatic Scale,153.994739229,26.192108843,180.186848072
Bb Clarinet,Major Scales,188.546031746,137.276371882,325.822403628
Bb Clarinet,Sight-Reading,333.252789115,87.86430839,421.117097505
