Instrument,ScoreGroup,Start,Duration,End
Trumpet,Lyrical Etude,10.588299319,54.056054421,64.64435374
Trumpet,Technical Etude,70.031383219,32.693696145,102.72507936400001
Trumpet,Chromatic Scale,109.412426303,15.418049886,124.83047618900001
Trumpet,Major Scales,131.889342403,67.616507936,199.505850339
Trumpet,Sight-Reading,205.45015873,57.028208616,262.478367346
