Instrument,ScoreGroup,Start,Duration,End
Xylophone,Mallet Etude,20.131701,40.518821,60.650522
Snare Drum,Snare Etude,73.235737,44.675193,117.91093000000001
Timpani,Timpani Etude,128.870748,45.603991,174.474739
Xylophone,Chromatic Scale,185.945397,19.365442,205.31083900000002
Xylophone,Major Scales,217.245896,121.904762,339.150658
Xylophone,Sight-Reading,348.09034,36.362449,384.45278900000005
Snare Drum,Sight-Reading,393.113832,32.484717,425.598549
