Instrument,ScoreGroup,Start,Duration,End
Alto Saxophone,Lyrical Etude,17.461405895,54.427573696,71.88897959100001
Alto Saxophone,Technical Etude,77.461768707,25.820589569,103.282358276
Alto Saxophone,Chromatic Scale,111.64154195,10.588299319,122.229841269
Alto Saxophone,Major Scales,129.845986394,59.814603174,189.66058956799998
Alto Saxophone,Sight-Reading,193.56154195,28.978503401,222.540045351
