Instrument,ScoreGroup,Start,Duration,End
Flute,Lyrical Etude,14.953650794,49.098594104,64.052244898
Flute,Technical Etude,76.591020408,22.964535147,99.55555555500001
Flute,Chromatic Scale,108.698412698,17.188571429,125.886984127
Flute,Major Scales,135.131428571,128.095782313,263.227210884
Flute,Sight-Reading,270.614058957,52.381315193,322.99537415
