Instrument,ScoreGroup,Start,Duration,End
Alto Saxophone,Lyrical Etude,14.001632653,64.574693877,78.57632653
Alto Saxophone,Technical Etude,83.591836734,30.511020408,114.102857142
Alto Saxophone,Chromatic Scale,121.208163265,12.956734693,134.16489795799998
Alto Saxophone,Major Scales,141.688163265,60.813061224,202.50122448899998
Alto Saxophone,Sight-Reading,208.561632653,60.186122448,268.747755101
