Instrument,ScoreGroup,Start,Duration,End
Bb Clarinet,Lyrical Etude,7.94122449,109.923265306,117.864489796
Bb Clarinet,Technical Etude,122.462040816,27.167346939,149.629387755
Bb Clarinet,Chromatic Scale,155.480816327,12.120816327,167.601632654
Bb Clarinet,Major Scales,173.035102041,91.951020408,264.986122449
Bb Clarinet,Sight-Reading,270.001632653,53.916734694,323.918367347
