Instrument,ScoreGroup,Start,Duration,End
Flute,Lyrical Etude,20.31746,44.535873,64.853333
Flute,Technical Etude,69.241905,37.627937,106.869842
Flute,Chromatic Scale,113.290159,16.010159,129.300318
Flute,Major Scales,138.727619,63.715556,202.443175
Flute,Sight-Reading,205.775238,45.754921,251.530159
