Instrument,ScoreGroup,Start,Duration,End
Alto Saxophone,Lyrical Etude,14.686621315,65.015873015,79.70249433
Alto Saxophone,Technical Etude,87.190929705,28.734693877,115.925623582
Alto Saxophone,Chromatic Scale,124.110657596,12.480725623,136.591383219
Alto Saxophone,Major Scales,143.78956916,124.458956916,268.248526076
Alto Saxophone,Sight-Reading,275.330612244,58.224036281,333.554648525
