Instrument,ScoreGroup,Start,Duration,End
Flute,Lyrical Etude,15.812789116,57.910566893,73.723356009
Flute,Technical Etude,80.991201814,63.367256236,144.35845805
Flute,Chromatic Scale,153.855419501,33.36707483,187.222494331
Flute,Major Scales,195.349478458,90.1630839,285.51256235799997
Flute,Sight-Reading,304.55292517,93.692517007,398.245442177
