Instrument,ScoreGroup,Start,Duration,End
Alto Saxophone,Lyrical Etude,15.325170068,34.272653061,49.597823129
Alto Saxophone,Technical Etude,55.727891156,33.715374149,89.443265305
Alto Saxophone,Chromatic Scale,94.876734693,9.752380952,104.629115645
Alto Saxophone,Major Scales,109.505306122,62.972517006,172.47782312799998
Alto Saxophone,Sight-Reading,178.189931972,42.91047619,221.100408162
