Instrument,ScoreGroup,Start,Duration,End
Bb Clarinet,Lyrical Etude,18.390204,69.474104,87.864308
Bb Clarinet,Technical Etude,94.923175,41.05288,135.976055
Bb Clarinet,Chromatic Scale,147.493152,22.291156,169.784308
Bb Clarinet,Major Scales,177.028934,110.155465,287.184399
Bb Clarinet,Sight-Reading,296.286621,59.257324,355.543945
