Instrument,ScoreGroup,Start,Duration,End
Flute,Lyrical Etude,10.959819,30.371701,41.33152
Flute,Technical Etude,47.275828,22.384036,69.659864
Flute,Chromatic Scale,78.947846,13.560454,92.50829999999999
Flute,Major Scales,99.265306,61.257143,160.522449
Flute,Sight-Reading,166.269388,33.567347,199.83673499999998
