Instrument,ScoreGroup,Start,Duration,End
Xylophone,Mallet Etude,11.702857,42.817596,54.520453
Snare Drum,Snare Etude,60.186122,47.554467,107.740589
Timpani,Timpani Etude,114.149297,74.954014,189.10331100000002
Xylophone,Chromatic Scale,195.787755,10.057143,205.844898
Xylophone,Major Scales,215.771429,73.534694,289.306123
Xylophone,Sight-Reading,296.8439,32.693696,329.537596
Snare Drum,Sight-Reading,338.17542,24.055873,362.231293
