Instrument,ScoreGroup,Start,Duration,End
Alto Saxophone,Lyrical Etude,13.978412698,58.885804989,72.86421768700001
Alto Saxophone,Technical Etude,80.840272109,34.516462585,115.356734694
Alto Saxophone,Chromatic Scale,125.52707483,8.463673469,133.99074829900002
Alto Saxophone,Major Scales,142.767891156,83.87047619,226.638367346
Alto Saxophone,Sight-Reading,233.499863946,41.900408163,275.400272109
