Instrument,ScoreGroup,Start,Duration,End
Flute,Lyrical Etude,11.006259,48.343946,59.350205
Flute,Technical Etude,64.644354,26.470748,91.11510200000001
Flute,Chromatic Scale,96.548571,16.857687,113.406258
Flute,Major Scales,119.257687,122.462041,241.719728
Flute,Sight-Reading,246.456599,50.015782,296.47238100000004
