Instrument,ScoreGroup,Start,Duration,End
Alto Saxophone,Lyrical Etude,15.162630385,57.376507937,72.539138322
Alto Saxophone,Technical Etude,79.458684807,41.076099773,120.53478458000001
Alto Saxophone,Chromatic Scale,127.47755102,13.119274376,140.596825396
Alto Saxophone,Major Scales,148.143310658,63.018956916,211.162267574
Alto Saxophone,Sight-Reading,217.68707483,66.455510204,284.14258503400004
