Instrument,ScoreGroup,Start,Duration,End
Flute,Lyrical Etude,11.052698413,66.072380952,77.125079365
Flute,Technical Etude,82.488888889,58.514285714,141.003174603
Flute,Chromatic Scale,158.476190476,20.805079365,179.281269841
Flute,Major Scales,186.27047619,130.194285714,316.464761904
Flute,Sight-Reading,321.828571429,58.595555556,380.42412698500004
