Instrument,ScoreGroup,Start,Duration,End
Flute,Lyrical Etude,13.296795,112.523166,125.819961
Flute,Technical Etude,132.276208,46.577212,178.85342
Flute,Chromatic Scale,184.848507,12.451334,197.29984100000001
Flute,Major Scales,205.139569,115.290129,320.429698
Flute,Sight-Reading,328.269427,38.276323,366.54575
