Instrument,ScoreGroup,Start,Duration,End
Xylophone,Mallet Etude,15.60381,67.616508,83.22031799999999
Snare Drum,Snare Etude,88.816327,48.84898,137.66530699999998
Timpani,Timpani Etude,143.281633,76.408163,219.689796
Xylophone,Chromatic Scale,226.742857,10.644898,237.387755
Xylophone,Major Scales,244.636735,104.097959,348.734694
Xylophone,Sight-Reading,354.220408,39.57551,393.79591800000003
Snare Drum,Sight-Reading,400.172698,26.517188,426.689886
