Instrument,ScoreGroup,Start,Duration,End
Bb Clarinet,Lyrical Etude,12.260136054,109.969705215,122.229841269
Bb Clarinet,Technical Etude,127.431111111,25.634829932,153.065941043
Bb Clarinet,Chromatic Scale,160.635646259,13.374693878,174.010340137
Bb Clarinet,Major Scales,182.926802721,120.511564626,303.438367347
Bb Clarinet,Sight-Reading,309.289795918,38.730884354,348.020680272
