Instrument,ScoreGroup,Start,Duration,End
Alto Saxophone,Lyrical Etude,13.119274376,45.336961451,58.456235827
Alto Saxophone,Technical Etude,66.234920634,43.827664399,110.062585033
Alto Saxophone,Chromatic Scale,126.664852607,38.951473922,165.616326529
Alto Saxophone,Major Scales,172.350113378,100.890702947,273.24081632499997
Alto Saxophone,Sight-Reading,280.613151927,80.515192743,361.12834467
