Instrument,ScoreGroup,Start,Duration,End
Flute,Lyrical Etude,17.240816327,81.188571429,98.42938775600001
Flute,Technical Etude,110.81723356,42.724716553,153.541950113
Flute,Chromatic Scale,162.946031746,16.4861678,179.432199546
Flute,Major Scales,207.725714286,107.833469388,315.559183674
Flute,Sight-Reading,320.783673469,45.55755102,366.341224489
