Instrument,ScoreGroup,Start,Duration,End
Alto Saxophone,Lyrical Etude,14.654693878,77.807165533,92.461859411
Alto Saxophone,Technical Etude,98.266848073,67.662947846,165.92979591900001
Alto Saxophone,Chromatic Scale,174.521179138,17.089886621,191.611065759
Alto Saxophone,Major Scales,202.84952381,85.960272109,288.809795919
Alto Saxophone,Sight-Reading,295.822222222,74.721814059,370.544036281
