Instrument,ScoreGroup,Start,Duration,End
Flute,Lyrical Etude,11.493878,30.563265,42.057143
Flute,Technical Etude,45.453061,42.057143,87.510204
Flute,Chromatic Scale,95.346939,23.24898,118.59591900000001
Flute,Major Scales,127.216327,72.359184,199.575511
Flute,Sight-Reading,204.8,54.334694,259.134694
