Instrument,ScoreGroup,Start,Duration,End
Bb Clarinet,Lyrical Etude,10.579591836,49.893877551,60.473469387
Bb Clarinet,Technical Etude,65.828571428,36.963265306,102.791836734
Bb Clarinet,Chromatic Scale,111.020408163,17.240816326,128.261224489
Bb Clarinet,Major Scales,138.057142857,134.661224489,272.71836734600004
Bb Clarinet,Sight-Reading,280.424489795,46.367346938,326.79183673299997
