Instrument,ScoreGroup,Start,Duration,End
Bb Clarinet,Lyrical Etude,13.844898,93.779592,107.62449
Bb Clarinet,Technical Etude,113.110204,41.534694,154.644898
Bb Clarinet,Chromatic Scale,162.220408,13.322449,175.542857
Bb Clarinet,Major Scales,182.595918,105.273469,287.869387
Bb Clarinet,Sight-Reading,292.832653,57.469388,350.302041
