Instrument,ScoreGroup,Start,Duration,End
Flute,Lyrical Etude,14.744671201,46.091609977,60.83628117799999
Flute,Technical Etude,66.409070294,40.867120181,107.27619047499999
Flute,Chromatic Scale,114.358276643,23.916553287,138.27482993
Flute,Major Scales,147.748571428,114.729795918,262.47836734599997
Flute,Sight-Reading,270.001632653,57.051428571,327.053061224
