Instrument,ScoreGroup,Start,Duration,End
Bb Clarinet,Lyrical Etude,17.502040816,60.212244897,77.714285713
Bb Clarinet,Technical Etude,85.812244897,31.47755102,117.28979591699999
Bb Clarinet,Chromatic Scale,124.604081632,18.546938775,143.151020407
Bb Clarinet,Major Scales,153.208163265,110.236734693,263.444897958
Bb Clarinet,Sight-Reading,266.448979591,51.722448979,318.17142857
