Instrument,ScoreGroup,Start,Duration,End
Bb Clarinet,Lyrical Etude,9.473741497,52.19845805,61.672199547
Bb Clarinet,Technical Etude,63.901315193,29.535782313,93.437097506
Bb Clarinet,Chromatic Scale,98.173968254,16.718367347,114.892335601
Bb Clarinet,Major Scales,120.186485261,81.455600907,201.642086168
Bb Clarinet,Sight-Reading,204.242721088,74.257414966,278.500136054
