Instrument,ScoreGroup,Start,Duration,End
Alto Saxophone,Lyrical Etude,11.441632653,64.417959183,75.85959183599999
Alto Saxophone,Technical Etude,81.240816326,20.636734693,101.87755101900001
Alto Saxophone,Chromatic Scale,107.885714285,18.024489795,125.91020408
Alto Saxophone,Major Scales,134.844081632,95.294693877,230.13877550900003
Alto Saxophone,Sight-Reading,236.146938775,41.743673469,277.890612244
