Instrument,ScoreGroup,Start,Duration,End
Flute,Lyrical Etude,8.489796,78.628571,87.11836699999999
Flute,Technical Etude,90.122449,22.726531,112.84898000000001
Flute,Chromatic Scale,119.510204,17.110204,136.620408
Flute,Major Scales,141.061224,107.493878,248.555102
Flute,Sight-Reading,251.820408,41.795918,293.61632599999996
