Instrument,ScoreGroup,Start,Duration,End
Xylophone,Mallet Etude,12.840635,55.263492,68.104127
Snare Drum,Snare Etude,75.604172,39.682902,115.287074
Timpani,Timpani Etude,120.883084,52.686077,173.569161
Xylophone,Chromatic Scale,181.208526,9.845261,191.053787
Xylophone,Major Scales,201.293787,80.875102,282.16888900000004
Xylophone,Sight-Reading,292.710748,50.410522,343.12127000000004
Snare Drum,Sight-Reading,350.319456,35.85161,386.171066
