Instrument,ScoreGroup,Start,Duration,End
Xylophone,Mallet Etude,12.678095,100.797823,113.475918
Snare Drum,Snare Etude,121.440363,56.54059,177.980953
Timpani,Timpani Etude,184.32,84.241995,268.561995
Xylophone,Chromatic Scale,277.037279,12.770975,289.80825400000003
Xylophone,Major Scales,298.446077,84.404535,382.850612
Xylophone,Sight-Reading,388.493061,55.333152,443.826213
Snare Drum,Sight-Reading,450.095601,35.015692,485.111293
