Instrument,ScoreGroup,Start,Duration,End
Bb Clarinet,Lyrical Etude,17.554285714,81.92,99.474285714
Bb Clarinet,Technical Etude,111.037823129,38.452244898,149.490068027
Bb Clarinet,Chromatic Scale,157.617052154,12.074376417,169.691428571
Bb Clarinet,Major Scales,174.567619048,129.869206349,304.436825397
Bb Clarinet,Sight-Reading,311.379591837,56.192290249,367.571882086
