Instrument,ScoreGroup,Start,Duration,End
Alto Saxophone,Lyrical Etude,18.692063492,77.043809524,95.735873016
Alto Saxophone,Technical Etude,103.131428571,30.760634921,133.892063492
Alto Saxophone,Chromatic Scale,157.582222222,10.808888889,168.39111111100001
Alto Saxophone,Major Scales,176.883809524,67.657142857,244.54095238099998
Alto Saxophone,Sight-Reading,252.993015873,52.784761905,305.777777778
