Instrument,ScoreGroup,Start,Duration,End
Alto Saxophone,Lyrical Etude,11.470658,79.156825,90.627483
Alto Saxophone,Technical Etude,95.108934,27.028027,122.13696100000001
Alto Saxophone,Chromatic Scale,128.267029,9.450522,137.71755100000001
Alto Saxophone,Major Scales,144.288798,58.514286,202.803084
Alto Saxophone,Sight-Reading,209.002812,40.588481,249.591293
