Instrument,ScoreGroup,Start,Duration,End
Bb Clarinet,Lyrical Etude,20.43356009,78.57632653,99.00988662
Bb Clarinet,Technical Etude,104.211156462,43.281995464,147.493151926
Bb Clarinet,Chromatic Scale,157.524172335,14.4892517,172.013424035
Bb Clarinet,Major Scales,181.67292517,117.028571428,298.701496598
Bb Clarinet,Sight-Reading,305.2030839,82.105759637,387.30884353700003
