Instrument,ScoreGroup,Start,Duration,End
Oboe,Lyrical Etude,9.703798,92.016432,101.72023
Oboe,Technical Etude,105.384601,69.2159,174.600501
Oboe,Chromatic Scale,179.893481,17.507551,197.40103200000001
Oboe,Major Scales,201.065403,79.801861,280.867264
Oboe,Sight-Reading,286.97455,37.865169,324.839719
