Instrument,ScoreGroup,Start,Duration,End
Bb Clarinet,Lyrical Etude,16.346848072,72.074739229,88.421587301
Bb Clarinet,Technical Etude,93.80861678,33.808253968,127.616870748
Bb Clarinet,Chromatic Scale,134.489977324,13.374693877,147.864671201
Bb Clarinet,Major Scales,153.994739229,113.684897959,267.679637188
Bb Clarinet,Sight-Reading,273.252426303,49.597823129,322.850249432
