Instrument,ScoreGroup,Start,Duration,End
Alto Saxophone,Lyrical Etude,15.116190476,81.107301587,96.223492063
Alto Saxophone,Technical Etude,105.244444444,60.464761904,165.709206348
Alto Saxophone,Chromatic Scale,172.617142857,11.459047619,184.076190476
Alto Saxophone,Major Scales,190.659047619,93.216507936,283.875555555
Alto Saxophone,Sight-Reading,289.808253968,45.023492063,334.83174603099997
