Instrument,ScoreGroup,Start,Duration,End
Xylophone,Mallet Etude,11.702857,50.155102,61.857959
Snare Drum,Snare Etude,66.50195,63.158277,129.660227
Timpani,Timpani Etude,136.347574,55.727891,192.075465
Xylophone,Chromatic Scale,199.053061,8.097959,207.15102000000002
Xylophone,Major Scales,211.591837,91.167347,302.759184
Xylophone,Sight-Reading,308.767347,31.346939,340.114286
Snare Drum,Sight-Reading,344.032653,28.734694,372.767347
