Instrument,ScoreGroup,Start,Duration,End
Alto Saxophone,Lyrical Etude,9.473741496,82.059319727,91.533061223
Alto Saxophone,Technical Etude,96.130612244,68.266666666,164.39727891
Alto Saxophone,Chromatic Scale,172.617142857,11.145578231,183.762721088
Alto Saxophone,Major Scales,189.753469387,88.607346938,278.360816325
Alto Saxophone,Sight-Reading,281.983129251,60.186122448,342.169251699
