Instrument,ScoreGroup,Start,Duration,End
Flute,Lyrical Etude,7.822222222,41.682721088,49.50494331
Flute,Technical Etude,52.18031746,21.947936508,74.128253968
Flute,Chromatic Scale,80.193015873,18.17106576,98.364081633
Flute,Major Scales,105.822040816,137.064489796,242.886530612
Flute,Sight-Reading,246.098866213,89.348208617,335.44707483
