Instrument,ScoreGroup,Start,Duration,End
Xylophone,Mallet Etude,15.13941,73.769796,88.909206
Snare Drum,Snare Etude,98.150748,119.977506,218.128254
Timpani,Timpani Etude,227.439456,40.263401,267.702857
Xylophone,Chromatic Scale,276.967619,7.918005,284.885624
Xylophone,Major Scales,291.73551,80.991202,372.72671199999996
Xylophone,Sight-Reading,381.318095,51.22322,432.54131500000005
Snare Drum,Sight-Reading,439.948481,38.591565,478.540046
