Instrument,ScoreGroup,Start,Duration,End
Alto Saxophone,Lyrical Etude,10.634739229,82.825578231,93.46031746
Alto Saxophone,Technical Etude,97.384489796,44.373333333,141.757823129
Alto Saxophone,Chromatic Scale,151.370884354,19.736961451,171.107845805
Alto Saxophone,Major Scales,177.470113379,87.957188209,265.427301588
Alto Saxophone,Sight-Reading,271.557369615,52.012698413,323.57006802800004
