Instrument,ScoreGroup,Start,Duration,End
Bb Clarinet,Lyrical Etude,14.675011337,77.833287981,92.508299318
Bb Clarinet,Technical Etude,98.266848072,62.229478458,160.49632653
Bb Clarinet,Chromatic Scale,168.112471655,15.232290249,183.344761904
Bb Clarinet,Major Scales,191.518185941,122.972879818,314.491065759
Bb Clarinet,Sight-Reading,318.949297052,63.158276643,382.10757369500004
