Instrument,ScoreGroup,Start,Duration,End
Bb Clarinet,Lyrical Etude,13.97551,93.64898,107.62449
Bb Clarinet,Technical Etude,118.726531,40.620408,159.346939
Bb Clarinet,Chromatic Scale,168.097959,12.146939,180.244898
Bb Clarinet,Major Scales,188.212245,108.016327,296.228572
Bb Clarinet,Sight-Reading,304.326531,51.330612,355.657143
