Instrument,ScoreGroup,Start,Duration,End
Alto Saxophone,Lyrical Etude,14.675011337,66.873469387,81.548480724
Alto Saxophone,Technical Etude,87.678548752,39.938321995,127.61687074700001
Alto Saxophone,Chromatic Scale,135.41877551,15.046530612,150.465306122
Alto Saxophone,Major Scales,160.124807256,123.901678004,284.02648526
Alto Saxophone,Sight-Reading,292.942947845,42.91047619,335.853424035
