Instrument,ScoreGroup,Start,Duration,End
Alto Saxophone,Lyrical Etude,10.727619047,102.678639455,113.406258502
Alto Saxophone,Technical Etude,117.167891156,75.093333333,192.261224489
Alto Saxophone,Chromatic Scale,197.137414965,9.473741496,206.611156461
Alto Saxophone,Major Scales,212.601904761,91.672380952,304.274285713
Alto Saxophone,Sight-Reading,308.175238095,54.891972789,363.067210884
