Instrument,ScoreGroup,Start,Duration,End
Flute,Lyrical Etude,19.272562358,66.409070295,85.68163265300001
Flute,Technical Etude,89.86122449,39.590022676,129.451247166
Flute,Chromatic Scale,134.791836735,16.370068027,151.161904762
Flute,Major Scales,159.451428571,100.774603175,260.226031746
Flute,Sight-Reading,269.722993197,58.514285714,328.237278911
