Instrument,ScoreGroup,Start,Duration,End
Flute,Lyrical Etude,11.702857,30.000181,41.703038
Flute,Technical Etude,47.740227,26.006349,73.746576
Flute,Chromatic Scale,77.461769,20.34068,97.802449
Flute,Major Scales,103.314286,82.938776,186.253062
Flute,Sight-Reading,190.563265,41.142857,231.706122
