Instrument,ScoreGroup,Start,Duration,End
Flute,Lyrical Etude,10.866938775,43.25877551,54.125714285
Flute,Technical Etude,57.887346938,24.450612244,82.33795918199999
Flute,Chromatic Scale,87.771428571,14.83755102,102.60897959100001
Flute,Major Scales,108.042448979,123.297959183,231.34040816200002
Flute,Sight-Reading,234.150022675,50.80526077,284.955283445
