Instrument,ScoreGroup,Start,Duration,End
Trumpet,Lyrical Etude,13.138978,74.562084,87.701062
Trumpet,Technical Etude,93.137881,33.3976,126.53548099999999
Trumpet,Chromatic Scale,135.855742,12.815358,148.6711
Trumpet,Major Scales,152.942887,85.435722,238.378609
Trumpet,Sight-Reading,245.368804,60.581694,305.95049800000004
