Instrument,ScoreGroup,Start,Duration,End
Alto Saxophone,Lyrical Etude,14.4,62.857142857,77.257142857
Alto Saxophone,Technical Etude,83.2,24.359183673,107.559183673
Alto Saxophone,Chromatic Scale,114.873469387,12.8,127.673469387
Alto Saxophone,Major Scales,134.595918367,76.963265306,211.559183673
Alto Saxophone,Sight-Reading,216.55510204,43.232653061,259.787755101
