Instrument,ScoreGroup,Start,Duration,End
Flute,Lyrical Etude,11.842176871,68.823945578,80.666122449
Flute,Technical Etude,87.167709751,53.49877551,140.666485261
Flute,Chromatic Scale,148.839909297,12.306575964,161.14648526099998
Flute,Major Scales,168.472380952,107.438730159,275.911111111
Flute,Sight-Reading,283.875555556,55.182222222,339.057777778
