Instrument,ScoreGroup,Start,Duration,End
Xylophone,Mallet Etude,19.526531,31.542857,51.069388000000004
Snare Drum,Snare Etude,59.167347,70.269388,129.436735
Timpani,Timpani Etude,138.576689,56.749569,195.326258
Xylophone,Chromatic Scale,204.277551,8.816327,213.093878
Xylophone,Major Scales,222.725805,96.966531,319.692336
Xylophone,Sight-Reading,327.836735,47.804082,375.64081699999997
Snare Drum,Sight-Reading,381.844898,40.881633,422.726531
