Instrument,ScoreGroup,Start,Duration,End
Flute,Lyrical Etude,12.120816326,46.497959183,58.618775509
Flute,Technical Etude,64.679183673,26.122448979,90.801632652
Flute,Chromatic Scale,97.384489795,28.525714285,125.91020408
Flute,Major Scales,132.493061224,97.802448979,230.295510203
Flute,Sight-Reading,235.17170068,45.975510204,281.147210884
