Instrument,ScoreGroup,Start,Duration,End
Flute,Lyrical Etude,10.681179138,51.432199546,62.113378684
Flute,Technical Etude,67.163718821,29.605442177,96.769160998
Flute,Chromatic Scale,102.458049887,21.014058957,123.472108844
Flute,Major Scales,128.835918367,88.607346939,217.443265306
Flute,Sight-Reading,221.413877551,63.320816327,284.73469387800003
