Instrument,ScoreGroup,Start,Duration,End
Flute,Lyrical Etude,10.39093,41.882993,52.273922999999996
Flute,Technical Etude,55.263492,61.010431,116.273923
Flute,Chromatic Scale,120.232925,32.600816,152.833741
Flute,Major Scales,160.635646,84.845714,245.48136
Flute,Sight-Reading,249.521633,50.99102,300.512653
