Instrument,ScoreGroup,Start,Duration,End
Alto Saxophone,Lyrical Etude,9.845260771,80.712562358,90.557823129
Alto Saxophone,Technical Etude,95.642993197,39.148843537,134.791836734
Alto Saxophone,Chromatic Scale,140.898684807,10.216780045,151.115464852
Alto Saxophone,Major Scales,159.288888889,112.268480726,271.55736961499997
Alto Saxophone,Sight-Reading,275.458321995,46.881088435,322.33941043
