Instrument,ScoreGroup,Start,Duration,End
Xylophone,Mallet Etude,11.424218,33.088435,44.512653
Snare Drum,Snare Etude,49.737143,46.18449,95.921633
Timpani,Timpani Etude,101.099683,71.84254,172.942223
Xylophone,Chromatic Scale,178.712381,10.565079,189.27746
Xylophone,Major Scales,195.535238,81.432381,276.967619
Xylophone,Sight-Reading,283.550476,71.273651,354.824127
Snare Drum,Sight-Reading,359.456508,31.126349,390.582857
