Instrument,ScoreGroup,Start,Duration,End
Bb Clarinet,Lyrical Etude,9.380862,113.406259,122.78712100000001
Bb Clarinet,Technical Etude,127.291791,95.410794,222.702585
Bb Clarinet,Chromatic Scale,229.180952,16.462948,245.6439
Bb Clarinet,Major Scales,252.029388,100.704943,352.734331
Bb Clarinet,Sight-Reading,358.910839,58.305306,417.216145
