Instrument,ScoreGroup,Start,Duration,End
Flute,Lyrical Etude,10.936598639,60.046802721,70.98340136
Flute,Technical Etude,76.765170068,34.969251701,111.734421769
Flute,Chromatic Scale,119.88462585,20.201360544,140.085986394
Flute,Major Scales,148.95600907,98.568707483,247.524716553
Flute,Sight-Reading,255.326621315,41.888798186,297.21541950100004
