Instrument,ScoreGroup,Start,Duration,End
Flute,Lyrical Etude,8.777142857,44.210793651,52.987936508000004
Flute,Technical Etude,56.076190476,33.66893424,89.74512471599999
Flute,Chromatic Scale,93.936326531,8.933877551,102.870204082
Flute,Major Scales,109.017687075,68.03446712,177.052154195
Flute,Sight-Reading,182.508843537,27.747845805,210.256689342
