Instrument,ScoreGroup,Start,Duration,End
Bb Clarinet,Lyrical Etude,20.062040816,95.666213152,115.72825396799999
Bb Clarinet,Technical Etude,134.861496599,38.638004535,173.49950113399998
Bb Clarinet,Chromatic Scale,183.344761905,12.817414966,196.162176871
Bb Clarinet,Major Scales,210.09414966,123.715918367,333.810068027
Bb Clarinet,Sight-Reading,339.197097506,45.882630385,385.07972789099995
