Instrument,ScoreGroup,Start,Duration,End
Flute,Lyrical Etude,10.216780045,87.121269841,97.338049886
Flute,Technical Etude,101.610521541,23.034195011,124.644716552
Flute,Chromatic Scale,131.889342403,17.089886621,148.979229024
Flute,Major Scales,156.223854875,112.570340136,268.794195011
Flute,Sight-Reading,275.667301587,36.9661678,312.633469387
