Instrument,ScoreGroup,Start,Duration,End
Alto Saxophone,Lyrical Etude,11.84217687,45.000272108,56.84244897799999
Alto Saxophone,Technical Etude,62.275918367,48.343945578,110.619863945
Alto Saxophone,Chromatic Scale,117.167891156,19.365442176,136.53333333199998
Alto Saxophone,Major Scales,142.942040816,90.836462585,233.77850340100002
Alto Saxophone,Sight-Reading,238.933333333,55.727891156,294.661224489
