Instrument,ScoreGroup,Start,Duration,End
Xylophone,Mallet Etude,14.907211,125.434195,140.341406
Snare Drum,Snare Etude,150.442086,129.869206,280.311292
Timpani,Timpani Etude,294.289705,42.956916,337.246621
Xylophone,Chromatic Scale,350.040816,6.780227,356.82104300000003
Xylophone,Major Scales,365.853605,98.336508,464.190113
Xylophone,Sight-Reading,474.244354,43.583855,517.828209
Snare Drum,Sight-Reading,525.537234,29.257143,554.794377
