Instrument,ScoreGroup,Start,Duration,End
Bb Clarinet,Lyrical Etude,16.587755102,54.987755102,71.575510204
Bb Clarinet,Technical Etude,76.53877551,38.922448979,115.46122448899999
Bb Clarinet,Chromatic Scale,122.906122448,17.110204081,140.016326529
Bb Clarinet,Major Scales,149.289795918,79.281632653,228.571428571
Bb Clarinet,Sight-Reading,233.926530612,50.285714285,284.212244897
