Instrument,ScoreGroup,Start,Duration,End
Tenor Saxophone,Lyrical Etude,11.047921,45.70134,56.749261000000004
Tenor Saxophone,Technical Etude,62.513394,102.107498,164.620892
Tenor Saxophone,Chromatic Scale,169.973301,10.704818,180.67811899999998
Tenor Saxophone,Major Scales,184.795357,83.168204,267.963561
Tenor Saxophone,Sight-Reading,275.786313,50.642025,326.428338
