Instrument,ScoreGroup,Start,Duration,End
Flute,Lyrical Etude,11.981496599,29.907301587,41.888798186
Flute,Technical Etude,49.504943311,31.114739229,80.61968254
Flute,Chromatic Scale,87.585668934,22.941315193,110.52698412699999
Flute,Major Scales,119.443446712,87.957188209,207.400634921
Flute,Sight-Reading,215.852698413,48.576145125,264.428843538
