Instrument,ScoreGroup,Start,Duration,End
Flute,Lyrical Etude,8.301133787,31.753287982,40.054421769
Flute,Technical Etude,46.614058957,32.391836735,79.005895692
Flute,Chromatic Scale,85.333333333,24.148752834,109.482086167
Flute,Major Scales,115.078095238,81.502040816,196.580136054
Flute,Sight-Reading,200.341768707,49.946122449,250.287891156
