Instrument,ScoreGroup,Start,Duration,End
Alto Saxophone,Lyrical Etude,12.445895692,61.13814059,73.584036282
Alto Saxophone,Technical Etude,79.180045351,33.738594104,112.918639455
Alto Saxophone,Chromatic Scale,120.23292517,10.379319728,130.612244898
Alto Saxophone,Major Scales,133.700498866,105.604353741,239.304852607
Alto Saxophone,Sight-Reading,245.434920635,54.891972789,300.326893424
