Instrument,ScoreGroup,Start,Duration,End
Xylophone,Mallet Etude,7.314286,36.897959,44.212245
Snare Drum,Snare Etude,46.532789,71.145941,117.67873
Timpani,Timpani Etude,123.251519,46.811429,170.062948
Xylophone,Chromatic Scale,177.098594,8.126984,185.22557799999998
Xylophone,Major Scales,194.220408,97.567347,291.787755
Xylophone,Sight-Reading,297.665306,27.689796,325.355102
Snare Drum,Sight-Reading,332.865306,30.302041,363.16734699999995
