Instrument,ScoreGroup,Start,Duration,End
Alto Saxophone,Lyrical Etude,11.609977324,63.367256236,74.97723356
Alto Saxophone,Technical Etude,86.680090703,57.14430839,143.824399093
Alto Saxophone,Chromatic Scale,152.60154195,11.54031746,164.14185941000002
Alto Saxophone,Major Scales,173.987120181,105.163174603,279.150294784
Alto Saxophone,Sight-Reading,285.675102041,70.820861678,356.495963719
