Instrument,ScoreGroup,Start,Duration,End
Alto Saxophone,Lyrical Etude,12.2369161,52.755736961,64.992653061
Alto Saxophone,Technical Etude,71.401360544,29.535782313,100.937142857
Alto Saxophone,Chromatic Scale,108.971247166,10.425759637,119.397006803
Alto Saxophone,Major Scales,125.039455782,53.986394558,179.02585034
Alto Saxophone,Sight-Reading,185.922176871,51.083900227,237.006077098
