Instrument,ScoreGroup,Start,Duration,End
Flute,Lyrical Etude,14.791111111,45.836190476,60.627301587
Flute,Technical Etude,65.991111111,25.356190476,91.34730158699999
Flute,Chromatic Scale,97.361269841,23.243174603,120.604444444
Flute,Major Scales,128.406349206,105.813333333,234.219682539
Flute,Sight-Reading,239.908571429,45.673650794,285.58222222300003
