Instrument,ScoreGroup,Start,Duration,End
Bb Clarinet,Lyrical Etude,11.052698413,113.127619048,124.180317461
Bb Clarinet,Technical Etude,133.932698413,34.783492063,168.716190476
Bb Clarinet,Chromatic Scale,176.193015873,14.953650794,191.146666667
Bb Clarinet,Major Scales,198.948571429,117.353650794,316.302222223
Bb Clarinet,Sight-Reading,323.128888889,74.118095238,397.246984127
