Instrument,ScoreGroup,Start,Duration,End
Flute,Lyrical Etude,11.749297052,35.480090703,47.229387755000005
Flute,Technical Etude,52.802176871,33.343854875,86.146031746
Flute,Chromatic Scale,94.342675737,10.263219955,104.60589569199999
Flute,Major Scales,119.861405896,83.940136054,203.80154195
Flute,Sight-Reading,205.635918367,38.127165533,243.7630839
