Instrument,ScoreGroup,Start,Duration,End
Trumpet,Lyrical Etude,11.88861678,48.297505668,60.186122448
Trumpet,Technical Etude,66.873469387,30.464580498,97.338049885
Trumpet,Chromatic Scale,103.653877551,11.517097505,115.17097505599999
Trumpet,Major Scales,121.858321995,58.700045351,180.558367346
Trumpet,Sight-Reading,186.131156462,46.068390022,232.199546484
