Instrument,ScoreGroup,Start,Duration,End
Xylophone,Mallet Etude,12.399456,83.754376,96.153832
Snare Drum,Snare Etude,104.721995,120.720544,225.442539
Timpani,Timpani Etude,231.804807,49.040544,280.845351
Xylophone,Chromatic Scale,290.411973,9.125442,299.537415
Xylophone,Major Scales,308.175238,99.636825,407.81206299999997
Xylophone,Sight-Reading,415.312109,33.668934,448.981043
Snare Drum,Sight-Reading,457.108027,27.120907,484.228934
