Instrument,ScoreGroup,Start,Duration,End
Flute,Lyrical Etude,7.476825397,44.744852608,52.221678005
Flute,Technical Etude,54.891972789,27.562086168,82.454058957
Flute,Chromatic Scale,87.330249433,18.738503401,106.06875283400001
Flute,Major Scales,112.129160998,79.087165533,191.216326531
Flute,Sight-Reading,196.231836735,60.186122449,256.417959184
