Instrument,ScoreGroup,Start,Duration,End
Bb Clarinet,Lyrical Etude,12.260136054,104.582675737,116.842811791
Bb Clarinet,Technical Etude,122.462040816,43.363265306,165.825306122
Bb Clarinet,Chromatic Scale,170.840816327,18.076734694,188.917551021
Bb Clarinet,Major Scales,196.022857143,149.211428571,345.234285714
Bb Clarinet,Sight-Reading,349.135238095,48.343945578,397.47918367299997
