Instrument,ScoreGroup,Start,Duration,End
Alto Saxophone,Lyrical Etude,14.262857142,71.366530612,85.629387754
Alto Saxophone,Technical Etude,90.644897959,18.964897959,109.609795918
Alto Saxophone,Chromatic Scale,115.617959183,10.24,125.85795918299999
Alto Saxophone,Major Scales,132.07510204,88.137142857,220.212244897
Alto Saxophone,Sight-Reading,224.49632653,54.595918367,279.092244897
