Instrument,ScoreGroup,Start,Duration,End
Trumpet,Lyrical Etude,14.518246,64.147565,78.665811
Trumpet,Technical Etude,89.96453,18.95269,108.91722
Trumpet,Chromatic Scale,121.673838,12.027668,133.701506
Trumpet,Major Scales,144.271276,94.398974,238.67025
Trumpet,Sight-Reading,247.782119,41.914602,289.696721
