Instrument,ScoreGroup,Start,Duration,End
Flute,Lyrical Etude,14.280272109,53.21723356,67.49750566899999
Flute,Technical Etude,74.797278912,25.94829932,100.745578232
Flute,Chromatic Scale,108.495238095,13.496598639,121.991836734
Flute,Major Scales,129.785034014,107.289251701,237.07428571499997
Flute,Sight-Reading,246.243265306,67.239183673,313.482448979
