Instrument,ScoreGroup,Start,Duration,End
Alto Saxophone,Lyrical Etude,10.19356009,42.515736961,52.709297051
Alto Saxophone,Technical Etude,57.678367346,20.921179138,78.599546484
Alto Saxophone,Chromatic Scale,85.611972789,10.425759637,96.037732426
Alto Saxophone,Major Scales,102.376780041,63.158276643,165.535056684
Alto Saxophone,Sight-Reading,170.666666661,53.916734693,224.583401354
