Instrument,ScoreGroup,Start,Duration,End
Flute,Lyrical Etude,10.681179138,71.98185941,82.663038548
Flute,Technical Etude,88.885986395,64.73723356,153.62321995500002
Flute,Chromatic Scale,160.391836735,12.27755102,172.669387755
Flute,Major Scales,179.443809524,116.866031746,296.30984127
Flute,Sight-Reading,303.960816327,59.559183673,363.52
