Instrument,ScoreGroup,Start,Duration,End
Xylophone,Mallet Etude,11.517098,50.828481,62.345579
Snare Drum,Snare Etude,70.402902,51.966259,122.36916099999999
Timpani,Timpani Etude,129.172608,50.99102,180.163628
Xylophone,Chromatic Scale,189.59093,9.496961,199.08789099999998
Xylophone,Major Scales,206.262857,99.172426,305.435283
Xylophone,Sight-Reading,313.074649,52.755737,365.83038600000003
Snare Drum,Sight-Reading,371.658594,32.600816,404.25941
