Instrument,ScoreGroup,Start,Duration,End
Flute,Lyrical Etude,8.59138322,40.936780045,49.528163265
Flute,Technical Etude,54.822312925,32.786575964,87.608888889
Flute,Chromatic Scale,95.062494331,11.052698413,106.115192744
Flute,Major Scales,110.34122449,98.10430839,208.44553288
Flute,Sight-Reading,213.623582766,81.827120181,295.45070294699997
