Instrument,ScoreGroup,Start,Duration,End
Alto Saxophone,Lyrical Etude,12.956734694,58.467845805,71.424580499
Alto Saxophone,Technical Etude,76.834829932,75.952471655,152.787301587
Alto Saxophone,Chromatic Scale,159.381768707,9.055782313,168.43755102
Alto Saxophone,Major Scales,174.73015873,95.735873016,270.466031746
Alto Saxophone,Sight-Reading,278.662675737,64.040634921,342.70331065799996
