Instrument,ScoreGroup,Start,Duration,End
Oboe,Lyrical Etude,12.970143,108.576408,121.546551
Oboe,Technical Etude,137.390319,47.06531,184.455629
Oboe,Chromatic Scale,193.3095,9.319863,202.629363
Oboe,Major Scales,211.01724,109.974388,320.991628
Oboe,Sight-Reading,331.709471,40.075413,371.78488400000003
