Instrument,ScoreGroup,Start,Duration,End
Bb Clarinet,Lyrical Etude,11.935057,75.279093,87.21415
Bb Clarinet,Technical Etude,92.41542,101.517642,193.933062
Bb Clarinet,Chromatic Scale,199.64517,32.368617,232.013787
Bb Clarinet,Major Scales,238.515374,100.681723,339.197097
Bb Clarinet,Sight-Reading,343.817868,54.961633,398.779501
