Instrument,ScoreGroup,Start,Duration,End
Flute,Lyrical Etude,19.342222222,93.46031746,112.802539682
Flute,Technical Etude,119.629206349,34.295873015,153.925079364
Flute,Chromatic Scale,162.539682539,17.229206349,179.76888888800002
Flute,Major Scales,189.033650793,110.526984126,299.560634919
Flute,Sight-Reading,304.599365079,40.472380952,345.071746031
