Instrument,ScoreGroup,Start,Duration,End
Flute,Lyrical Etude,13.815873,49.922902,63.738775000000004
Flute,Technical Etude,68.731066,24.961451,93.692517
Flute,Chromatic Scale,100.194104,14.048073,114.242177
Flute,Major Scales,119.582766,92.995918,212.578684
Flute,Sight-Reading,219.080272,62.693878,281.77415
