Instrument,ScoreGroup,Start,Duration,End
Bb Clarinet,Lyrical Etude,16.161088435,60.929160997,77.090249432
Bb Clarinet,Technical Etude,82.848798185,30.650340136,113.499138321
Bb Clarinet,Chromatic Scale,122.229841269,15.603809523,137.83365079200001
Bb Clarinet,Major Scales,145.635555555,128.174149659,273.809705214
Bb Clarinet,Sight-Reading,280.125532879,52.569977324,332.69551020299997
