Instrument,ScoreGroup,Start,Duration,End
Bb Clarinet,Lyrical Etude,14.303492063,47.55446712,61.857959183
Bb Clarinet,Technical Etude,67.430748299,42.817596371,110.24834467
Bb Clarinet,Chromatic Scale,117.957369614,21.455238095,139.41260770899999
Bb Clarinet,Major Scales,147.678911564,97.895328798,245.574240362
Bb Clarinet,Sight-Reading,247.803356009,73.467936507,321.271292516
