Instrument,ScoreGroup,Start,Duration,End
Alto Saxophone,Lyrical Etude,12.027936508,41.099319728,53.127256235999994
Alto Saxophone,Technical Etude,62.113378685,50.433741497,112.547120182
Alto Saxophone,Chromatic Scale,119.722086168,16.811247166,136.53333333400002
Alto Saxophone,Major Scales,142.199002268,96.432471655,238.631473923
Alto Saxophone,Sight-Reading,245.992199546,42.631836735,288.624036281
