Instrument,ScoreGroup,Start,Duration,End
Bb Clarinet,Lyrical Etude,16.997007,67.509116,84.506123
Bb Clarinet,Technical Etude,91.755102,30.106122,121.86122399999999
Bb Clarinet,Chromatic Scale,129.632653,13.64898,143.281633
Bb Clarinet,Major Scales,151.379592,105.273469,256.653061
Bb Clarinet,Sight-Reading,262.530612,56.293878,318.82449
