Instrument,ScoreGroup,Start,Duration,End
Flute,Lyrical Etude,14.222222222,54.938412698,69.16063492
Flute,Technical Etude,74.118095238,24.137142857,98.255238095
Flute,Chromatic Scale,103.944126984,11.865396825,115.809523809
Flute,Major Scales,121.486802721,67.616507936,189.103310657
Flute,Sight-Reading,196.533696145,43.374875283,239.908571428
