Instrument,ScoreGroup,Start,Duration,End
Flute,Lyrical Etude,13.246984127,55.547936508,68.794920635
Flute,Technical Etude,75.348752834,73.955555556,149.30430839
Flute,Chromatic Scale,158.185941043,18.982312925,177.16825396800002
Flute,Major Scales,188.91755102,125.283265306,314.200816326
Flute,Sight-Reading,321.201632653,45.55755102,366.759183673
