Instrument,ScoreGroup,Start,Duration,End
Flute,Lyrical Etude,10.681179138,60.836281179,71.517460317
Flute,Technical Etude,78.483446712,41.099319728,119.58276644
Flute,Chromatic Scale,127.013151927,13.699773243,140.71292517
Flute,Major Scales,147.446712018,114.93877551,262.385487528
Flute,Sight-Reading,267.726077098,49.458503401,317.18458049900005
