Instrument,ScoreGroup,Start,Duration,End
Flute,Lyrical Etude,12.213696145,68.545306122,80.759002267
Flute,Technical Etude,86.656870748,48.297505669,134.954376417
Flute,Chromatic Scale,142.05968254,25.12399093,167.18367347
Flute,Major Scales,174.08,122.961269841,297.04126984100003
Flute,Sight-Reading,301.592380952,80.457142857,382.049523809
