Instrument,ScoreGroup,Start,Duration,End
Bb Clarinet,Lyrical Etude,9.671111111,50.874920635,60.546031746000004
Bb Clarinet,Technical Etude,64.446984127,45.592380952,110.03936507899999
Bb Clarinet,Chromatic Scale,114.869115646,19.644081633,134.513197279
Bb Clarinet,Major Scales,139.807346939,47.647346939,187.454693878
Bb Clarinet,Sight-Reading,193.306122449,62.380408163,255.68653061199998
