Instrument,ScoreGroup,Start,Duration,End
Flute,Lyrical Etude,9.752380952,112.29170068,122.044081632
Flute,Technical Etude,125.109115646,23.962993197,149.072108843
Flute,Chromatic Scale,154.459138321,25.356190476,179.815328797
Flute,Major Scales,187.524353741,107.833469387,295.357823128
Flute,Sight-Reading,299.537414965,39.845442176,339.382857141
