Instrument,ScoreGroup,Start,Duration,End
Bb Clarinet,Lyrical Etude,8.939683,78.506667,87.44635
Bb Clarinet,Technical Etude,92.3922,63.576236,155.968436
Bb Clarinet,Chromatic Scale,161.401905,15.719909,177.121814
Bb Clarinet,Major Scales,182.950023,70.960181,253.910204
Bb Clarinet,Sight-Reading,259.413333,80.039184,339.45251700000006
