Instrument,ScoreGroup,Start,Duration,End
Bb Clarinet,Lyrical Etude,12.260136,83.963356,96.22349200000001
Bb Clarinet,Technical Etude,100.867483,26.749388,127.61687099999999
Bb Clarinet,Chromatic Scale,134.304218,21.176599,155.480817
Bb Clarinet,Major Scales,164.02576,98.452608,262.478368
Bb Clarinet,Sight-Reading,269.537234,35.480091,305.017325
