Instrument,ScoreGroup,Start,Duration,End
Xylophone,Mallet Etude,9.195102,45.88263,55.077732
Snare Drum,Snare Etude,62.563265,85.681633,148.244898
Timpani,Timpani Etude,153.43746,102.725079,256.162539
Xylophone,Chromatic Scale,263.174966,7.383946,270.55891199999996
Xylophone,Major Scales,274.938776,98.089796,373.02857200000005
Xylophone,Sight-Reading,378.122449,31.477551,409.6
Snare Drum,Sight-Reading,414.80127,26.470748,441.272018
