Instrument,ScoreGroup,Start,Duration,End
Bb Clarinet,Lyrical Etude,9.520181406,89.280725624,98.80090703
Bb Clarinet,Technical Etude,103.560997732,44.234013605,147.795011337
Bb Clarinet,Chromatic Scale,153.483900227,13.815873016,167.299773243
Bb Clarinet,Major Scales,172.454603175,124.667936508,297.122539683
Bb Clarinet,Sight-Reading,301.55755102,66.664489796,368.222040816
