Instrument,ScoreGroup,Start,Duration,End
Flute,Lyrical Etude,18.018684807,61.625759637,79.644444444
Flute,Technical Etude,88.51446712,41.285079365,129.799546485
Flute,Chromatic Scale,139.180408163,13.746213152,152.926621315
Flute,Major Scales,167.322993197,104.071836735,271.394829932
Flute,Sight-Reading,287.834557823,73.97877551,361.813333333
