Instrument,ScoreGroup,Start,Duration,End
Bb Clarinet,Lyrical Etude,7.430385487,52.012698412,59.443083899
Bb Clarinet,Technical Etude,63.715555555,39.752562358,103.468117913
Bb Clarinet,Chromatic Scale,110.341224489,15.418049886,125.759274375
Bb Clarinet,Major Scales,132.818140589,87.86430839,220.68244897900001
Bb Clarinet,Sight-Reading,224.954920634,54.79909297,279.75401360399997
