Instrument,ScoreGroup,Start,Duration,End
Xylophone,Mallet Etude,14.303492,178.631111,192.934603
Snare Drum,Snare Etude,202.524444,104.721995,307.246439
Timpani,Timpani Etude,315.419864,51.687619,367.107483
Xylophone,Chromatic Scale,379.739138,156.456054,536.195192
Xylophone,Major Scales,546.853152,121.463583,668.316735
Xylophone,Sight-Reading,674.864762,30.58068,705.4454420000001
Snare Drum,Sight-Reading,711.343311,25.58839,736.931701
