Instrument,ScoreGroup,Start,Duration,End
Alto Saxophone,Lyrical Etude,11.563537414,42.028117913,53.591655327000005
Alto Saxophone,Technical Etude,60.09324263,46.625668934,106.718911564
Alto Saxophone,Chromatic Scale,113.917097505,28.560544217,142.477641722
Alto Saxophone,Major Scales,149.90802721,67.802267573,217.710294783
Alto Saxophone,Sight-Reading,222.354285714,70.727981859,293.082267573
