Instrument,ScoreGroup,Start,Duration,End
Flute,Lyrical Etude,15.464489796,49.632653061,65.097142857
Flute,Technical Etude,70.321632653,30.824489796,101.14612244899999
Flute,Chromatic Scale,108.773877551,24.659591837,133.433469388
Flute,Major Scales,140.248526077,92.322539683,232.57106576
Flute,Sight-Reading,239.16553288,52.941496599,292.107029479
