Instrument,ScoreGroup,Start,Duration,End
Xylophone,Mallet Etude,14.053991,37.765011,51.819002
Snare Drum,Snare Etude,58.906122,74.682993,133.589115
Timpani,Timpani Etude,142.040816,59.126009,201.16682500000002
Xylophone,Chromatic Scale,210.089796,6.699297,216.789093
Xylophone,Major Scales,224.522449,100.976009,325.498458
Xylophone,Sight-Reading,332.930612,30.169002,363.099614
Snare Drum,Sight-Reading,373.812245,45.943991,419.756236
