Instrument,ScoreGroup,Start,Duration,End
Flute,Lyrical Etude,21.455238095,49.783582766,71.238820861
Flute,Technical Etude,88.978866213,27.585306122,116.564172335
Flute,Chromatic Scale,125.573514739,16.439727891,142.01324263
Flute,Major Scales,154.923537414,105.882993197,260.806530611
Flute,Sight-Reading,266.936598639,56.006530612,322.943129251
