Instrument,ScoreGroup,Start,Duration,End
Alto Saxophone,Lyrical Etude,19.887891156,65.062312925,84.950204081
Alto Saxophone,Technical Etude,96.235102041,42.457687075,138.692789116
Alto Saxophone,Chromatic Scale,148.897959184,10.832108844,159.730068028
Alto Saxophone,Major Scales,171.014965986,103.549387755,274.564353741
Alto Saxophone,Sight-Reading,280.450612245,55.623401361,336.074013606
