Instrument,ScoreGroup,Start,Duration,End
Alto Saxophone,Lyrical Etude,12.887074829,45.278911564,58.165986393
Alto Saxophone,Technical Etude,63.274376417,26.819047619,90.093424036
Alto Saxophone,Chromatic Scale,97.75600907,9.868480725,107.624489795
Alto Saxophone,Major Scales,115.635374149,55.495691609,171.131065758
Alto Saxophone,Sight-Reading,176.355555555,46.788208616,223.143764171
