Instrument,ScoreGroup,Start,Duration,End
Flute,Lyrical Etude,23.347,99.840261,123.187261
Flute,Technical Etude,134.393821,52.976465,187.370286
Flute,Chromatic Scale,202.651959,14.262894,216.914853
Flute,Major Scales,233.724693,114.103156,347.827849
Flute,Sight-Reading,355.978074,50.42952,406.407594
