Instrument,ScoreGroup,Start,Duration,End
Oboe,Lyrical Etude,14.925584,107.153615,122.079199
Oboe,Technical Etude,133.985156,72.471044,206.4562
Oboe,Chromatic Scale,216.809206,11.388307,228.197513
Oboe,Major Scales,238.550519,110.777167,349.327686
Oboe,Sight-Reading,357.09244,55.906234,412.998674
