Instrument,ScoreGroup,Start,Duration,End
Flute,Lyrical Etude,15.121995465,48.036281179,63.158276644
Flute,Technical Etude,72.50430839,29.72154195,102.22585034000001
Flute,Chromatic Scale,112.297505669,11.522902494,123.820408163
Flute,Major Scales,133.12,105.604353741,238.72435374100002
Flute,Sight-Reading,246.421768707,69.20707483,315.628843537
