Instrument,ScoreGroup,Start,Duration,End
Bb Clarinet,Lyrical Etude,12.074376,73.932336,86.00671200000001
Bb Clarinet,Technical Etude,92.508299,32.693696,125.201995
Bb Clarinet,Chromatic Scale,133.18966,19.319002,152.50866200000002
Bb Clarinet,Major Scales,160.496327,91.765261,252.26158800000002
Bb Clarinet,Sight-Reading,260.620771,67.988027,328.608798
