Instrument,ScoreGroup,Start,Duration,End
Bb Clarinet,Lyrical Etude,9.142857142,97.697959183,106.84081632499999
Bb Clarinet,Technical Etude,111.270022675,75.789931972,187.059954647
Bb Clarinet,Chromatic Scale,192.818503401,14.675011337,207.493514738
Bb Clarinet,Major Scales,213.809342403,108.483628117,322.29297052
Bb Clarinet,Sight-Reading,326.751201814,40.867120181,367.61832199500003
