Instrument,ScoreGroup,Start,Duration,End
Alto Saxophone,Lyrical Etude,13.165714285,52.50031746,65.666031745
Alto Saxophone,Technical Etude,70.054603174,29.094603174,99.14920634799999
Alto Saxophone,Chromatic Scale,104.35047619,9.914920634,114.26539682399999
Alto Saxophone,Major Scales,119.141587301,58.514285714,177.655873015
Alto Saxophone,Sight-Reading,181.881904761,33.808253968,215.690158729
