Instrument,ScoreGroup,Start,Duration,End
Flute,Lyrical Etude,8.045714286,41.366349206,49.412063492
Flute,Technical Etude,52.744126984,33.970793651,86.714920635
Flute,Chromatic Scale,92.972698413,32.426666667,125.39936508
Flute,Major Scales,131.541043084,104.489795918,236.030839002
Flute,Sight-Reading,240.094331066,41.679818594,281.77414966
