Instrument,ScoreGroup,Start,Duration,End
Bb Clarinet,Lyrical Etude,13.560454,95.480454,109.040908
Bb Clarinet,Technical Etude,124.458957,43.839274,168.298231
Bb Clarinet,Chromatic Scale,180.372608,12.445896,192.81850400000002
Bb Clarinet,Major Scales,199.134331,119.257687,318.392018
Bb Clarinet,Sight-Reading,324.707846,59.071565,383.77941100000004
