Instrument,ScoreGroup,Start,Duration,End
Flute,Lyrical Etude,11.795737,52.477098,64.272835
Flute,Technical Etude,69.195465,40.495601,109.691066
Flute,Chromatic Scale,116.471293,12.353016,128.824309
Flute,Major Scales,134.211338,89.350385,223.56172300000003
Flute,Sight-Reading,225.790839,49.876463,275.667302
