Instrument,ScoreGroup,Start,Duration,End
French Horn,Lyrical Etude,14.312334,120.777629,135.089963
French Horn,Technical Etude,142.292299,99.724648,242.01694700000002
French Horn,Chromatic Scale,249.219282,9.972465,259.19174699999996
French Horn,Major Scales,265.840057,104.156855,369.996912
French Horn,Sight-Reading,376.645221,64.266995,440.912216
