Instrument,ScoreGroup,Start,Duration,End
Flute,Lyrical Etude,16.161088435,49.179863945,65.34095238
Flute,Technical Etude,69.799183673,22.569795918,92.368979591
Flute,Chromatic Scale,100.310204081,36.780408163,137.090612244
Flute,Major Scales,143.36,90.557823129,233.917823129
Flute,Sight-Reading,240.326530612,41.517278911,281.843809523
