Instrument,ScoreGroup,Start,Duration,End
Flute,Lyrical Etude,10.187755,65.828571,76.01632599999999
Flute,Technical Etude,80.195918,24.293878,104.48979600000001
Flute,Chromatic Scale,110.236735,19.330612,129.56734699999998
Flute,Major Scales,135.836735,89.6,225.436735
Flute,Sight-Reading,229.616327,62.171429,291.787756
