Instrument,ScoreGroup,Start,Duration,End
Flute,Lyrical Etude,10.24,52.767346938,63.007346938000005
Flute,Technical Etude,66.768979591,24.241632653,91.010612244
Flute,Chromatic Scale,96.548571428,17.763265306,114.311836734
Flute,Major Scales,119.814965986,95.851972789,215.666938775
Flute,Sight-Reading,219.567891156,53.220136054,272.78802721
