Instrument,ScoreGroup,Start,Duration,End
Bb Clarinet,Lyrical Etude,16.602268,77.461769,94.064037
Bb Clarinet,Technical Etude,103.560998,72.748118,176.30911600000002
Bb Clarinet,Chromatic Scale,187.942313,17.043447,204.98576000000003
Bb Clarinet,Major Scales,216.549297,92.02068,308.569977
Bb Clarinet,Sight-Reading,318.229478,42.864036,361.09351399999997
