Instrument,ScoreGroup,Start,Duration,End
Alto Saxophone,Lyrical Etude,12.329795918,78.158367346,90.48816326400001
Alto Saxophone,Technical Etude,94.876734693,45.55755102,140.434285713
Alto Saxophone,Chromatic Scale,148.375510204,17.554285714,165.929795918
Alto Saxophone,Major Scales,174.288979591,123.506938775,297.79591836599997
Alto Saxophone,Sight-Reading,301.766530612,73.560816326,375.327346938
