Instrument,ScoreGroup,Start,Duration,End
Xylophone,Mallet Etude,11.702857,60.557642,72.260499
Snare Drum,Snare Etude,78.019048,45.83619,123.855238
Timpani,Timpani Etude,134.791837,59.791383,194.58321999999998
Xylophone,Chromatic Scale,199.80771,10.44898,210.25669
Xylophone,Major Scales,218.546213,84.613515,303.159728
Xylophone,Sight-Reading,308.825397,107.212698,416.038095
Snare Drum,Sight-Reading,419.86322,41.424399,461.287619
