Instrument,ScoreGroup,Start,Duration,End
Bb Clarinet,Lyrical Etude,12.631655,64.830113,77.46176799999999
Bb Clarinet,Technical Etude,85.635193,64.272834,149.908027
Bb Clarinet,Chromatic Scale,156.966893,27.863946,184.830839
Bb Clarinet,Major Scales,191.332426,123.158639,314.491065
Bb Clarinet,Sight-Reading,317.27746,92.508299,409.785759
