Instrument,ScoreGroup,Start,Duration,End
Bb Clarinet,Lyrical Etude,9.380862,61.950839,71.33170100000001
Bb Clarinet,Technical Etude,76.538776,26.840816,103.379592
Bb Clarinet,Chromatic Scale,108.808707,14.210612,123.019319
Bb Clarinet,Major Scales,128.08127,75.325533,203.40680299999997
Bb Clarinet,Sight-Reading,207.865034,42.538957,250.40399100000002
