Instrument,ScoreGroup,Start,Duration,End
Alto Saxophone,Lyrical Etude,16.997006803,45.418231293,62.415238095999996
Alto Saxophone,Technical Etude,71.145941043,77.833287982,148.979229025
Alto Saxophone,Chromatic Scale,157.884081633,11.389387755,169.273469388
Alto Saxophone,Major Scales,177.354013605,99.613605442,276.96761904699997
Alto Saxophone,Sight-Reading,285.326802721,53.777414966,339.10421768699996
