Instrument,ScoreGroup,Start,Duration,End
Bb Clarinet,Lyrical Etude,13.560453515,55.170612245,68.73106576
Bb Clarinet,Technical Etude,73.003537415,38.080725624,111.084263039
Bb Clarinet,Chromatic Scale,116.842811791,16.904126984,133.746938775
Bb Clarinet,Major Scales,141.3630839,91.022222222,232.38530612199997
Bb Clarinet,Sight-Reading,236.657777778,55.356371882,292.01414966
