Instrument,ScoreGroup,Start,Duration,End
Bb Clarinet,Lyrical Etude,16.557177,81.532552,98.08972899999999
Bb Clarinet,Technical Etude,106.005511,36.412596,142.418107
Bb Clarinet,Chromatic Scale,149.938099,15.039985,164.978084
Bb Clarinet,Major Scales,167.748608,100.530428,268.279036
Bb Clarinet,Sight-Reading,272.632716,41.557854,314.19057000000004
