Instrument,ScoreGroup,Start,Duration,End
Alto Saxophone,Lyrical Etude,11.981496599,41.981678005,53.963174604
Alto Saxophone,Technical Etude,59.350204082,48.37877551,107.728979592
Alto Saxophone,Chromatic Scale,114.648526077,9.578231293,124.22675737
Alto Saxophone,Major Scales,130.147845805,109.249886621,239.397732426
Alto Saxophone,Sight-Reading,245.690340136,45.975510204,291.66585034
