Instrument,ScoreGroup,Start,Duration,End
Bb Clarinet,Lyrical Etude,9.142857,74.710204,83.853061
Bb Clarinet,Technical Etude,87.510204,34.742857,122.253061
Bb Clarinet,Chromatic Scale,129.567347,26.122449,155.689796
Bb Clarinet,Major Scales,161.17551,108.146939,269.322449
Bb Clarinet,Sight-Reading,274.808163,68.179592,342.987755
