Instrument,ScoreGroup,Start,Duration,End
Trumpet,Lyrical Etude,11.826521,56.627481,68.454002
Trumpet,Technical Etude,78.591021,18.176722,96.767743
Trumpet,Chromatic Scale,105.156999,7.340599,112.497598
Trumpet,Major Scales,119.488646,108.710782,228.199428
Trumpet,Sight-Reading,235.190475,42.645387,277.835862
