Instrument,ScoreGroup,Start,Duration,End
Flute,Lyrical Etude,10.565079365,44.930612245,55.49569161
Flute,Technical Etude,60.13968254,26.12244898,86.26213152
Flute,Chromatic Scale,93.402267574,18.575963719,111.97823129300001
Flute,Major Scales,118.607528345,73.282176871,191.889705216
Flute,Sight-Reading,195.790657596,50.155102041,245.94575963699998
