Instrument,ScoreGroup,Start,Duration,End
Oboe,Lyrical Etude,16.522446,100.836561,117.359007
Oboe,Technical Etude,126.719363,51.907428,178.626791
Oboe,Chromatic Scale,186.285264,9.785827,196.07109100000002
Oboe,Major Scales,204.155034,83.392261,287.547295
Oboe,Sight-Reading,293.503885,45.525367,339.02925200000004
