Instrument,ScoreGroup,Start,Duration,End
Trumpet,Lyrical Etude,10.971428571,56.81632653,67.787755101
Trumpet,Technical Etude,74.303854875,26.935147392,101.239002267
Trumpet,Chromatic Scale,107.926349206,11.331337868,119.257687074
Trumpet,Major Scales,126.316553287,55.356371882,181.672925169
Trumpet,Sight-Reading,189.103310657,42.538956916,231.642267573
