Instrument,ScoreGroup,Start,Duration,End
Bb Clarinet,Lyrical Etude,10.05424,70.054603,80.10884300000001
Bb Clarinet,Technical Etude,87.05161,74.559274,161.610884
Bb Clarinet,Chromatic Scale,169.08771,13.119274,182.20698399999998
Bb Clarinet,Major Scales,189.753469,71.7961,261.549569
Bb Clarinet,Sight-Reading,267.726077,51.594739,319.320816
