Instrument,ScoreGroup,Start,Duration,End
Flute,Lyrical Etude,12.329795918,54.613333333,66.943129251
Flute,Technical Etude,73.700136054,34.690612245,108.390748299
Flute,Chromatic Scale,117.49877551,12.591020408,130.089795918
Flute,Major Scales,137.926530612,101.424761905,239.351292517
Flute,Sight-Reading,246.224399093,55.077732426,301.302131519
