Instrument,ScoreGroup,Start,Duration,End
Bb Clarinet,Lyrical Etude,11.795737,60.487982,72.283719
Bb Clarinet,Technical Etude,78.622766,87.817868,166.440634
Bb Clarinet,Chromatic Scale,173.545941,18.181224,191.727165
Bb Clarinet,Major Scales,198.600272,122.554921,321.155193
Bb Clarinet,Sight-Reading,325.311565,59.628844,384.940409
