Instrument,ScoreGroup,Start,Duration,End
Bb Clarinet,Lyrical Etude,12.88707483,96.362811791,109.249886621
Bb Clarinet,Technical Etude,114.474376417,42.492517007,156.966893424
Bb Clarinet,Chromatic Scale,165.674376417,15.092970522,180.767346939
Bb Clarinet,Major Scales,189.242630385,108.669387755,297.91201814
Bb Clarinet,Sight-Reading,305.388843537,68.545306122,373.934149659
