Instrument,ScoreGroup,Start,Duration,End
Flute,Lyrical Etude,10.03102,68.731066,78.762086
Flute,Technical Etude,82.291519,24.334512,106.626031
Flute,Chromatic Scale,113.127619,14.675011,127.80263
Flute,Major Scales,133.932698,97.709569,231.642267
Flute,Sight-Reading,237.586576,50.898141,288.484717
