Instrument,ScoreGroup,Start,Duration,End
Bb Clarinet,Lyrical Etude,21.267904,88.279236,109.54714
Bb Clarinet,Technical Etude,120.425151,33.052415,153.477566
Bb Clarinet,Chromatic Scale,161.845266,15.480245,177.325511
Bb Clarinet,Major Scales,184.856442,104.596251,289.45269299999995
Bb Clarinet,Sight-Reading,297.402008,35.98111,333.383118
