Instrument,ScoreGroup,Start,Duration,End
Flute,Lyrical Etude,12.515555555,40.634920634,53.150476188999995
Flute,Technical Etude,57.864126984,22.43047619,80.294603174
Flute,Chromatic Scale,86.471111111,13.003174603,99.474285714
Flute,Major Scales,105.813333333,119.304126984,225.117460317
Flute,Sight-Reading,233.244444444,47.299047619,280.54349206300003
