Instrument,ScoreGroup,Start,Duration,End
Oboe,Lyrical Etude,15.464489795,75.859591836,91.32408163100001
Oboe,Technical Etude,96.130612244,37.407346938,133.537959182
Oboe,Chromatic Scale,141.479183673,17.13632653,158.61551020299999
Oboe,Major Scales,166.556734693,74.605714285,241.16244897800001
Oboe,Sight-Reading,250.148571428,59.977142857,310.125714285
