Instrument,ScoreGroup,Start,Duration,End
Alto Saxophone,Lyrical Etude,8.568163265,90.697142857,99.265306122
Alto Saxophone,Technical Etude,103.026938775,41.168979591,144.195918366
Alto Saxophone,Chromatic Scale,150.465306122,11.284897959,161.750204081
Alto Saxophone,Major Scales,166.974693877,96.548571428,263.523265305
Alto Saxophone,Sight-Reading,268.53877551,48.274285714,316.81306122399997
