Instrument,ScoreGroup,Start,Duration,End
Trumpet,Lyrical Etude,10.710204081,46.759183673,57.469387754
Trumpet,Technical Etude,61.387755102,35.004081632,96.39183673400001
Trumpet,Chromatic Scale,105.139954648,11.88861678,117.02857142799999
Trumpet,Major Scales,125.945034013,50.898140589,176.843174602
Trumpet,Sight-Reading,182.044444444,36.780408163,218.824852607
