Instrument,ScoreGroup,Start,Duration,End
Xylophone,Mallet Etude,15.281633,90.253061,105.534694
Snare Drum,Snare Etude,112.587755,47.15102,159.738775
Timpani,Timpani Etude,166.269388,90.383673,256.653061
Xylophone,Chromatic Scale,346.023764,6.501587,352.525351
Xylophone,Major Scales,359.259138,83.777596,443.036734
Xylophone,Sight-Reading,448.609524,89.536145,538.145669
Snare Drum,Sight-Reading,544.461497,47.554467,592.015964
