Instrument,ScoreGroup,Start,Duration,End
Flute,Lyrical Etude,15.092970522,59.675283447,74.768253969
Flute,Technical Etude,83.591836735,50.155102041,133.746938776
Flute,Chromatic Scale,143.267120181,30.650340136,173.917460317
Flute,Major Scales,182.508843537,125.945034014,308.453877551
Flute,Sight-Reading,312.076190476,73.282176871,385.358367347
