Instrument,ScoreGroup,Start,Duration,End
Bb Clarinet,Lyrical Etude,10.031020408,93.901496599,103.932517007
Bb Clarinet,Technical Etude,110.770793651,38.278095238,149.048888889
Bb Clarinet,Chromatic Scale,159.695238095,13.815873016,173.51111111100002
Bb Clarinet,Major Scales,181.069206349,117.516190476,298.58539682500003
Bb Clarinet,Sight-Reading,306.410521542,66.780589569,373.19111111100005
