Instrument,ScoreGroup,Start,Duration,End
Flute,Lyrical Etude,12.817415,45.97551,58.792925
Flute,Technical Etude,63.111837,49.876463,112.98830000000001
Flute,Chromatic Scale,122.044082,45.97551,168.019592
Flute,Major Scales,173.87102,101.982041,275.85306099999997
Flute,Sight-Reading,279.614694,58.096327,337.71102099999996
