Instrument,ScoreGroup,Start,Duration,End
Bb Clarinet,Lyrical Etude,9.659501134,67.244988662,76.904489796
Bb Clarinet,Technical Etude,83.22031746,40.867120181,124.08743764100001
Bb Clarinet,Chromatic Scale,131.889342404,20.990839002,152.880181406
Bb Clarinet,Major Scales,160.867845805,85.077913832,245.94575963699998
Bb Clarinet,Sight-Reading,251.332789116,50.89814059,302.230929706
