Instrument,ScoreGroup,Start,Duration,End
Flute,Lyrical Etude,3.134693878,82.477278912,85.61197279000001
Flute,Technical Etude,93.855056689,41.377959184,135.233015873
Flute,Chromatic Scale,145.031836735,13.699773243,158.73160997800002
Flute,Major Scales,168.112471655,120.511564626,288.62403628100003
Flute,Sight-Reading,296.286621315,96.966530612,393.253151927
