Instrument,ScoreGroup,Start,Duration,End
Flute,Lyrical Etude,12.53877551,52.088163265,64.626938775
Flute,Technical Etude,71.444897959,21.916734694,93.361632653
Flute,Chromatic Scale,100.179591837,15.516734694,115.69632653100001
Flute,Major Scales,124.865306122,107.075918367,231.941224489
Flute,Sight-Reading,239.751836735,41.247346939,280.999183674
