Instrument,ScoreGroup,Start,Duration,End
Alto Saxophone,Lyrical Etude,11.354557823,62.995736961,74.350294784
Alto Saxophone,Technical Etude,81.989659864,42.283537415,124.273197279
Alto Saxophone,Chromatic Scale,132.400181406,9.357641723,141.757823129
Alto Saxophone,Major Scales,148.259410431,90.372063492,238.631473923
Alto Saxophone,Sight-Reading,244.41324263,41.703038549,286.116281179
