Instrument,ScoreGroup,Start,Duration,End
Bb Clarinet,Lyrical Etude,9.273469387,34.612244897,43.885714283999995
Bb Clarinet,Technical Etude,47.804081632,41.926530612,89.730612244
Bb Clarinet,Chromatic Scale,96.783673469,15.412244897,112.195918366
Bb Clarinet,Major Scales,118.204081632,93.126530612,211.330612244
Bb Clarinet,Sight-Reading,215.510204081,85.420408163,300.93061224400003
