Instrument,ScoreGroup,Start,Duration,End
Flute,Lyrical Etude,11.145578231,26.563628117,37.709206348
Flute,Technical Etude,41.981678004,45.882630385,87.864308389
Flute,Chromatic Scale,93.80861678,44.025034013,137.833650793
Flute,Major Scales,144.149478458,82.105759637,226.255238095
Flute,Sight-Reading,236.47201814,59.257324263,295.729342403
