Instrument,ScoreGroup,Start,Duration,End
Alto Saxophone,Lyrical Etude,13.572063492,58.676825396,72.248888888
Alto Saxophone,Technical Etude,80.863492063,24.868571428,105.73206349099999
Alto Saxophone,Chromatic Scale,114.509206349,12.027936507,126.537142856
Alto Saxophone,Major Scales,133.201269841,68.51047619,201.71174603100002
Alto Saxophone,Sight-Reading,205.612698412,43.398095238,249.01079364999998
