Instrument,ScoreGroup,Start,Duration,End
Xylophone,Mallet Etude,9.705941,64.806893,74.512834
Snare Drum,Snare Etude,82.268299,45.92907,128.197369
Timpani,Timpani Etude,133.607619,67.059229,200.66684800000002
Xylophone,Chromatic Scale,208.329433,12.492336,220.821769
Xylophone,Major Scales,227.694875,105.163175,332.85805
Xylophone,Sight-Reading,342.98195,158.66195,501.6439
Snare Drum,Sight-Reading,508.052608,34.946032,542.99864
