Instrument,ScoreGroup,Start,Duration,End
Bb Clarinet,Lyrical Etude,17.275646259,47.090068027,64.365714286
Bb Clarinet,Technical Etude,71.865759637,49.458503401,121.324263038
Bb Clarinet,Chromatic Scale,131.541043084,20.085260771,151.626303855
Bb Clarinet,Major Scales,160.682086168,91.138321995,251.82040816300002
Bb Clarinet,Sight-Reading,258.321995465,80.92154195,339.243537415
