Instrument,ScoreGroup,Start,Duration,End
Trumpet,Lyrical Etude,12.72123,63.203215,75.924445
Trumpet,Technical Etude,84.904137,18.650129,103.55426600000001
Trumpet,Chromatic Scale,113.224703,8.979692,122.204395
Trumpet,Major Scales,130.147969,80.817226,210.965195
Trumpet,Sight-Reading,219.254141,54.568896,273.823037
