Instrument,ScoreGroup,Start,Duration,End
Bb Clarinet,Lyrical Etude,11.331337868,78.785306122,90.11664399
Bb Clarinet,Technical Etude,96.409251701,36.36244898,132.771700681
Bb Clarinet,Chromatic Scale,140.06276644,10.913378685,150.976145125
Bb Clarinet,Major Scales,157.965351474,95.15537415,253.120725624
Bb Clarinet,Sight-Reading,260.109931973,42.701496599,302.811428572
