Instrument,ScoreGroup,Start,Duration,End
Flute,Lyrical Etude,14.466031746,48.25106576,62.717097506
Flute,Technical Etude,71.912199546,24.195192744,96.10739228999999
Flute,Chromatic Scale,105.34893424,17.136326531,122.48526077100001
Flute,Major Scales,130.217505669,125.289070295,255.50657596399998
Flute,Sight-Reading,263.169160998,63.883900227,327.05306122499996
