Instrument,ScoreGroup,Start,Duration,End
Flute,Lyrical Etude,10.58829932,51.408979592,61.997278912
Flute,Technical Etude,67.570068027,56.076190476,123.64625850300001
Flute,Chromatic Scale,131.587482993,12.051156463,143.63863945600002
Flute,Major Scales,150.60462585,108.251428571,258.856054421
Flute,Sight-Reading,265.613061224,59.663673469,325.276734693
