Instrument,ScoreGroup,Start,Duration,End
Flute,Lyrical Etude,15.464489796,47.229387755,62.693877551
Flute,Technical Etude,68.127346939,21.037278912,89.16462585100001
Flute,Chromatic Scale,97.663129252,14.489251701,112.152380953
Flute,Major Scales,119.954285714,105.743673469,225.697959183
Flute,Sight-Reading,231.828027211,48.483265306,280.311292517
