Instrument,ScoreGroup,Start,Duration,End
Flute,Lyrical Etude,19.911111111,49.249523809,69.16063492
Flute,Technical Etude,75.662222222,20.561269841,96.223492063
Flute,Chromatic Scale,107.438730158,18.61079365,126.049523808
Flute,Major Scales,136.208253968,103.862857142,240.07111111
Flute,Sight-Reading,243.809523809,53.15047619,296.959999999
