Instrument,ScoreGroup,Start,Duration,End
Flute,Lyrical Etude,18.4726,92.769886,111.242486
Flute,Technical Etude,126.378625,60.544557,186.923182
Flute,Chromatic Scale,201.571059,14.647877,216.21893599999999
Flute,Major Scales,228.425499,102.535137,330.960636
Flute,Sight-Reading,340.237625,47.849731,388.087356
