Instrument,ScoreGroup,Start,Duration,End
Flute,Lyrical Etude,10.49542,50.340862,60.836282
Flute,Technical Etude,65.480272,27.956825,93.437097
Flute,Chromatic Scale,100.310204,17.925805,118.236009
Flute,Major Scales,124.923356,123.437279,248.360635
Flute,Sight-Reading,253.097506,77.647528,330.74503400000003
