Instrument,ScoreGroup,Start,Duration,End
Alto Saxophone,Lyrical Etude,10.762448979,46.497959183,57.260408162
Alto Saxophone,Technical Etude,61.857959183,37.302857142,99.160816325
Alto Saxophone,Chromatic Scale,104.594285714,16.195918367,120.790204081
Alto Saxophone,Major Scales,125.074285714,104.385306122,229.45959183600002
Alto Saxophone,Sight-Reading,233.221224489,56.215510204,289.436734693
