Instrument,ScoreGroup,Start,Duration,End
Alto Saxophone,Lyrical Etude,16.277188209,48.645804989,64.922993198
Alto Saxophone,Technical Etude,71.215600907,85.86739229,157.082993197
Alto Saxophone,Chromatic Scale,164.14185941,12.120816327,176.262675737
Alto Saxophone,Major Scales,183.994920635,104.280816327,288.275736962
Alto Saxophone,Sight-Reading,294.823764172,78.135147392,372.958911564
