Instrument,ScoreGroup,Start,Duration,End
Bb Clarinet,Lyrical Etude,15.975328798,120.000725623,135.976054421
Bb Clarinet,Technical Etude,143.777959183,73.189297052,216.967256235
Bb Clarinet,Chromatic Scale,225.697959183,15.975328798,241.673287981
Bb Clarinet,Major Scales,250.032471655,121.115283446,371.14775510100003
Bb Clarinet,Sight-Reading,377.649342403,43.096235827,420.74557823
