Instrument,ScoreGroup,Start,Duration,End
Flute,Lyrical Etude,14.953650793,50.062222222,65.015873015
Flute,Technical Etude,68.754285714,44.86095238,113.615238094
Flute,Chromatic Scale,141.084444444,28.281904761,169.366349205
Flute,Major Scales,171.827664399,120.743764172,292.571428571
Flute,Sight-Reading,300.001814058,70.402902494,370.40471655199997
