Instrument,ScoreGroup,Start,Duration,End
Alto Saxophone,Lyrical Etude,13.397913832,58.700045351,72.097959183
Alto Saxophone,Technical Etude,78.506666667,37.430566893,115.93723356000001
Alto Saxophone,Chromatic Scale,124.435736961,7.778684807,132.214421768
Alto Saxophone,Major Scales,139.621587302,82.314739229,221.936326531
Alto Saxophone,Sight-Reading,228.22893424,58.583945578,286.812879818
