Instrument,ScoreGroup,Start,Duration,End
Xylophone,Mallet Etude,13.119274,33.111655,46.230929
Snare Drum,Snare Etude,52.895057,43.119456,96.014513
Timpani,Timpani Etude,101.935601,41.285079,143.22068000000002
Xylophone,Chromatic Scale,149.234649,6.083628,155.318277
Xylophone,Major Scales,161.192925,90.882902,252.075827
Xylophone,Sight-Reading,259.506213,36.385669,295.891882
Snare Drum,Sight-Reading,301.95229,31.045079,332.997369
