Instrument,ScoreGroup,Start,Duration,End
Flute,Lyrical Etude,19.853061,67.918367,87.771428
Flute,Technical Etude,91.428571,44.930612,136.359183
Flute,Chromatic Scale,141.061224,14.106122,155.167346
Flute,Major Scales,156.212245,103.444898,259.657143
Flute,Sight-Reading,263.053061,61.387755,324.44081600000004
