Instrument,ScoreGroup,Start,Duration,End
Bb Clarinet,Lyrical Etude,8.916462585,100.588843537,109.50530612200001
Bb Clarinet,Technical Etude,113.545578231,47.090068027,160.635646258
Bb Clarinet,Chromatic Scale,164.815238095,15.18585034,180.001088435
Bb Clarinet,Major Scales,185.295238095,124.342857143,309.638095238
Bb Clarinet,Sight-Reading,313.051428571,51.617959184,364.669387755
