Instrument,ScoreGroup,Start,Duration,End
Alto Saxophone,Lyrical Etude,11.702857143,56.14585034,67.848707483
Alto Saxophone,Technical Etude,75.824761905,68.591746032,144.416507937
Alto Saxophone,Chromatic Scale,153.681269841,9.102222222,162.78349206299998
Alto Saxophone,Major Scales,168.576870748,101.122902494,269.699773242
Alto Saxophone,Sight-Reading,277.710657596,66.641269841,344.351927437
