Instrument,ScoreGroup,Start,Duration,End
Flute,Lyrical Etude,12.58521542,61.486439909,74.071655329
Flute,Technical Etude,79.458684807,20.085260771,99.543945578
Flute,Chromatic Scale,104.977414966,12.863854875,117.841269841
Flute,Major Scales,123.576598639,76.718730159,200.295328798
Flute,Sight-Reading,204.614240363,55.054512472,259.66875283499996
