Instrument,ScoreGroup,Start,Duration,End
Alto Saxophone,Lyrical Etude,12.956734693,48.37877551,61.335510203
Alto Saxophone,Technical Etude,66.142040816,29.67510204,95.817142856
Alto Saxophone,Chromatic Scale,102.713469387,11.180408163,113.89387755
Alto Saxophone,Major Scales,119.849795918,60.39510204,180.244897958
Alto Saxophone,Sight-Reading,184.424489795,47.229387755,231.65387755
