Instrument,ScoreGroup,Start,Duration,End
Bb Clarinet,Lyrical Etude,11.888617,64.551474,76.440091
Bb Clarinet,Technical Etude,80.619683,27.213787,107.83346999999999
Bb Clarinet,Chromatic Scale,115.449615,13.839093,129.28870799999999
Bb Clarinet,Major Scales,136.620408,91.428571,228.048979
Bb Clarinet,Sight-Reading,235.102041,57.208163,292.310204
