Instrument,ScoreGroup,Start,Duration,End
Alto Saxophone,Lyrical Etude,11.354557823,43.096235828,54.450793651
Alto Saxophone,Technical Etude,59.187664399,54.265034014,113.45269841300001
Alto Saxophone,Chromatic Scale,119.443446712,9.427301587,128.87074829899998
Alto Saxophone,Major Scales,135.76707483,94.11047619,229.87755102
Alto Saxophone,Sight-Reading,236.657777778,50.456961451,287.114739229
