Instrument,ScoreGroup,Start,Duration,End
Alto Saxophone,Lyrical Etude,16.892517006,64.551473922,81.443990928
Alto Saxophone,Technical Etude,89.106575963,37.151927437,126.2585034
Alto Saxophone,Chromatic Scale,135.314285714,16.950566893,152.264852607
Alto Saxophone,Major Scales,165.96462585,77.148299319,243.112925169
Alto Saxophone,Sight-Reading,245.667120181,78.483446712,324.150566893
