Instrument,ScoreGroup,Start,Duration,End
Bb Clarinet,Lyrical Etude,10.681179138,72.167619048,82.84879818600001
Bb Clarinet,Technical Etude,86.285351474,28.235464853,114.52081632699999
Bb Clarinet,Chromatic Scale,121.022403628,21.083718821,142.106122449
Bb Clarinet,Major Scales,148.421950113,91.393741497,239.81569161
Bb Clarinet,Sight-Reading,243.229024943,64.203174603,307.432199546
