Instrument,ScoreGroup,Start,Duration,End
Alto Saxophone,Lyrical Etude,15.673469387,64.714013605,80.387482992
Alto Saxophone,Technical Etude,86.51755102,19.922721088,106.440272108
Alto Saxophone,Chromatic Scale,115.565714285,13.444353741,129.010068026
Alto Saxophone,Major Scales,136.602993197,87.283809523,223.88680272
Alto Saxophone,Sight-Reading,229.668571428,51.896598639,281.565170067
