Instrument,ScoreGroup,Start,Duration,End
Flute,Lyrical Etude,10.774059,68.359546,79.13360499999999
Flute,Technical Etude,82.663039,22.291156,104.954195
Flute,Chromatic Scale,112.198821,14.303492,126.502313
Flute,Major Scales,132.632381,109.783946,242.41632700000002
Flute,Sight-Reading,245.388481,42.538957,287.927438
