Instrument,ScoreGroup,Start,Duration,End
Flute,Lyrical Etude,11.006259,64.922993,75.929252
Flute,Technical Etude,80.944762,124.551837,205.496599
Flute,Chromatic Scale,217.338776,27.028027,244.366803
Flute,Major Scales,256.06966,119.954286,376.023946
Flute,Sight-Reading,386.054966,76.486531,462.541497
