Instrument,ScoreGroup,Start,Duration,End
Alto Saxophone,Lyrical Etude,14.860770975,83.824036281,98.684807256
Alto Saxophone,Technical Etude,107.276190476,42.028117913,149.304308389
Alto Saxophone,Chromatic Scale,158.360090702,10.216780045,168.57687074700002
Alto Saxophone,Major Scales,175.078458049,110.759183673,285.837641722
Alto Saxophone,Sight-Reading,297.679818594,49.458503401,347.13832199499996
