Instrument,ScoreGroup,Start,Duration,End
Alto Saxophone,Lyrical Etude,14.88399093,95.039274376,109.92326530599999
Alto Saxophone,Technical Etude,117.551020408,33.01877551,150.569795918
Alto Saxophone,Chromatic Scale,157.082993197,12.294965986,169.377959183
Alto Saxophone,Major Scales,176.309115646,59.628843537,235.937959183
Alto Saxophone,Sight-Reading,242.625306122,51.408979592,294.034285714
