Instrument,ScoreGroup,Start,Duration,End
Bb Clarinet,Lyrical Etude,12.88707483,128.917188209,141.80426303899998
Bb Clarinet,Technical Etude,146.912653061,67.639727891,214.552380952
Bb Clarinet,Chromatic Scale,221.33260771,17.368526077,238.701133787
Bb Clarinet,Major Scales,245.992199546,122.671020408,368.663219954
Bb Clarinet,Sight-Reading,372.6338322,80.851882086,453.48571428599996
