Instrument,ScoreGroup,Start,Duration,End
Flute,Lyrical Etude,6.530612,27.428571,33.959183
Flute,Technical Etude,37.093878,28.604082,65.69796
Flute,Chromatic Scale,67.134694,15.412245,82.546939
Flute,Major Scales,83.963356,80.248163,164.211519
Flute,Sight-Reading,166.812154,57.957007,224.769161
