Instrument,ScoreGroup,Start,Duration,End
Flute,Lyrical Etude,14.767891156,54.613333333,69.381224489
Flute,Technical Etude,74.396734694,24.520272109,98.917006803
Flute,Chromatic Scale,104.071836735,18.808163265,122.88000000000001
Flute,Major Scales,129.428027211,106.858231293,236.286258504
Flute,Sight-Reading,241.719727891,52.384217687,294.103945578
