Instrument,ScoreGroup,Start,Duration,End
Flute,Lyrical Etude,8.93968254,54.775873016,63.715555556
Flute,Technical Etude,67.941587302,19.17968254,87.121269842
Flute,Chromatic Scale,93.947936508,13.653333333,107.601269841
Flute,Major Scales,113.29015873,102.074920635,215.36507936499999
Flute,Sight-Reading,220.241269841,41.772698413,262.013968254
