Instrument,ScoreGroup,Start,Duration,End
Flute,Lyrical Etude,15.673469,47.020408,62.693877
Flute,Technical Etude,70.4,54.857143,125.25714300000001
Flute,Chromatic Scale,140.930612,17.502041,158.432653
Flute,Major Scales,166.626395,121.486803,288.113198
Flute,Sight-Reading,292.757188,63.158277,355.915465
