Instrument,ScoreGroup,Start,Duration,End
Bb Clarinet,Lyrical Etude,16.0,42.253061224,58.253061224
Bb Clarinet,Technical Etude,64.326530612,48.718367346,113.044897958
Bb Clarinet,Chromatic Scale,118.204081632,17.567346938,135.77142857
Bb Clarinet,Major Scales,141.453061224,83.853061224,225.306122448
Bb Clarinet,Sight-Reading,231.053061224,55.967346938,287.020408162
