Instrument,ScoreGroup,Start,Duration,End
Bb Clarinet,Lyrical Etude,13.560453514,74.861133786,88.4215873
Bb Clarinet,Technical Etude,95.480453514,55.356371882,150.836825396
Bb Clarinet,Chromatic Scale,157.338412698,21.919637188,179.258049886
Bb Clarinet,Major Scales,187.431473922,122.601360544,310.032834466
Bb Clarinet,Sight-Reading,314.862585034,95.480453514,410.343038548
