Instrument,ScoreGroup,Start,Duration,End
Bb Clarinet,Lyrical Etude,7.151746031,59.4430839,66.59482993099999
Bb Clarinet,Technical Etude,69.381224489,32.043537414,101.424761903
Bb Clarinet,Chromatic Scale,105.790113378,15.418049886,121.208163264
Bb Clarinet,Major Scales,125.759274376,113.313378684,239.07265306
Bb Clarinet,Sight-Reading,243.252244897,51.269659863,294.52190476
