Instrument,ScoreGroup,Start,Duration,End
Flute,Lyrical Etude,9.473741497,40.681360544,50.155102041
Flute,Technical Etude,54.799092971,38.452244898,93.251337869
Flute,Chromatic Scale,99.660045351,26.192108844,125.852154195
Flute,Major Scales,131.935782313,112.98829932,244.92408163300001
Flute,Sight-Reading,252.447346939,60.743401361,313.1907483
