Instrument,ScoreGroup,Start,Duration,End
Alto Saxophone,Lyrical Etude,12.486530612,58.253061224,70.739591836
Alto Saxophone,Technical Etude,77.113469387,21.263673469,98.37714285599999
Alto Saxophone,Chromatic Scale,105.221224489,12.591020408,117.812244897
Alto Saxophone,Major Scales,132.59755102,84.009795918,216.60734693799998
Alto Saxophone,Sight-Reading,222.145306122,45.139591836,267.284897958
