Instrument,ScoreGroup,Start,Duration,End
Alto Saxophone,Lyrical Etude,10.739229024,48.587755102,59.326984126
Alto Saxophone,Technical Etude,65.538321995,43.479365079,109.01768707400001
Alto Saxophone,Chromatic Scale,116.273922902,12.654875283,128.928798185
Alto Saxophone,Major Scales,134.965986394,100.194104308,235.160090702
Alto Saxophone,Sight-Reading,241.719727891,53.347845804,295.06757369499996
