Instrument,ScoreGroup,Start,Duration,End
Xylophone,Mallet Etude,16.32,71.36,87.68
Snare Drum,Snare Etude,96.576,120.042667,216.618667
Timpani,Timpani Etude,224.448,38.741333,263.18933300000003
Xylophone,Chromatic Scale,273.493333,7.232,280.72533300000003
Xylophone,Major Scales,288.704,89.045333,377.749333
Xylophone,Sight-Reading,387.050667,81.450667,468.501334
Snare Drum,Sight-Reading,476.202667,33.728,509.930667
