Instrument,ScoreGroup,Start,Duration,End
Bb Clarinet,Lyrical Etude,14.117732426,68.545306122,82.663038548
Bb Clarinet,Technical Etude,88.421587301,31.207619047,119.629206348
Bb Clarinet,Chromatic Scale,130.403265306,14.117732426,144.520997732
Bb Clarinet,Major Scales,152.508662131,105.69723356,258.205895691
Bb Clarinet,Sight-Reading,263.407165532,54.427573696,317.83473922800005
