Instrument,ScoreGroup,Start,Duration,End
Flute,Lyrical Etude,9.659501,83.220317,92.879818
Flute,Technical Etude,98.824127,25.263311,124.087438
Flute,Chromatic Scale,130.031746,18.575964,148.60771
Flute,Major Scales,157.518367,98.481633,256.0
Flute,Sight-Reading,263.053061,55.902041,318.955102
