Instrument,ScoreGroup,Start,Duration,End
Flute,Lyrical Etude,12.120816327,47.299047619,59.419863946
Flute,Technical Etude,64.017414966,35.247891156,99.265306122
Flute,Chromatic Scale,107.624489796,11.331337868,118.95582766400001
Flute,Major Scales,125.596734694,104.304036281,229.900770975
Flute,Sight-Reading,234.591201814,58.467845805,293.059047619
