Instrument,ScoreGroup,Start,Duration,End
Flute,Lyrical Etude,13.555332,122.225175,135.780507
Flute,Technical Etude,142.141668,48.617449,190.759117
Flute,Chromatic Scale,200.300859,10.45048,210.751339
Flute,Major Scales,217.566869,90.419367,307.98623599999996
Flute,Sight-Reading,315.256135,47.254343,362.510478
