Instrument,ScoreGroup,Start,Duration,End
Bb Clarinet,Lyrical Etude,17.18276644,127.245351474,144.428117914
Bb Clarinet,Technical Etude,150.929705215,39.473922902,190.403628117
Bb Clarinet,Chromatic Scale,196.85877551,18.390204082,215.24897959199998
Bb Clarinet,Major Scales,225.001360544,129.335147392,354.336507936
Bb Clarinet,Sight-Reading,357.355102041,48.761904762,406.117006803
