Instrument,ScoreGroup,Start,Duration,End
Flute,Lyrical Etude,10.216780045,31.463038549,41.679818594
Flute,Technical Etude,45.917460317,25.716099773,71.63356009
Flute,Chromatic Scale,77.844897959,17.937414966,95.78231292499999
Flute,Major Scales,102.167800454,68.080907029,170.248707483
Flute,Sight-Reading,173.77814059,54.799092971,228.57723356099999
