Instrument,ScoreGroup,Start,Duration,End
Oboe,Lyrical Etude,11.702857142,59.326984126,71.029841268
Oboe,Technical Etude,75.255873015,53.638095238,128.893968253
Oboe,Chromatic Scale,139.296507936,39.334603174,178.63111111
Oboe,Major Scales,190.333968253,104.838095238,295.172063491
Oboe,Sight-Reading,301.348571428,65.015873015,366.364444443
