Instrument,ScoreGroup,Start,Duration,End
Flute,Lyrical Etude,20.073651,47.786667,67.860318
Flute,Technical Etude,73.874286,28.769524,102.64381
Flute,Chromatic Scale,115.565714,25.68127,141.246984
Flute,Major Scales,151.324444,108.576508,259.900952
Flute,Sight-Reading,265.020952,56.645079,321.66603100000003
