Instrument,ScoreGroup,Start,Duration,End
Bb Clarinet,Lyrical Etude,10.448979592,79.551564626,90.000544218
Bb Clarinet,Technical Etude,93.901496599,25.216870748,119.118367347
Bb Clarinet,Chromatic Scale,125.52707483,11.981496599,137.508571429
Bb Clarinet,Major Scales,144.474557823,92.229659864,236.70421768699998
Bb Clarinet,Sight-Reading,241.301768707,49.597823129,290.899591836
