Instrument,ScoreGroup,Start,Duration,End
French Horn,Lyrical Etude,15.333252,95.190247,110.523499
French Horn,Technical Etude,116.373179,104.230661,220.60384
French Horn,Chromatic Scale,229.644254,13.294727,242.93898099999998
French Horn,Major Scales,246.661505,120.716123,367.377628
French Horn,Sight-Reading,377.48162,45.202072,422.683692
