Instrument,ScoreGroup,Start,Duration,End
Alto Saxophone,Lyrical Etude,10.309659864,68.638185941,78.947845805
Alto Saxophone,Technical Etude,83.56861678,42.446077098,126.014693878
Alto Saxophone,Chromatic Scale,132.214421769,9.868480726,142.082902495
Alto Saxophone,Major Scales,148.839909297,110.34122449,259.181133787
Alto Saxophone,Sight-Reading,262.965986395,57.562267574,320.52825396900005
