Instrument,ScoreGroup,Start,Duration,End
Flute,Lyrical Etude,16.253968253,111.920181405,128.174149658
Flute,Technical Etude,134.211337868,26.935147392,161.14648526
Flute,Chromatic Scale,168.112471655,13.931972789,182.04444444400002
Flute,Major Scales,191.100226757,110.759183673,301.85941043
Flute,Sight-Reading,306.039002267,45.975510204,352.014512471
