Instrument,ScoreGroup,Start,Duration,End
Bb Clarinet,Lyrical Etude,9.311201814,71.215600907,80.526802721
Bb Clarinet,Technical Etude,85.356553288,43.328435374,128.684988662
Bb Clarinet,Chromatic Scale,134.234557823,12.004716553,146.239274376
Bb Clarinet,Major Scales,152.044263039,100.588843537,252.633106576
Bb Clarinet,Sight-Reading,255.605260771,40.193741497,295.799002268
