Instrument,ScoreGroup,Start,Duration,End
Bb Clarinet,Lyrical Etude,17.507703,90.16843,107.676133
Bb Clarinet,Technical Etude,116.692976,32.911477,149.604453
Bb Clarinet,Chromatic Scale,159.072138,12.172738,171.244876
Bb Clarinet,Major Scales,182.065088,112.710537,294.775625
Bb Clarinet,Sight-Reading,304.694152,55.002742,359.696894
