Instrument,ScoreGroup,Start,Duration,End
Flute,Lyrical Etude,9.090612245,54.961632653,64.052244898
Flute,Technical Etude,68.649795918,41.168979592,109.81877551
Flute,Chromatic Scale,115.356734694,29.675102041,145.03183673499998
Flute,Major Scales,151.324444444,124.017777778,275.342222222
Flute,Sight-Reading,283.051247166,109.133786848,392.185034014
