Instrument,ScoreGroup,Start,Duration,End
Flute,Lyrical Etude,13.061224,65.567347,78.628571
Flute,Technical Etude,83.330612,20.636735,103.967347
Flute,Chromatic Scale,110.759184,12.538776,123.29796
Flute,Major Scales,130.35102,98.220408,228.57142800000003
Flute,Sight-Reading,238.759184,35.526531,274.285715
