Instrument,ScoreGroup,Start,Duration,End
Flute,Lyrical Etude,14.071292517,54.102494331,68.173786848
Flute,Technical Etude,76.254331066,21.594557823,97.84888888900001
Flute,Chromatic Scale,105.557913832,12.678095238,118.23600907
Flute,Major Scales,124.714376417,125.294875283,250.0092517
Flute,Sight-Reading,255.791020408,45.534331066,301.325351474
