Instrument,ScoreGroup,Start,Duration,End
Xylophone,Mallet Etude,15.020408,40.013991,55.03439899999999
Snare Drum,Snare Etude,63.085714,81.170998,144.256712
Timpani,Timpani Etude,149.942857,61.599002,211.541859
Xylophone,Chromatic Scale,216.685714,8.465011,225.150725
Xylophone,Major Scales,231.967347,91.53,323.497347
Xylophone,Sight-Reading,329.537596,67.917007,397.454603
Snare Drum,Sight-Reading,404.956009,78.261995,483.218004
