Instrument,ScoreGroup,Start,Duration,End
Flute,Lyrical Etude,9.195102041,46.811428571,56.006530612
Flute,Technical Etude,61.78829932,43.537414966,105.325714286
Flute,Chromatic Scale,112.013061224,13.740408163,125.753469387
Flute,Major Scales,133.12,126.455873016,259.575873016
Flute,Sight-Reading,265.729160998,58.14276644,323.871927438
