Instrument,ScoreGroup,Start,Duration,End
Xylophone,Mallet Etude,12.887075,39.752562,52.63963699999999
Snare Drum,Snare Etude,58.142766,46.509569,104.652335
Timpani,Timpani Etude,109.528526,43.932154,153.46068
Xylophone,Chromatic Scale,160.357007,5.642449,165.999456
Xylophone,Major Scales,171.432925,86.88907,258.321995
Xylophone,Sight-Reading,264.498503,38.034286,302.53278900000004
Snare Drum,Sight-Reading,309.359456,31.068299,340.42775500000005
