Instrument,ScoreGroup,Start,Duration,End
Bb Clarinet,Lyrical Etude,11.911836735,88.607346939,100.51918367399999
Bb Clarinet,Technical Etude,106.277732426,52.569977324,158.84770975
Bb Clarinet,Chromatic Scale,165.349297052,12.794195011,178.143492063
Bb Clarinet,Major Scales,185.179138322,102.283900227,287.463038549
Bb Clarinet,Sight-Reading,291.456870748,52.616417234,344.07328798199995
