Instrument,ScoreGroup,Start,Duration,End
Alto Saxophone,Lyrical Etude,18.854603174,100.612063492,119.46666666600001
Alto Saxophone,Technical Etude,126.78095238,79.481904761,206.26285714099998
Alto Saxophone,Chromatic Scale,214.389841269,10.727619047,225.11746031599998
Alto Saxophone,Major Scales,232.919365079,90.697142857,323.616507936
Alto Saxophone,Sight-Reading,328.817777777,93.135238095,421.95301587200004
