Instrument,ScoreGroup,Start,Duration,End
Flute,Lyrical Etude,13.003175,75.116553,88.119728
Flute,Technical Etude,94.737415,40.98322,135.72063500000002
Flute,Chromatic Scale,143.731519,13.699773,157.43129199999998
Flute,Major Scales,164.629478,97.872109,262.501587
Flute,Sight-Reading,267.029478,60.139683,327.169161
