Instrument,ScoreGroup,Start,Duration,End
Flute,Lyrical Etude,13.23537415,26.261768707,39.497142857
Flute,Technical Etude,47.438367347,23.823673469,71.262040816
Flute,Chromatic Scale,80.039183673,14.315102041,94.354285714
Flute,Major Scales,104.071836735,70.530612245,174.60244898000002
Flute,Sight-Reading,182.125714286,60.186122449,242.311836735
