Instrument,ScoreGroup,Start,Duration,End
Flute,Lyrical Etude,10.797278912,56.772789116,67.570068028
Flute,Technical Etude,72.446258503,36.571428571,109.017687074
Flute,Chromatic Scale,115.844353741,11.424217687,127.268571428
Flute,Major Scales,134.211337868,95.550113379,229.76145124699997
Flute,Sight-Reading,234.52154195,62.415238095,296.936780045
