Instrument,ScoreGroup,Start,Duration,End
Bb Clarinet,Lyrical Etude,21.617777778,104.838095238,126.455873016
Bb Clarinet,Technical Etude,137.671111111,35.108571429,172.77968253999998
Bb Clarinet,Chromatic Scale,182.36952381,13.653333333,196.022857143
Bb Clarinet,Major Scales,204.8,144.822857143,349.62285714300003
Bb Clarinet,Sight-Reading,355.892244898,51.826938776,407.719183674
