Instrument,ScoreGroup,Start,Duration,End
Flute,Lyrical Etude,13.560454,24.334512,37.894966
Flute,Technical Etude,45.603991,45.232472,90.83646300000001
Flute,Chromatic Scale,98.481633,53.420408,151.902041
Flute,Major Scales,161.239365,107.926349,269.165714
Flute,Sight-Reading,275.110023,44.582313,319.692336
