Instrument,ScoreGroup,Start,Duration,End
Flute,Lyrical Etude,9.534694,62.040816,71.57551
Flute,Technical Etude,76.146939,21.028571,97.17551
Flute,Chromatic Scale,103.314286,14.759184,118.07347
Flute,Major Scales,123.344399,91.765261,215.10966
Flute,Sight-Reading,219.753651,42.724717,262.478368
