Instrument,ScoreGroup,Start,Duration,End
Alto Saxophone,Lyrical Etude,19.226122448,89.721904761,108.948027209
Alto Saxophone,Technical Etude,117.307210884,48.343945578,165.65115646200002
Alto Saxophone,Chromatic Scale,175.264217687,7.523265306,182.78748299300003
Alto Saxophone,Major Scales,190.728707482,64.365714285,255.094421767
Alto Saxophone,Sight-Reading,260.667210884,50.433741496,311.10095237999997
