Instrument,ScoreGroup,Start,Duration,End
Xylophone,Mallet Etude,18.065125,54.566893,72.632018
Snare Drum,Snare Etude,80.503583,41.935238,122.438821
Timpani,Timpani Etude,127.82585,77.02059,204.84644
Xylophone,Chromatic Scale,213.925442,8.800363,222.725805
Xylophone,Major Scales,227.462676,110.550204,338.01288
Xylophone,Sight-Reading,343.724989,68.266667,411.991656
Snare Drum,Sight-Reading,419.189841,42.562177,461.752018
