Instrument,ScoreGroup,Start,Duration,End
Alto Saxophone,Lyrical Etude,14.675011337,88.050068027,102.725079364
Alto Saxophone,Technical Etude,109.412426303,39.009523809,148.421950112
Alto Saxophone,Chromatic Scale,156.409614512,9.287981859,165.697596371
Alto Saxophone,Major Scales,172.942222222,88.607346938,261.54956916000003
Alto Saxophone,Sight-Reading,267.308117913,47.368707482,314.676825395
