Instrument,ScoreGroup,Start,Duration,End
Bb Clarinet,Lyrical Etude,16.625487528,73.700136054,90.32562358199999
Bb Clarinet,Technical Etude,99.242086168,37.894965986,137.137052154
Bb Clarinet,Chromatic Scale,144.846077098,17.275646259,162.121723357
Bb Clarinet,Major Scales,169.319909297,111.223582766,280.54349206300003
Bb Clarinet,Sight-Reading,286.023401361,87.260589569,373.28399093
