Instrument,ScoreGroup,Start,Duration,End
Bb Clarinet,Lyrical Etude,14.419591837,117.446530612,131.86612244900002
Bb Clarinet,Technical Etude,135.976054422,88.050068027,224.026122449
Bb Clarinet,Chromatic Scale,277.153378685,18.761723356,295.915102041
Bb Clarinet,Major Scales,303.159727891,92.136780045,395.296507936
Bb Clarinet,Sight-Reading,400.613877551,78.053877551,478.667755102
