Instrument,ScoreGroup,Start,Duration,End
Bb Clarinet,Lyrical Etude,10.007800454,107.369070295,117.376870749
Bb Clarinet,Technical Etude,123.483718821,46.579229025,170.062947846
Bb Clarinet,Chromatic Scale,178.747210884,12.492335601,191.239546485
Bb Clarinet,Major Scales,199.830929705,109.458866213,309.289795918
Bb Clarinet,Sight-Reading,313.840907029,57.422947846,371.263854875
