Instrument,ScoreGroup,Start,Duration,End
Xylophone,Mallet Etude,15.41805,60.000363,75.418413
Snare Drum,Snare Etude,83.313197,74.118095,157.43129199999998
Timpani,Timpani Etude,163.282721,122.601361,285.88408200000003
Xylophone,Chromatic Scale,295.510204,8.097959,303.608163
Xylophone,Major Scales,313.730612,101.877551,415.608163
Xylophone,Sight-Reading,422.138776,92.865306,515.004082
Snare Drum,Sight-Reading,521.142857,39.836735,560.979592
