Instrument,ScoreGroup,Start,Duration,End
Xylophone,Mallet Etude,10.959819,36.03737,46.997189000000006
Snare Drum,Snare Etude,54.799093,46.06839,100.867483
Timpani,Timpani Etude,105.882993,46.811429,152.694422
Xylophone,Chromatic Scale,159.567528,11.145578,170.713106
Xylophone,Major Scales,177.400454,73.375057,250.775511
Xylophone,Sight-Reading,256.534059,40.124082,296.658141
Snare Drum,Sight-Reading,302.04517,25.82059,327.86575999999997
