Instrument,ScoreGroup,Start,Duration,End
Alto Saxophone,Lyrical Etude,12.306575963,211.301587301,223.608163264
Alto Saxophone,Technical Etude,229.18095238,55.263492063,284.444444443
Alto Saxophone,Chromatic Scale,290.946031746,13.003174603,303.949206349
Alto Saxophone,Major Scales,310.45079365,84.056235827,394.50702947699995
Alto Saxophone,Sight-Reading,400.31201814,42.028117913,442.34013605300004
