Instrument,ScoreGroup,Start,Duration,End
Flute,Lyrical Etude,14.767891156,49.690702948,64.458594104
Flute,Technical Etude,72.260498866,25.170430839,97.43092970500001
Flute,Chromatic Scale,106.99755102,23.498594104,130.496145124
Flute,Major Scales,138.623129252,96.409251701,235.03238095300003
Flute,Sight-Reading,241.580408163,33.854693878,275.435102041
