Instrument,ScoreGroup,Start,Duration,End
Flute,Lyrical Etude,17.414965986,61.718639456,79.133605442
Flute,Technical Etude,86.099591837,24.241632653,110.34122449
Flute,Chromatic Scale,117.307210884,17.693605442,135.000816326
Flute,Major Scales,143.36,105.186394558,248.54639455800003
Flute,Sight-Reading,255.373061224,60.046802721,315.419863945
