Instrument,ScoreGroup,Start,Duration,End
Oboe,Lyrical Etude,25.774149659,61.765079365,87.539229024
Oboe,Technical Etude,101.239002267,25.07755102,126.316553287
Oboe,Chromatic Scale,136.533333333,9.520181405,146.053514738
Oboe,Major Scales,156.502494331,58.049886621,214.55238095200002
Oboe,Sight-Reading,224.072562358,35.990929705,260.063492063
