Instrument,ScoreGroup,Start,Duration,End
Bb Clarinet,Lyrical Etude,16.997007,57.492608,74.489615
Bb Clarinet,Technical Etude,82.663039,22.755556,105.418595
Bb Clarinet,Chromatic Scale,114.242177,12.260136,126.502313
Bb Clarinet,Major Scales,135.047256,62.786757,197.834013
Bb Clarinet,Sight-Reading,203.885714,31.412245,235.297959
