Instrument,ScoreGroup,Start,Duration,End
Xylophone,Mallet Etude,15.975329,37.180998,53.156327000000005
Snare Drum,Snare Etude,59.721723,72.430998,132.15272099999999
Timpani,Timpani Etude,137.833651,48.132993,185.966644
Xylophone,Chromatic Scale,195.419138,10.255102,205.67424
Xylophone,Major Scales,213.437823,83.89,297.327823
Xylophone,Sight-Reading,305.203084,38.543991,343.747075
Snare Drum,Sight-Reading,350.110476,37.943991,388.054467
