Instrument,ScoreGroup,Start,Duration,End
Bb Clarinet,Lyrical Etude,9.926530612,71.575510204,81.502040816
Bb Clarinet,Technical Etude,85.942857142,75.363265306,161.306122448
Bb Clarinet,Chromatic Scale,168.620408163,11.232653061,179.85306122400002
Bb Clarinet,Major Scales,188.081632653,121.991836734,310.07346938700005
Bb Clarinet,Sight-Reading,316.734693877,50.808163265,367.542857142
