Instrument,ScoreGroup,Start,Duration,End
Flute,Lyrical Etude,14.628571429,62.415238095,77.043809524
Flute,Technical Etude,83.382857143,42.422857143,125.805714286
Flute,Chromatic Scale,135.906394558,16.230748299,152.137142857
Flute,Major Scales,163.514920635,125.643174603,289.158095238
Flute,Sight-Reading,294.603174603,43.398095238,338.001269841
