Instrument,ScoreGroup,Start,Duration,End
Flute,Lyrical Etude,25.820589569,68.545306122,94.36589569099999
Flute,Technical Etude,97.152290249,48.669024943,145.821315192
Flute,Chromatic Scale,154.366258503,42.91047619,197.276734693
Flute,Major Scales,204.962539682,120.604444444,325.56698412599997
Flute,Sight-Reading,328.492698412,73.142857142,401.635555554
