Instrument,ScoreGroup,Start,Duration,End
Bb Clarinet,Lyrical Etude,9.543401,89.930884,99.47428500000001
Bb Clarinet,Technical Etude,107.32263,90.093424,197.416054
Bb Clarinet,Chromatic Scale,327.238821,27.631746,354.870567
Bb Clarinet,Major Scales,204.405261,120.836644,325.241905
Bb Clarinet,Sight-Reading,359.607438,60.464762,420.0722
