Instrument,ScoreGroup,Start,Duration,End
Flute,Lyrical Etude,9.560816,37.302857,46.863673000000006
Flute,Technical Etude,50.782041,44.669388,95.45142899999999
Flute,Chromatic Scale,102.60898,42.318367,144.927347
Flute,Major Scales,150.987755,79.046531,230.034286
Flute,Sight-Reading,234.893061,55.327347,290.220408
