Instrument,ScoreGroup,Start,Duration,End
Alto Saxophone,Lyrical Etude,14.744671201,88.700226757,103.444897958
Alto Saxophone,Technical Etude,110.526984126,54.682993197,165.209977323
Alto Saxophone,Chromatic Scale,173.104761904,7.89478458,180.99954648399998
Alto Saxophone,Major Scales,188.662131519,80.341043083,269.003174602
Alto Saxophone,Sight-Reading,275.736961451,45.85941043,321.596371881
