Instrument,ScoreGroup,Start,Duration,End
Bb Clarinet,Lyrical Etude,12.8,101.87755102,114.67755102
Bb Clarinet,Technical Etude,123.036734693,50.15510204,173.191836733
Bb Clarinet,Chromatic Scale,181.028571428,18.546938775,199.575510203
Bb Clarinet,Major Scales,211.069387755,122.775510204,333.84489795900004
Bb Clarinet,Sight-Reading,341.159183673,48.979591836,390.13877550899997
