Instrument,ScoreGroup,Start,Duration,End
Xylophone,Mallet Etude,12.190476,40.96,53.150476
Snare Drum,Snare Etude,57.051429,41.772698,98.824127
Timpani,Timpani Etude,103.050159,48.761905,151.812064
Xylophone,Chromatic Scale,157.500952,10.727619,168.22857100000002
Xylophone,Major Scales,173.267302,71.354921,244.62222300000002
Xylophone,Sight-Reading,251.773968,72.167619,323.941587
Snare Drum,Sight-Reading,329.793016,29.744762,359.537778
