Instrument,ScoreGroup,Start,Duration,End
Alto Saxophone,Lyrical Etude,15.11619,81.618141,96.734331
Alto Saxophone,Technical Etude,104.164717,23.475374,127.640091
Alto Saxophone,Chromatic Scale,135.581315,8.846803,144.42811799999998
Alto Saxophone,Major Scales,153.158821,57.864127,211.02294799999999
Alto Saxophone,Sight-Reading,216.827937,38.591565,255.419502
