Instrument,ScoreGroup,Start,Duration,End
Bb Clarinet,Lyrical Etude,15.046531,107.926349,122.97288
Bb Clarinet,Technical Etude,127.80263,61.6722,189.47483
Bb Clarinet,Chromatic Scale,205.821678,44.210794,250.03247199999998
Bb Clarinet,Major Scales,258.948934,127.98839,386.937324
Bb Clarinet,Sight-Reading,391.767075,57.585488,449.352563
