Instrument,ScoreGroup,Start,Duration,End
Alto Saxophone,Lyrical Etude,16.648707482,15.464489795,32.113197277
Alto Saxophone,Technical Etude,34.829931972,12.051156462,46.881088434
Alto Saxophone,Chromatic Scale,53.847074829,32.32217687,86.169251699
Alto Saxophone,Major Scales,93.413877551,111.386122448,204.799999999
Alto Saxophone,Sight-Reading,211.69632653,71.262040816,282.958367346
