Instrument,ScoreGroup,Start,Duration,End
Flute,Lyrical Etude,18.111565,46.811429,64.92299399999999
Flute,Technical Etude,70.495782,26.749388,97.24517
Flute,Chromatic Scale,103.375238,14.767891,118.143129
Flute,Major Scales,124.551837,94.737415,219.289252
Flute,Sight-Reading,224.862041,48.761905,273.623946
