Instrument,ScoreGroup,Start,Duration,End
Bb Clarinet,Lyrical Etude,11.766538,112.958763,124.725301
Bb Clarinet,Technical Etude,132.923921,37.804747,170.728668
Bb Clarinet,Chromatic Scale,179.382767,12.753409,192.136176
Bb Clarinet,Major Scales,198.968359,107.493016,306.461375
Bb Clarinet,Sight-Reading,313.749037,48.280762,362.02979899999997
