Instrument,ScoreGroup,Start,Duration,End
Flute,Lyrical Etude,9.258956916,35.033106576,44.292063492000004
Flute,Technical Etude,50.340861678,53.963174603,104.30403628100001
Flute,Chromatic Scale,111.307755102,17.319183673,128.626938775
Flute,Major Scales,136.440453515,118.514648526,254.955102041
Flute,Sight-Reading,260.963265306,56.32,317.283265306
