Instrument,ScoreGroup,Start,Duration,End
Bb Clarinet,Lyrical Etude,13.212154195,112.013061224,125.225215419
Bb Clarinet,Technical Etude,131.610702948,39.984761905,171.595464853
Bb Clarinet,Chromatic Scale,178.329251701,11.818956916,190.148208617
Bb Clarinet,Major Scales,196.974875283,102.608979592,299.583854875
Bb Clarinet,Sight-Reading,305.156643991,100.542403628,405.699047619
