Instrument,ScoreGroup,Start,Duration,End
Bb Clarinet,Lyrical Etude,10.40254,131.332063,141.734603
Bb Clarinet,Technical Etude,146.750113,41.05288,187.80299300000001
Bb Clarinet,Chromatic Scale,196.162177,15.23229,211.39446700000002
Bb Clarinet,Major Scales,217.524535,111.084263,328.608798
Bb Clarinet,Sight-Reading,334.367347,56.47093,390.838277
