Instrument,ScoreGroup,Start,Duration,End
Bb Clarinet,Lyrical Etude,13.514013605,56.006530612,69.520544217
Bb Clarinet,Technical Etude,76.950929705,32.902675737,109.853605442
Bb Clarinet,Chromatic Scale,116.958911565,15.83600907,132.79492063499998
Bb Clarinet,Major Scales,142.036462585,112.512290249,254.54875283400003
Bb Clarinet,Sight-Reading,259.802267574,58.340136054,318.142403628
