Instrument,ScoreGroup,Start,Duration,End
Alto Saxophone,Lyrical Etude,12.120816326,102.086530612,114.207346938
Alto Saxophone,Technical Etude,122.671020408,59.977142857,182.648163265
Alto Saxophone,Chromatic Scale,192.156734693,8.568163265,200.724897958
Alto Saxophone,Major Scales,209.084081632,87.980408163,297.064489795
Alto Saxophone,Sight-Reading,305.005714285,46.288979591,351.294693876
