Instrument,ScoreGroup,Start,Duration,End
Bb Clarinet,Lyrical Etude,15.232290249,70.774421768,86.006712017
Bb Clarinet,Technical Etude,91.76526077,41.61015873,133.3754195
Bb Clarinet,Chromatic Scale,142.849160997,18.575963718,161.425124715
Bb Clarinet,Major Scales,168.298231292,118.8861678,287.184399092
Bb Clarinet,Sight-Reading,295.357823129,53.684535147,349.042358276
