Instrument,ScoreGroup,Start,Duration,End
Alto Saxophone,Lyrical Etude,20.944399093,59.338594104,80.282993197
Alto Saxophone,Technical Etude,98.220408163,30.54585034,128.76625850300002
Alto Saxophone,Chromatic Scale,141.897142857,11.668027211,153.56517006800001
Alto Saxophone,Major Scales,165.128707483,70.844081633,235.972789116
Alto Saxophone,Sight-Reading,245.58585034,46.881088435,292.466938775
