Instrument,ScoreGroup,Start,Duration,End
Bb Clarinet,Lyrical Etude,11.633197,82.221859,93.85505599999999
Bb Clarinet,Technical Etude,101.262222,69.288345,170.550567
Bb Clarinet,Chromatic Scale,180.070748,15.069751,195.140499
Bb Clarinet,Major Scales,204.405261,75.511293,279.916554
Bb Clarinet,Sight-Reading,288.438277,41.238639,329.676916
