Instrument,ScoreGroup,Start,Duration,End
Bb Clarinet,Lyrical Etude,20.503219955,109.365986395,129.86920634999998
Bb Clarinet,Technical Etude,136.463673469,39.00952381,175.473197279
Bb Clarinet,Chromatic Scale,185.96861678,11.54031746,197.50893424
Bb Clarinet,Major Scales,205.264399093,108.228208617,313.49260771
Bb Clarinet,Sight-Reading,322.850249433,71.98185941,394.832108843
