Instrument,ScoreGroup,Start,Duration,End
Bb Clarinet,Lyrical Etude,13.653333333,59.350204082,73.003537415
Bb Clarinet,Technical Etude,77.9261678,37.616326531,115.542494331
Bb Clarinet,Chromatic Scale,122.415600907,20.154920635,142.570521542
Bb Clarinet,Major Scales,148.932789116,97.80244898,246.735238096
Bb Clarinet,Sight-Reading,251.611428571,62.984126984,314.59555555500003
