Instrument,ScoreGroup,Start,Duration,End
Xylophone,Mallet Etude,14.106122,44.669388,58.77551
Snare Drum,Snare Etude,68.963265,55.902041,124.865306
Timpani,Timpani Etude,134.4,67.526531,201.926531
Xylophone,Chromatic Scale,218.081814,23.034195,241.11600900000002
Xylophone,Major Scales,248.546395,102.53932,351.085715
Xylophone,Sight-Reading,360.187937,38.823764,399.01170099999996
Snare Drum,Sight-Reading,412.572154,39.752562,452.324716
