Instrument,ScoreGroup,Start,Duration,End
Alto Saxophone,Lyrical Etude,11.702857142,79.690884353,91.393741495
Alto Saxophone,Technical Etude,96.4092517,44.582312925,140.991564625
Alto Saxophone,Chromatic Scale,146.378594104,10.774058956,157.15265306
Alto Saxophone,Major Scales,162.725442176,104.768435374,267.49387755
Alto Saxophone,Sight-Reading,272.13786848,54.613333333,326.751201813
