Instrument,ScoreGroup,Start,Duration,End
Alto Saxophone,Lyrical Etude,14.675011337,67.802267573,82.47727891
Alto Saxophone,Technical Etude,88.003628117,18.901043083,106.90467120000001
Alto Saxophone,Chromatic Scale,114.149297052,10.495419501,124.644716553
Alto Saxophone,Major Scales,131.332063492,108.855147392,240.18721088400002
Alto Saxophone,Sight-Reading,245.434920634,51.966258503,297.401179137
