Instrument,ScoreGroup,Start,Duration,End
Flute,Lyrical Etude,12.566194,108.955435,121.52162899999999
Flute,Technical Etude,128.494776,48.812035,177.306811
Flute,Chromatic Scale,183.408316,13.510474,196.91879
Flute,Major Scales,202.584472,105.468861,308.053333
Flute,Sight-Reading,313.719016,32.686631,346.405647
