Instrument,ScoreGroup,Start,Duration,End
Bb Clarinet,Lyrical Etude,12.213696145,112.872199546,125.085895691
Bb Clarinet,Technical Etude,130.496145125,67.755827664,198.25197278899998
Bb Clarinet,Chromatic Scale,204.544580499,14.628571429,219.173151928
Bb Clarinet,Major Scales,226.301678005,112.918639456,339.22031746100004
Bb Clarinet,Sight-Reading,344.491247166,84.21877551,428.710022676
