Instrument,ScoreGroup,Start,Duration,End
Xylophone,Mallet Etude,17.110204,60.734694,77.844898
Snare Drum,Snare Etude,89.861224,80.84898,170.710204
Timpani,Timpani Etude,177.502041,101.877551,279.379592
Xylophone,Chromatic Scale,289.959184,9.665306,299.62449
Xylophone,Major Scales,308.37551,83.722449,392.097959
Xylophone,Sight-Reading,401.893878,45.97551,447.86938799999996
Snare Drum,Sight-Reading,452.832653,31.477551,484.310204
