Instrument,ScoreGroup,Start,Duration,End
Trumpet,Lyrical Etude,11.75510204,50.93877551,62.693877549999996
Trumpet,Technical Etude,68.310204081,24.685714285,92.995918366
Trumpet,Chromatic Scale,99.526530612,13.975510204,113.502040816
Trumpet,Major Scales,120.946938775,98.089795918,219.036734693
Trumpet,Sight-Reading,224.391836734,50.808163265,275.199999999
