Instrument,ScoreGroup,Start,Duration,End
Bb Clarinet,Lyrical Etude,16.161088435,58.885804988,75.046893423
Bb Clarinet,Technical Etude,81.92,33.065215419,114.985215419
Bb Clarinet,Chromatic Scale,121.115283446,13.746213151,134.861496597
Bb Clarinet,Major Scales,141.3630839,107.554829931,248.917913831
Bb Clarinet,Sight-Reading,256.162539682,57.213968253,313.376507935
