Instrument,ScoreGroup,Start,Duration,End
Flute,Lyrical Etude,8.777142857,63.111836734,71.888979591
Flute,Technical Etude,75.337142857,25.391020408,100.728163265
Flute,Chromatic Scale,106.370612244,16.404897959,122.775510203
Flute,Major Scales,127.791020408,79.934693877,207.72571428499998
Flute,Sight-Reading,210.964897959,56.842448979,267.807346938
