Instrument,ScoreGroup,Start,Duration,End
Trumpet,Lyrical Etude,19.069387755,38.922448979,57.991836734
Trumpet,Technical Etude,62.171428571,29.518367346,91.689795917
Trumpet,Chromatic Scale,99.526530612,20.375510204,119.90204081600001
Trumpet,Major Scales,128.174149659,121.486802721,249.66095238
Trumpet,Sight-Reading,251.147029478,80.991201814,332.138231292
