Instrument,ScoreGroup,Start,Duration,End
Trumpet,Lyrical Etude,13.560946,60.25826,73.819206
Trumpet,Technical Etude,78.585396,25.873603,104.458999
Trumpet,Chromatic Scale,114.672264,9.53238,124.204644
Trumpet,Major Scales,131.353929,87.15319,218.507119
Trumpet,Sight-Reading,226.337288,44.938364,271.275652
