Instrument,ScoreGroup,Start,Duration,End
Alto Saxophone,Lyrical Etude,13.008979592,46.863673469,59.872653060999994
Alto Saxophone,Technical Etude,69.102585034,80.062403628,149.16498866199998
Alto Saxophone,Chromatic Scale,157.779591837,9.71755102,167.497142857
Alto Saxophone,Major Scales,177.168253968,100.194104308,277.362358276
Alto Saxophone,Sight-Reading,286.348480726,58.607165533,344.955646259
