Instrument,ScoreGroup,Start,Duration,End
Bb Clarinet,Lyrical Etude,10.58829932,103.839637188,114.427936508
Bb Clarinet,Technical Etude,119.350566893,48.181405896,167.531972789
Bb Clarinet,Chromatic Scale,173.917460317,19.736961451,193.65442176800002
Bb Clarinet,Major Scales,199.784489796,153.6,353.384489796
Bb Clarinet,Sight-Reading,356.612063492,98.173968254,454.786031746
