Instrument,ScoreGroup,Start,Duration,End
Alto Saxophone,Lyrical Etude,11.145578231,52.105578231,63.251156462000004
Alto Saxophone,Technical Etude,71.122721088,52.244897959,123.367619047
Alto Saxophone,Chromatic Scale,130.977959184,8.359183673,139.337142857
Alto Saxophone,Major Scales,147.121632653,118.143129252,265.264761905
Alto Saxophone,Sight-Reading,270.18739229,44.303673469,314.491065759
