Instrument,ScoreGroup,Start,Duration,End
Bb Clarinet,Lyrical Etude,12.051156463,75.557732426,87.608888889
Bb Clarinet,Technical Etude,95.039274376,36.710748299,131.750022675
Bb Clarinet,Chromatic Scale,139.226848073,11.424217687,150.65106576000002
Bb Clarinet,Major Scales,157.106213152,90.906122449,248.01233560100002
Bb Clarinet,Sight-Reading,255.280181406,43.096235828,298.376417234
