Instrument,ScoreGroup,Start,Duration,End
Bb Clarinet,Lyrical Etude,10.866938775,60.09324263,70.960181405
Bb Clarinet,Technical Etude,76.532970521,71.703219954,148.236190475
Bb Clarinet,Chromatic Scale,155.387936507,61.207800453,216.59573696
Bb Clarinet,Major Scales,225.23356009,120.929523809,346.163083899
Bb Clarinet,Sight-Reading,351.642993197,73.28217687,424.925170067
