Instrument,ScoreGroup,Start,Duration,End
Flute,Lyrical Etude,8.823582766,58.514285714,67.33786848
Flute,Technical Etude,72.214058957,47.368707483,119.58276644
Flute,Chromatic Scale,125.387755102,15.092970522,140.480725624
Flute,Major Scales,147.446712018,102.632199546,250.078911564
Flute,Sight-Reading,254.490702948,45.511111111,300.001814059
