Instrument,ScoreGroup,Start,Duration,End
Bb Clarinet,Lyrical Etude,11.145578231,144.892517007,156.038095238
Bb Clarinet,Technical Etude,162.075283447,27.863945578,189.939229025
Bb Clarinet,Chromatic Scale,198.762811791,13.931972789,212.69478457999998
Bb Clarinet,Major Scales,218.267573696,105.882993197,324.150566893
Bb Clarinet,Sight-Reading,330.652154195,48.761904762,379.41405895699995
