Instrument,ScoreGroup,Start,Duration,End
Alto Saxophone,Lyrical Etude,13.235374149,83.824036281,97.05941043
Alto Saxophone,Technical Etude,106.811791383,41.56371882,148.375510203
Alto Saxophone,Chromatic Scale,155.573696145,11.377777777,166.95147392200002
Alto Saxophone,Major Scales,173.68526077,90.325623582,264.010884352
Alto Saxophone,Sight-Reading,269.815873015,68.963265306,338.779138321
