Instrument,ScoreGroup,Start,Duration,End
Flute,Lyrical Etude,12.53877551,48.20462585,60.74340136
Flute,Technical Etude,66.03755102,23.405714285,89.443265305
Flute,Chromatic Scale,97.802448979,12.260136054,110.062585033
Flute,Major Scales,119.53632653,109.226666666,228.762993196
Flute,Sight-Reading,235.450340136,49.597823129,285.04816326499997
