Instrument,ScoreGroup,Start,Duration,End
Bb Clarinet,Lyrical Etude,8.359183673,110.99138322,119.350566893
Bb Clarinet,Technical Etude,123.065759637,26.006349206,149.072108843
Bb Clarinet,Chromatic Scale,155.109297052,14.860770975,169.970068027
Bb Clarinet,Major Scales,174.614058957,117.028571429,291.642630386
Bb Clarinet,Sight-Reading,295.357823129,41.795918367,337.153741496
