Instrument,ScoreGroup,Start,Duration,End
Bb Clarinet,Lyrical Etude,9.102222,68.731066,77.833288
Bb Clarinet,Technical Etude,83.591837,23.219955,106.811792
Bb Clarinet,Chromatic Scale,112.7561,15.23229,127.98839000000001
Bb Clarinet,Major Scales,133.746939,58.700045,192.446984
Bb Clarinet,Sight-Reading,195.419138,41.610159,237.029297
