Instrument,ScoreGroup,Start,Duration,End
Xylophone,Mallet Etude,24.032653,72.925011,96.957664
Snare Drum,Snare Etude,113.313379,80.31,193.623379
Timpani,Timpani Etude,213.252063,73.578005,286.830068
Xylophone,Chromatic Scale,297.21542,8.886599,306.102019
Xylophone,Major Scales,316.534422,129.33,445.864422
Xylophone,Sight-Reading,456.597188,52.609002,509.20619
Snare Drum,Sight-Reading,516.783311,52.036009,568.8193200000001
