Instrument,ScoreGroup,Start,Duration,End
Alto Saxophone,Lyrical Etude,11.470657596,42.898866213,54.369523809
Alto Saxophone,Technical Etude,60.720181406,36.716553288,97.436734694
Alto Saxophone,Chromatic Scale,104.489795918,9.955555556,114.445351474
Alto Saxophone,Major Scales,121.556462585,95.230839002,216.787301587
Alto Saxophone,Sight-Reading,222.302040816,62.955102041,285.25714285699996
