Instrument,ScoreGroup,Start,Duration,End
Alto Saxophone,Lyrical Etude,10.762448979,151.875918367,162.638367346
Alto Saxophone,Technical Etude,166.556734693,122.88,289.436734693
Alto Saxophone,Chromatic Scale,295.079183673,15.412244897,310.49142857
Alto Saxophone,Major Scales,316.39510204,122.88,439.27510204
Alto Saxophone,Sight-Reading,441.051428571,69.381224489,510.43265306
