Instrument,ScoreGroup,Start,Duration,End
Flute,Lyrical Etude,11.331337868,58.514285714,69.845623582
Flute,Technical Etude,75.046893424,27.492426303,102.539319727
Flute,Chromatic Scale,109.969705215,19.690521541,129.66022675600001
Flute,Major Scales,136.533333333,75.418412698,211.951746031
Flute,Sight-Reading,218.081814058,60.557641723,278.639455781
