Instrument,ScoreGroup,Start,Duration,End
Alto Saxophone,Lyrical Etude,9.97877551,63.791020408,73.769795918
Alto Saxophone,Technical Etude,79.725714285,23.875918367,103.60163265199999
Alto Saxophone,Chromatic Scale,108.460408163,11.180408163,119.64081632599999
Alto Saxophone,Major Scales,124.551836734,60.708571428,185.260408162
Alto Saxophone,Sight-Reading,191.425306122,48.796734693,240.22204081499999
