Instrument,ScoreGroup,Start,Duration,End
Bb Clarinet,Lyrical Etude,14.651791383,66.223310658,80.875102041
Bb Clarinet,Technical Etude,91.091882086,50.921360544,142.01324263
Bb Clarinet,Chromatic Scale,155.829115646,10.634739229,166.46385487499998
Bb Clarinet,Major Scales,173.151201814,125.666394558,298.81759637199997
Bb Clarinet,Sight-Reading,306.247981859,45.345668934,351.593650793
