Instrument,ScoreGroup,Start,Duration,End
Flute,Lyrical Etude,10.03102,91.95102,101.98204
Flute,Technical Etude,108.669388,41.981678,150.65106600000001
Flute,Chromatic Scale,158.267211,12.817415,171.08462600000001
Flute,Major Scales,177.214694,100.681723,277.89641700000004
Flute,Sight-Reading,282.354649,74.489615,356.844264
