Instrument,ScoreGroup,Start,Duration,End
Flute,Lyrical Etude,13.467574,36.03737,49.504944
Flute,Technical Etude,57.771247,45.325351,103.096598
Flute,Chromatic Scale,110.712744,26.192109,136.904853
Flute,Major Scales,143.1278,96.966531,240.094331
Flute,Sight-Reading,250.589751,55.077732,305.667483
