Instrument,ScoreGroup,Start,Duration,End
Bb Clarinet,Lyrical Etude,16.323628118,51.107120181,67.430748299
Bb Clarinet,Technical Etude,75.697052154,26.238548753,101.93560090700001
Bb Clarinet,Chromatic Scale,111.943401361,11.842176871,123.785578232
Bb Clarinet,Major Scales,135.488435374,103.322993197,238.81142857100002
Bb Clarinet,Sight-Reading,244.45968254,54.206984127,298.66666666699996
