Instrument,ScoreGroup,Start,Duration,End
Flute,Lyrical Etude,12.353015873,36.269569161,48.622585034
Flute,Technical Etude,53.104036281,31.137959184,84.241995465
Flute,Chromatic Scale,91.022222222,17.507845805,108.530068027
Flute,Major Scales,115.705034014,93.413877551,209.11891156500002
Flute,Sight-Reading,214.552380952,73.653696145,288.206077097
