Instrument,ScoreGroup,Start,Duration,End
Flute,Lyrical Etude,9.621667,92.54428,102.165947
Flute,Technical Etude,106.572817,58.17069,164.743507
Flute,Chromatic Scale,173.557248,16.305421,189.86266899999998
Flute,Major Scales,199.117097,96.95115,296.068247
Flute,Sight-Reading,300.034431,50.238323,350.27275399999996
