Instrument,ScoreGroup,Start,Duration,End
Xylophone,Mallet Etude,11.232653,77.322449,88.555102
Snare Drum,Snare Etude,94.693878,53.812245,148.506123
Timpani,Timpani Etude,155.167347,85.55102,240.718367
Xylophone,Chromatic Scale,247.013878,11.981497,258.995375
Xylophone,Major Scales,269.351474,68.173787,337.525261
Xylophone,Sight-Reading,346.644898,155.167347,501.812245
Snare Drum,Sight-Reading,511.674921,41.610159,553.28508
