Instrument,ScoreGroup,Start,Duration,End
Flute,Lyrical Etude,14.953651,57.213968,72.167619
Flute,Technical Etude,76.393651,24.543492,100.937143
Flute,Chromatic Scale,107.113651,16.416508,123.530159
Flute,Major Scales,130.356825,104.675556,235.032381
Flute,Sight-Reading,238.933333,44.535873,283.469206
