Instrument,ScoreGroup,Start,Duration,End
Flute,Lyrical Etude,14.210612245,49.319183673,63.529795918
Flute,Technical Etude,68.359546485,28.235464853,96.59501133799999
Flute,Chromatic Scale,104.025396825,20.619319728,124.644716553
Flute,Major Scales,131.657142857,86.935510204,218.592653061
Flute,Sight-Reading,232.594285714,52.140408163,284.734693877
