Instrument,ScoreGroup,Start,Duration,End
Flute,Lyrical Etude,10.866938776,56.354829932,67.221768708
Flute,Technical Etude,72.02829932,47.438367347,119.466666667
Flute,Chromatic Scale,126.74031746,11.824761905,138.565079365
Flute,Major Scales,143.847619048,95.085714286,238.933333334
Flute,Sight-Reading,243.623764172,64.179954649,307.80371882099996
