Instrument,ScoreGroup,Start,Duration,End
Flute,Lyrical Etude,12.120816326,53.49877551,65.619591836
Flute,Technical Etude,71.471020408,26.540408163,98.011428571
Flute,Chromatic Scale,103.653877551,16.927346938,120.581224489
Flute,Major Scales,126.014693877,115.147755102,241.162448979
Flute,Sight-Reading,244.71510204,58.305306122,303.020408162
