Instrument,ScoreGroup,Start,Duration,End
Trumpet,Lyrical Etude,11.145578231,44.582312925,55.727891156
Trumpet,Technical Etude,61.672199546,32.693696145,94.36589569099999
Trumpet,Chromatic Scale,100.832653061,19.853061224,120.685714285
Trumpet,Major Scales,130.77478458,86.006712018,216.781496598
Trumpet,Sight-Reading,222.725804988,64.458594104,287.184399092
