Instrument,ScoreGroup,Start,Duration,End
Alto Saxophone,Lyrical Etude,11.424217687,62.415238095,73.839455782
Alto Saxophone,Technical Etude,76.62585034,23.893333333,100.519183673
Alto Saxophone,Chromatic Scale,106.091972789,11.424217687,117.51619047599999
Alto Saxophone,Major Scales,122.322721088,108.251428571,230.574149659
Alto Saxophone,Sight-Reading,233.569523809,59.559183673,293.128707482
