Instrument,ScoreGroup,Start,Duration,End
Alto Saxophone,Lyrical Etude,12.747755102,47.177142857,59.924897959
Alto Saxophone,Technical Etude,64.417959183,25.652244897,90.07020408
Alto Saxophone,Chromatic Scale,96.75755102,13.374693877,110.13224489699999
Alto Saxophone,Major Scales,114.625306122,54.230204081,168.855510203
Alto Saxophone,Sight-Reading,174.08,50.259591836,224.339591836
