Instrument,ScoreGroup,Start,Duration,End
Bb Clarinet,Lyrical Etude,14.117732426,68.545306122,82.663038548
Bb Clarinet,Technical Etude,88.421587301,29.907301587,118.328888888
Bb Clarinet,Chromatic Scale,121.858321995,12.631655328,134.489977323
Bb Clarinet,Major Scales,142.291882086,107.740589569,250.032471655
Bb Clarinet,Sight-Reading,255.233741496,46.068390022,301.302131518
