Instrument,ScoreGroup,Start,Duration,End
Flute,Lyrical Etude,12.956734693,64.156734693,77.113469386
Flute,Technical Etude,82.082539682,33.901133786,115.983673468
Flute,Chromatic Scale,127.941950113,15.673469387,143.6154195
Flute,Major Scales,151.022585034,102.957278911,253.979863945
Flute,Sight-Reading,255.930340136,38.452244897,294.382585033
