Instrument,ScoreGroup,Start,Duration,End
Bb Clarinet,Lyrical Etude,13.322449,103.444898,116.767347
Bb Clarinet,Technical Etude,126.040816,47.020408,173.061224
Bb Clarinet,Chromatic Scale,183.771429,12.016327,195.787756
Bb Clarinet,Major Scales,202.710204,96.653061,299.363265
Bb Clarinet,Sight-Reading,306.416327,62.955102,369.37142900000003
