Instrument,ScoreGroup,Start,Duration,End
Xylophone,Mallet Etude,10.541859,34.435193,44.977052
Snare Drum,Snare Etude,50.782041,45.743311,96.525352
Timpani,Timpani Etude,103.769977,42.237098,146.007075
Xylophone,Chromatic Scale,153.089161,7.035646,160.12480699999998
Xylophone,Major Scales,168.414331,94.574875,262.989206
Xylophone,Sight-Reading,269.351474,27.074467,296.42594099999997
Snare Drum,Sight-Reading,302.973968,30.92898,333.90294800000004
