Instrument,ScoreGroup,Start,Duration,End
Alto Saxophone,Lyrical Etude,13.003174603,42.097777777,55.100952379999995
Alto Saxophone,Technical Etude,58.758095238,27.469206349,86.227301587
Alto Saxophone,Chromatic Scale,92.728888888,17.066666666,109.795555554
Alto Saxophone,Major Scales,116.215873015,68.51047619,184.72634920500002
Alto Saxophone,Sight-Reading,190.09015873,50.712380952,240.802539682
