Instrument,ScoreGroup,Start,Duration,End
Alto Saxophone,Lyrical Etude,16.13786848,47.136507936,63.274376416
Alto Saxophone,Technical Etude,68.963265306,27.515646258,96.478911564
Alto Saxophone,Chromatic Scale,104.373696145,14.396371882,118.770068027
Alto Saxophone,Major Scales,126.78095238,80.57324263,207.35419501
Alto Saxophone,Sight-Reading,214.900680272,37.151927437,252.05260770899997
