Instrument,ScoreGroup,Start,Duration,End
Flute,Lyrical Etude,11.981496599,52.871836735,64.853333334
Flute,Technical Etude,71.192380952,49.179863946,120.37224489799999
Flute,Chromatic Scale,128.52244898,11.633197279,140.155646259
Flute,Major Scales,148.514829932,108.669387755,257.184217687
Flute,Sight-Reading,266.971428571,42.736326531,309.70775510199996
