Instrument,ScoreGroup,Start,Duration,End
Flute,Lyrical Etude,11.609977324,32.182857143,43.792834467
Flute,Technical Etude,51.54829932,31.137959184,82.686258504
Flute,Chromatic Scale,87.167709751,14.164172336,101.331882087
Flute,Major Scales,106.463492063,108.065668934,214.52916099700002
Flute,Sight-Reading,218.940952381,84.21877551,303.159727891
