Instrument,ScoreGroup,Start,Duration,End
Flute,Lyrical Etude,10.24,94.11047619,104.35047619
Flute,Technical Etude,110.201904761,25.518730158,135.720634919
Flute,Chromatic Scale,144.01015873,15.766349206,159.776507936
Flute,Major Scales,169.203809523,89.071746031,258.275555554
Flute,Sight-Reading,264.614603174,51.2,315.814603174
