Instrument,ScoreGroup,Start,Duration,End
Alto Saxophone,Lyrical Etude,20.688979591,74.605714285,95.294693876
Alto Saxophone,Technical Etude,102.4,40.542040816,142.942040816
Alto Saxophone,Chromatic Scale,149.838367346,11.284897959,161.12326530500002
Alto Saxophone,Major Scales,167.601632653,95.294693877,262.89632653
Alto Saxophone,Sight-Reading,267.911836734,57.051428571,324.96326530500005
