Instrument,ScoreGroup,Start,Duration,End
Bb Clarinet,Lyrical Etude,14.512471655,71.053061224,85.565532879
Bb Clarinet,Technical Etude,92.067120181,37.848526077,129.915646258
Bb Clarinet,Chromatic Scale,138.274829932,15.789569161,154.064399093
Bb Clarinet,Major Scales,161.564444444,121.904761905,283.469206349
Bb Clarinet,Sight-Reading,289.599274376,67.244988662,356.844263038
