Instrument,ScoreGroup,Start,Duration,End
Flute,Lyrical Etude,10.727619048,55.751111111,66.478730159
Flute,Technical Etude,72.85260771,35.816780045,108.669387755
Flute,Chromatic Scale,117.260770975,9.839455782,127.100226757
Flute,Major Scales,136.185034014,99.613605442,235.798639456
Flute,Sight-Reading,242.230566893,44.210793651,286.441360544
