Instrument,ScoreGroup,Start,Duration,End
Alto Saxophone,Lyrical Etude,10.750839002,45.55755102,56.308390022
Alto Saxophone,Technical Etude,61.765079365,22.894875283,84.659954648
Alto Saxophone,Chromatic Scale,92.345759637,14.14095238,106.486712017
Alto Saxophone,Major Scales,113.731337861,91.184761904,204.916099765
Alto Saxophone,Sight-Reading,212.021405891,48.738684807,260.760090698
