Instrument,ScoreGroup,Start,Duration,End
Xylophone,Mallet Etude,19.722449,38.857143,58.579592000000005
Snare Drum,Snare Etude,67.787755,47.477551,115.26530600000001
Timpani,Timpani Etude,120.929524,69.938503,190.86802699999998
Xylophone,Chromatic Scale,200.434649,12.167256,212.60190500000002
Xylophone,Major Scales,222.171429,85.159184,307.33061299999997
Xylophone,Sight-Reading,315.326984,56.37805,371.70503399999996
Snare Drum,Sight-Reading,383.268571,24.473832,407.742403
