Instrument,ScoreGroup,Start,Duration,End
Flute,Lyrical Etude,9.064103,88.20362,97.267723
Flute,Technical Etude,110.521117,73.579186,184.100303
Flute,Chromatic Scale,190.955506,14.624434,205.57994000000002
Flute,Major Scales,210.150077,105.570136,315.720213
Flute,Sight-Reading,321.661389,42.045249,363.706638
