Instrument,ScoreGroup,Start,Duration,End
Flute,Lyrical Etude,13.23537415,74.536054422,87.771428572
Flute,Technical Etude,91.022222222,78.483446712,169.505668934
Flute,Chromatic Scale,180.419047619,53.173696145,233.592743764
Flute,Major Scales,241.533968254,119.629206349,361.163174603
Flute,Sight-Reading,369.893877551,95.712653061,465.60653061200003
