Instrument,ScoreGroup,Start,Duration,End
Bb Clarinet,Lyrical Etude,11.656417234,119.327346939,130.983764173
Bb Clarinet,Technical Etude,137.229931973,53.452335601,190.68226757399998
Bb Clarinet,Chromatic Scale,193.468662132,12.53877551,206.00743764199999
Bb Clarinet,Major Scales,213.08952381,96.711111111,309.800634921
Bb Clarinet,Sight-Reading,313.817687075,77.902947846,391.720634921
