Instrument,ScoreGroup,Start,Duration,End
Bb Clarinet,Lyrical Etude,15.603809523,58.328526077,73.9323356
Bb Clarinet,Technical Etude,79.505124716,31.02185941,110.526984126
Bb Clarinet,Chromatic Scale,117.771609977,14.675011337,132.446621314
Bb Clarinet,Major Scales,138.948208616,113.313378684,252.26158729999997
Bb Clarinet,Sight-Reading,259.134693877,70.960181405,330.09487528200003
