Instrument,ScoreGroup,Start,Duration,End
Bb Clarinet,Lyrical Etude,12.631655,77.461769,90.093424
Bb Clarinet,Technical Etude,96.223492,23.034195,119.25768699999999
Bb Clarinet,Chromatic Scale,127.059592,21.733878,148.79346999999999
Bb Clarinet,Major Scales,155.295057,70.960181,226.25523800000002
Bb Clarinet,Sight-Reading,231.828027,48.483265,280.311292
