Instrument,ScoreGroup,Start,Duration,End
Flute,Lyrical Etude,11.95102,27.95102,39.90204
Flute,Technical Etude,46.302041,24.097959,70.4
Flute,Chromatic Scale,78.628571,17.240816,95.86938699999999
Flute,Major Scales,103.839637,69.845624,173.685261
Flute,Sight-Reading,182.601723,79.876644,262.478367
