Instrument,ScoreGroup,Start,Duration,End
Flute,Lyrical Etude,13.931972789,67.244988662,81.176961451
Flute,Technical Etude,87.121269841,39.752562358,126.87383219899999
Flute,Chromatic Scale,135.790294785,11.702857143,147.49315192799997
Flute,Major Scales,155.852335601,99.938684807,255.791020408
Flute,Sight-Reading,263.407165533,43.653514739,307.060680272
