Instrument,ScoreGroup,Start,Duration,End
Bb Clarinet,Lyrical Etude,13.119274376,86.494331066,99.613605442
Bb Clarinet,Technical Etude,105.070294785,50.271201814,155.341496599
Bb Clarinet,Chromatic Scale,164.745578231,16.718367347,181.463945578
Bb Clarinet,Major Scales,187.245714286,128.406349206,315.652063492
Bb Clarinet,Sight-Reading,326.054603175,59.977142857,386.031746032
