Instrument,ScoreGroup,Start,Duration,End
Alto Saxophone,Lyrical Etude,34.922811791,83.963356009,118.8861678
Alto Saxophone,Technical Etude,128.359909297,39.381043083,167.74095238
Alto Saxophone,Chromatic Scale,174.428299319,10.402539682,184.830839001
Alto Saxophone,Major Scales,193.56154195,93.80861678,287.37015872999996
Alto Saxophone,Sight-Reading,292.014149659,55.913650793,347.927800452
