Instrument,ScoreGroup,Start,Duration,End
Flute,Lyrical Etude,17.995464853,27.399546485,45.395011338
Flute,Technical Etude,53.405895692,45.395011338,98.80090703
Flute,Chromatic Scale,108.553287982,24.032653061,132.585941043
Flute,Major Scales,143.034920635,92.531519274,235.566439909
Flute,Sight-Reading,244.506122449,46.90430839,291.410430839
