Instrument,ScoreGroup,Start,Duration,End
Flute,Lyrical Etude,14.860770975,93.622857142,108.483628117
Flute,Technical Etude,116.285532879,30.650340136,146.935873015
Flute,Chromatic Scale,154.923537414,15.418049886,170.34158730000001
Flute,Major Scales,179.258049886,106.068752834,285.32680272
Flute,Sight-Reading,290.806712018,48.20462585,339.011337868
