Instrument,ScoreGroup,Start,Duration,End
Alto Saxophone,Lyrical Etude,16.300408163,49.458503401,65.758911564
Alto Saxophone,Technical Etude,77.287619048,60.220952381,137.508571429
Alto Saxophone,Chromatic Scale,150.407256236,8.93968254,159.346938776
Alto Saxophone,Major Scales,170.666666667,106.951111111,277.617777778
Alto Saxophone,Sight-Reading,286.963809524,63.309206349,350.273015873
