Instrument,ScoreGroup,Start,Duration,End
Xylophone,Mallet Etude,13.76,84.010667,97.770667
Snare Drum,Snare Etude,105.898667,122.773333,228.672
Timpani,Timpani Etude,235.413333,45.333333,280.746666
Xylophone,Chromatic Scale,289.130667,13.866667,302.997334
Xylophone,Major Scales,308.842667,100.992,409.834667
Xylophone,Sight-Reading,418.389333,117.397333,535.786666
Snare Drum,Sight-Reading,543.744,43.669333,587.4133330000001
