Instrument,ScoreGroup,Start,Duration,End
Xylophone,Mallet Etude,14.303492,41.981678,56.28517
Snare Drum,Snare Etude,60.743401,46.25415,106.997551
Timpani,Timpani Etude,110.898503,56.842449,167.740952
Xylophone,Chromatic Scale,172.199184,9.102222,181.30140600000001
Xylophone,Major Scales,187.245714,103.096599,290.342313
Xylophone,Sight-Reading,305.574603,47.182948,352.75755100000003
Snare Drum,Sight-Reading,359.073379,35.294331,394.36771
