Instrument,ScoreGroup,Start,Duration,End
Flute,Lyrical Etude,11.284897959,45.116371882,56.401269841
Flute,Technical Etude,62.43845805,39.61324263,102.05170068000001
Flute,Chromatic Scale,107.717369615,33.436734694,141.154104309
Flute,Major Scales,147.191292517,121.858321995,269.049614512
Flute,Sight-Reading,273.438185941,78.994285714,352.432471655
