Instrument,ScoreGroup,Start,Duration,End
Xylophone,Mallet Etude,16.660317,38.545125,55.205442
Snare Drum,Snare Etude,59.210884,44.234014,103.444898
Timpani,Timpani Etude,108.460408,71.68,180.140408
Xylophone,Chromatic Scale,186.723265,8.672653,195.395918
Xylophone,Major Scales,203.964082,71.57551,275.53959199999997
Xylophone,Sight-Reading,281.49551,10.34449,291.84000000000003
Snare Drum,Sight-Reading,306.782041,26.226939,333.00898
