Instrument,ScoreGroup,Start,Duration,End
Bb Clarinet,Lyrical Etude,10.727619048,60.743401361,71.47102040899999
Bb Clarinet,Technical Etude,74.814693878,34.969251701,109.783945579
Bb Clarinet,Chromatic Scale,110.201904762,16.370068027,126.571972789
Bb Clarinet,Major Scales,130.82122449,83.696326531,214.51755102099997
Bb Clarinet,Sight-Reading,220.264489796,59.350204082,279.61469387799997
