Instrument,ScoreGroup,Start,Duration,End
Bb Clarinet,Lyrical Etude,14.675011337,74.118095238,88.793106575
Bb Clarinet,Technical Etude,96.037732426,73.003537414,169.04126983999998
Bb Clarinet,Chromatic Scale,178.700770975,31.950657596,210.651428571
Bb Clarinet,Major Scales,220.682448979,122.787120181,343.46956916
Bb Clarinet,Sight-Reading,349.413877551,118.8861678,468.300045351
