Instrument,ScoreGroup,Start,Duration,End
Trumpet,Lyrical Etude,13.061224489,48.065306122,61.12653061100001
Trumpet,Technical Etude,66.501950113,31.207619047,97.70956916
Trumpet,Chromatic Scale,104.025396825,20.062040816,124.08743764100001
Trumpet,Major Scales,131.889342403,75.789931972,207.679274375
Trumpet,Sight-Reading,214.738140589,63.158276643,277.89641723200003
