Instrument,ScoreGroup,Start,Duration,End
Bb Clarinet,Lyrical Etude,18.155102,107.493878,125.64898
Bb Clarinet,Technical Etude,132.310204,60.734694,193.044898
Bb Clarinet,Chromatic Scale,204.277551,15.673469,219.95102
Bb Clarinet,Major Scales,226.481633,107.363265,333.844898
Bb Clarinet,Sight-Reading,339.461224,65.959184,405.420408
