Instrument,ScoreGroup,Start,Duration,End
Flute,Lyrical Etude,10.58829932,90.836462585,101.42476190500001
Flute,Technical Etude,106.99755102,54.056054422,161.053605442
Flute,Chromatic Scale,168.855510204,43.746394558,212.601904762
Flute,Major Scales,220.403809524,118.421768707,338.825578231
Flute,Sight-Reading,345.884444444,51.641179138,397.525623582
