Instrument,ScoreGroup,Start,Duration,End
Bb Clarinet,Lyrical Etude,12.277551,57.077551,69.355102
Bb Clarinet,Technical Etude,77.453061,48.979592,126.432653
Bb Clarinet,Chromatic Scale,134.922449,21.942857,156.865306
Bb Clarinet,Major Scales,163.918367,80.718367,244.636734
Bb Clarinet,Sight-Reading,253.004626,128.17415,381.17877599999997
