Instrument,ScoreGroup,Start,Duration,End
Xylophone,Mallet Etude,11.563537,78.645986,90.20952299999999
Snare Drum,Snare Etude,97.10585,111.223583,208.329433
Timpani,Timpani Etude,214.87746,35.99093,250.86839
Xylophone,Chromatic Scale,257.904036,6.826667,264.730703
Xylophone,Major Scales,270.721451,82.477279,353.19873
Xylophone,Sight-Reading,357.494422,32.902676,390.39709799999997
Snare Drum,Sight-Reading,396.759365,26.865488,423.62485300000003
