Instrument,ScoreGroup,Start,Duration,End
Trumpet,Lyrical Etude,13.844897959,37.35510204,51.199999999
Trumpet,Technical Etude,57.469387755,21.681632653,79.151020408
Trumpet,Chromatic Scale,87.771428571,8.359183673,96.130612244
Trumpet,Major Scales,105.012244897,54.595918367,159.608163264
Trumpet,Sight-Reading,168.228571428,48.326530612,216.55510204
