Instrument,ScoreGroup,Start,Duration,End
Bb Clarinet,Lyrical Etude,12.27755102,70.269387755,82.546938775
Bb Clarinet,Technical Etude,87.771428571,73.142857142,160.914285713
Bb Clarinet,Chromatic Scale,167.706122448,14.367346938,182.073469386
Bb Clarinet,Major Scales,188.081632653,109.191836734,297.27346938700003
Bb Clarinet,Sight-Reading,306.41632653,39.444897959,345.861224489
