Instrument,ScoreGroup,Start,Duration,End
Alto Saxophone,Lyrical Etude,13.305034014,51.826938776,65.13197278999999
Alto Saxophone,Technical Etude,73.909115646,48.088526077,121.997641723
Alto Saxophone,Chromatic Scale,131.633922902,8.428843537,140.062766439
Alto Saxophone,Major Scales,152.880181406,96.989750567,249.869931973
Alto Saxophone,Sight-Reading,257.184217687,50.665941043,307.85015873
