Instrument,ScoreGroup,Start,Duration,End
Xylophone,Mallet Etude,10.971429,41.795918,52.767347
Snare Drum,Snare Etude,57.585488,44.953832,102.53932
Timpani,Timpani Etude,108.669388,68.731066,177.400454
Xylophone,Chromatic Scale,185.016599,12.260136,197.276735
Xylophone,Major Scales,204.335601,111.270023,315.605624
Xylophone,Sight-Reading,325.265125,65.201633,390.466758
Snare Drum,Sight-Reading,395.110748,30.093061,425.203809
