Instrument,ScoreGroup,Start,Duration,End
Bb Clarinet,Lyrical Etude,13.351473923,99.265306122,112.616780045
Bb Clarinet,Technical Etude,118.8861678,25.890249433,144.776417233
Bb Clarinet,Chromatic Scale,151.858503401,12.306575964,164.165079365
Bb Clarinet,Major Scales,171.479365079,105.999092971,277.47845805
Bb Clarinet,Sight-Reading,286.766439909,73.142857143,359.909297052
