Instrument,ScoreGroup,Start,Duration,End
Trumpet,Lyrical Etude,12.06595,69.206461,81.272411
Trumpet,Technical Etude,88.607657,26.789598,115.397255
Trumpet,Chromatic Scale,123.689273,9.886637,133.57591
Trumpet,Major Scales,141.549005,58.363052,199.912057
Trumpet,Sight-Reading,208.522999,43.05471,251.577709
