Instrument,ScoreGroup,Start,Duration,End
Xylophone,Mallet Etude,12.538776,44.234014,56.77279
Snare Drum,Snare Etude,62.693878,59.791383,122.48526100000001
Timpani,Timpani Etude,128.290249,75.929252,204.21950099999998
Xylophone,Chromatic Scale,210.285714,10.579592,220.865306
Xylophone,Major Scales,227.657143,76.277551,303.934694
Xylophone,Sight-Reading,312.032653,99.03263,411.06528299999997
Snare Drum,Sight-Reading,417.567347,39.183673,456.75102
