Instrument,ScoreGroup,Start,Duration,End
Flute,Lyrical Etude,9.665306,34.742857,44.408163
Flute,Technical Etude,51.461224,37.616327,89.077551
Flute,Chromatic Scale,92.995918,12.016327,105.01224500000001
Flute,Major Scales,109.714286,93.518367,203.232653
Flute,Sight-Reading,207.029116,61.2078,268.236916
