Instrument,ScoreGroup,Start,Duration,End
Flute,Lyrical Etude,11.958276644,56.308390023,68.266666667
Flute,Technical Etude,71.865759637,32.391836735,104.257596372
Flute,Chromatic Scale,110.29478458,40.170521542,150.46530612200002
Flute,Major Scales,156.270294785,65.364172336,221.634467121
Flute,Sight-Reading,227.091156463,39.00952381,266.100680273
