Instrument,ScoreGroup,Start,Duration,End
Bb Clarinet,Lyrical Etude,12.840634921,96.200272109,109.04090703
Bb Clarinet,Technical Etude,121.347482993,58.165986395,179.513469388
Bb Clarinet,Chromatic Scale,185.341678005,13.792653061,199.13433106600002
Bb Clarinet,Major Scales,212.276825397,120.372244898,332.649070295
Bb Clarinet,Sight-Reading,341.101133787,84.404535147,425.50566893399997
