Instrument,ScoreGroup,Start,Duration,End
Alto Saxophone,Lyrical Etude,12.260136054,37.128707482,49.388843536
Alto Saxophone,Technical Etude,54.682993197,44.025034013,98.70802721000001
Alto Saxophone,Chromatic Scale,104.489795918,11.772517006,116.262312924
Alto Saxophone,Major Scales,122.671020408,75.998911564,198.669931972
Alto Saxophone,Sight-Reading,203.058503401,40.193741496,243.252244897
