Instrument,ScoreGroup,Start,Duration,End
Bb Clarinet,Lyrical Etude,15.603809523,54.984852607,70.58866213
Bb Clarinet,Technical Etude,84.706394557,29.72154195,114.427936507
Bb Clarinet,Chromatic Scale,121.115283446,12.260136054,133.37541950000002
Bb Clarinet,Major Scales,140.805804988,106.440272108,247.24607709600002
Bb Clarinet,Sight-Reading,251.147029478,57.771247165,308.918276643
