Instrument,ScoreGroup,Start,Duration,End
Flute,Lyrical Etude,12.58521542,45.720090703,58.305306122999994
Flute,Technical Etude,63.761995465,22.709115646,86.471111111
Flute,Chromatic Scale,92.392199546,18.250884354,110.6430839
Flute,Major Scales,116.680272109,121.022403628,237.702675737
Flute,Sight-Reading,245.504580499,56.79600907,302.300589569
