Instrument,ScoreGroup,Start,Duration,End
Xylophone,Mallet Etude,10.843719,120.023946,130.867665
Snare Drum,Snare Etude,136.811973,122.415601,259.227574
Timpani,Timpani Etude,265.659501,44.837732,310.497233
Xylophone,Chromatic Scale,318.345578,9.032562,327.37814
Xylophone,Major Scales,333.113469,121.068844,454.182313
Xylophone,Sight-Reading,459.406803,34.922812,494.32961500000005
Snare Drum,Sight-Reading,499.298685,28.746304,528.044989
