Instrument,ScoreGroup,Start,Duration,End
Trumpet,Lyrical Etude,13.931972789,46.811428571,60.74340136
Trumpet,Technical Etude,67.616507936,26.37786848,93.99437641600001
Trumpet,Chromatic Scale,101.796281179,10.774058956,112.57034013500001
Trumpet,Major Scales,120.372244897,63.901315192,184.273560089
Trumpet,Sight-Reading,190.21786848,29.164263038,219.382131518
