Instrument,ScoreGroup,Start,Duration,End
Alto Saxophone,Lyrical Etude,13.699773242,167.531972789,181.231746031
Alto Saxophone,Technical Etude,186.340136054,44.350113378,230.690249432
Alto Saxophone,Chromatic Scale,236.379138321,8.2430839,244.622222221
Alto Saxophone,Major Scales,251.936507936,68.731065759,320.667573695
Alto Saxophone,Sight-Reading,324.382766439,31.811337868,356.19410430700003
