Instrument,ScoreGroup,Start,Duration,End
Flute,Lyrical Etude,9.671111111,59.977142857,69.64825396799999
Flute,Technical Etude,74.396734694,92.473469388,166.870204082
Flute,Chromatic Scale,175.136507937,22.117006803,197.25351474
Flute,Major Scales,205.287619048,141.734603175,347.02222222299997
Flute,Sight-Reading,352.966530612,74.710204082,427.676734694
