Instrument,ScoreGroup,Start,Duration,End
Flute,Lyrical Etude,13.815873,39.125624,52.941497
Flute,Technical Etude,59.094785,45.511111,104.605896
Flute,Chromatic Scale,113.197279,34.017234,147.214513
Flute,Major Scales,160.101587,97.17551,257.277097
Flute,Sight-Reading,260.643991,44.698413,305.34240400000004
