Instrument,ScoreGroup,Start,Duration,End
Bb Clarinet,Lyrical Etude,10.1239,17.925805,28.049705000000003
Bb Clarinet,Technical Etude,40.495601,96.223492,136.719093
Bb Clarinet,Chromatic Scale,143.40644,45.139592,188.546032
Bb Clarinet,Major Scales,198.391293,88.607347,286.99864
Bb Clarinet,Sight-Reading,321.178413,120.000726,441.17913899999996
