Instrument,ScoreGroup,Start,Duration,End
Flute,Lyrical Etude,11.609977324,72.446258503,84.056235827
Flute,Technical Etude,90.093424036,46.90430839,136.997732426
Flute,Chromatic Scale,143.499319728,17.18276644,160.68208616799998
Flute,Major Scales,165.79047619,95.201814059,260.992290249
Flute,Sight-Reading,265.171882086,45.511111111,310.682993197
