Instrument,ScoreGroup,Start,Duration,End
Xylophone,Mallet Etude,11.702857,6.501587,18.204444
Snare Drum,Snare Etude,23.034195,23.870113,46.904308
Timpani,Timpani Etude,56.006531,28.049705,84.056236
Xylophone,Chromatic Scale,92.0439,17.368526,109.412426
Xylophone,Major Scales,118.143129,41.981678,160.124807
Xylophone,Sight-Reading,170.341587,3.993832,174.335419
Snare Drum,Sight-Reading,179.25805,28.514104,207.772154
