Instrument,ScoreGroup,Start,Duration,End
Flute,Lyrical Etude,22.43047619,93.947936507,116.37841269699999
Flute,Technical Etude,121.904761904,29.814421768,151.71918367199999
Flute,Chromatic Scale,156.456054421,21.455238095,177.911292516
Flute,Major Scales,182.787482993,127.245351473,310.032834466
Flute,Sight-Reading,314.305306122,70.402902494,384.708208616
