Instrument,ScoreGroup,Start,Duration,End
Bb Clarinet,Lyrical Etude,15.603809524,82.477278912,98.081088436
Bb Clarinet,Technical Etude,103.096598639,34.737052154,137.833650793
Bb Clarinet,Chromatic Scale,144.520997732,12.074376417,156.595374149
Bb Clarinet,Major Scales,164.025759637,100.681723356,264.707482993
Bb Clarinet,Sight-Reading,269.119274376,48.529705215,317.648979591
