Instrument,ScoreGroup,Start,Duration,End
Alto Saxophone,Lyrical Etude,15.882448979,45.743310657,61.625759636
Alto Saxophone,Technical Etude,67.639727891,23.219954648,90.859682539
Alto Saxophone,Chromatic Scale,101.865941041,13.978412698,115.844353739
Alto Saxophone,Major Scales,124.366077091,91.81170068,216.177777771
Alto Saxophone,Sight-Reading,223.468843531,51.664399092,275.133242623
