Instrument,ScoreGroup,Start,Duration,End
Alto Saxophone,Lyrical Etude,10.936598639,38.075646258,49.012244897
Alto Saxophone,Technical Etude,54.204081632,20.244897959,74.448979591
Alto Saxophone,Chromatic Scale,81.567346938,17.567346938,99.134693876
Alto Saxophone,Major Scales,105.632653061,55.836734693,161.469387754
Alto Saxophone,Sight-Reading,166.171428571,45.714285714,211.885714285
