Instrument,ScoreGroup,Start,Duration,End
Xylophone,Mallet Etude,14.628571,62.955102,77.583673
Snare Drum,Snare Etude,85.942857,101.093878,187.03673500000002
Timpani,Timpani Etude,193.828571,108.408163,302.236734
Xylophone,Chromatic Scale,316.865306,4.702041,321.567347
Xylophone,Major Scales,326.008163,1.567347,327.57551
Xylophone,Sight-Reading,338.02449,2.873469,340.897959
Snare Drum,Sight-Reading,356.04898,56.163265,412.212245
