Instrument,ScoreGroup,Start,Duration,End
Flute,Lyrical Etude,8.881632653,27.167346939,36.048979592
Flute,Technical Etude,40.019591837,28.525714286,68.545306123
Flute,Chromatic Scale,74.657959184,17.554285714,92.21224489800001
Flute,Major Scales,99.265306122,67.448163265,166.713469387
Flute,Sight-Reading,170.527346939,49.528163265,220.05551020400003
