Instrument,ScoreGroup,Start,Duration,End
Bb Clarinet,Lyrical Etude,2.136236,65.015873,67.152109
Bb Clarinet,Technical Etude,70.310023,25.170431,95.48045400000001
Bb Clarinet,Chromatic Scale,103.375238,16.532608,119.90784599999999
Bb Clarinet,Major Scales,121.208163,77.368889,198.57705199999998
Bb Clarinet,Sight-Reading,200.899048,38.638005,239.537053
