Instrument,ScoreGroup,Start,Duration,End
Flute,Lyrical Etude,15.32517,36.780408,52.105578
Flute,Technical Etude,56.28517,36.223129,92.508299
Flute,Chromatic Scale,100.867483,19.226122,120.093605
Flute,Major Scales,126.223673,89.164626,215.38829900000002
Flute,Sight-Reading,221.518367,52.384218,273.902585
