Instrument,ScoreGroup,Start,Duration,End
Bb Clarinet,Lyrical Etude,13.421133787,114.683356009,128.104489796
Bb Clarinet,Technical Etude,133.096780045,42.864036281,175.96081632599999
Bb Clarinet,Chromatic Scale,183.623401361,10.263219955,193.886621316
Bb Clarinet,Major Scales,202.013605442,107.113650794,309.127256236
Bb Clarinet,Sight-Reading,314.955464853,56.84244898,371.79791383300005
