Instrument,ScoreGroup,Start,Duration,End
Tenor Saxophone,Lyrical Etude,9.911747,69.45458,79.36632700000001
Tenor Saxophone,Technical Etude,84.575421,68.152307,152.727728
Tenor Saxophone,Chromatic Scale,159.239095,10.418187,169.65728199999998
Tenor Saxophone,Major Scales,176.168649,107.6546,283.823249
Tenor Saxophone,Sight-Reading,291.202798,53.8273,345.03009799999995
