Instrument,ScoreGroup,Start,Duration,End
Bb Clarinet,Lyrical Etude,16.509387755,50.155102041,66.664489796
Bb Clarinet,Technical Etude,72.097959184,32.600816327,104.69877551100001
Bb Clarinet,Chromatic Scale,112.222040816,14.83755102,127.05959183600001
Bb Clarinet,Major Scales,135.41877551,93.204897959,228.62367346899998
Bb Clarinet,Sight-Reading,234.057142857,43.467755102,277.524897959
