Instrument,ScoreGroup,Start,Duration,End
Bb Clarinet,Lyrical Etude,11.702857142,67.802267573,79.505124715
Bb Clarinet,Technical Etude,82.663038548,31.579138321,114.242176869
Bb Clarinet,Chromatic Scale,119.722086167,12.167256235,131.889342402
Bb Clarinet,Major Scales,137.276371882,107.740589569,245.016961451
Bb Clarinet,Sight-Reading,248.36063492,51.083900226,299.444535146
