Instrument,ScoreGroup,Start,Duration,End
Flute,Lyrical Etude,12.887074829,62.461678004,75.34875283299999
Flute,Technical Etude,80.57324263,20.43356009,101.00680272
Flute,Chromatic Scale,107.276190476,18.924263038,126.200453514
Flute,Major Scales,132.632380952,104.954195011,237.586575963
Flute,Sight-Reading,243.530884353,64.644353741,308.175238094
