Instrument,ScoreGroup,Start,Duration,End
Bb Clarinet,Lyrical Etude,14.4892517,55.820770975,70.310022675
Bb Clarinet,Technical Etude,76.62585034,43.003356009,119.629206349
Bb Clarinet,Chromatic Scale,128.359909297,15.603809523,143.96371882
Bb Clarinet,Major Scales,153.716099773,70.774421768,224.490521541
Bb Clarinet,Sight-Reading,231.82802721,47.368707482,279.196734692
