Instrument,ScoreGroup,Start,Duration,End
Flute,Lyrical Etude,12.53877551,65.619591837,78.158367347
Flute,Technical Etude,81.92,48.483265306,130.403265306
Flute,Chromatic Scale,137.090612245,16.300408163,153.39102040799997
Flute,Major Scales,160.078367347,115.774693878,275.85306122500003
Flute,Sight-Reading,282.540408163,55.588571429,338.128979592
