Instrument,ScoreGroup,Start,Duration,End
Alto Saxophone,Lyrical Etude,32.783673,37.028571,69.81224399999999
Alto Saxophone,Technical Etude,77.276009,74.210975,151.486984
Alto Saxophone,Chromatic Scale,159.412245,7.477551,166.88979600000002
Alto Saxophone,Major Scales,177.354014,59.953923,237.307937
Alto Saxophone,Sight-Reading,243.461224,41.991837,285.453061
