Instrument,ScoreGroup,Start,Duration,End
Bb Clarinet,Lyrical Etude,11.493877551,115.461224489,126.95510204
Bb Clarinet,Technical Etude,133.485714285,55.640816326,189.126530611
Bb Clarinet,Chromatic Scale,195.604897959,11.702857142,207.307755101
Bb Clarinet,Major Scales,213.902222222,108.204988662,322.107210884
Bb Clarinet,Sight-Reading,327.122721088,35.015691609,362.138412697
