Instrument,ScoreGroup,Start,Duration,End
Flute,Lyrical Etude,10.158730159,42.016507937,52.175238096
Flute,Technical Etude,55.66984127,29.175873016,84.845714286
Flute,Chromatic Scale,89.965714286,16.985396825,106.95111111099999
Flute,Major Scales,112.198820862,76.161451247,188.360272109
Flute,Sight-Reading,192.446984127,42.353197279,234.800181406
