Instrument,ScoreGroup,Start,Duration,End
Flute,Lyrical Etude,15.116190476,50.54984127,65.666031746
Flute,Technical Etude,70.217142857,23.405714286,93.622857143
Flute,Chromatic Scale,101.09968254,17.879365079,118.979047619
Flute,Major Scales,126.293333333,112.965079365,239.258412698
Flute,Sight-Reading,244.45968254,36.896507937,281.356190477
