Instrument,ScoreGroup,Start,Duration,End
Flute,Lyrical Etude,17.502041,28.734694,46.236734999999996
Flute,Technical Etude,56.09941,26.284989,82.384399
Flute,Chromatic Scale,91.95102,37.709206,129.660226
Flute,Major Scales,136.533333,92.13678,228.67011300000001
Flute,Sight-Reading,239.072653,37.523447,276.5961
