Instrument,ScoreGroup,Start,Duration,End
Flute,Lyrical Etude,12.759998,106.518241,119.278239
Flute,Technical Etude,124.509045,48.503842,173.012887
Flute,Chromatic Scale,179.670277,14.741364,194.411641
Flute,Major Scales,201.544559,110.322464,311.867023
Flute,Sight-Reading,318.999941,59.440983,378.440924
