Instrument,ScoreGroup,Start,Duration,End
Trumpet,Lyrical Etude,11.75510204,53.812244897,65.567346937
Trumpet,Technical Etude,70.008163265,30.824489795,100.83265306
Trumpet,Chromatic Scale,106.579591836,13.583673469,120.16326530500001
Trumpet,Major Scales,130.089795918,79.412244897,209.502040815
Trumpet,Sight-Reading,212.375510204,49.371428571,261.746938775
