Instrument,ScoreGroup,Start,Duration,End
Flute,Lyrical Etude,12.747755,48.692245,61.44
Flute,Technical Etude,63.529796,21.942857,85.472653
Flute,Chromatic Scale,94.249796,13.792653,108.042449
Flute,Major Scales,115.774694,99.056327,214.831021
Flute,Sight-Reading,221.936327,41.795918,263.73224500000003
