Instrument,ScoreGroup,Start,Duration,End
Alto Saxophone,Lyrical Etude,13.978412698,101.099682539,115.078095237
Alto Saxophone,Technical Etude,122.554920634,65.015873015,187.570793649
Alto Saxophone,Chromatic Scale,196.022857142,11.702857142,207.725714284
Alto Saxophone,Major Scales,215.527619047,102.074920634,317.602539681
Alto Saxophone,Sight-Reading,323.779047619,46.161269841,369.94031745999996
