Instrument,ScoreGroup,Start,Duration,End
Bb Clarinet,Lyrical Etude,10.727619048,104.187936508,114.915555556
Bb Clarinet,Technical Etude,120.140045351,40.704580499,160.84462585
Bb Clarinet,Chromatic Scale,167.183673469,12.631655329,179.81532879800002
Bb Clarinet,Major Scales,186.66521542,99.056326531,285.721541951
Bb Clarinet,Sight-Reading,290.690612245,52.871836735,343.56244898
