Instrument,ScoreGroup,Start,Duration,End
Flute,Lyrical Etude,12.167256,53.220136,65.38739199999999
Flute,Technical Etude,70.124263,29.535782,99.660045
Flute,Chromatic Scale,105.604354,18.854603,124.458957
Flute,Major Scales,130.124626,114.149297,244.27392300000002
Flute,Sight-Reading,249.660952,43.467755,293.128707
