Instrument,ScoreGroup,Start,Duration,End
Flute,Lyrical Etude,18.111564626,65.015873016,83.127437642
Flute,Technical Etude,92.043900227,36.037369615,128.08126984199998
Flute,Chromatic Scale,137.491156463,9.734965986,147.226122449
Flute,Major Scales,158.511020408,98.742857143,257.253877551
Flute,Sight-Reading,265.195102041,55.100952381,320.296054422
