Instrument,ScoreGroup,Start,Duration,End
Oboe,Lyrical Etude,9.734927,92.311615,102.046542
Oboe,Technical Etude,106.948044,46.564266,153.51231
Oboe,Chromatic Scale,159.639187,8.16917,167.808357
Oboe,Major Scales,174.343692,89.860865,264.204557
Oboe,Sight-Reading,270.739893,54.733436,325.473329
