Instrument,ScoreGroup,Start,Duration,End
Flute,Lyrical Etude,10.17034,40.681361,50.851701000000006
Flute,Technical Etude,53.127256,45.789751,98.91700700000001
Flute,Chromatic Scale,101.424762,20.64254,122.067302
Flute,Major Scales,123.773968,99.636825,223.410793
Flute,Sight-Reading,225.767619,53.069206,278.836825
