Instrument,ScoreGroup,Start,Duration,End
Bb Clarinet,Lyrical Etude,12.306575964,86.029931973,98.33650793700001
Bb Clarinet,Technical Etude,102.283900227,33.66893424,135.952834467
Bb Clarinet,Chromatic Scale,141.873922902,14.164172336,156.038095238
Bb Clarinet,Major Scales,161.726984127,109.482086168,271.209070295
Bb Clarinet,Sight-Reading,277.710657596,44.698412698,322.409070294
