Instrument,ScoreGroup,Start,Duration,End
Flute,Lyrical Etude,17.229206349,70.460952381,87.69015873
Flute,Technical Etude,95.573333333,73.189297052,168.762630385
Flute,Chromatic Scale,176.936054422,21.455238095,198.391292517
Flute,Major Scales,206.425396825,183.902040816,390.327437641
Flute,Sight-Reading,399.429659864,76.347210884,475.77687074799996
