Instrument,ScoreGroup,Start,Duration,End
Flute,Lyrical Etude,13.374693878,58.653605442,72.02829932
Flute,Technical Etude,79.27292517,21.733877551,101.00680272099999
Flute,Chromatic Scale,106.858231293,11.842176871,118.70040816400001
Flute,Major Scales,124.691156463,92.647619048,217.338775511
Flute,Sight-Reading,222.772244898,41.517278912,264.28952381
