Instrument,ScoreGroup,Start,Duration,End
Flute,Lyrical Etude,17.229206349,46.021950113,63.251156462
Flute,Technical Etude,70.054603175,47.020408163,117.075011338
Flute,Chromatic Scale,124.575056689,17.670385488,142.245442177
Flute,Major Scales,150.883265306,109.69106576,260.574331066
Flute,Sight-Reading,269.746213152,58.282086168,328.02829932
