Instrument,ScoreGroup,Start,Duration,End
Xylophone,Mallet Etude,5.22449,36.339229,41.563719000000006
Snare Drum,Snare Etude,47.252608,44.698413,91.951021
Timpani,Timpani Etude,96.246712,57.933787,154.180499
Xylophone,Chromatic Scale,161.843084,9.868481,171.711565
Xylophone,Major Scales,181.928345,76.277551,258.205896
Xylophone,Sight-Reading,266.936599,115.542494,382.47909300000003
Snare Drum,Sight-Reading,389.03873,31.451429,420.490159
