Instrument,ScoreGroup,Start,Duration,End
Alto Saxophone,Lyrical Etude,13.235374149,52.569977324,65.805351473
Alto Saxophone,Technical Etude,72.051519274,22.7323356,94.783854874
Alto Saxophone,Chromatic Scale,97.639909297,13.49079365,111.130702947
Alto Saxophone,Major Scales,118.746848071,90.395283446,209.142131517
Alto Saxophone,Sight-Reading,216.642176871,42.422857142,259.065034013
