Instrument,ScoreGroup,Start,Duration,End
Bb Clarinet,Lyrical Etude,13.360168,83.938226,97.298394
Bb Clarinet,Technical Etude,108.630054,34.834364,143.464418
Bb Clarinet,Chromatic Scale,152.697622,11.33166,164.029282
Bb Clarinet,Major Scales,174.941252,99.047106,273.988358
Bb Clarinet,Sight-Reading,284.480636,50.362935,334.843571
