Instrument,ScoreGroup,Start,Duration,End
Flute,Lyrical Etude,9.287982,149.536508,158.82449
Flute,Technical Etude,166.440635,56.47093,222.911565
Flute,Chromatic Scale,228.112834,18.390204,246.503038
Flute,Major Scales,259.320454,99.938685,359.259139
Flute,Sight-Reading,362.788571,62.600998,425.389569
