Instrument,ScoreGroup,Start,Duration,End
Alto Saxophone,Lyrical Etude,13.235374149,49.737142857,62.972517006000004
Alto Saxophone,Technical Etude,70.054603174,24.38095238,94.43555555399999
Alto Saxophone,Chromatic Scale,95.735873015,8.777142857,104.513015872
Alto Saxophone,Major Scales,109.783945578,50.364081632,160.14802721
Alto Saxophone,Sight-Reading,164.327619047,34.411972789,198.73959183600002
