Instrument,ScoreGroup,Start,Duration,End
Alto Saxophone,Lyrical Etude,17.740045351,74.89015873,92.63020408099999
Alto Saxophone,Technical Etude,106.109387755,31.294693878,137.404081633
Alto Saxophone,Chromatic Scale,150.465306122,9.769795918,160.23510204
Alto Saxophone,Major Scales,169.795918367,103.497142857,273.293061224
Alto Saxophone,Sight-Reading,282.749387755,42.475102041,325.224489796
