Instrument,ScoreGroup,Start,Duration,End
Flute,Lyrical Etude,16.554666667,31.914666667,48.469333334
Flute,Technical Etude,55.125333333,26.794666667,81.92
Flute,Chromatic Scale,89.28,18.453333333,107.733333333
Flute,Major Scales,114.986666667,63.253333333,178.24
Flute,Sight-Reading,185.6,42.453333333,228.053333333
