Instrument,ScoreGroup,Start,Duration,End
Bb Clarinet,Lyrical Etude,14.675011337,57.213968253,71.88897958999999
Bb Clarinet,Technical Etude,78.57632653,30.650340136,109.226666666
Bb Clarinet,Chromatic Scale,114.613696145,14.860770975,129.47446712
Bb Clarinet,Major Scales,136.533333333,107.740589569,244.27392290199998
Bb Clarinet,Sight-Reading,248.546394557,77.27600907,325.822403627
