Instrument,ScoreGroup,Start,Duration,End
Flute,Lyrical Etude,14.860770975,45.859410431,60.720181406
Flute,Technical Etude,64.922993197,33.45414966,98.377142857
Flute,Chromatic Scale,106.305306122,25.932335601,132.237641723
Flute,Major Scales,138.402539683,138.3938322,276.796371883
Flute,Sight-Reading,283.501133787,78.802721088,362.303854875
