Instrument,ScoreGroup,Start,Duration,End
Bb Clarinet,Lyrical Etude,13.23537415,93.762176871,106.99755102099999
Bb Clarinet,Technical Etude,112.64,41.749478458,154.38947845799999
Bb Clarinet,Chromatic Scale,160.473106576,11.726077098,172.19918367399998
Bb Clarinet,Major Scales,179.188390023,91.533061224,270.721451247
Bb Clarinet,Sight-Reading,276.13170068,46.927528345,323.059229025
