Instrument,ScoreGroup,Start,Duration,End
Bb Clarinet,Lyrical Etude,8.173424,78.088707,86.262131
Bb Clarinet,Technical Etude,92.11356,72.910658,165.02421800000002
Bb Clarinet,Chromatic Scale,172.501043,16.718367,189.21941
Bb Clarinet,Major Scales,195.001179,55.542132,250.54331100000002
Bb Clarinet,Sight-Reading,256.464399,42.422857,298.88725600000004
