Instrument,ScoreGroup,Start,Duration,End
Flute,Lyrical Etude,23.858503401,46.497959184,70.356462585
Flute,Technical Etude,77.270204082,41.900408163,119.170612245
Flute,Chromatic Scale,126.641632653,18.18122449,144.822857143
Flute,Major Scales,152.137142857,113.963537415,266.100680272
Flute,Sight-Reading,272.973786848,43.839274376,316.81306122399997
