Instrument,ScoreGroup,Start,Duration,End
Flute,Lyrical Etude,17.275646259,61.393560091,78.66920635
Flute,Technical Etude,88.700226757,32.682086168,121.382312925
Flute,Chromatic Scale,129.869206349,9.285079365,139.154285714
Flute,Major Scales,149.629387755,88.537687075,238.16707483
Flute,Sight-Reading,244.366802721,51.339319728,295.706122449
