Instrument,ScoreGroup,Start,Duration,End
Flute,Lyrical Etude,11.006258503,53.429115646,64.435374149
Flute,Technical Etude,69.241904762,51.2,120.44190476200001
Flute,Chromatic Scale,127.338231293,16.997006803,144.335238096
Flute,Major Scales,150.186666667,134.907936508,285.094603175
Flute,Sight-Reading,289.901133787,74.187755102,364.088888889
