Instrument,ScoreGroup,Start,Duration,End
Xylophone,Mallet Etude,19.365442,57.957007,77.322449
Snare Drum,Snare Etude,86.79619,72.167619,158.963809
Timpani,Timpani Etude,168.298231,84.149116,252.44734699999998
Xylophone,Chromatic Scale,259.413333,12.120816,271.534149
Xylophone,Major Scales,279.196735,92.508299,371.70503399999996
Xylophone,Sight-Reading,376.720544,67.012789,443.733333
Snare Drum,Sight-Reading,450.281361,32.043537,482.324898
