Instrument,ScoreGroup,Start,Duration,End
Alto Saxophone,Lyrical Etude,14.384761904,64.446984126,78.83174603
Alto Saxophone,Technical Etude,84.358095238,31.613968253,115.972063491
Alto Saxophone,Chromatic Scale,121.823492063,14.953650793,136.777142856
Alto Saxophone,Major Scales,143.034920634,81.676190476,224.71111111
Alto Saxophone,Sight-Reading,228.774603174,59.326984126,288.1015873
