Instrument,ScoreGroup,Start,Duration,End
Bb Clarinet,Lyrical Etude,10.356099773,49.435283447,59.79138322
Bb Clarinet,Technical Etude,65.364172336,28.792743764,94.15691609999999
Bb Clarinet,Chromatic Scale,99.474285714,13.32244898,112.79673469400001
Bb Clarinet,Major Scales,118.909387755,126.26430839,245.173696145
Bb Clarinet,Sight-Reading,250.165986395,66.496145125,316.66213152
