Instrument,ScoreGroup,Start,Duration,End
Flute,Lyrical Etude,15.481904762,49.737142857,65.21904761900001
Flute,Technical Etude,72.370793651,24.096507937,96.467301588
Flute,Chromatic Scale,104.30984127,14.262857143,118.57269841300001
Flute,Major Scales,125.602539683,120.587029478,246.189569161
Flute,Sight-Reading,252.952380952,68.237641723,321.190022675
