Instrument,ScoreGroup,Start,Duration,End
Flute,Lyrical Etude,10.971428571,57.539047619,68.51047619
Flute,Technical Etude,72.086349206,44.21079365,116.297142856
Flute,Chromatic Scale,121.498412698,43.235555555,164.733968253
Flute,Major Scales,170.248707482,97.663129251,267.911836733
Flute,Sight-Reading,275.992380952,71.471020408,347.46340136000003
