Instrument,ScoreGroup,Start,Duration,End
Bb Clarinet,Lyrical Etude,8.126984127,93.622857143,101.74984127
Bb Clarinet,Technical Etude,105.325714286,28.932063492,134.257777778
Bb Clarinet,Chromatic Scale,141.40952381,19.17968254,160.58920634999998
Bb Clarinet,Major Scales,161.88952381,108.901587302,270.79111111199995
Bb Clarinet,Sight-Reading,275.667301587,41.61015873,317.277460317
