Instrument,ScoreGroup,Start,Duration,End
Bb Clarinet,Lyrical Etude,20.967619048,62.821587302,83.78920635
Bb Clarinet,Technical Etude,90.85968254,24.624761905,115.484444445
Bb Clarinet,Chromatic Scale,120.92952381,15.36,136.28952381
Bb Clarinet,Major Scales,141.270204082,84.706394558,225.97659864
Bb Clarinet,Sight-Reading,231.828027211,61.718639456,293.546666667
