Instrument,ScoreGroup,Start,Duration,End
Bb Clarinet,Lyrical Etude,15.116190476,100.728163265,115.844353741
Bb Clarinet,Technical Etude,121.510022676,44.117913832,165.627936508
Bb Clarinet,Chromatic Scale,171.386485261,11.517097506,182.903582767
Bb Clarinet,Major Scales,190.171428571,86.447891156,276.619319727
Bb Clarinet,Sight-Reading,281.449070295,51.594739229,333.04380952400004
