Instrument,ScoreGroup,Start,Duration,End
Alto Saxophone,Lyrical Etude,11.424217687,51.826938775,63.251156462000004
Alto Saxophone,Technical Etude,67.291428571,43.885714285,111.17714285599999
Alto Saxophone,Chromatic Scale,118.282448979,29.117823129,147.400272108
Alto Saxophone,Major Scales,154.226938775,64.783673469,219.01061224400001
Alto Saxophone,Sight-Reading,233.221224489,71.192380952,304.413605441
