Instrument,ScoreGroup,Start,Duration,End
Alto Saxophone,Lyrical Etude,13.935198,104.852946,118.788144
Alto Saxophone,Technical Etude,128.279143,69.14871,197.427853
Alto Saxophone,Chromatic Scale,205.562995,9.942952,215.505947
Alto Saxophone,Major Scales,223.189137,91.746328,314.935465
Alto Saxophone,Sight-Reading,320.358893,39.319855,359.67874800000004
