Instrument,ScoreGroup,Start,Duration,End
Xylophone,Mallet Etude,9.775601,122.78712,132.562721
Snare Drum,Snare Etude,139.853787,81.362721,221.216508
Timpani,Timpani Etude,226.975057,101.773061,328.748118
Xylophone,Chromatic Scale,335.760544,11.052698,346.813242
Xylophone,Major Scales,349.344218,111.827302,461.17152
Xylophone,Sight-Reading,475.707211,59.884263,535.591474
Snare Drum,Sight-Reading,540.978503,43.421315,584.3998180000001
