Instrument,ScoreGroup,Start,Duration,End
Flute,Lyrical Etude,12.678095238,42.9569161,55.635011338
Flute,Technical Etude,60.604081633,32.415056689,93.019138322
Flute,Chromatic Scale,100.658503401,14.675011338,115.33351473900001
Flute,Major Scales,120.790204082,104.605895692,225.396099774
Flute,Sight-Reading,229.993650794,47.55446712,277.548117914
