Instrument,ScoreGroup,Start,Duration,End
Flute,Lyrical Etude,8.544943,64.272834,72.817777
Flute,Technical Etude,77.833288,22.569796,100.40308399999999
Flute,Chromatic Scale,105.790113,14.767891,120.55800400000001
Flute,Major Scales,126.302041,104.359184,230.661225
Flute,Sight-Reading,236.538776,45.714286,282.253062
