Instrument,ScoreGroup,Start,Duration,End
Alto Saxophone,Lyrical Etude,16.300408163,104.489795918,120.790204081
Alto Saxophone,Technical Etude,127.895510204,60.813061224,188.708571428
Alto Saxophone,Chromatic Scale,196.649795918,8.568163265,205.217959183
Alto Saxophone,Major Scales,213.99510204,89.861224489,303.856326529
Alto Saxophone,Sight-Reading,310.543673469,52.453877551,362.99755102
