Instrument,ScoreGroup,Start,Duration,End
Bb Clarinet,Lyrical Etude,11.88861678,119.443446712,131.332063492
Bb Clarinet,Technical Etude,136.997732426,63.622675736,200.620408162
Bb Clarinet,Chromatic Scale,207.586394557,13.560453514,221.146848071
Bb Clarinet,Major Scales,227.091156462,123.994557823,351.085714285
Bb Clarinet,Sight-Reading,356.194104308,59.721723356,415.915827664
