Instrument,ScoreGroup,Start,Duration,End
Bb Clarinet,Lyrical Etude,11.232653,79.673469,90.906122
Bb Clarinet,Technical Etude,95.085714,26.906122,121.99183599999999
Bb Clarinet,Chromatic Scale,129.306122,16.718367,146.024489
Bb Clarinet,Major Scales,152.816327,89.6,242.416327
Bb Clarinet,Sight-Reading,249.730612,71.57551,321.306122
