Instrument,ScoreGroup,Start,Duration,End
Flute,Lyrical Etude,19.319002267,152.694421768,172.013424035
Flute,Technical Etude,184.482539682,29.419682539,213.90222222100002
Flute,Chromatic Scale,227.23047619,15.522539682,242.753015872
Flute,Major Scales,254.676462585,109.969705215,364.6461678
Flute,Sight-Reading,366.689523809,47.740226757,414.429750566
