Instrument,ScoreGroup,Start,Duration,End
Xylophone,Mallet Etude,11.145578,40.124082,51.26966
Snare Drum,Snare Etude,56.912109,50.364082,107.27619100000001
Timpani,Timpani Etude,112.222041,60.116463,172.338504
Xylophone,Chromatic Scale,176.727075,16.300408,193.02748300000002
Xylophone,Major Scales,197.381224,91.219592,288.600816
Xylophone,Sight-Reading,289.750204,52.349388,342.099592
Snare Drum,Sight-Reading,346.801633,43.154286,389.955919
