Instrument,ScoreGroup,Start,Duration,End
Bb Clarinet,Lyrical Etude,15.046531,102.35356,117.400091
Bb Clarinet,Technical Etude,124.644717,39.938322,164.58303899999999
Bb Clarinet,Chromatic Scale,172.865306,12.930612,185.795918
Bb Clarinet,Major Scales,192.725624,97.33805,290.063674
Bb Clarinet,Sight-Reading,297.772698,45.139592,342.91229
