Instrument,ScoreGroup,Start,Duration,End
Flute,Lyrical Etude,15.603809523,46.161269841,61.765079364
Flute,Technical Etude,66.803809523,23.568253968,90.372063491
Flute,Chromatic Scale,98.499047619,16.172698412,114.671746031
Flute,Major Scales,120.766984126,60.058412698,180.825396824
Flute,Sight-Reading,185.376507936,52.825396825,238.20190476099998
