Instrument,ScoreGroup,Start,Duration,End
Flute,Lyrical Etude,13.374694,89.350385,102.72507900000001
Flute,Technical Etude,109.226667,49.226304,158.452971
Flute,Chromatic Scale,167.740952,14.675011,182.415963
Flute,Major Scales,188.360272,101.610522,289.970794
Flute,Sight-Reading,297.02966,49.040544,346.070204
