Instrument,ScoreGroup,Start,Duration,End
Bb Clarinet,Lyrical Etude,15.281633,54.465306,69.746939
Bb Clarinet,Technical Etude,76.99737,33.158095,110.155465
Bb Clarinet,Chromatic Scale,118.595918,23.24898,141.844898
Bb Clarinet,Major Scales,152.163265,115.591837,267.75510199999997
Bb Clarinet,Sight-Reading,276.506122,46.759184,323.265306
