Instrument,ScoreGroup,Start,Duration,End
Alto Saxophone,Lyrical Etude,13.722993197,71.215600907,84.93859410399999
Alto Saxophone,Technical Etude,90.81324263,48.599365079,139.412607709
Alto Saxophone,Chromatic Scale,149.188208617,10.518639456,159.70684807299997
Alto Saxophone,Major Scales,161.100045351,156.316734694,317.416780045
Alto Saxophone,Sight-Reading,321.340952381,74.071655329,395.41260771000003
