Instrument,ScoreGroup,Start,Duration,End
Flute,Lyrical Etude,12.120816327,43.90893424,56.029750567
Flute,Technical Etude,61.718639456,30.06984127,91.788480726
Flute,Chromatic Scale,99.18984127,21.658412698,120.848253968
Flute,Major Scales,127.39047619,99.636825397,227.027301587
Flute,Sight-Reading,234.097777778,67.006984127,301.104761905
