Instrument,ScoreGroup,Start,Duration,End
Bb Clarinet,Lyrical Etude,13.560453515,51.919818594,65.480272109
Bb Clarinet,Technical Etude,66.490340136,28.07292517,94.563265306
Bb Clarinet,Chromatic Scale,101.87755102,12.88707483,114.76462585
Bb Clarinet,Major Scales,125.039455782,117.968979592,243.008435374
Bb Clarinet,Sight-Reading,247.431836735,49.458503401,296.89034013599996
