Instrument,ScoreGroup,Start,Duration,End
Flute,Lyrical Etude,14.744671,57.237188,71.981859
Flute,Technical Etude,77.206349,30.185941,107.39229
Flute,Chromatic Scale,114.590476,23.103855,137.694331
Flute,Major Scales,145.356916,116.796372,262.15328800000003
Flute,Sight-Reading,267.377778,52.244898,319.62267599999996
