Instrument,ScoreGroup,Start,Duration,End
Bb Clarinet,Lyrical Etude,25.192484,122.26523,147.457714
Bb Clarinet,Technical Etude,162.934326,37.659754,200.59408
Bb Clarinet,Chromatic Scale,214.007143,13.92895,227.93609300000003
Bb Clarinet,Major Scales,247.539801,115.042811,362.58261200000004
Bb Clarinet,Sight-Reading,372.384466,38.691528,411.075994
