Instrument,ScoreGroup,Start,Duration,End
Bb Clarinet,Lyrical Etude,12.146939,98.742857,110.889796
Bb Clarinet,Technical Etude,116.897959,44.669388,161.56734699999998
Bb Clarinet,Chromatic Scale,166.922449,14.236735,181.159184
Bb Clarinet,Major Scales,189.387755,103.57551,292.963265
Bb Clarinet,Sight-Reading,297.534694,53.942857,351.477551
