Instrument,ScoreGroup,Start,Duration,End
Alto Saxophone,Lyrical Etude,23.939773243,50.20154195,74.141315193
Alto Saxophone,Technical Etude,80.294603175,36.826848073,117.121451248
Alto Saxophone,Chromatic Scale,130.867664399,58.537505669,189.40517006800002
Alto Saxophone,Major Scales,210.210249433,102.074920635,312.285170068
Alto Saxophone,Sight-Reading,319.994195011,69.706303855,389.700498866
