Instrument,ScoreGroup,Start,Duration,End
Xylophone,Mallet Etude,11.62449,45.191837,56.816327
Snare Drum,Snare Etude,61.126531,51.461224,112.587755
Timpani,Timpani Etude,117.028571,60.995918,178.02448900000002
Xylophone,Chromatic Scale,184.163265,12.277551,196.44081599999998
Xylophone,Major Scales,201.534694,89.6,291.13469399999997
Xylophone,Sight-Reading,296.75102,44.930612,341.681632
Snare Drum,Sight-Reading,350.040816,24.032653,374.073469
