Instrument,ScoreGroup,Start,Duration,End
Flute,Lyrical Etude,12.19047619,49.458503401,61.648979591
Flute,Technical Etude,66.409070295,34.644172336,101.053242631
Flute,Chromatic Scale,107.276190476,34.01723356,141.293424036
Flute,Major Scales,148.979229025,89.721904762,238.701133787
Flute,Sight-Reading,244.088163265,50.85170068,294.939863945
