Instrument,ScoreGroup,Start,Duration,End
Flute,Lyrical Etude,11.888617,79.505125,91.393742
Flute,Technical Etude,97.436735,56.42449,153.861225
Flute,Chromatic Scale,164.04898,10.971429,175.020409
Flute,Major Scales,182.415964,117.400091,299.816055
Flute,Sight-Reading,310.218594,69.102585,379.32117900000003
