Instrument,ScoreGroup,Start,Duration,End
Flute,Lyrical Etude,24.566712018,46.045170068,70.611882086
Flute,Technical Etude,81.594920635,42.190657596,123.78557823099999
Flute,Chromatic Scale,130.937324263,39.520362812,170.457687075
Flute,Major Scales,177.980952381,99.892244898,277.873197279
Flute,Sight-Reading,284.537324263,65.944671202,350.481995465
