Instrument,ScoreGroup,Start,Duration,End
Alto Saxophone,Lyrical Etude,13.374693877,89.129795918,102.504489795
Alto Saxophone,Technical Etude,108.042448979,68.963265306,177.005714285
Alto Saxophone,Chromatic Scale,183.484081632,11.598367346,195.082448978
Alto Saxophone,Major Scales,209.188571428,86.413061224,295.601632652
Alto Saxophone,Sight-Reading,304.483265306,53.185306122,357.668571428
