Instrument,ScoreGroup,Start,Duration,End
Flute,Lyrical Etude,13.583673,32.653061,46.236734
Flute,Technical Etude,52.767347,44.408163,97.17551
Flute,Chromatic Scale,103.967347,64.783673,168.75101999999998
Flute,Major Scales,179.461224,124.081633,303.54285699999997
Flute,Sight-Reading,308.244898,71.314286,379.55918399999996
