Instrument,ScoreGroup,Start,Duration,End
Alto Saxophone,Lyrical Etude,12.515555556,79.690884354,92.20643991
Alto Saxophone,Technical Etude,102.562539683,40.936780045,143.499319728
Alto Saxophone,Chromatic Scale,151.765623583,10.100680272,161.866303855
Alto Saxophone,Major Scales,168.809070295,99.242086168,268.051156463
Alto Saxophone,Sight-Reading,273.693605442,59.419863946,333.113469388
