Instrument,ScoreGroup,Start,Duration,End
Alto Saxophone,Lyrical Etude,13.955192743,188.546031746,202.501224489
Alto Saxophone,Technical Etude,211.765986394,45.90585034,257.671836734
Alto Saxophone,Chromatic Scale,265.705941043,9.636281179,275.342222222
Alto Saxophone,Major Scales,283.562086167,81.084081632,364.646167799
Alto Saxophone,Sight-Reading,370.961995464,60.325442176,431.28743764
