Instrument,ScoreGroup,Start,Duration,End
Alto Saxophone,Lyrical Etude,14.942040816,44.878367347,59.820408163
Alto Saxophone,Technical Etude,65.828571429,60.046802721,125.87537415
Alto Saxophone,Chromatic Scale,133.096780045,9.473741497,142.570521542
Alto Saxophone,Major Scales,148.793469388,98.220408163,247.013877551
Alto Saxophone,Sight-Reading,252.517006803,65.248072562,317.765079365
