Instrument,ScoreGroup,Start,Duration,End
Xylophone,Mallet Etude,16.874667,30.186667,47.061334
Snare Drum,Snare Etude,56.042667,48.832,104.874667
Timpani,Timpani Etude,111.125333,71.402667,182.528
Xylophone,Chromatic Scale,190.506667,10.965333,201.47199999999998
Xylophone,Major Scales,208.554667,113.002667,321.55733399999997
Xylophone,Sight-Reading,334.912,6.613333,341.525333
Snare Drum,Sight-Reading,352.490667,29.525333,382.01599999999996
