Instrument,ScoreGroup,Start,Duration,End
Alto Saxophone,Lyrical Etude,12.306575964,47.763446712,60.070022675999994
Alto Saxophone,Technical Etude,68.475646259,34.295873016,102.771519275
Alto Saxophone,Chromatic Scale,111.316462585,10.379319728,121.695782313
Alto Saxophone,Major Scales,131.842902494,93.855056689,225.69795918299997
Alto Saxophone,Sight-Reading,231.57260771,61.927619048,293.500226758
