Instrument,ScoreGroup,Start,Duration,End
Alto Saxophone,Lyrical Etude,13.792653061,67.738412698,81.531065759
Alto Saxophone,Technical Etude,91.051247166,43.014965986,134.066213152
Alto Saxophone,Chromatic Scale,139.522902494,12.393650794,151.916553288
Alto Saxophone,Major Scales,158.214965986,119.49569161,277.71065759600003
Alto Saxophone,Sight-Reading,283.689795918,62.258503401,345.948299319
