Instrument,ScoreGroup,Start,Duration,End
Flute,Lyrical Etude,10.332879819,57.051428571,67.38430839
Flute,Technical Etude,72.446258503,27.840725624,100.286984127
Flute,Chromatic Scale,105.372154195,18.4830839,123.85523809499999
Flute,Major Scales,129.683446712,73.839455782,203.522902494
Flute,Sight-Reading,207.934693878,52.84861678,260.783310658
