Instrument,ScoreGroup,Start,Duration,End
Flute,Lyrical Etude,10.501224,36.101224,46.602448
Flute,Technical Etude,52.192653,55.536327,107.72898
Flute,Chromatic Scale,116.558367,31.503673,148.06204
Flute,Major Scales,153.70449,112.953469,266.657959
Flute,Sight-Reading,270.315102,58.409796,328.72489800000005
