Instrument,ScoreGroup,Start,Duration,End
French Horn,Lyrical Etude,11.790386,118.803885,130.594271
French Horn,Technical Etude,139.774571,105.843461,245.61803200000003
French Horn,Chromatic Scale,255.33835,9.720318,265.058668
French Horn,Major Scales,270.458844,103.143373,373.602217
French Horn,Sight-Reading,379.542411,50.221642,429.764053
