Instrument,ScoreGroup,Start,Duration,End
Flute,Lyrical Etude,14.106122,49.005714,63.111836
Flute,Technical Etude,69.381224,53.916735,123.297959
Flute,Chromatic Scale,130.298776,51.617959,181.91673500000002
Flute,Major Scales,189.33551,126.014694,315.350204
Flute,Sight-Reading,323.291429,92.26449,415.555919
