Instrument,ScoreGroup,Start,Duration,End
Alto Saxophone,Lyrical Etude,14.698231293,59.779773243,74.478004536
Alto Saxophone,Technical Etude,84.752834467,31.840362812,116.593197279
Alto Saxophone,Chromatic Scale,129.393197279,9.1138322,138.50702947899998
Alto Saxophone,Major Scales,149.39138322,88.816326531,238.20770975099998
Alto Saxophone,Sight-Reading,244.680272109,40.809070295,285.489342404
