Instrument,ScoreGroup,Start,Duration,End
Alto Saxophone,Lyrical Etude,15.325170068,52.477097505,67.80226757300001
Alto Saxophone,Technical Etude,75.464852607,29.953741496,105.418594103
Alto Saxophone,Chromatic Scale,110.29478458,15.557369614,125.852154194
Alto Saxophone,Major Scales,130.960544217,60.139682539,191.100226756
Alto Saxophone,Sight-Reading,198.762811791,58.74648526,257.509297051
