Instrument,ScoreGroup,Start,Duration,End
Bb Clarinet,Lyrical Etude,15.120837,89.881067,105.001904
Bb Clarinet,Technical Etude,113.863418,31.226286,145.08970399999998
Bb Clarinet,Chromatic Scale,156.483079,14.347213,170.83029200000001
Bb Clarinet,Major Scales,179.691805,103.384326,283.076131
Bb Clarinet,Sight-Reading,293.625553,40.931754,334.55730700000004
