Instrument,ScoreGroup,Start,Duration,End
Alto Saxophone,Lyrical Etude,8.933877551,53.551020408,62.484897959
Alto Saxophone,Technical Etude,67.134693877,25.704489795,92.839183672
Alto Saxophone,Chromatic Scale,98.063673469,13.897142857,111.960816326
Alto Saxophone,Major Scales,120.633469387,66.29877551,186.932244897
Alto Saxophone,Sight-Reading,192.365714285,56.372244897,248.737959182
