Instrument,ScoreGroup,Start,Duration,End
Alto Saxophone,Lyrical Etude,17.856145125,49.481723356,67.337868481
Alto Saxophone,Technical Etude,71.749659864,27.028027211,98.77768707499999
Alto Saxophone,Chromatic Scale,106.579591837,10.774058957,117.35365079399999
Alto Saxophone,Major Scales,124.157097506,55.008072562,179.165170068
Alto Saxophone,Sight-Reading,184.993378685,42.422857143,227.41623582800003
