Instrument,ScoreGroup,Start,Duration,End
Bb Clarinet,Lyrical Etude,8.568163265,52.244897959,60.813061224
Bb Clarinet,Technical Etude,63.320816327,54.543673469,117.864489796
Bb Clarinet,Chromatic Scale,129.567346939,15.046530612,144.613877551
Bb Clarinet,Major Scales,150.047346939,119.954285714,270.001632653
Bb Clarinet,Sight-Reading,274.390204082,56.006530612,330.39673469400003
