Instrument,ScoreGroup,Start,Duration,End
Xylophone,Mallet Etude,13.119274,37.244807,50.364081
Snare Drum,Snare Etude,57.121088,45.302132,102.42322
Timpani,Timpani Etude,109.017687,46.695329,155.71301599999998
Xylophone,Chromatic Scale,162.586122,8.498503,171.084625
Xylophone,Major Scales,177.632653,100.495964,278.128617
Xylophone,Sight-Reading,284.839184,43.374875,328.214059
Snare Drum,Sight-Reading,332.99737,29.001723,361.999093
