Instrument,ScoreGroup,Start,Duration,End
Flute,Lyrical Etude,11.88861678,63.622675737,75.511292517
Flute,Technical Etude,81.780680272,53.638095238,135.41877551
Flute,Chromatic Scale,142.454421769,14.976870748,157.431292517
Flute,Major Scales,164.652698413,130.681904762,295.334603175
Flute,Sight-Reading,300.373333333,55.727891156,356.101224489
