Instrument,ScoreGroup,Start,Duration,End
Bb Clarinet,Lyrical Etude,9.926531,55.118367,65.044898
Bb Clarinet,Technical Etude,70.008163,36.571429,106.57959199999999
Bb Clarinet,Chromatic Scale,113.371429,9.142857,122.514286
Bb Clarinet,Major Scales,129.044898,94.82449,223.869388
Bb Clarinet,Sight-Reading,228.571429,42.579592,271.151021
