Instrument,ScoreGroup,Start,Duration,End
Xylophone,Mallet Etude,13.490794,53.220136,66.71092999999999
Snare Drum,Snare Etude,75.836372,44.048254,119.884626
Timpani,Timpani Etude,128.383129,53.080816,181.463945
Xylophone,Chromatic Scale,189.799909,7.476825,197.276734
Xylophone,Major Scales,203.824762,62.949297,266.77405899999997
Xylophone,Sight-Reading,276.085261,49.063764,325.149025
Snare Drum,Sight-Reading,333.322449,28.699864,362.022313
