Instrument,ScoreGroup,Start,Duration,End
Bb Clarinet,Lyrical Etude,17.240816,98.089796,115.330612
Bb Clarinet,Technical Etude,121.469388,54.726531,176.195919
Bb Clarinet,Chromatic Scale,185.338776,13.844898,199.183674
Bb Clarinet,Major Scales,207.412245,94.302041,301.714286
Bb Clarinet,Sight-Reading,310.334694,85.812245,396.14693900000003
