Instrument,ScoreGroup,Start,Duration,End
Alto Saxophone,Lyrical Etude,14.280272108,44.350113378,58.630385486
Alto Saxophone,Technical Etude,65.271292517,17.925804988,83.197097505
Alto Saxophone,Chromatic Scale,91.138321995,12.422675736,103.560997731
Alto Saxophone,Major Scales,113.104399091,57.09786848,170.202267571
Alto Saxophone,Sight-Reading,177.075374141,51.734058956,228.809433097
