Instrument,ScoreGroup,Start,Duration,End
Bb Clarinet,Lyrical Etude,8.846802721,105.766893424,114.613696145
Bb Clarinet,Technical Etude,120.441904762,54.938412698,175.38031746
Bb Clarinet,Chromatic Scale,180.929886621,14.117732426,195.047619047
Bb Clarinet,Major Scales,202.222585034,105.534693878,307.757278912
Bb Clarinet,Sight-Reading,313.074648526,73.537596372,386.612244898
