Instrument,ScoreGroup,Start,Duration,End
Alto Saxophone,Lyrical Etude,16.370068027,49.226303855,65.596371882
Alto Saxophone,Technical Etude,80.248163265,79.226485261,159.474648526
Alto Saxophone,Chromatic Scale,172.332698413,11.987301587,184.32
Alto Saxophone,Major Scales,195.163718821,103.909297052,299.07301587300003
Alto Saxophone,Sight-Reading,306.503401361,98.684807256,405.188208617
