Instrument,ScoreGroup,Start,Duration,End
Bb Clarinet,Lyrical Etude,12.986429,102.295333,115.281762
Bb Clarinet,Technical Etude,125.728945,32.647447,158.376392
Bb Clarinet,Chromatic Scale,167.952977,10.882482,178.83545900000001
Bb Clarinet,Major Scales,191.023839,103.165932,294.189771
Bb Clarinet,Sight-Reading,303.331056,41.353433,344.684489
