Instrument,ScoreGroup,Start,Duration,End
Trumpet,Lyrical Etude,9.404081632,45.975510204,55.379591836
Trumpet,Technical Etude,60.081632653,26.644897959,86.726530612
Trumpet,Chromatic Scale,93.518367346,12.8,106.318367346
Trumpet,Major Scales,112.587755102,121.730612244,234.318367346
Trumpet,Sight-Reading,241.110204081,46.759183673,287.869387754
