Instrument,ScoreGroup,Start,Duration,End
Flute,Lyrical Etude,12.53877551,81.92,94.45877551000001
Flute,Technical Etude,99.474285714,45.55755102,145.031836734
Flute,Chromatic Scale,150.883265306,16.718367347,167.601632653
Flute,Major Scales,173.871020408,120.92952381,294.800544218
Flute,Sight-Reading,296.286621315,74.118095238,370.40471655299996
