Instrument,ScoreGroup,Start,Duration,End
Flute,Lyrical Etude,9.822041,38.312925,48.134966
Flute,Technical Etude,52.871837,41.430204,94.302041
Flute,Chromatic Scale,96.130612,36.310204,132.44081599999998
Flute,Major Scales,137.142857,62.693878,199.83673499999998
Flute,Sight-Reading,203.493878,34.481633,237.97551099999998
