Instrument,ScoreGroup,Start,Duration,End
Alto Saxophone,Lyrical Etude,19.922721088,51.548299319,71.471020407
Alto Saxophone,Technical Etude,80.387482993,29.396462585,109.783945578
Alto Saxophone,Chromatic Scale,120.23292517,12.260136054,132.493061224
Alto Saxophone,Major Scales,141.827482993,74.814693877,216.64217687
Alto Saxophone,Sight-Reading,225.419319727,45.836190476,271.255510203
