Instrument,ScoreGroup,Start,Duration,End
Flute,Lyrical Etude,11.702857142,78.390566893,90.093424035
Flute,Technical Etude,95.10893424,22.662675736,117.771609976
Flute,Chromatic Scale,123.158639455,14.4892517,137.647891155
Flute,Major Scales,143.034920634,91.579501133,234.614421767
Flute,Sight-Reading,240.001451247,40.495600907,280.497052154
