Instrument,ScoreGroup,Start,Duration,End
Alto Saxophone,Lyrical Etude,18.123174603,53.231746032,71.354920635
Alto Saxophone,Technical Etude,77.32244898,91.115102041,168.437551021
Alto Saxophone,Chromatic Scale,177.806802721,8.93968254,186.746485261
Alto Saxophone,Major Scales,196.51047619,113.94031746,310.45079365
Alto Saxophone,Sight-Reading,317.277460317,99.474285714,416.75174603100004
