Instrument,ScoreGroup,Start,Duration,End
Bb Clarinet,Lyrical Etude,12.260136054,68.266666667,80.526802721
Bb Clarinet,Technical Etude,82.755918367,39.65968254,122.415600907
Bb Clarinet,Chromatic Scale,127.52399093,22.384036281,149.908027211
Bb Clarinet,Major Scales,154.540408163,91.533061224,246.073469387
Bb Clarinet,Sight-Reading,251.425668934,72.632018141,324.057687075
