Instrument,ScoreGroup,Start,Duration,End
Bb Clarinet,Lyrical Etude,41.61015873,405.699047619,447.309206349
Bb Clarinet,Technical Etude,469.600362812,136.719092971,606.319455783
Bb Clarinet,Chromatic Scale,630.096689342,49.040544218,679.13723356
Bb Clarinet,Major Scales,704.400544218,386.380045351,1090.780589569
Bb Clarinet,Sight-Reading,1105.641360544,234.800181406,1340.44154195
