Instrument,ScoreGroup,Start,Duration,End
Xylophone,Mallet Etude,13.839093,51.45542,65.294513
Snare Drum,Snare Etude,73.273469,90.77551,164.048979
Timpani,Timpani Etude,170.318367,103.183673,273.50203999999997
Xylophone,Chromatic Scale,283.526531,7.804082,291.33061299999997
Xylophone,Major Scales,298.187755,94.171429,392.35918399999997
Xylophone,Sight-Reading,399.542857,31.085714,430.628571
Snare Drum,Sight-Reading,436.488707,30.69678,467.18548699999997
