Instrument,ScoreGroup,Start,Duration,End
Flute,Lyrical Etude,15.095873016,60.256507937,75.35238095300001
Flute,Technical Etude,81.789387755,21.372517007,103.161904762
Flute,Chromatic Scale,111.583492063,16.101587302,127.68507936499999
Flute,Major Scales,139.276190476,123.326984127,262.603174603
Flute,Sight-Reading,267.21814059,49.124716553,316.342857143
