Instrument,ScoreGroup,Start,Duration,End
Bb Clarinet,Lyrical Etude,15.41805,82.932971,98.35102099999999
Bb Clarinet,Technical Etude,104.443356,23.962993,128.406349
Bb Clarinet,Chromatic Scale,136.115374,13.699773,149.815147
Bb Clarinet,Major Scales,158.82449,105.926531,264.751021
Bb Clarinet,Sight-Reading,269.779592,46.236735,316.016327
