Instrument,ScoreGroup,Start,Duration,End
Alto Saxophone,Lyrical Etude,14.233832,67.523628,81.75746000000001
Alto Saxophone,Technical Etude,87.724989,28.165805,115.890794
Alto Saxophone,Chromatic Scale,123.553379,9.311202,132.86458100000002
Alto Saxophone,Major Scales,141.664943,102.005261,243.670204
Alto Saxophone,Sight-Reading,249.869932,47.438367,297.30829900000003
