Instrument,ScoreGroup,Start,Duration,End
Bb Clarinet,Lyrical Etude,15.402698,95.80317,111.205868
Bb Clarinet,Technical Etude,124.753791,48.869294,173.623085
Bb Clarinet,Chromatic Scale,180.880901,20.321885,201.202786
Bb Clarinet,Major Scales,212.331436,115.157346,327.488782
Bb Clarinet,Sight-Reading,338.133579,48.385439,386.519018
