Instrument,ScoreGroup,Start,Duration,End
Bb Clarinet,Lyrical Etude,9.380862,61.30068,70.68154200000001
Bb Clarinet,Technical Etude,74.768254,35.572971,110.34122500000001
Bb Clarinet,Chromatic Scale,118.421769,16.811247,135.233016
Bb Clarinet,Major Scales,141.191837,82.938776,224.13061299999998
Bb Clarinet,Sight-Reading,229.485714,94.040816,323.52653
