Instrument,ScoreGroup,Start,Duration,End
Alto Saxophone,Lyrical Etude,16.195918367,71.343310657,87.53922902400001
Alto Saxophone,Technical Etude,95.492063492,106.289342403,201.781405895
Alto Saxophone,Chromatic Scale,210.604988662,36.281179138,246.8861678
Alto Saxophone,Major Scales,251.065759637,66.467120181,317.532879818
Alto Saxophone,Sight-Reading,331.75510204,80.92154195,412.67664399
