Instrument,ScoreGroup,Start,Duration,End
Flute,Lyrical Etude,11.284897959,41.238639456,52.523537415
Flute,Technical Etude,58.514285714,35.596190476,94.11047619
Flute,Chromatic Scale,101.773061224,13.23537415,115.008435374
Flute,Major Scales,123.065759637,92.647619048,215.713378685
Flute,Sight-Reading,223.399183673,51.72244898,275.121632653
