Instrument,ScoreGroup,Start,Duration,End
Bb Clarinet,Lyrical Etude,15.197460317,61.44,76.637460317
Bb Clarinet,Technical Etude,81.838730159,27.225396825,109.064126984
Bb Clarinet,Chromatic Scale,115.63537415,16.346848073,131.982222223
Bb Clarinet,Major Scales,138.971428571,85.577142857,224.548571428
Bb Clarinet,Sight-Reading,229.74984127,57.864126984,287.613968254
