Instrument,ScoreGroup,Start,Duration,End
Oboe,Lyrical Etude,17.31047619,53.394285714,70.704761904
Oboe,Technical Etude,78.262857142,26.006349206,104.269206348
Oboe,Chromatic Scale,112.64,8.939682539,121.579682539
Oboe,Major Scales,131.169523809,80.457142857,211.626666666
Oboe,Sight-Reading,218.209523809,44.129523809,262.339047618
