Instrument,ScoreGroup,Start,Duration,End
Xylophone,Mallet Etude,14.326712,47.856327,62.183039
Snare Drum,Snare Etude,70.936961,43.281995,114.21895599999999
Timpani,Timpani Etude,123.228299,52.360998,175.58929700000002
Xylophone,Chromatic Scale,186.502676,9.589841,196.09251700000002
Xylophone,Major Scales,205.543039,69.358005,274.901044
Xylophone,Sight-Reading,282.656508,53.359456,336.015964
Snare Drum,Sight-Reading,343.26059,28.189025,371.449615
