Instrument,ScoreGroup,Start,Duration,End
Trumpet,Lyrical Etude,12.01632653,38.13877551,50.15510204
Trumpet,Technical Etude,56.163265306,27.951020408,84.114285714
Trumpet,Chromatic Scale,91.951020408,15.673469387,107.624489795
Trumpet,Major Scales,115.461224489,125.126530612,240.587755101
Trumpet,Sight-Reading,246.857142857,87.248979591,334.106122448
