Instrument,ScoreGroup,Start,Duration,End
Flute,Lyrical Etude,10.483809523,53.963174603,64.446984126
Flute,Technical Etude,68.022857142,25.437460317,93.46031745900001
Flute,Chromatic Scale,99.799365079,21.455238095,121.254603174
Flute,Major Scales,127.1292517,89.396825396,216.526077096
Flute,Sight-Reading,220.58956916,43.769614512,264.359183672
