Instrument,ScoreGroup,Start,Duration,End
Flute,Lyrical Etude,13.583673,68.702041,82.285714
Flute,Technical Etude,89.6,24.555102,114.155102
Flute,Chromatic Scale,124.342857,21.159184,145.502041
Flute,Major Scales,153.077551,125.126531,278.20408199999997
Flute,Sight-Reading,283.428571,48.84898,332.27755099999996
