Instrument,ScoreGroup,Start,Duration,End
Xylophone,Mallet Etude,15.41805,41.825011,57.243061000000004
Snare Drum,Snare Etude,61.57932,84.880998,146.460318
Timpani,Timpani Etude,150.279546,63.888005,214.167551
Xylophone,Chromatic Scale,219.010612,7.73381,226.74442200000001
Xylophone,Major Scales,231.828027,131.79,363.618027
Xylophone,Sight-Reading,369.436735,29.337007,398.77374199999997
Snare Drum,Sight-Reading,404.440816,38.377007,442.817823
