Instrument,ScoreGroup,Start,Duration,End
Alto Saxophone,Lyrical Etude,13.003174603,86.378231292,99.381405895
Alto Saxophone,Technical Etude,104.489795918,43.653514739,148.143310657
Alto Saxophone,Chromatic Scale,155.109297052,10.681179138,165.79047619
Alto Saxophone,Major Scales,174.614058956,95.201814058,269.815873014
Alto Saxophone,Sight-Reading,275.853061224,52.012698412,327.865759636
