Instrument,ScoreGroup,Start,Duration,End
Bb Clarinet,Lyrical Etude,14.094512472,73.258956916,87.35346938800001
Bb Clarinet,Technical Etude,92.694058957,55.983310658,148.677369615
Bb Clarinet,Chromatic Scale,156.014875283,16.973786848,172.988662131
Bb Clarinet,Major Scales,180.279727891,113.429478458,293.709206349
Bb Clarinet,Sight-Reading,299.165895692,56.587029478,355.75292516999997
