Instrument,ScoreGroup,Start,Duration,End
Flute,Lyrical Etude,11.911836735,40.124081633,52.035918368000004
Flute,Technical Etude,58.200816327,44.721632653,102.92244898
Flute,Chromatic Scale,109.871020408,16.091428571,125.96244897900002
Flute,Major Scales,132.77170068,113.963537415,246.735238095
Flute,Sight-Reading,256.940408163,79.725714286,336.666122449
