Instrument,ScoreGroup,Start,Duration,End
Bb Clarinet,Lyrical Etude,10.797278912,51.919818594,62.717097506
Bb Clarinet,Technical Etude,65.73569161,40.216961451,105.952653061
Bb Clarinet,Chromatic Scale,108.808707483,16.161088435,124.969795918
Bb Clarinet,Major Scales,127.245351474,143.121995465,270.367346939
Bb Clarinet,Sight-Reading,273.188571429,78.785306122,351.973877551
