Instrument,ScoreGroup,Start,Duration,End
Bb Clarinet,Lyrical Etude,10.840816,114.416327,125.257143
Bb Clarinet,Technical Etude,130.960544,28.049705,159.010249
Bb Clarinet,Chromatic Scale,164.304399,13.653333,177.957732
Bb Clarinet,Major Scales,183.716281,117.58585,301.30213100000003
Bb Clarinet,Sight-Reading,305.203084,61.857959,367.061043
