Instrument,ScoreGroup,Start,Duration,End
Flute,Lyrical Etude,11.145578,117.400091,128.545669
Flute,Technical Etude,133.0039,46.811429,179.815329
Flute,Chromatic Scale,185.388118,11.145578,196.533696
Flute,Major Scales,202.849524,84.706395,287.555919
Flute,Sight-Reading,293.500227,42.353197,335.853424
