Instrument,ScoreGroup,Start,Duration,End
Bb Clarinet,Lyrical Etude,10.890159,72.353379,83.243538
Bb Clarinet,Technical Etude,90.813243,68.336327,159.14956999999998
Bb Clarinet,Chromatic Scale,167.926712,15.069751,182.996463
Bb Clarinet,Major Scales,191.587846,85.937052,277.524898
Bb Clarinet,Sight-Reading,286.998639,48.413605,335.41224400000004
