Instrument,ScoreGroup,Start,Duration,End
Bb Clarinet,Lyrical Etude,13.792653,94.621315,108.413968
Bb Clarinet,Technical Etude,117.051791,76.95093,194.002721
Bb Clarinet,Chromatic Scale,203.151383,15.60381,218.75519300000002
Bb Clarinet,Major Scales,227.694875,83.800816,311.49569099999997
Bb Clarinet,Sight-Reading,318.531338,62.484898,381.016236
