Instrument,ScoreGroup,Start,Duration,End
Flute,Lyrical Etude,12.678095,42.422857,55.100952
Flute,Technical Etude,58.351746,76.88127,135.233016
Flute,Chromatic Scale,138.971429,21.292698,160.264127
Flute,Major Scales,162.864762,57.864127,220.728889
Flute,Sight-Reading,226.092698,62.252698,288.345396
