Instrument,ScoreGroup,Start,Duration,End
Alto Saxophone,Lyrical Etude,9.926530612,174.184489795,184.11102040699998
Alto Saxophone,Technical Etude,190.275918367,62.589387755,252.865306122
Alto Saxophone,Chromatic Scale,259.030204081,11.493877551,270.52408163200005
Alto Saxophone,Major Scales,277.524897959,88.398367346,365.923265305
Alto Saxophone,Sight-Reading,373.342040816,38.034285714,411.37632653000003
