Instrument,ScoreGroup,Start,Duration,End
Flute,Lyrical Etude,17.089887,111.270023,128.35990999999999
Flute,Technical Etude,134.304218,54.241814,188.546032
Flute,Chromatic Scale,194.30458,14.303492,208.608072
Flute,Major Scales,213.437823,107.74059,321.178413
Flute,Sight-Reading,324.336327,68.359546,392.695873
