Instrument,ScoreGroup,Start,Duration,End
Flute,Lyrical Etude,13.444353741,50.433741497,63.878095238
Flute,Technical Etude,70.356462585,48.20462585,118.561088435
Flute,Chromatic Scale,127.73877551,13.165714286,140.904489796
Flute,Major Scales,150.186666667,105.186394558,255.37306122500001
Flute,Sight-Reading,263.627755102,48.274285714,311.90204081599995
