Instrument,ScoreGroup,Start,Duration,End
Trumpet,Lyrical Etude,14.628571428,40.751020408,55.379591836
Trumpet,Technical Etude,62.432653061,25.6,88.032653061
Trumpet,Chromatic Scale,94.563265306,9.404081632,103.967346938
Trumpet,Major Scales,111.804081632,106.840816326,218.644897958
Trumpet,Sight-Reading,225.959183673,51.461224489,277.420408162
