Instrument,ScoreGroup,Start,Duration,End
Bb Clarinet,Lyrical Etude,14.303492063,112.384580498,126.68807256100001
Bb Clarinet,Technical Etude,134.118458049,50.340861678,184.459319727
Bb Clarinet,Chromatic Scale,191.703945578,10.588299319,202.292244897
Bb Clarinet,Major Scales,209.165351473,99.567165532,308.732517005
Bb Clarinet,Sight-Reading,314.448979591,41.208163265,355.657142856
