Instrument,ScoreGroup,Start,Duration,End
Alto Saxophone,Lyrical Etude,30.928979592,62.676462585,93.605442177
Alto Saxophone,Technical Etude,100.165079365,31.985487528,132.150566893
Alto Saxophone,Chromatic Scale,140.335600907,8.736507937,149.072108844
Alto Saxophone,Major Scales,157.402267574,93.082993197,250.48526077100001
Alto Saxophone,Sight-Reading,260.673015873,53.318820862,313.991836735
