Instrument,ScoreGroup,Start,Duration,End
Flute,Lyrical Etude,13.374693877,93.251337868,106.62603174499999
Flute,Technical Etude,112.013061224,31.764897959,143.777959183
Flute,Chromatic Scale,151.394104308,20.247800453,171.641904761
Flute,Major Scales,178.515011337,122.787120181,301.302131518
Flute,Sight-Reading,307.432199546,51.269659863,358.701859409
