Instrument,ScoreGroup,Start,Duration,End
Bb Clarinet,Lyrical Etude,11.493877551,64.783673469,76.27755101999999
Bb Clarinet,Technical Etude,81.502040816,80.718367346,162.220408162
Bb Clarinet,Chromatic Scale,170.710204081,25.6,196.310204081
Bb Clarinet,Major Scales,203.232653061,120.424489795,323.657142856
Bb Clarinet,Sight-Reading,327.575510204,80.195918367,407.771428571
