Instrument,ScoreGroup,Start,Duration,End
Bb Clarinet,Lyrical Etude,13.746213151,68.359546485,82.10575963599999
Bb Clarinet,Technical Etude,87.678548752,50.15510204,137.83365079200001
Bb Clarinet,Chromatic Scale,145.078276643,25.449070294,170.527346937
Bb Clarinet,Major Scales,180.744126984,123.715918367,304.46004535099996
Bb Clarinet,Sight-Reading,312.819229024,58.514285714,371.33351473799996
