Instrument,ScoreGroup,Start,Duration,End
Flute,Lyrical Etude,11.261678,57.817687,69.079365
Flute,Technical Etude,74.187755,32.624036,106.811791
Flute,Chromatic Scale,117.028571,15.092971,132.121542
Flute,Major Scales,142.222222,107.972789,250.195011
Flute,Sight-Reading,258.321995,76.97415,335.296145
