Instrument,ScoreGroup,Start,Duration,End
Bb Clarinet,Lyrical Etude,12.817414965,112.570340136,125.387755101
Bb Clarinet,Technical Etude,131.517823129,56.656689342,188.17451247099999
Bb Clarinet,Chromatic Scale,196.719455782,13.003174603,209.722630385
Bb Clarinet,Major Scales,218.081814058,112.384580498,330.466394556
Bb Clarinet,Sight-Reading,335.296145124,41.424399092,376.720544216
