Instrument,ScoreGroup,Start,Duration,End
Bb Clarinet,Lyrical Etude,12.956734694,114.311836735,127.268571429
Bb Clarinet,Technical Etude,131.889342404,36.780408163,168.669750567
Bb Clarinet,Chromatic Scale,174.799818594,12.167256236,186.96707483
Bb Clarinet,Major Scales,193.770521542,110.526984127,304.29750566900003
Bb Clarinet,Sight-Reading,309.15047619,52.093968254,361.244444444
