Instrument,ScoreGroup,Start,Duration,End
Xylophone,Mallet Etude,15.11619,48.715465,63.831655
Snare Drum,Snare Etude,73.096417,44.326893,117.42331
Timpani,Timpani Etude,125.132336,53.986395,179.118731
Xylophone,Chromatic Scale,186.781315,6.780227,193.561542
Xylophone,Major Scales,200.968707,61.39356,262.362267
Xylophone,Sight-Reading,270.791111,39.729342,310.520453
Snare Drum,Sight-Reading,316.255782,31.811338,348.06712
