Instrument,ScoreGroup,Start,Duration,End
Xylophone,Mallet Etude,11.261678,39.473923,50.735601
Snare Drum,Snare Etude,59.326984,50.387302,109.714286
Timpani,Timpani Etude,116.448073,61.64898,178.097053
Xylophone,Chromatic Scale,184.48254,11.145578,195.628118
Xylophone,Major Scales,200.852608,75.929252,276.78186
Xylophone,Sight-Reading,282.354649,39.357823,321.712472
Snare Drum,Sight-Reading,329.723356,27.10542,356.828776
