Instrument,ScoreGroup,Start,Duration,End
Trumpet,Lyrical Etude,13.322448979,57.469387755,70.791836734
Trumpet,Technical Etude,75.232653061,41.012244897,116.244897958
Trumpet,Chromatic Scale,122.775510204,22.204081632,144.979591836
Trumpet,Major Scales,153.07755102,67.657142857,220.73469387699998
Trumpet,Sight-Reading,229.87755102,48.065306122,277.942857142
