Instrument,ScoreGroup,Start,Duration,End
Bb Clarinet,Lyrical Etude,17.83292517,54.613333333,72.446258503
Bb Clarinet,Technical Etude,85.263673469,36.594648526,121.858321995
Bb Clarinet,Chromatic Scale,131.889342403,13.560453514,145.449795917
Bb Clarinet,Major Scales,156.781133786,109.969705215,266.75083900100003
Bb Clarinet,Sight-Reading,277.339138321,63.715555555,341.054693876
