Instrument,ScoreGroup,Start,Duration,End
Oboe,Lyrical Etude,13.165714285,58.189206349,71.354920634
Oboe,Technical Etude,78.181587301,38.846984126,117.028571427
Oboe,Chromatic Scale,125.155555555,15.603809523,140.759365078
Oboe,Major Scales,148.723809523,74.768253968,223.492063491
Oboe,Sight-Reading,230.968888888,58.514285714,289.483174602
