Instrument,ScoreGroup,Start,Duration,End
Bb Clarinet,Lyrical Etude,9.102222222,47.925986394,57.028208616
Bb Clarinet,Technical Etude,60.186122448,44.025034013,104.211156461
Bb Clarinet,Chromatic Scale,109.783945578,15.232290249,125.016235827
Bb Clarinet,Major Scales,130.15510204,55.836734693,185.991836733
Bb Clarinet,Sight-Reading,192.457142857,59.102040816,251.559183673
