Instrument,ScoreGroup,Start,Duration,End
Bb Clarinet,Lyrical Etude,8.916463,73.746576,82.663039
Bb Clarinet,Technical Etude,89.350385,26.563628,115.91401300000001
Bb Clarinet,Chromatic Scale,122.044082,15.41805,137.462132
Bb Clarinet,Major Scales,142.663401,81.73424,224.397641
Bb Clarinet,Sight-Reading,228.855873,36.408889,265.264762
