Instrument,ScoreGroup,Start,Duration,End
Bb Clarinet,Lyrical Etude,9.926530612,45.126530612,55.053061224000004
Bb Clarinet,Technical Etude,59.232653061,44.408163265,103.64081632599999
Bb Clarinet,Chromatic Scale,111.085714285,33.240816326,144.326530611
Bb Clarinet,Major Scales,151.836734693,66.481632653,218.318367346
Bb Clarinet,Sight-Reading,223.21632653,72.489795918,295.706122448
