Instrument,ScoreGroup,Start,Duration,End
Flute,Lyrical Etude,9.171882086,29.489342404,38.661224489999995
Flute,Technical Etude,43.073015873,35.758730159,78.83174603200001
Flute,Chromatic Scale,85.21723356,27.573696145,112.790929705
Flute,Major Scales,118.839727891,75.580952381,194.420680272
Flute,Sight-Reading,198.042993197,45.627210884,243.67020408099998
