Instrument,ScoreGroup,Start,Duration,End
Bb Clarinet,Lyrical Etude,11.424217687,109.365986395,120.79020408199999
Bb Clarinet,Technical Etude,129.288707483,41.935238095,171.22394557799998
Bb Clarinet,Chromatic Scale,180.558367347,14.071292517,194.629659864
Bb Clarinet,Major Scales,201.734965986,106.718911565,308.453877551
Bb Clarinet,Sight-Reading,319.181496599,59.48952381,378.671020409
