Instrument,ScoreGroup,Start,Duration,End
Alto Saxophone,Lyrical Etude,11.377777778,57.910566893,69.288344671
Alto Saxophone,Technical Etude,77.577868481,62.136598639,139.71446712
Alto Saxophone,Chromatic Scale,146.982312925,9.752380952,156.734693877
Alto Saxophone,Major Scales,164.048979592,91.695600907,255.744580499
Alto Saxophone,Sight-Reading,262.478367347,51.339319728,313.81768707500004
