Instrument,ScoreGroup,Start,Duration,End
Alto Saxophone,Lyrical Etude,15.278730158,56.726349206,72.005079364
Alto Saxophone,Technical Etude,75.58095238,39.334603174,114.91555555400001
Alto Saxophone,Chromatic Scale,122.229841269,21.942857142,144.172698411
Alto Saxophone,Major Scales,151.812063492,122.229841269,274.041904761
Alto Saxophone,Sight-Reading,278.267936507,58.514285714,336.782222221
