Instrument,ScoreGroup,Start,Duration,End
Flute,Lyrical Etude,11.052698413,76.068571429,87.121269842
Flute,Technical Etude,91.022222222,68.266666667,159.288888889
Flute,Chromatic Scale,169.366349206,26.656507937,196.022857143
Flute,Major Scales,198.948571429,112.802539683,311.751111112
Flute,Sight-Reading,314.676825397,92.972698413,407.64952381
