Instrument,ScoreGroup,Start,Duration,End
Flute,Lyrical Etude,8.428843537,60.209342404,68.638185941
Flute,Technical Etude,72.655238095,27.283446712,99.938684807
Flute,Chromatic Scale,105.186394558,19.040362812,124.22675737
Flute,Major Scales,130.054965986,91.85814059,221.91310657600002
Flute,Sight-Reading,225.953378685,50.805260771,276.75863945599997
