Instrument,ScoreGroup,Start,Duration,End
Flute,Lyrical Etude,9.473741496,110.341224489,119.814965985
Flute,Technical Etude,123.158639455,27.306666666,150.465306121
Flute,Chromatic Scale,157.152653061,11.424217687,168.576870748
Flute,Major Scales,175.264217687,105.604353741,280.868571428
Flute,Sight-Reading,289.785034013,38.173605442,327.95863945499997
