Instrument,ScoreGroup,Start,Duration,End
Flute,Lyrical Etude,9.380861678,50.433741497,59.814603175
Flute,Technical Etude,62.229478458,41.331519274,103.560997732
Flute,Chromatic Scale,108.762267574,35.758730159,144.520997733
Flute,Major Scales,150.465306122,106.440272109,256.905578231
Flute,Sight-Reading,261.746938776,54.439183673,316.186122449
