Instrument,ScoreGroup,Start,Duration,End
Xylophone,Mallet Etude,15.13941,42.306757,57.446166999999996
Snare Drum,Snare Etude,73.096417,65.828571,138.92498799999998
Timpani,Timpani Etude,146.123175,52.802177,198.925352
Xylophone,Chromatic Scale,208.933152,6.269388,215.20254
Xylophone,Major Scales,222.772245,102.33034,325.102585
Xylophone,Sight-Reading,333.508209,57.910567,391.41877600000004
Snare Drum,Sight-Reading,396.991565,34.853152,431.844717
