Instrument,ScoreGroup,Start,Duration,End
Bb Clarinet,Lyrical Etude,13.258594104,58.746485261,72.005079365
Bb Clarinet,Technical Etude,79.737324263,26.401088435,106.138412698
Bb Clarinet,Chromatic Scale,115.403174603,16.068208617,131.47138322
Bb Clarinet,Major Scales,140.294965986,104.602993197,244.897959183
Bb Clarinet,Sight-Reading,249.495510204,43.311020408,292.806530612
