Instrument,ScoreGroup,Start,Duration,End
Bb Clarinet,Lyrical Etude,13.714285714,47.281632653,60.995918367
Bb Clarinet,Technical Etude,61.648979591,40.097959183,101.746938774
Bb Clarinet,Chromatic Scale,108.8,34.481632653,143.281632653
Bb Clarinet,Major Scales,152.685714285,118.595918367,271.281632652
Bb Clarinet,Sight-Reading,275.2,70.661224489,345.861224489
