Instrument,ScoreGroup,Start,Duration,End
Bb Clarinet,Lyrical Etude,15.673469388,74.396734694,90.070204082
Bb Clarinet,Technical Etude,95.503673469,33.227755102,128.731428571
Bb Clarinet,Chromatic Scale,136.359183673,11.911836735,148.271020408
Bb Clarinet,Major Scales,154.644897959,114.93877551,269.583673469
Bb Clarinet,Sight-Reading,277.803537415,48.483265306,326.286802721
