Instrument,ScoreGroup,Start,Duration,End
Bb Clarinet,Lyrical Etude,11.424218,62.043719,73.467937
Bb Clarinet,Technical Etude,80.155283,26.563628,106.71891099999999
Bb Clarinet,Chromatic Scale,113.592018,11.702857,125.29487499999999
Bb Clarinet,Major Scales,133.839819,60.650522,194.490341
Bb Clarinet,Sight-Reading,200.899048,57.213968,258.113016
