Instrument,ScoreGroup,Start,Duration,End
Xylophone,Mallet Etude,17.893878,45.191837,63.085715
Snare Drum,Snare Etude,71.42458,48.390385,119.814965
Timpani,Timpani Etude,128.653061,77.714286,206.367347
Xylophone,Chromatic Scale,216.409977,11.424218,227.834195
Xylophone,Major Scales,234.242902,91.393741,325.636643
Xylophone,Sight-Reading,332.538776,76.146939,408.68571499999996
Snare Drum,Sight-Reading,414.75483,23.823673,438.578503
