Instrument,ScoreGroup,Start,Duration,End
Alto Saxophone,Lyrical Etude,14.70984127,62.69968254,77.40952381
Alto Saxophone,Technical Etude,87.161904762,31.573333333,118.735238095
Alto Saxophone,Chromatic Scale,127.918730159,8.98031746,136.89904761900002
Alto Saxophone,Major Scales,145.188571429,90.493968254,235.68253968300002
Alto Saxophone,Sight-Reading,242.712380952,54.125714286,296.838095238
