Instrument,ScoreGroup,Start,Duration,End
Trumpet,Lyrical Etude,11.232653061,44.930612244,56.163265305
Trumpet,Technical Etude,60.865306122,23.771428571,84.636734693
Trumpet,Chromatic Scale,91.951020408,11.75510204,103.706122448
Trumpet,Major Scales,114.93877551,115.461224489,230.399999999
Trumpet,Sight-Reading,237.453061224,53.551020408,291.004081632
