Instrument,ScoreGroup,Start,Duration,End
Flute,Lyrical Etude,13.653333333,48.018866213,61.672199546
Flute,Technical Etude,65.666031746,30.928979592,96.595011338
Flute,Chromatic Scale,102.725079365,21.455238095,124.18031746
Flute,Major Scales,129.253877551,77.531428571,206.785306122
Flute,Sight-Reading,210.964897959,45.975510204,256.94040816300003
