Instrument,ScoreGroup,Start,Duration,End
Bb Clarinet,Lyrical Etude,17.554285714,96.409251701,113.963537415
Bb Clarinet,Technical Etude,123.994557823,28.978503401,152.973061224
Bb Clarinet,Chromatic Scale,165.511836735,11.424217687,176.936054422
Bb Clarinet,Major Scales,183.623401361,106.440272109,290.06367347
Bb Clarinet,Sight-Reading,298.701496599,48.761904762,347.463401361
