Instrument,ScoreGroup,Start,Duration,End
Flute,Lyrical Etude,12.53877551,48.901224489,61.439999999
Flute,Technical Etude,68.649795918,47.333877551,115.983673469
Flute,Chromatic Scale,121.521632653,63.007346938,184.528979591
Flute,Major Scales,191.796825396,125.619954648,317.416780044
Flute,Sight-Reading,322.525170068,71.749659863,394.274829931
