Instrument,ScoreGroup,Start,Duration,End
Alto Saxophone,Lyrical Etude,16.718367346,108.669387755,125.38775510100001
Alto Saxophone,Technical Etude,133.003900226,49.040544217,182.044444443
Alto Saxophone,Chromatic Scale,188.546031746,14.860770975,203.40680272100002
Alto Saxophone,Major Scales,211.765986394,128.917188208,340.683174602
Alto Saxophone,Sight-Reading,345.698684807,49.040544217,394.739229024
