Instrument,ScoreGroup,Start,Duration,End
Alto Saxophone,Lyrical Etude,11.447437641,58.769705215,70.21714285600001
Alto Saxophone,Technical Etude,75.023673469,29.164263038,104.187936507
Alto Saxophone,Chromatic Scale,110.550204081,14.280272108,124.83047618900001
Alto Saxophone,Major Scales,132.167981859,107.29941043,239.467392289
Alto Saxophone,Sight-Reading,246.386938775,57.585487528,303.972426303
