Instrument,ScoreGroup,Start,Duration,End
Flute,Lyrical Etude,9.195102,65.851791,75.04689300000001
Flute,Technical Etude,80.341043,48.669025,129.010068
Flute,Chromatic Scale,134.861497,13.467574,148.32907100000003
Flute,Major Scales,153.62322,100.495964,254.11918400000002
Flute,Sight-Reading,256.534059,56.37805,312.912109
