Instrument,ScoreGroup,Start,Duration,End
Bb Clarinet,Lyrical Etude,13.084444444,65.097142857,78.181587301
Bb Clarinet,Technical Etude,81.188571429,30.151111111,111.33968254000001
Bb Clarinet,Chromatic Scale,116.796371882,21.13015873,137.926530612
Bb Clarinet,Major Scales,144.509387755,80.143673469,224.653061224
Bb Clarinet,Sight-Reading,227.23047619,51.768888889,278.999365079
