Instrument,ScoreGroup,Start,Duration,End
Bb Clarinet,Lyrical Etude,17.83292517,76.532970521,94.36589569099999
Bb Clarinet,Technical Etude,103.468117913,30.278820861,133.746938774
Bb Clarinet,Chromatic Scale,141.177324263,13.560453514,154.737777777
Bb Clarinet,Major Scales,162.725442176,117.771609977,280.497052153
Bb Clarinet,Sight-Reading,286.069841269,37.523446712,323.593287981
