Instrument,ScoreGroup,Start,Duration,End
Flute,Lyrical Etude,15.603809523,136.533333333,152.137142856
Flute,Technical Etude,159.939047619,23.962993197,183.902040816
Flute,Chromatic Scale,191.146666666,10.866938775,202.01360544099998
Flute,Major Scales,207.865034013,93.901496598,301.766530611
Flute,Sight-Reading,307.339319727,34.272653061,341.611972788
