Instrument,ScoreGroup,Start,Duration,End
Flute,Lyrical Etude,14.315102,48.796735,63.111836999999994
Flute,Technical Etude,68.754286,58.096327,126.850613
Flute,Chromatic Scale,134.687347,71.57551,206.262857
Flute,Major Scales,213.263673,121.521633,334.785306
Flute,Sight-Reading,341.681633,60.813061,402.494694
