Instrument,ScoreGroup,Start,Duration,End
Alto Saxophone,Lyrical Etude,12.081826,72.490957,84.57278299999999
Alto Saxophone,Technical Etude,91.776854,64.386378,156.163232
Alto Saxophone,Chromatic Scale,164.718066,11.25636,175.974426
Alto Saxophone,Major Scales,185.429768,120.217923,305.647691
Alto Saxophone,Sight-Reading,310.600489,48.17722,358.77770899999996
