Instrument,ScoreGroup,Start,Duration,End
Xylophone,Mallet Etude,26.284989,41.610159,67.895148
Snare Drum,Snare Etude,73.926531,87.24898,161.175511
Timpani,Timpani Etude,167.836735,93.257143,261.093878
Xylophone,Chromatic Scale,272.834467,6.222948,279.057415
Xylophone,Major Scales,286.563265,108.538776,395.102041
Xylophone,Sight-Reading,401.333696,71.88898,473.222676
Snare Drum,Sight-Reading,480.326531,37.485714,517.812245
