Instrument,ScoreGroup,Start,Duration,End
Flute,Lyrical Etude,10.187755,77.322449,87.510204
Flute,Technical Etude,92.473469,39.183673,131.657142
Flute,Chromatic Scale,138.710204,14.106122,152.816326
Flute,Major Scales,159.608163,105.012245,264.620408
Flute,Sight-Reading,269.322449,38.661224,307.983673
