Instrument,ScoreGroup,Start,Duration,End
Bb Clarinet,Lyrical Etude,15.603809524,91.951020408,107.554829932
Bb Clarinet,Technical Etude,113.406258503,60.882721088,174.288979591
Bb Clarinet,Chromatic Scale,181.812244898,21.942857143,203.755102041
Bb Clarinet,Major Scales,211.464126984,138.158730159,349.622857143
Bb Clarinet,Sight-Reading,355.381405896,68.266666667,423.64807256299997
