Instrument,ScoreGroup,Start,Duration,End
Xylophone,Mallet Etude,13.096054,44.721633,57.817687
Snare Drum,Snare Etude,63.808435,52.384218,116.192653
Timpani,Timpani Etude,121.347483,58.374966,179.72244899999998
Xylophone,Chromatic Scale,186.967075,10.03102,196.998095
Xylophone,Major Scales,205.775238,82.198639,287.973877
Xylophone,Sight-Reading,295.497143,21.455238,316.952381
Snare Drum,Sight-Reading,322.943129,30.65034,353.593469
