Instrument,ScoreGroup,Start,Duration,End
Bb Clarinet,Lyrical Etude,8.010884354,86.447891156,94.45877551
Bb Clarinet,Technical Etude,98.824126984,90.139863946,188.96399093000002
Bb Clarinet,Chromatic Scale,195.790657596,15.975328798,211.76598639399998
Bb Clarinet,Major Scales,218.33723356,121.672562358,340.009795918
Bb Clarinet,Sight-Reading,346.046984127,71.587120181,417.63410430799996
