Instrument,ScoreGroup,Start,Duration,End
Flute,Lyrical Etude,11.363265,28.865306,40.228571
Flute,Technical Etude,44.016327,29.64898,73.665307
Flute,Chromatic Scale,83.2,23.379592,106.579592
Flute,Major Scales,112.979592,97.567347,210.546939
Flute,Sight-Reading,217.6,50.677551,268.277551
