Instrument,ScoreGroup,Start,Duration,End
Bb Clarinet,Lyrical Etude,9.938140589,56.656689342,66.59482993099999
Bb Clarinet,Technical Etude,70.217142857,41.145759637,111.362902494
Bb Clarinet,Chromatic Scale,117.678730158,14.210612244,131.88934240199998
Bb Clarinet,Major Scales,138.762448979,100.867482993,239.629931972
Bb Clarinet,Sight-Reading,244.181043083,63.344036281,307.525079364
