Instrument,ScoreGroup,Start,Duration,End
French Horn,Lyrical Etude,10.060572,109.137085,119.19765699999999
French Horn,Technical Etude,126.441269,84.991712,211.432981
French Horn,Chromatic Scale,216.262055,9.175242,225.437297
French Horn,Major Scales,231.715094,108.654177,340.369271
French Horn,Sight-Reading,346.647068,38.149689,384.796757
