Instrument,ScoreGroup,Start,Duration,End
Bb Clarinet,Lyrical Etude,13.23537415,112.848979592,126.084353742
Bb Clarinet,Technical Etude,131.378503401,49.179863946,180.558367347
Bb Clarinet,Chromatic Scale,187.385034014,16.718367347,204.103401361
Bb Clarinet,Major Scales,210.001269841,153.437460317,363.438730158
Bb Clarinet,Sight-Reading,366.852063492,70.054603175,436.906666667
