Instrument,ScoreGroup,Start,Duration,End
Bb Clarinet,Lyrical Etude,14.4892517,50.712380952,65.201632652
Bb Clarinet,Technical Etude,70.402902494,31.764897959,102.167800453
Bb Clarinet,Chromatic Scale,108.483628117,14.117732426,122.601360543
Bb Clarinet,Major Scales,129.47446712,111.084263038,240.558730158
Bb Clarinet,Sight-Reading,247.431836734,69.288344671,316.720181405
