Instrument,ScoreGroup,Start,Duration,End
Flute,Lyrical Etude,10.959819,76.347211,87.30703
Flute,Technical Etude,94.551655,43.281995,137.83365
Flute,Chromatic Scale,146.378594,11.888617,158.267211
Flute,Major Scales,164.02576,104.768435,268.794195
Flute,Sight-Reading,276.22458,71.331701,347.556281
