Instrument,ScoreGroup,Start,Duration,End
Flute,Lyrical Etude,17.856145125,40.727800454,58.583945579
Flute,Technical Etude,65.039092971,27.445986395,92.48507936600001
Flute,Chromatic Scale,103.073378685,9.357641723,112.431020408
Flute,Major Scales,122.322721088,101.285442177,223.60816326499997
Flute,Sight-Reading,229.784671202,39.450702948,269.23537415
