Instrument,ScoreGroup,Start,Duration,End
Flute,Lyrical Etude,12.469115646,61.231020408,73.700136054
Flute,Technical Etude,78.773696145,37.500226757,116.27392290200001
Flute,Chromatic Scale,124.83047619,10.077460317,134.907936507
Flute,Major Scales,141.873922902,104.489795918,246.36371882
Flute,Sight-Reading,250.717460317,53.986394558,304.703854875
