Instrument,ScoreGroup,Start,Duration,End
Flute,Lyrical Etude,15.882449,49.597823,65.480272
Flute,Technical Etude,69.845624,32.507937,102.353561
Flute,Chromatic Scale,110.248345,18.761723,129.010068
Flute,Major Scales,140.898685,113.499138,254.39782300000002
Flute,Sight-Reading,259.784853,69.195465,328.980318
