Instrument,ScoreGroup,Start,Duration,End
Bb Clarinet,Lyrical Etude,13.653333333,62.09015873,75.743492063
Bb Clarinet,Technical Etude,81.26984127,42.26031746,123.53015873000001
Bb Clarinet,Chromatic Scale,131.332063492,20.154920635,151.486984127
Bb Clarinet,Major Scales,158.963809524,86.471111111,245.434920635
Bb Clarinet,Sight-Reading,253.886984127,60.13968254,314.02666666700003
