Instrument,ScoreGroup,Start,Duration,End
Alto Saxophone,Lyrical Etude,15.743129251,44.025034013,59.768163264
Alto Saxophone,Technical Etude,64.458594104,19.574421768,84.033015872
Alto Saxophone,Chromatic Scale,90.070204081,9.613061224,99.683265305
Alto Saxophone,Major Scales,106.115192741,62.252698412,168.36789115300002
Alto Saxophone,Sight-Reading,172.919002261,37.500226757,210.419229018
