Instrument,ScoreGroup,Start,Duration,End
Flute,Lyrical Etude,14.907210884,55.309931972,70.217142856
Flute,Technical Etude,78.715646258,19.922721088,98.63836734600001
Flute,Chromatic Scale,106.718911564,19.365442176,126.08435374
Flute,Major Scales,135.279455782,83.87047619,219.14993197200002
Flute,Sight-Reading,226.255238095,48.065306122,274.320544217
