Instrument,ScoreGroup,Start,Duration,End
Flute,Lyrical Etude,11.424217687,69.381224489,80.805442176
Flute,Technical Etude,86.656870748,33.01877551,119.675646258
Flute,Chromatic Scale,127.198911564,26.749387755,153.948299319
Flute,Major Scales,164.675918367,107.554829931,272.230748298
Flute,Sight-Reading,277.246258503,38.870204081,316.116462584
