Instrument,ScoreGroup,Start,Duration,End
Flute,Lyrical Etude,15.301950113,44.048253968,59.350204081
Flute,Technical Etude,67.500408163,38.31292517,105.813333333
Flute,Chromatic Scale,116.146213152,22.616235828,138.76244898
Flute,Major Scales,146.030294785,120.279365079,266.30965986399997
Flute,Sight-Reading,272.300408163,83.289977324,355.590385487
