Instrument,ScoreGroup,Start,Duration,End
Bb Clarinet,Lyrical Etude,12.678095238,94.319455782,106.99755102
Bb Clarinet,Technical Etude,112.105941043,55.727891156,167.833832199
Bb Clarinet,Chromatic Scale,174.196099773,14.2338322,188.42993197299998
Bb Clarinet,Major Scales,194.351020408,115.101315193,309.452335601
Bb Clarinet,Sight-Reading,314.839365079,86.21569161,401.055056689
