Instrument,ScoreGroup,Start,Duration,End
Flute,Lyrical Etude,10.866938776,58.932244898,69.799183674
Flute,Technical Etude,73.97877551,47.647346939,121.62612244900001
Flute,Chromatic Scale,128.313469388,12.956734694,141.270204082
Flute,Major Scales,147.121632653,99.056326531,246.177959184
Flute,Sight-Reading,254.955102041,61.022040816,315.977142857
