Instrument,ScoreGroup,Start,Duration,End
Alto Saxophone,Lyrical Etude,14.744671,59.582404,74.327075
Alto Saxophone,Technical Etude,80.759002,24.497052,105.25605399999999
Alto Saxophone,Chromatic Scale,113.081179,12.561995,125.643174
Alto Saxophone,Major Scales,132.516281,108.274649,240.79093
Alto Saxophone,Sight-Reading,246.061859,50.294422,296.35628099999997
