Instrument,ScoreGroup,Start,Duration,End
Bb Clarinet,Lyrical Etude,13.322449,56.946939,70.269388
Bb Clarinet,Technical Etude,75.755102,25.077551,100.832653
Bb Clarinet,Chromatic Scale,106.840816,17.240816,124.081632
Bb Clarinet,Major Scales,129.567347,78.628571,208.195918
Bb Clarinet,Sight-Reading,213.420408,41.273469,254.69387700000001
