Instrument,ScoreGroup,Start,Duration,End
Bb Clarinet,Lyrical Etude,12.078568,103.716563,115.795131
Bb Clarinet,Technical Etude,124.908302,38.188525,163.09682700000002
Bb Clarinet,Chromatic Scale,170.474156,10.849013,181.323169
Bb Clarinet,Major Scales,189.134458,106.320326,295.454784
Bb Clarinet,Sight-Reading,301.530232,43.830012,345.360244
