Instrument,ScoreGroup,Start,Duration,End
Alto Saxophone,Lyrical Etude,11.180408163,45.139591836,56.319999999000004
Alto Saxophone,Technical Etude,60.813061224,50.573061224,111.38612244800001
Alto Saxophone,Chromatic Scale,118.386938775,23.719183673,142.106122448
Alto Saxophone,Major Scales,153.808979591,97.488979591,251.297959182
Alto Saxophone,Sight-Reading,255.895510204,47.542857142,303.438367346
