Instrument,ScoreGroup,Start,Duration,End
Bb Clarinet,Lyrical Etude,11.75510204,107.102040816,118.857142856
Bb Clarinet,Technical Etude,126.171428571,62.95510204,189.12653061100002
Bb Clarinet,Chromatic Scale,195.657142857,12.53877551,208.195918367
Bb Clarinet,Major Scales,213.99510204,109.598185941,323.593287981
Bb Clarinet,Sight-Reading,330.652154195,45.325351473,375.977505668
