Instrument,ScoreGroup,Start,Duration,End
Trumpet,Lyrical Etude,13.003174603,47.182947845,60.186122448
Trumpet,Technical Etude,65.34095238,52.477097505,117.81804988500001
Trumpet,Chromatic Scale,124.087437641,15.232290249,139.31972789
Trumpet,Major Scales,148.329070294,68.916825396,217.24589569
Trumpet,Sight-Reading,222.818684807,52.755736961,275.574421768
