Instrument,ScoreGroup,Start,Duration,End
Bb Clarinet,Lyrical Etude,9.473741496,55.727891156,65.201632652
Bb Clarinet,Technical Etude,68.048979591,70.791836734,138.840816325
Bb Clarinet,Chromatic Scale,143.542857142,59.297959183,202.840816325
Bb Clarinet,Major Scales,208.793832199,120.372244897,329.166077096
Bb Clarinet,Sight-Reading,331.58095238,91.022222222,422.60317460199997
