Instrument,ScoreGroup,Start,Duration,End
Alto Saxophone,Lyrical Etude,16.277188208,49.388843537,65.666031745
Alto Saxophone,Technical Etude,72.144399092,17.83292517,89.977324262
Alto Saxophone,Chromatic Scale,98.684807256,15.78956916,114.474376416
Alto Saxophone,Major Scales,122.578140581,80.92154195,203.49968253100002
Alto Saxophone,Sight-Reading,211.348027211,58.839365079,270.18739229
