Instrument,ScoreGroup,Start,Duration,End
Flute,Lyrical Etude,10.588299,19.876281,30.464579999999998
Flute,Technical Etude,36.03737,32.322177,68.359547
Flute,Chromatic Scale,75.975692,31.764898,107.74059
Flute,Major Scales,115.983673,70.530612,186.514285
Flute,Sight-Reading,191.477551,40.489796,231.96734700000002
