Instrument,ScoreGroup,Start,Duration,End
Alto Saxophone,Lyrical Etude,14.954102,60.995057,75.94915900000001
Alto Saxophone,Technical Etude,83.463043,75.138839,158.601882
Alto Saxophone,Chromatic Scale,165.23178,11.049829,176.28160899999997
Alto Saxophone,Major Scales,182.911506,102.542415,285.45392100000004
Alto Saxophone,Sight-Reading,289.873853,61.879044,351.752897
