Instrument,ScoreGroup,Start,Duration,End
Flute,Lyrical Etude,10.057143,24.946939,35.004082
Flute,Technical Etude,38.530612,24.163265,62.693877
Flute,Chromatic Scale,68.702041,19.461224,88.163265
Flute,Major Scales,94.693878,72.097959,166.791837
Flute,Sight-Reading,171.363265,32.783673,204.146938
