Instrument,ScoreGroup,Start,Duration,End
Alto Saxophone,Lyrical Etude,12.19047619,59.419863946,71.610340136
Alto Saxophone,Technical Etude,77.9261678,42.237097506,120.163265306
Alto Saxophone,Chromatic Scale,127.872290249,7.94122449,135.813514739
Alto Saxophone,Major Scales,142.477641723,109.969705215,252.447346938
Alto Saxophone,Sight-Reading,259.111473923,39.427482993,298.538956916
