Instrument,ScoreGroup,Start,Duration,End
Flute,Lyrical Etude,11.621587302,61.602539683,73.224126985
Flute,Technical Etude,81.432380952,34.946031746,116.378412698
Flute,Chromatic Scale,123.286349206,10.483809524,133.77015873
Flute,Major Scales,139.807346939,93.204897959,233.012244898
Flute,Sight-Reading,239.177142857,50.364081633,289.54122449
