Instrument,ScoreGroup,Start,Duration,End
Bb Clarinet,Lyrical Etude,13.003175,72.167619,85.170794
Bb Clarinet,Technical Etude,93.901497,80.898322,174.799819
Bb Clarinet,Chromatic Scale,184.900499,25.72771,210.628209
Bb Clarinet,Major Scales,217.524535,90.209524,307.734059
Bb Clarinet,Sight-Reading,315.466304,54.845533,370.31183699999997
