Instrument,ScoreGroup,Start,Duration,End
Flute,Lyrical Etude,15.25551,43.72898,58.98449
Flute,Technical Etude,64.470204,45.662041,110.132245
Flute,Chromatic Scale,118.543673,23.823673,142.367346
Flute,Major Scales,149.838367,87.405714,237.244081
Flute,Sight-Reading,241.684898,64.20898,305.893878
