Instrument,ScoreGroup,Start,Duration,End
Flute,Lyrical Etude,31.346938776,40.472380952,71.819319728
Flute,Technical Etude,85.315918367,25.356190476,110.67210884299999
Flute,Chromatic Scale,114.242176871,14.489251701,128.731428572
Flute,Major Scales,135.151746032,148.816689342,283.968435374
Flute,Sight-Reading,290.168163265,42.840816327,333.00897959199995
