Instrument,ScoreGroup,Start,Duration,End
Bb Clarinet,Lyrical Etude,10.808888889,68.754285714,79.56317460300001
Bb Clarinet,Technical Etude,86.064761905,49.005714286,135.070476191
Bb Clarinet,Chromatic Scale,140.596825397,27.306666667,167.903492064
Bb Clarinet,Major Scales,175.07845805,120.975963719,296.054421769
Bb Clarinet,Sight-Reading,303.949206349,117.376870748,421.326077097
