Instrument,ScoreGroup,Start,Duration,End
Bb Clarinet,Lyrical Etude,14.860770975,59.628843537,74.489614512
Bb Clarinet,Technical Etude,78.019047619,38.080725623,116.099773242
Bb Clarinet,Chromatic Scale,123.901678004,16.532607709,140.434285713
Bb Clarinet,Major Scales,157.152653061,104.396916099,261.54956916
Bb Clarinet,Sight-Reading,276.224580498,57.399727891,333.624308389
