Instrument,ScoreGroup,Start,Duration,End
Bb Clarinet,Lyrical Etude,10.565079365,39.334603175,49.89968254
Bb Clarinet,Technical Etude,54.532063492,34.864761905,89.396825397
Bb Clarinet,Chromatic Scale,97.117460317,39.903492063,137.02095237999998
Bb Clarinet,Major Scales,144.335238095,104.025396825,248.36063492
Bb Clarinet,Sight-Reading,253.155555556,63.715555556,316.871111112
