Instrument,ScoreGroup,Start,Duration,End
Bb Clarinet,Lyrical Etude,11.888617,88.003628,99.892245
Bb Clarinet,Technical Etude,107.71737,91.463401,199.180771
Bb Clarinet,Chromatic Scale,207.052336,23.103855,230.156191
Bb Clarinet,Major Scales,237.702676,102.051701,339.754377
Bb Clarinet,Sight-Reading,346.650703,82.430839,429.081542
