Instrument,ScoreGroup,Start,Duration,End
Bb Clarinet,Lyrical Etude,11.284897959,109.505306122,120.790204081
Bb Clarinet,Technical Etude,125.52707483,55.449251701,180.976326531
Bb Clarinet,Chromatic Scale,187.802993197,15.464489796,203.26748299300002
Bb Clarinet,Major Scales,209.908390023,153.94829932,363.85668934299997
Bb Clarinet,Sight-Reading,369.452698413,68.754285714,438.206984127
