Instrument,ScoreGroup,Start,Duration,End
Xylophone,Mallet Etude,6.791837,31.187007,37.978844
Snare Drum,Snare Etude,42.057143,72.078005,114.13514800000002
Timpani,Timpani Etude,119.118367,54.072993,173.19136
Xylophone,Chromatic Scale,176.84898,8.609206,185.458186
Xylophone,Major Scales,187.559184,82.915011,270.474195
Xylophone,Sight-Reading,274.552744,18.480998,293.033742
Snare Drum,Sight-Reading,296.472381,30.990998,327.463379
