Instrument,ScoreGroup,Start,Duration,End
Bb Clarinet,Lyrical Etude,12.631655328,55.727891156,68.35954648399999
Bb Clarinet,Technical Etude,75.418412698,27.678185941,103.09659863899999
Bb Clarinet,Chromatic Scale,104.396916099,12.445895691,116.84281179
Bb Clarinet,Major Scales,125.945034013,109.040907029,234.98594104199998
Bb Clarinet,Sight-Reading,243.902403628,75.232653061,319.135056689
