Instrument,ScoreGroup,Start,Duration,End
Flute,Lyrical Etude,17.240816326,53.394285714,70.63510203999999
Flute,Technical Etude,76.173061224,26.958367346,103.13142857
Flute,Chromatic Scale,111.177142857,35.526530612,146.70367346900002
Flute,Major Scales,152.949841269,121.092063492,274.04190476099996
Flute,Sight-Reading,281.356190476,60.627301587,341.98349206299997
