Instrument,ScoreGroup,Start,Duration,End
Flute,Lyrical Etude,13.374694,31.764898,45.139592
Flute,Technical Etude,52.569977,28.049705,80.619682
Flute,Chromatic Scale,92.879819,23.962993,116.842812
Flute,Major Scales,126.316553,78.762086,205.078639
Flute,Sight-Reading,212.323265,44.025034,256.348299
