Instrument,ScoreGroup,Start,Duration,End
Flute,Lyrical Etude,9.427302,43.839274,53.266576
Flute,Technical Etude,58.096327,42.446077,100.542404
Flute,Chromatic Scale,106.161633,31.021859,137.183492
Flute,Major Scales,141.641723,88.978866,230.620589
Flute,Sight-Reading,236.425578,53.080816,289.506394
