Instrument,ScoreGroup,Start,Duration,End
Bb Clarinet,Lyrical Etude,15.15102,98.612245,113.763265
Bb Clarinet,Technical Etude,122.383673,46.497959,168.881632
Bb Clarinet,Chromatic Scale,176.587755,13.97551,190.563265
Bb Clarinet,Major Scales,198.530612,108.016327,306.546939
Bb Clarinet,Sight-Reading,311.771429,77.191837,388.96326600000003
