Instrument,ScoreGroup,Start,Duration,End
Bb Clarinet,Lyrical Etude,10.588299319,60.557641723,71.145941042
Bb Clarinet,Technical Etude,75.046893424,35.66585034,110.71274376400001
Bb Clarinet,Chromatic Scale,116.657052154,12.074376417,128.731428571
Bb Clarinet,Major Scales,135.604535147,96.966530612,232.57106575900002
Bb Clarinet,Sight-Reading,236.657777777,55.542131519,292.199909296
