Instrument,ScoreGroup,Start,Duration,End
Flute,Lyrical Etude,11.702857143,41.691428571,53.394285714000006
Flute,Technical Etude,56.912108844,30.998639456,87.9107483
Flute,Chromatic Scale,94.667755102,15.116190476,109.783945578
Flute,Major Scales,116.622222222,73.955555556,190.57777777799998
Flute,Sight-Reading,195.86031746,38.115555556,233.975873016
