Instrument,ScoreGroup,Start,Duration,End
Bb Clarinet,Lyrical Etude,13.746213151,98.266848072,112.013061223
Bb Clarinet,Technical Etude,121.858321995,59.257324263,181.115646258
Bb Clarinet,Chromatic Scale,190.032108843,19.319002267,209.35111111
Bb Clarinet,Major Scales,217.524535147,116.471292517,333.995827664
Bb Clarinet,Sight-Reading,338.082539682,38.823764172,376.906303854
