Instrument,ScoreGroup,Start,Duration,End
Flute,Lyrical Etude,12.074376417,40.402721088,52.477097505
Flute,Technical Etude,55.263492063,29.628662132,84.892154195
Flute,Chromatic Scale,89.721904762,16.53260771,106.25451247199999
Flute,Major Scales,112.477460317,72.446258503,184.92371881999998
Flute,Sight-Reading,187.611428571,38.504489796,226.115918367
