Instrument,ScoreGroup,Start,Duration,End
Bb Clarinet,Lyrical Etude,12.027936508,68.916825397,80.944761905
Bb Clarinet,Technical Etude,87.399909297,41.679818594,129.079727891
Bb Clarinet,Chromatic Scale,136.41723356,15.88244898,152.29968254
Bb Clarinet,Major Scales,159.822947846,121.997641723,281.820589569
Bb Clarinet,Sight-Reading,287.857777778,44.117913832,331.97569161
