Instrument,ScoreGroup,Start,Duration,End
Bb Clarinet,Lyrical Etude,14.889795918,108.27755102,123.16734693800001
Bb Clarinet,Technical Etude,130.612244897,52.114285714,182.72653061100002
Bb Clarinet,Chromatic Scale,193.175510204,11.624489795,204.799999999
Bb Clarinet,Major Scales,210.808163265,106.448979591,317.257142856
Bb Clarinet,Sight-Reading,321.959183673,26.644897959,348.604081632
