Instrument,ScoreGroup,Start,Duration,End
Trumpet,Lyrical Etude,10.402539682,53.870294784,64.272834466
Trumpet,Technical Etude,68.731065759,29.72154195,98.452607709
Trumpet,Chromatic Scale,107.369070294,13.003174603,120.372244897
Trumpet,Major Scales,127.431111111,67.616507936,195.047619047
Trumpet,Sight-Reading,202.10648526,59.071564625,261.178049885
