Instrument,ScoreGroup,Start,Duration,End
Flute,Lyrical Etude,12.074376,39.357823,51.432199000000004
Flute,Technical Etude,55.553741,43.943764,99.497505
Flute,Chromatic Scale,106.463492,32.565986,139.029478
Flute,Major Scales,144.149478,100.681723,244.831201
Flute,Sight-Reading,251.890068,59.814603,311.704671
