Instrument,ScoreGroup,Start,Duration,End
Flute,Lyrical Etude,14.117732,34.922812,49.040544
Flute,Technical Etude,55.356372,29.350023,84.706395
Flute,Chromatic Scale,92.508299,21.176599,113.68489799999999
Flute,Major Scales,122.77551,86.726531,209.502041
Flute,Sight-Reading,214.465306,46.497959,260.963265
