Instrument,ScoreGroup,Start,Duration,End
French Horn,Lyrical Etude,16.605068,122.770377,139.37544499999998
French Horn,Technical Etude,155.444866,134.983137,290.428003
French Horn,Chromatic Scale,296.212995,13.498314,309.71130899999997
French Horn,Major Scales,323.209622,121.484823,444.69444500000003
French Horn,Sight-Reading,451.122214,61.0638,512.186014
