Instrument,ScoreGroup,Start,Duration,End
Bb Clarinet,Lyrical Etude,8.881632653,71.314285714,80.19591836699999
Bb Clarinet,Technical Etude,84.571428571,43.493877551,128.06530612199998
Bb Clarinet,Chromatic Scale,134.008163265,16.130612244,150.138775509
Bb Clarinet,Major Scales,155.666575963,116.657052154,272.323628117
Bb Clarinet,Sight-Reading,277.339138321,60.371882086,337.711020407
