Instrument,ScoreGroup,Start,Duration,End
Flute,Lyrical Etude,12.53877551,36.130249433,48.669024943000004
Flute,Technical Etude,54.14893424,40.30984127,94.45877551000001
Flute,Chromatic Scale,101.889160998,28.42122449,130.310385488
Flute,Major Scales,131.343673469,108.564897959,239.90857142800002
Flute,Sight-Reading,244.088163265,58.305306122,302.393469387
