Instrument,ScoreGroup,Start,Duration,End
Flute,Lyrical Etude,9.264761905,35.433650794,44.698412699
Flute,Technical Etude,48.924444444,26.168888889,75.093333333
Flute,Chromatic Scale,80.700952381,16.416507937,97.11746031799998
Flute,Major Scales,103.375238095,82.616598639,185.991836734
Flute,Sight-Reading,190.659047619,32.391836735,223.050884354
