Instrument,ScoreGroup,Start,Duration,End
Alto Saxophone,Lyrical Etude,12.213696145,66.943129252,79.156825397
Alto Saxophone,Technical Etude,88.026848073,58.212426304,146.239274377
Alto Saxophone,Chromatic Scale,154.59845805,9.357641723,163.956099773
Alto Saxophone,Major Scales,173.174421769,96.873650794,270.048072563
Alto Saxophone,Sight-Reading,277.060498866,100.4030839,377.463582766
