Instrument,ScoreGroup,Start,Duration,End
Bb Clarinet,Lyrical Etude,11.983407,85.615556,97.598963
Bb Clarinet,Technical Etude,107.989201,34.495588,142.48478899999998
Bb Clarinet,Chromatic Scale,153.706245,12.883894,166.590139
Bb Clarinet,Major Scales,174.07111,102.239936,276.31104600000003
Bb Clarinet,Sight-Reading,286.285674,44.054607,330.34028099999995
