Instrument,ScoreGroup,Start,Duration,End
Alto Saxophone,Lyrical Etude,11.935056689,25.449070295,37.384126984
Alto Saxophone,Technical Etude,41.772698413,51.966258503,93.738956916
Alto Saxophone,Chromatic Scale,100.124444444,10.681179138,110.80562358200001
Alto Saxophone,Major Scales,116.331972789,93.692517007,210.024489796
Alto Saxophone,Sight-Reading,214.761360544,48.390385488,263.151746032
