Instrument,ScoreGroup,Start,Duration,End
Flute,Lyrical Etude,10.123900226,53.405895691,63.529795917
Flute,Technical Etude,67.430748299,23.312834467,90.743582766
Flute,Chromatic Scale,99.009886621,18.668843537,117.67873015800001
Flute,Major Scales,122.740680272,75.511292517,198.251972789
Flute,Sight-Reading,201.177687074,54.613333333,255.79102040700002
