Instrument,ScoreGroup,Start,Duration,End
Flute,Lyrical Etude,15.046531,54.056054,69.102585
Flute,Technical Etude,72.585578,25.49551,98.081088
Flute,Chromatic Scale,103.793197,18.250884,122.044081
Flute,Major Scales,128.03483,112.152381,240.187211
Flute,Sight-Reading,244.227483,74.396735,318.62421800000004
