Instrument,ScoreGroup,Start,Duration,End
Flute,Lyrical Etude,11.702857142,57.817687074,69.52054421599999
Flute,Technical Etude,78.297687074,22.569795918,100.86748299199999
Flute,Chromatic Scale,112.29170068,16.718367346,129.010068026
Flute,Major Scales,139.180408163,76.904489795,216.084897958
Flute,Sight-Reading,223.468843537,47.925986394,271.394829931
