Instrument,ScoreGroup,Start,Duration,End
Alto Saxophone,Lyrical Etude,12.260136054,186.874195011,199.13433106500003
Alto Saxophone,Technical Etude,203.871201814,48.85478458,252.725986394
Alto Saxophone,Chromatic Scale,259.227573696,9.380861678,268.60843537399995
Alto Saxophone,Major Scales,274.459863945,80.433922902,354.893786847
Alto Saxophone,Sight-Reading,359.259138321,37.523446712,396.78258503300003
