Instrument,ScoreGroup,Start,Duration,End
Trumpet,Lyrical Etude,13.522773,77.642715,91.165488
Trumpet,Technical Etude,98.153333,19.410679,117.564012
Trumpet,Chromatic Scale,124.94007,13.587475,138.527545
Trumpet,Major Scales,145.515389,92.783045,238.298434
Trumpet,Sight-Reading,244.509851,64.05524,308.565091
