Instrument,ScoreGroup,Start,Duration,End
Flute,Lyrical Etude,9.613061224,32.966530612,42.579591836
Flute,Technical Etude,46.497959184,23.04,69.537959184
Flute,Chromatic Scale,77.479183673,12.695510204,90.174693877
Flute,Major Scales,95.085714286,67.448163265,162.533877551
Flute,Sight-Reading,167.967346939,36.519183673,204.48653061200002
