Instrument,ScoreGroup,Start,Duration,End
Flute,Lyrical Etude,11.621587302,65.097142857,76.71873015899999
Flute,Technical Etude,84.497414966,39.984761905,124.482176871
Flute,Chromatic Scale,132.980680272,11.145578231,144.126258503
Flute,Major Scales,151.394104308,105.418594104,256.81269841200003
Flute,Sight-Reading,266.100680272,43.281995465,309.382675737
