Instrument,ScoreGroup,Start,Duration,End
Bb Clarinet,Lyrical Etude,13.931972789,96.943310658,110.875283447
Bb Clarinet,Technical Etude,118.363718821,21.710657596,140.074376417
Bb Clarinet,Chromatic Scale,146.750113379,12.016326531,158.76643991
Bb Clarinet,Major Scales,164.687528345,107.102040816,271.78956916100003
Bb Clarinet,Sight-Reading,278.987755102,66.118820862,345.106575964
