Instrument,ScoreGroup,Start,Duration,End
Trumpet,Lyrical Etude,11.88861678,38.26648526,50.15510204
Trumpet,Technical Etude,56.842448979,23.77723356,80.619682539
Trumpet,Chromatic Scale,88.050068027,8.359183673,96.4092517
Trumpet,Major Scales,106.626031746,102.910839002,209.536870748
Trumpet,Sight-Reading,215.852698412,37.337687074,253.190385486
