Instrument,ScoreGroup,Start,Duration,End
Xylophone,Mallet Etude,14.303492,41.360998,55.66449
Snare Drum,Snare Etude,62.786757,82.497007,145.283764
Timpani,Timpani Etude,154.552018,55.343991,209.896009
Xylophone,Chromatic Scale,219.3,8.710998,228.010998
Xylophone,Major Scales,234.057143,110.756009,344.813152
Xylophone,Sight-Reading,349.785397,41.558005,391.34340199999997
Snare Drum,Sight-Reading,396.782585,58.850998,455.633583
