Instrument,ScoreGroup,Start,Duration,End
Flute,Lyrical Etude,13.137354,96.46309,109.600444
Flute,Technical Etude,116.766274,60.633942,177.400216
Flute,Chromatic Scale,185.668481,27.009665,212.67814600000003
Flute,Major Scales,224.253717,119.614232,343.867949
Flute,Sight-Reading,357.648391,80.477778,438.126169
