Instrument,ScoreGroup,Start,Duration,End
Flute,Lyrical Etude,13.931972789,49.458503401,63.39047619
Flute,Technical Etude,70.077823129,31.486258503,101.564081632
Flute,Chromatic Scale,111.037823129,47.50802721,158.545850339
Flute,Major Scales,169.830748299,103.793197278,273.623945577
Flute,Sight-Reading,281.42585034,55.867210884,337.293061224
