Instrument,ScoreGroup,Start,Duration,End
Flute,Lyrical Etude,9.926531,94.82449,104.751021
Flute,Technical Etude,109.322449,38.530612,147.853061
Flute,Chromatic Scale,156.995918,14.497959,171.493877
Flute,Major Scales,178.416327,101.616327,280.032654
Flute,Sight-Reading,282.77551,59.428571,342.204081
