Instrument,ScoreGroup,Start,Duration,End
Bb Clarinet,Lyrical Etude,16.346848,63.715556,80.062404
Bb Clarinet,Technical Etude,88.700227,26.842268,115.542495
Bb Clarinet,Chromatic Scale,123.437279,13.931973,137.36925200000002
Bb Clarinet,Major Scales,147.722449,87.379592,235.102041
Bb Clarinet,Sight-Reading,240.718367,63.738776,304.457143
