Instrument,ScoreGroup,Start,Duration,End
Flute,Lyrical Etude,10.774059,39.845442,50.619501
Flute,Technical Etude,55.727891,23.219955,78.947846
Flute,Chromatic Scale,85.263673,25.35619,110.619863
Flute,Major Scales,115.914014,99.567166,215.48118
Flute,Sight-Reading,219.567891,47.554467,267.122358
