Instrument,ScoreGroup,Start,Duration,End
Bb Clarinet,Lyrical Etude,12.631655328,102.167800453,114.799455781
Bb Clarinet,Technical Etude,121.115283446,51.734058956,172.849342402
Bb Clarinet,Chromatic Scale,178.700770975,11.122358276,189.823129251
Bb Clarinet,Major Scales,195.419138321,102.35356009,297.77269841099996
Bb Clarinet,Sight-Reading,304.645804988,45.603990929,350.24979591700003
