Instrument,ScoreGroup,Start,Duration,End
Bb Clarinet,Lyrical Etude,15.255510204,111.386122449,126.641632653
Bb Clarinet,Technical Etude,132.911020408,39.497142857,172.408163265
Bb Clarinet,Chromatic Scale,179.304489796,12.817414966,192.121904762
Bb Clarinet,Major Scales,199.50585034,115.914013605,315.419863945
Bb Clarinet,Sight-Reading,322.397460317,51.118730159,373.516190476
