Instrument,ScoreGroup,Start,Duration,End
Flute,Lyrical Etude,11.62449,83.461224,95.085714
Flute,Technical Etude,99.395918,49.110204,148.506122
Flute,Chromatic Scale,155.036735,17.763265,172.79999999999998
Flute,Major Scales,178.416327,123.95102,302.367347
Flute,Sight-Reading,304.84898,54.204082,359.05306199999995
