Instrument,ScoreGroup,Start,Duration,End
Bb Clarinet,Lyrical Etude,12.146938775,61.910204081,74.057142856
Bb Clarinet,Technical Etude,78.889795918,53.812244897,132.702040815
Bb Clarinet,Chromatic Scale,141.453061224,41.795918367,183.24897959100002
Bb Clarinet,Major Scales,192.261224489,73.926530612,266.187755101
Bb Clarinet,Sight-Reading,276.506122448,108.408163265,384.91428571299997
