Instrument,ScoreGroup,Start,Duration,End
Bb Clarinet,Lyrical Etude,12.19047619,58.026666667,70.217142857
Bb Clarinet,Technical Etude,74.605714286,56.563809524,131.16952381
Bb Clarinet,Chromatic Scale,137.346031746,20.642539683,157.988571429
Bb Clarinet,Major Scales,164.257959184,105.430204082,269.688163266
Bb Clarinet,Sight-Reading,273.995464853,127.941950113,401.937414966
