Instrument,ScoreGroup,Start,Duration,End
Flute,Lyrical Etude,12.120816,45.557551,57.678366999999994
Flute,Technical Etude,63.808435,31.555918,95.364353
Flute,Chromatic Scale,102.957279,13.165714,116.122993
Flute,Major Scales,124.203537,83.940136,208.14367299999998
Flute,Sight-Reading,217.547755,44.651973,262.199728
