Instrument,ScoreGroup,Start,Duration,End
Alto Saxophone,Lyrical Etude,17.83292517,70.356462585,88.189387755
Alto Saxophone,Technical Etude,95.851972789,37.755646258,133.60761904700001
Alto Saxophone,Chromatic Scale,141.409523809,14.071292517,155.480816326
Alto Saxophone,Major Scales,163.004081632,102.260680272,265.264761904
Alto Saxophone,Sight-Reading,275.295782312,58.514285714,333.81006802599995
