Instrument,ScoreGroup,Start,Duration,End
Bb Clarinet,Lyrical Etude,11.284897959,57.155918367,68.440816326
Bb Clarinet,Technical Etude,71.888979592,22.77877551,94.667755102
Bb Clarinet,Chromatic Scale,99.474285714,16.300408163,115.774693877
Bb Clarinet,Major Scales,120.766984127,104.513015873,225.28
Bb Clarinet,Sight-Reading,232.199546485,51.780498866,283.980045351
