Instrument,ScoreGroup,Start,Duration,End
Bb Clarinet,Lyrical Etude,14.520286,101.294626,115.81491199999999
Bb Clarinet,Technical Etude,125.402469,44.602983,170.005452
Bb Clarinet,Chromatic Scale,176.258207,13.33921,189.597417
Bb Clarinet,Major Scales,196.267022,92.123919,288.390941
Bb Clarinet,Sight-Reading,292.976294,37.516528,330.492822
