Instrument,ScoreGroup,Start,Duration,End
Alto Saxophone,Lyrical Etude,10.123900227,63.750385488,73.874285715
Alto Saxophone,Technical Etude,79.516734694,27.759455782,107.276190476
Alto Saxophone,Chromatic Scale,114.277006803,14.315102041,128.592108844
Alto Saxophone,Major Scales,136.602993197,83.557006803,220.15999999999997
Alto Saxophone,Sight-Reading,224.75755102,39.497142857,264.254693877
