Instrument,ScoreGroup,Start,Duration,End
Xylophone,Mallet Etude,12.817415,37.685986,50.503401
Snare Drum,Snare Etude,57.213968,48.854785,106.068753
Timpani,Timpani Etude,111.502222,48.970884,160.473106
Xylophone,Chromatic Scale,166.347755,6.501587,172.849342
Xylophone,Major Scales,181.672925,105.395374,287.068299
Xylophone,Sight-Reading,293.012608,20.52644,313.539048
Snare Drum,Sight-Reading,320.063855,28.490884,348.554739
