Instrument,ScoreGroup,Start,Duration,End
Bb Clarinet,Lyrical Etude,18.677551,103.314286,121.991837
Bb Clarinet,Technical Etude,129.044898,50.155102,179.2
Bb Clarinet,Chromatic Scale,188.473469,14.367347,202.840816
Bb Clarinet,Major Scales,216.038458,114.056417,330.094875
Bb Clarinet,Sight-Reading,335.296145,73.375057,408.671202
