Instrument,ScoreGroup,Start,Duration,End
Alto Saxophone,Lyrical Etude,11.389387755,84.636734693,96.026122448
Alto Saxophone,Technical Etude,100.623673469,73.97877551,174.602448979
Alto Saxophone,Chromatic Scale,179.2,9.71755102,188.91755102
Alto Saxophone,Major Scales,194.234920634,96.711111111,290.94603174499997
Alto Saxophone,Sight-Reading,295.659682539,55.10095238,350.76063491900004
