Instrument,ScoreGroup,Start,Duration,End
Flute,Lyrical Etude,12.132426304,15.673469388,27.805895692
Flute,Technical Etude,31.985487528,28.096145125,60.081632653
Flute,Chromatic Scale,69.021315193,13.990022676,83.011337869
Flute,Major Scales,93.2861678,68.673015873,161.95918367299998
Flute,Sight-Reading,170.202267574,50.561451247,220.763718821
