Instrument,ScoreGroup,Start,Duration,End
Flute,Lyrical Etude,14.122463,101.223707,115.34617
Flute,Technical Etude,125.880763,47.634685,173.515448
Flute,Chromatic Scale,184.508069,12.824723,197.332792
Flute,Major Scales,206.493308,93.437268,299.93057600000003
Flute,Sight-Reading,306.800963,56.337176,363.138139
