Instrument,ScoreGroup,Start,Duration,End
Bb Clarinet,Lyrical Etude,9.264761905,103.70031746,112.965079365
Bb Clarinet,Technical Etude,117.10984127,45.592380952,162.702222222
Bb Clarinet,Chromatic Scale,168.553650794,11.377777778,179.931428572
Bb Clarinet,Major Scales,185.051428571,106.161632653,291.213061224
Bb Clarinet,Sight-Reading,294.347755102,74.919183673,369.266938775
