Instrument,ScoreGroup,Start,Duration,End
Bb Clarinet,Lyrical Etude,10.840816,85.289796,96.130612
Bb Clarinet,Technical Etude,101.877551,52.244898,154.122449
Bb Clarinet,Chromatic Scale,160.0,16.065306,176.065306
Bb Clarinet,Major Scales,182.073469,106.579592,288.653061
Bb Clarinet,Sight-Reading,294.008163,61.518367,355.52653000000004
