Instrument,ScoreGroup,Start,Duration,End
Alto Saxophone,Lyrical Etude,12.631655328,100.681723356,113.31337868400001
Alto Saxophone,Technical Etude,119.071927437,47.55446712,166.626394557
Alto Saxophone,Chromatic Scale,174.614058956,14.117732426,188.731791382
Alto Saxophone,Major Scales,194.490340136,124.458956916,318.949297052
Alto Saxophone,Sight-Reading,323.964807256,106.440272108,430.40507936399996
