Instrument,ScoreGroup,Start,Duration,End
Flute,Lyrical Etude,16.904126984,62.415238095,79.319365079
Flute,Technical Etude,86.563990929,25.07755102,111.641541949
Flute,Chromatic Scale,122.229841269,19.319002267,141.548843536
Flute,Major Scales,150.279546485,112.198820861,262.478367346
Flute,Sight-Reading,269.722993197,61.486439909,331.209433106
