Instrument,ScoreGroup,Start,Duration,End
Bb Clarinet,Lyrical Etude,15.412244897,109.714285714,125.12653061099999
Bb Clarinet,Technical Etude,131.657142857,62.95510204,194.61224489699998
Bb Clarinet,Chromatic Scale,203.221043083,13.003174603,216.224217686
Bb Clarinet,Major Scales,224.769160997,113.220498866,337.989659863
Bb Clarinet,Sight-Reading,343.562448979,53.49877551,397.061224489
