Instrument,ScoreGroup,Start,Duration,End
Bb Clarinet,Lyrical Etude,9.380861678,46.068390022,55.449251700000005
Bb Clarinet,Technical Etude,58.978684807,26.37786848,85.356553287
Bb Clarinet,Chromatic Scale,91.951020408,12.167256235,104.118276643
Bb Clarinet,Major Scales,111.177142857,94.551655328,205.72879818500002
Bb Clarinet,Sight-Reading,209.165351473,46.718548752,255.883900225
