Instrument,ScoreGroup,Start,Duration,End
Bb Clarinet,Lyrical Etude,12.213696145,109.783945578,121.997641723
Bb Clarinet,Technical Etude,129.915646259,98.568707483,228.484353742
Bb Clarinet,Chromatic Scale,236.889977324,14.675011338,251.564988662
Bb Clarinet,Major Scales,258.832834467,104.582675737,363.415510204
Bb Clarinet,Sight-Reading,368.384580499,70.611882086,438.99646258499996
