Instrument,ScoreGroup,Start,Duration,End
Flute,Lyrical Etude,13.815873015,65.015873015,78.83174602999999
Flute,Technical Etude,85.17079365,21.13015873,106.30095238
Flute,Chromatic Scale,110.852063492,18.204444444,129.056507936
Flute,Major Scales,135.72063492,79.806984126,215.527619046
Flute,Sight-Reading,219.266031746,58.676825396,277.942857142
