Instrument,ScoreGroup,Start,Duration,End
Bb Clarinet,Lyrical Etude,16.346848072,103.468117913,119.814965985
Bb Clarinet,Technical Etude,126.502312925,69.288344671,195.79065759600002
Bb Clarinet,Chromatic Scale,206.007437641,13.746213151,219.753650792
Bb Clarinet,Major Scales,227.927074829,100.681723356,328.608798185
Bb Clarinet,Sight-Reading,337.339501133,41.424399092,378.763900225
