Instrument,ScoreGroup,Start,Duration,End
Alto Saxophone,Lyrical Etude,13.272721,86.093328,99.366049
Alto Saxophone,Technical Etude,107.114449,58.973929,166.08837799999998
Alto Saxophone,Chromatic Scale,172.545378,18.079599,190.624977
Alto Saxophone,Major Scales,198.803842,91.689394,290.493236
Alto Saxophone,Sight-Reading,297.380703,45.629464,343.01016699999997
