Instrument,ScoreGroup,Start,Duration,End
Flute,Lyrical Etude,16.137868481,54.961632653,71.09950113400001
Flute,Technical Etude,82.802358277,26.006349206,108.80870748299999
Flute,Chromatic Scale,117.887709751,19.760181406,137.647891157
Flute,Major Scales,146.35537415,86.935510204,233.29088435399999
Flute,Sight-Reading,239.629931973,51.455419501,291.085351474
