Instrument,ScoreGroup,Start,Duration,End
Alto Saxophone,Lyrical Etude,12.678095238,53.359455782,66.03755102
Alto Saxophone,Technical Etude,71.958639456,42.353197279,114.311836735
Alto Saxophone,Chromatic Scale,122.949659864,7.430385488,130.380045352
Alto Saxophone,Major Scales,139.250068027,91.81170068,231.061768707
Alto Saxophone,Sight-Reading,236.472018141,44.071473923,280.543492064
