Instrument,ScoreGroup,Start,Duration,End
Flute,Lyrical Etude,9.404081633,33.227755102,42.63183673500001
Flute,Technical Etude,49.319183673,45.035102041,94.354285714
Flute,Chromatic Scale,99.474285714,41.586938776,141.06122449
Flute,Major Scales,147.260952381,139.133968254,286.394920635
Flute,Sight-Reading,289.970793651,93.947936508,383.918730159
