Instrument,ScoreGroup,Start,Duration,End
Flute,Lyrical Etude,7.616145124,55.170612244,62.786757367999996
Flute,Technical Etude,66.501950113,22.105396825,88.607346938
Flute,Chromatic Scale,94.737414965,17.693605442,112.431020407
Flute,Major Scales,119.118367346,116.401632653,235.519999999
Flute,Sight-Reading,237.400816326,57.469387755,294.870204081
