Instrument,ScoreGroup,Start,Duration,End
Bb Clarinet,Lyrical Etude,14.303492063,114.24217687,128.545668933
Bb Clarinet,Technical Etude,135.047256235,57.028208616,192.075464851
Bb Clarinet,Chromatic Scale,198.948571428,13.18893424,212.13750566800002
Bb Clarinet,Major Scales,219.753650793,110.526984126,330.280634919
Bb Clarinet,Sight-Reading,335.481904761,33.065215419,368.54712018
