Instrument,ScoreGroup,Start,Duration,End
Alto Saxophone,Lyrical Etude,12.910294785,72.626213152,85.53650793700001
Alto Saxophone,Technical Etude,92.200634921,28.525714286,120.726349207
Alto Saxophone,Chromatic Scale,130.194285714,10.158730159,140.35301587299998
Alto Saxophone,Major Scales,148.48,59.936507937,208.416507937
Alto Saxophone,Sight-Reading,214.349206349,50.874920635,265.224126984
