Instrument,ScoreGroup,Start,Duration,End
Alto Saxophone,Lyrical Etude,12.329795918,75.464852608,87.794648526
Alto Saxophone,Technical Etude,98.731247166,39.334603175,138.065850341
Alto Saxophone,Chromatic Scale,154.668117914,11.470657596,166.13877551
Alto Saxophone,Major Scales,177.795192744,113.847437642,291.642630386
Alto Saxophone,Sight-Reading,300.860952381,60.627301587,361.488253968
