Instrument,ScoreGroup,Start,Duration,End
Xylophone,Mallet Etude,12.408163,49.240816,61.648979000000004
Snare Drum,Snare Etude,66.742857,103.053061,169.795918
Timpani,Timpani Etude,178.546939,104.097959,282.644898
Xylophone,Chromatic Scale,291.64263,10.30966,301.95229
Xylophone,Major Scales,308.175238,96.223492,404.39873
Xylophone,Sight-Reading,410.906122,80.979592,491.885714
Snare Drum,Sight-Reading,498.393107,54.706213,553.09932
