Instrument,ScoreGroup,Start,Duration,End
Flute,Lyrical Etude,14.860771,68.731066,83.591837
Flute,Technical Etude,89.907664,51.641179,141.548843
Flute,Chromatic Scale,150.279546,13.560454,163.84
Flute,Major Scales,171.270385,103.096599,274.366984
Flute,Sight-Reading,279.382494,38.638005,318.02049900000003
