Instrument,ScoreGroup,Start,Duration,End
Flute,Lyrical Etude,23.73079365,53.15047619,76.88126984
Flute,Technical Etude,82.082539682,23.893333333,105.975873015
Flute,Chromatic Scale,115.078095238,13.978412698,129.056507936
Flute,Major Scales,135.72063492,66.153650793,201.874285713
Flute,Sight-Reading,205.45015873,44.86095238,250.31111111
