Instrument,ScoreGroup,Start,Duration,End
Bb Clarinet,Lyrical Etude,13.096054,60.000363,73.096417
Bb Clarinet,Technical Etude,77.740408,28.885624,106.62603200000001
Bb Clarinet,Chromatic Scale,114.427937,16.346848,130.774785
Bb Clarinet,Major Scales,140.620045,118.886168,259.506213
Bb Clarinet,Sight-Reading,263.964444,66.31619,330.280634
