Instrument,ScoreGroup,Start,Duration,End
Bb Clarinet,Lyrical Etude,15.639715,118.185519,133.825234
Bb Clarinet,Technical Etude,147.013317,44.129357,191.142674
Bb Clarinet,Chromatic Scale,200.272885,16.231488,216.504373
Bb Clarinet,Major Scales,221.576713,122.24339,343.820103
Bb Clarinet,Sight-Reading,353.964783,47.172761,401.137544
