Instrument,ScoreGroup,Start,Duration,End
Flute,Lyrical Etude,14.558911565,62.415238095,76.97414966
Flute,Technical Etude,84.009795918,20.897959184,104.907755102
Flute,Chromatic Scale,114.799455782,10.959818594,125.759274376
Flute,Major Scales,135.314285714,94.98122449,230.29551020399998
Flute,Sight-Reading,240.431020408,79.307755102,319.73877551
