Instrument,ScoreGroup,Start,Duration,End
Flute,Lyrical Etude,10.332879819,51.72244898,62.055328799
Flute,Technical Etude,66.803809524,52.244897959,119.048707483
Flute,Chromatic Scale,124.691156463,15.18585034,139.877006803
Flute,Major Scales,145.449795918,119.118367347,264.568163265
Flute,Sight-Reading,269.897142857,66.977959184,336.875102041
