Instrument,ScoreGroup,Start,Duration,End
Alto Saxophone,Lyrical Etude,14.326712018,42.028117913,56.354829931000005
Alto Saxophone,Technical Etude,64.505034013,26.540408163,91.045442176
Alto Saxophone,Chromatic Scale,104.814875281,16.370068027,121.184943308
Alto Saxophone,Major Scales,129.010068021,59.582403628,188.592471649
Alto Saxophone,Sight-Reading,196.347936501,50.758820861,247.106757362
