Instrument,ScoreGroup,Start,Duration,End
Bb Clarinet,Lyrical Etude,18.854603175,63.553015873,82.407619048
Bb Clarinet,Technical Etude,91.022222222,26.819047619,117.841269841
Bb Clarinet,Chromatic Scale,126.293333333,20.48,146.773333333
Bb Clarinet,Major Scales,158.638730159,103.096598639,261.735328798
Bb Clarinet,Sight-Reading,267.865396825,54.799092971,322.664489796
