Instrument,ScoreGroup,Start,Duration,End
Flute,Lyrical Etude,13.453061,80.065306,93.51836700000001
Flute,Technical Etude,99.918367,25.469388,125.387755
Flute,Chromatic Scale,132.310204,18.546939,150.857143
Flute,Major Scales,160.310567,114.799456,275.110023
Flute,Sight-Reading,278.082177,38.823764,316.905941
