Instrument,ScoreGroup,Start,Duration,End
Flute,Lyrical Etude,10.14064,121.243564,131.384204
Flute,Technical Etude,135.381244,46.63214,182.013384
Flute,Chromatic Scale,190.895696,11.547006,202.442702
Flute,Major Scales,207.77209,98.149552,305.921642
Flute,Sight-Reading,313.915723,39.970406,353.886129
