Instrument,ScoreGroup,Start,Duration,End
Bb Clarinet,Lyrical Etude,12.167256,60.162902,72.330158
Bb Clarinet,Technical Etude,78.460227,72.980317,151.440544
Bb Clarinet,Chromatic Scale,164.931338,13.374694,178.30603200000002
Bb Clarinet,Major Scales,185.620317,89.652245,275.272562
Bb Clarinet,Sight-Reading,281.100771,61.37034,342.471111
