Instrument,ScoreGroup,Start,Duration,End
Flute,Lyrical Etude,10.031020408,48.796734693,58.827755100999994
Flute,Technical Etude,83.069387755,32.287346938,115.35673469299999
Flute,Chromatic Scale,122.253061224,31.555918367,153.808979591
Flute,Major Scales,164.768798185,117.771609977,282.540408162
Flute,Sight-Reading,286.627120181,73.003537414,359.630657595
