Instrument,ScoreGroup,Start,Duration,End
Bb Clarinet,Lyrical Etude,13.688163265,40.228571429,53.916734694
Bb Clarinet,Technical Etude,60.708571429,35.108571429,95.81714285800001
Bb Clarinet,Chromatic Scale,103.235918367,16.822857143,120.05877551
Bb Clarinet,Major Scales,125.387755102,85.054693878,210.44244898
Bb Clarinet,Sight-Reading,215.353469388,46.915918367,262.269387755
