Instrument,ScoreGroup,Start,Duration,End
Flute,Lyrical Etude,14.486615,193.507345,207.99396
Flute,Technical Etude,213.069563,100.8776,313.947163
Flute,Chromatic Scale,322.195017,17.764609,339.959626
Flute,Major Scales,346.304129,99.608699,445.912828
Flute,Sight-Reading,452.257331,52.659376,504.91670700000003
