Instrument,ScoreGroup,Start,Duration,End
Xylophone,Mallet Etude,12.353016,60.000363,72.353379
Snare Drum,Snare Etude,77.453061,62.82449,140.27755100000002
Timpani,Timpani Etude,147.722449,55.24898,202.971429
Xylophone,Chromatic Scale,212.244898,8.228571,220.473469
Xylophone,Major Scales,227.004082,95.085714,322.089796
Xylophone,Sight-Reading,327.57551,58.77551,386.35102
Snare Drum,Sight-Reading,390.280998,28.328345,418.609343
