Instrument,ScoreGroup,Start,Duration,End
Alto Saxophone,Lyrical Etude,13.583673,117.167891,130.751564
Alto Saxophone,Technical Etude,135.836735,27.678186,163.51492100000002
Alto Saxophone,Chromatic Scale,170.411247,15.836009,186.247256
Alto Saxophone,Major Scales,193.236463,88.235828,281.472291
Alto Saxophone,Sight-Reading,291.062132,58.212426,349.274558
