Instrument,ScoreGroup,Start,Duration,End
Flute,Lyrical Etude,16.997006803,55.170612245,72.167619048
Flute,Technical Etude,77.043809524,24.659591837,101.703401361
Flute,Chromatic Scale,108.530068027,12.120816327,120.650884354
Flute,Major Scales,128.034829932,110.062585034,238.097414966
Flute,Sight-Reading,244.088163265,49.179863946,293.268027211
