Instrument,ScoreGroup,Start,Duration,End
Xylophone,Mallet Etude,12.469116,87.02839,99.497506
Snare Drum,Snare Etude,108.158549,122.578141,230.73669
Timpani,Timpani Etude,238.468934,60.464762,298.933696
Xylophone,Chromatic Scale,308.639637,10.0078,318.64743699999997
Xylophone,Major Scales,327.86576,104.048617,431.914377
Xylophone,Sight-Reading,442.154376,29.396463,471.550839
Snare Drum,Sight-Reading,480.420862,28.328345,508.749207
