Instrument,ScoreGroup,Start,Duration,End
Flute,Lyrical Etude,7.941224489,53.289795918,61.231020407
Flute,Technical Etude,65.724081632,30.19755102,95.921632652
Flute,Chromatic Scale,101.87755102,21.211428571,123.088979591
Flute,Major Scales,129.335147392,84.288435374,213.62358276600003
Flute,Sight-Reading,219.776870748,62.809977324,282.586848072
