Instrument,ScoreGroup,Start,Duration,End
Bb Clarinet,Lyrical Etude,13.444353741,71.494240363,84.938594104
Bb Clarinet,Technical Etude,91.16154195,33.785034014,124.946575964
Bb Clarinet,Chromatic Scale,131.448163265,19.922721088,151.370884353
Bb Clarinet,Major Scales,159.056689342,124.52861678,283.585306122
Bb Clarinet,Sight-Reading,288.809795918,92.647619048,381.457414966
