Instrument,ScoreGroup,Start,Duration,End
Xylophone,Mallet Etude,13.142494,79.923084,93.065578
Snare Drum,Snare Etude,100.147664,110.921723,211.069387
Timpani,Timpani Etude,218.008163,41.436735,259.44489799999997
Xylophone,Chromatic Scale,265.991837,5.730612,271.722449
Xylophone,Major Scales,279.57551,103.232653,382.80816300000004
Xylophone,Sight-Reading,389.567347,56.408163,445.97551
Snare Drum,Sight-Reading,452.016327,34.82449,486.840817
