Instrument,ScoreGroup,Start,Duration,End
Alto Saxophone,Lyrical Etude,14.628571428,198.995011337,213.62358276499998
Alto Saxophone,Technical Etude,218.964172335,57.353287981,276.317460316
Alto Saxophone,Chromatic Scale,283.980045351,10.216780045,294.196825396
Alto Saxophone,Major Scales,301.395011337,88.235827664,389.630839001
Alto Saxophone,Sight-Reading,394.739229024,47.136507936,441.87573696
