Instrument,ScoreGroup,Start,Duration,End
Alto Saxophone,Lyrical Etude,16.927346938,66.142040816,83.069387754
Alto Saxophone,Technical Etude,89.234285714,25.182040816,114.41632652999999
Alto Saxophone,Chromatic Scale,122.253061224,11.807346938,134.06040816200002
Alto Saxophone,Major Scales,142.210612244,47.020408163,189.23102040700002
Alto Saxophone,Sight-Reading,193.410612244,50.259591836,243.67020408
