Instrument,ScoreGroup,Start,Duration,End
Bb Clarinet,Lyrical Etude,10.890159,76.532971,87.42313
Bb Clarinet,Technical Etude,92.949478,66.36263,159.312108
Bb Clarinet,Chromatic Scale,166.649615,14.048073,180.697688
Bb Clarinet,Major Scales,188.337052,83.940136,272.277188
Bb Clarinet,Sight-Reading,277.757098,44.884172,322.64126999999996
