Instrument,ScoreGroup,Start,Duration,End
Flute,Lyrical Etude,14.140952381,55.263492063,69.404444444
Flute,Technical Etude,77.856507937,22.105396825,99.961904762
Flute,Chromatic Scale,109.064126984,13.978412698,123.042539682
Flute,Major Scales,133.445079365,98.336507937,231.781587302
Flute,Sight-Reading,237.307936508,37.709206349,275.017142857
