Instrument,ScoreGroup,Start,Duration,End
Flute,Lyrical Etude,11.755102,69.22449,80.979592
Flute,Technical Etude,88.293878,25.6,113.893878
Flute,Chromatic Scale,121.469388,15.15102,136.620408
Flute,Major Scales,143.15102,115.722449,258.873469
Flute,Sight-Reading,266.187755,58.514286,324.702041
