Instrument,ScoreGroup,Start,Duration,End
Trumpet,Lyrical Etude,12.260136054,41.981678004,54.241814058
Trumpet,Technical Etude,58.700045351,55.356371882,114.05641723299999
Trumpet,Chromatic Scale,121.115283446,17.089886621,138.205170067
Trumpet,Major Scales,144.892517006,101.424761904,246.31727890999997
Trumpet,Sight-Reading,253.387755102,88.946938775,342.334693877
