Instrument,ScoreGroup,Start,Duration,End
Alto Saxophone,Lyrical Etude,11.911836735,77.740408163,89.65224489799999
Alto Saxophone,Technical Etude,95.399183673,84.74122449,180.140408163
Alto Saxophone,Chromatic Scale,186.038276644,8.823582766,194.86185941
Alto Saxophone,Major Scales,201.247346939,91.951020408,293.19836734700004
Alto Saxophone,Sight-Reading,298.422857143,59.652063492,358.074920635
