Instrument,ScoreGroup,Start,Duration,End
Bb Clarinet,Lyrical Etude,13.033671,104.401689,117.43536
Bb Clarinet,Technical Etude,125.374652,33.741991,159.116643
Bb Clarinet,Chromatic Scale,166.262006,11.908938,178.17094400000002
Bb Clarinet,Major Scales,184.125412,90.904893,275.030305
Bb Clarinet,Sight-Reading,278.206022,38.902531,317.10855300000003
