Instrument,ScoreGroup,Start,Duration,End
Flute,Lyrical Etude,12.724535147,44.025034014,56.749569161
Flute,Technical Etude,64.667573696,26.145668934,90.81324263
Flute,Chromatic Scale,100.44952381,9.729160998,110.178684808
Flute,Major Scales,120.279365079,103.096598639,223.375963718
Flute,Sight-Reading,231.247528345,44.535873016,275.783401361
