Instrument,ScoreGroup,Start,Duration,End
Trumpet,Lyrical Etude,13.374693877,44.582312925,57.957006801999995
Trumpet,Technical Etude,65.758911564,24.520272108,90.279183672
Trumpet,Chromatic Scale,98.452607709,11.88861678,110.34122448900001
Trumpet,Major Scales,117.028571428,97.70956916,214.73814058800002
Trumpet,Sight-Reading,220.310929705,50.15510204,270.466031745
