Instrument,ScoreGroup,Start,Duration,End
Flute,Lyrical Etude,13.003174603,53.475555556,66.47873015900001
Flute,Technical Etude,73.63047619,19.017142857,92.64761904699999
Flute,Chromatic Scale,98.011428571,11.702857143,109.714285714
Flute,Major Scales,115.403174603,88.746666667,204.14984127
Flute,Sight-Reading,208.375873016,43.398095238,251.773968254
