Instrument,ScoreGroup,Start,Duration,End
Bb Clarinet,Lyrical Etude,8.881632653,40.097959183,48.979591836
Bb Clarinet,Technical Etude,54.465306122,53.551020408,108.01632653
Bb Clarinet,Chromatic Scale,116.244897959,19.2,135.444897959
Bb Clarinet,Major Scales,143.151020408,97.828571428,240.979591836
Bb Clarinet,Sight-Reading,246.204081632,70.661224489,316.865306121
