Instrument,ScoreGroup,Start,Duration,End
Alto Saxophone,Lyrical Etude,14.733061224,98.115918367,112.848979591
Alto Saxophone,Technical Etude,122.148571428,89.129795918,211.27836734599998
Alto Saxophone,Chromatic Scale,220.368979591,10.971428571,231.340408162
Alto Saxophone,Major Scales,240.222040816,101.041632653,341.26367346899997
Alto Saxophone,Sight-Reading,349.413877551,62.066938775,411.48081632599997
