Instrument,ScoreGroup,Start,Duration,End
Bb Clarinet,Lyrical Etude,18.580457,84.958967,103.539424
Bb Clarinet,Technical Etude,115.143576,33.983587,149.127163
Bb Clarinet,Chromatic Scale,158.24471,11.604152,169.848862
Bb Clarinet,Major Scales,177.723107,107.338402,285.061509
Bb Clarinet,Sight-Reading,292.935755,37.713493,330.64924799999994
