Instrument,ScoreGroup,Start,Duration,End
Flute,Lyrical Etude,10.774059,27.678186,38.452245
Flute,Technical Etude,43.096236,26.192109,69.28834499999999
Flute,Chromatic Scale,75.789932,17.461406,93.25133799999999
Flute,Major Scales,100.310204,78.762086,179.07229
Flute,Sight-Reading,183.159002,32.693696,215.85269799999998
