Instrument,ScoreGroup,Start,Duration,End
Bb Clarinet,Lyrical Etude,13.931972789,67.848707483,81.780680272
Bb Clarinet,Technical Etude,95.15537415,29.535782313,124.691156463
Bb Clarinet,Chromatic Scale,135.558095238,12.678095238,148.236190476
Bb Clarinet,Major Scales,157.013333333,65.898231293,222.91156462599997
Bb Clarinet,Sight-Reading,226.533877551,61.718639456,288.252517007
