Instrument,ScoreGroup,Start,Duration,End
Bb Clarinet,Lyrical Etude,10.318367346,45.583673469,55.902040815
Bb Clarinet,Technical Etude,60.865306122,25.469387755,86.334693877
Bb Clarinet,Chromatic Scale,93.257142857,11.885714285,105.14285714200001
Bb Clarinet,Major Scales,111.673469387,101.87755102,213.551020407
Bb Clarinet,Sight-Reading,217.6,45.714285714,263.314285714
