Instrument,ScoreGroup,Start,Duration,End
French Horn,Lyrical Etude,14.977878,93.486084,108.46396200000001
French Horn,Technical Etude,116.907866,87.454724,204.36259
French Horn,Chromatic Scale,212.806495,17.490945,230.29744000000002
French Horn,Major Scales,241.153888,181.543944,422.697832
French Horn,Sight-Reading,429.935464,48.854018,478.789482
