Instrument,ScoreGroup,Start,Duration,End
Flute,Lyrical Etude,7.89478458,51.316099773,59.210884353
Flute,Technical Etude,66.176870748,27.399546485,93.576417233
Flute,Chromatic Scale,94.969614512,14.164172335,109.13378684700001
Flute,Major Scales,109.830385487,116.796371882,226.62675736900002
Flute,Sight-Reading,227.555555555,57.585487528,285.141043083
