Instrument,ScoreGroup,Start,Duration,End
Flute,Lyrical Etude,9.926530612,26.801632653,36.728163265
Flute,Technical Etude,42.004897959,28.107755102,70.112653061
Flute,Chromatic Scale,77.635918367,20.532244898,98.168163265
Flute,Major Scales,104.838095238,84.810884354,189.648979592
Flute,Sight-Reading,196.673015873,55.089342404,251.762358277
