Instrument,ScoreGroup,Start,Duration,End
Alto Saxophone,Lyrical Etude,12.283356009,60.859501134,73.142857143
Alto Saxophone,Technical Etude,81.687800454,48.785124717,130.47292517099999
Alto Saxophone,Chromatic Scale,137.810430839,8.93968254,146.750113379
Alto Saxophone,Major Scales,153.669659864,95.132154195,248.801814059
Alto Saxophone,Sight-Reading,255.373061224,64.063854875,319.436916099
