Instrument,ScoreGroup,Start,Duration,End
Bb Clarinet,Lyrical Etude,11.215238095,43.235555556,54.450793651
Bb Clarinet,Technical Etude,58.189206349,40.30984127,98.49904761900001
Bb Clarinet,Chromatic Scale,104.025396825,21.617777778,125.643174603
Bb Clarinet,Major Scales,130.844444444,74.768253968,205.612698412
Bb Clarinet,Sight-Reading,210.651428571,57.701587302,268.353015873
