Instrument,ScoreGroup,Start,Duration,End
Xylophone,Mallet Etude,11.911837,95.619773,107.53161
Snare Drum,Snare Etude,116.262313,95.944853,212.207166
Timpani,Timpani Etude,218.894512,78.599546,297.494058
Xylophone,Chromatic Scale,305.086984,10.797279,315.884263
Xylophone,Major Scales,329.049977,88.974512,418.024489
Xylophone,Sight-Reading,434.269388,228.42449,662.693878
Snare Drum,Sight-Reading,671.62449,51.036735,722.6612250000001
