Instrument,ScoreGroup,Start,Duration,End
Bb Clarinet,Lyrical Etude,19.319002267,79.505124716,98.824126983
Bb Clarinet,Technical Etude,102.35356009,52.012698412,154.366258502
Bb Clarinet,Chromatic Scale,160.867845804,17.461405895,178.329251699
Bb Clarinet,Major Scales,186.316916099,122.787120181,309.10403628
Bb Clarinet,Sight-Reading,313.74802721,52.569977324,366.31800453399995
