Instrument,ScoreGroup,Start,Duration,End
Xylophone,Mallet Etude,12.260136,66.47873,78.738866
Snare Drum,Snare Etude,84.102676,44.860952,128.963628
Timpani,Timpani Etude,134.559637,43.908934,178.468571
Xylophone,Chromatic Scale,187.361814,7.105306,194.46712000000002
Xylophone,Major Scales,201.758186,93.762177,295.520363
Xylophone,Sight-Reading,304.785125,21.199819,325.984944
Snare Drum,Sight-Reading,334.088707,27.585306,361.674013
