Instrument,ScoreGroup,Start,Duration,End
Alto Saxophone,Lyrical Etude,11.911836735,54.636553288,66.548390023
Alto Saxophone,Technical Etude,75.371972789,28.142585034,103.51455782299999
Alto Saxophone,Chromatic Scale,111.362902494,7.267845805,118.630748299
Alto Saxophone,Major Scales,124.621496599,89.071746032,213.69324263099998
Alto Saxophone,Sight-Reading,217.710294785,32.322176871,250.032471656
