Instrument,ScoreGroup,Start,Duration,End
Bb Clarinet,Lyrical Etude,12.016327,116.636735,128.653062
Bb Clarinet,Technical Etude,134.530612,60.212245,194.742857
Bb Clarinet,Chromatic Scale,201.926531,19.983673,221.91020400000002
Bb Clarinet,Major Scales,230.34195,118.143129,348.485079
Bb Clarinet,Sight-Reading,353.872109,64.644354,418.51646300000004
