Instrument,ScoreGroup,Start,Duration,End
Bb Clarinet,Lyrical Etude,15.78956916,93.80861678,109.59818594
Bb Clarinet,Technical Etude,115.542494331,52.384217687,167.926712018
Bb Clarinet,Chromatic Scale,177.214693877,12.074376417,189.289070294
Bb Clarinet,Major Scales,196.719455782,101.610521541,298.329977323
Bb Clarinet,Sight-Reading,304.088526077,32.693696145,336.782222222
