Instrument,ScoreGroup,Start,Duration,End
Flute,Lyrical Etude,11.621587302,65.178412698,76.8
Flute,Technical Etude,83.940136054,42.028117914,125.968253968
Flute,Chromatic Scale,132.760090703,16.4861678,149.246258503
Flute,Major Scales,155.852335601,124.83047619,280.682811791
Flute,Sight-Reading,286.72,60.882721088,347.602721088
