Instrument,ScoreGroup,Start,Duration,End
Flute,Lyrical Etude,10.565079365,55.751111111,66.316190476
Flute,Technical Etude,72.167619047,34.295873015,106.463492062
Flute,Chromatic Scale,113.127619047,58.189206349,171.316825396
Flute,Major Scales,177.33079365,123.367619047,300.698412697
Flute,Sight-Reading,303.949206349,55.10095238,359.05015872900003
