Instrument,ScoreGroup,Start,Duration,End
Bb Clarinet,Lyrical Etude,11.807346939,82.546938776,94.354285715
Bb Clarinet,Technical Etude,103.862857143,34.168163265,138.031020408
Bb Clarinet,Chromatic Scale,144.927346939,13.688163265,158.61551020399997
Bb Clarinet,Major Scales,164.536598639,111.316462585,275.853061224
Bb Clarinet,Sight-Reading,281.182040816,66.142040816,347.324081632
