Instrument,ScoreGroup,Start,Duration,End
Alto Saxophone,Lyrical Etude,10.983038549,75.580952381,86.56399093
Alto Saxophone,Technical Etude,93.529977324,42.30675737,135.836734694
Alto Saxophone,Chromatic Scale,142.895600907,11.88861678,154.784217687
Alto Saxophone,Major Scales,160.960725624,110.619863946,271.58058957
Alto Saxophone,Sight-Reading,280.288072562,48.042086168,328.33015873
