Instrument,ScoreGroup,Start,Duration,End
Flute,Lyrical Etude,13.931973,67.802268,81.734241
Flute,Technical Etude,88.793107,42.353197,131.14630400000001
Flute,Chromatic Scale,137.647891,12.817415,150.465306
Flute,Major Scales,160.310567,93.065578,253.376145
Flute,Sight-Reading,260.249252,43.839274,304.088526
