Instrument,ScoreGroup,Start,Duration,End
Flute,Lyrical Etude,11.981496598,52.244897959,64.22639455699999
Flute,Technical Etude,67.98802721,24.38095238,92.36897959
Flute,Chromatic Scale,98.081088435,16.997006802,115.078095237
Flute,Major Scales,120.18648526,119.629206349,239.815691609
Flute,Sight-Reading,242.787845804,64.087074829,306.874920633
