Instrument,ScoreGroup,Start,Duration,End
Flute,Lyrical Etude,10.971429,101.616327,112.587756
Flute,Technical Etude,119.379592,44.930612,164.310204
Flute,Chromatic Scale,170.44898,13.583673,184.032653
Flute,Major Scales,192.261224,109.453061,301.714285
Flute,Sight-Reading,305.502041,51.591837,357.093878
