Instrument,ScoreGroup,Start,Duration,End
Bb Clarinet,Lyrical Etude,16.718367,99.752925,116.471292
Bb Clarinet,Technical Etude,122.78712,70.402902,193.190022
Bb Clarinet,Chromatic Scale,200.434649,18.947483,219.382132
Bb Clarinet,Major Scales,224.769161,117.95737,342.726531
Bb Clarinet,Sight-Reading,348.11356,56.842449,404.956009
