Instrument,ScoreGroup,Start,Duration,End
Flute,Lyrical Etude,12.8,96.0,108.8
Flute,Technical Etude,112.84898,49.632653,162.481633
Flute,Chromatic Scale,167.967347,12.146939,180.114286
Flute,Major Scales,184.163265,108.277551,292.440816
Flute,Sight-Reading,297.404082,69.355102,366.759184
