Instrument,ScoreGroup,Start,Duration,End
Trumpet,Lyrical Etude,12.260136054,40.124081632,52.384217686
Trumpet,Technical Etude,56.842448979,24.520272108,81.362721087
Trumpet,Chromatic Scale,86.465306122,12.8,99.265306122
Trumpet,Major Scales,108.146938775,116.767346938,224.914285713
Trumpet,Sight-Reading,229.093877551,45.975510204,275.069387755
