Instrument,ScoreGroup,Start,Duration,End
Bb Clarinet,Lyrical Etude,15.412244897,56.293877551,71.706122448
Bb Clarinet,Technical Etude,75.885714285,27.559183673,103.44489795800001
Bb Clarinet,Chromatic Scale,109.583673469,12.669387755,122.253061224
Bb Clarinet,Major Scales,129.959183673,108.8,238.759183673
Bb Clarinet,Sight-Reading,242.808163265,50.41632653,293.224489795
