Instrument,ScoreGroup,Start,Duration,End
Flute,Lyrical Etude,12.631655,36.03737,48.669025000000005
Flute,Technical Etude,53.127256,38.638005,91.76526100000001
Flute,Chromatic Scale,100.571429,21.681633,122.253062
Flute,Major Scales,130.873469,113.110204,243.983673
Flute,Sight-Reading,253.910204,57.208163,311.118367
