Instrument,ScoreGroup,Start,Duration,End
Xylophone,Mallet Etude,10.21678,43.003356,53.220136
Snare Drum,Snare Etude,58.792925,51.45542,110.248345
Timpani,Timpani Etude,118.334694,71.706122,190.040816
Xylophone,Chromatic Scale,198.563265,8.979592,207.542857
Xylophone,Major Scales,212.897959,82.677551,295.57551
Xylophone,Sight-Reading,307.617959,163.282721,470.90067999999997
Snare Drum,Sight-Reading,477.588027,50.433741,528.0217680000001
