Instrument,ScoreGroup,Start,Duration,End
Bb Clarinet,Lyrical Etude,17.18276644,106.579591837,123.762358277
Bb Clarinet,Technical Etude,129.056507937,50.712380952,179.76888888899998
Bb Clarinet,Chromatic Scale,187.083174603,14.303492063,201.386666666
Bb Clarinet,Major Scales,208.050793651,118.979047619,327.02984127
Bb Clarinet,Sight-Reading,332.068571429,55.426031746,387.49460317499995
