Instrument,ScoreGroup,Start,Duration,End
Bb Clarinet,Lyrical Etude,10.031020408,89.466485261,99.497505669
Bb Clarinet,Technical Etude,105.952653061,49.2030839,155.155736961
Bb Clarinet,Chromatic Scale,161.54122449,11.517097506,173.058321996
Bb Clarinet,Major Scales,179.815328798,100.310204082,280.12553288
Bb Clarinet,Sight-Reading,284.932063492,71.262040816,356.19410430799996
