Instrument,ScoreGroup,Start,Duration,End
Flute,Lyrical Etude,10.58829932,50.340861678,60.929160998
Flute,Technical Etude,65.38739229,26.563628118,91.95102040799999
Flute,Chromatic Scale,98.081088435,16.346848073,114.427936508
Flute,Major Scales,120.372244898,114.427936508,234.800181406
Flute,Sight-Reading,239.629931973,52.755736961,292.385668934
