Instrument,ScoreGroup,Start,Duration,End
Bb Clarinet,Lyrical Etude,19.226122449,54.648163265,73.874285714
Bb Clarinet,Technical Etude,82.860408163,35.526530612,118.386938775
Bb Clarinet,Chromatic Scale,124.342857143,15.88244898,140.225306123
Bb Clarinet,Major Scales,147.644081633,74.50122449,222.145306123
Bb Clarinet,Sight-Reading,229.564081633,48.37877551,277.94285714299997
