Instrument,ScoreGroup,Start,Duration,End
Bb Clarinet,Lyrical Etude,13.860694,103.393286,117.25398
Bb Clarinet,Technical Etude,127.593309,40.008706,167.602015
Bb Clarinet,Chromatic Scale,174.794591,13.486081,188.280672
Bb Clarinet,Major Scales,196.821857,97.998854,294.82071099999996
Bb Clarinet,Sight-Reading,302.912359,54.843395,357.75575399999997
