Instrument,ScoreGroup,Start,Duration,End
Flute,Lyrical Etude,12.225306,39.810612,52.035917999999995
Flute,Technical Etude,56.633469,45.557551,102.19102
Flute,Chromatic Scale,108.669388,19.226122,127.89551
Flute,Major Scales,134.060408,88.816327,222.876735
Flute,Sight-Reading,227.578776,50.782041,278.360817
