Instrument,ScoreGroup,Start,Duration,End
Flute,Lyrical Etude,15.046530612,94.876734693,109.923265305
Flute,Technical Etude,114.729795918,45.975510204,160.705306122
Flute,Chromatic Scale,169.273469387,26.331428571,195.604897958
Flute,Major Scales,203.128163265,99.474285714,302.60244897900003
Flute,Sight-Reading,307.617959183,57.678367346,365.296326529
