Instrument,ScoreGroup,Start,Duration,End
Alto Saxophone,Lyrical Etude,16.904126984,58.700045351,75.604172335
Alto Saxophone,Technical Etude,84.52063492,28.421224489,112.941859409
Alto Saxophone,Chromatic Scale,122.415600907,10.774058956,133.189659863
Alto Saxophone,Major Scales,142.849160997,60.929160997,203.778321994
Alto Saxophone,Sight-Reading,211.208707482,36.9661678,248.174875282
