Instrument,ScoreGroup,Start,Duration,End
Xylophone,Mallet Etude,24.775692,43.978594,68.75428600000001
Snare Drum,Snare Etude,82.198639,29.837642,112.036281
Timpani,Timpani Etude,120.766984,88.119728,208.886712
Xylophone,Chromatic Scale,218.383673,9.775601,228.15927399999998
Xylophone,Major Scales,238.794014,116.471293,355.265307
Xylophone,Sight-Reading,368.036281,43.490975,411.52725599999997
Snare Drum,Sight-Reading,421.186757,32.925896,454.112653
