Instrument,ScoreGroup,Start,Duration,End
Flute,Lyrical Etude,14.071292517,61.254240363,75.32553288
Flute,Technical Etude,79.783764172,49.458503401,129.242267573
Flute,Chromatic Scale,136.440453515,13.839092971,150.27954648600002
Flute,Major Scales,157.582222222,92.403809524,249.986031746
Flute,Sight-Reading,254.862222222,45.464671202,300.326893424
