Instrument,ScoreGroup,Start,Duration,End
Bb Clarinet,Lyrical Etude,8.568163265,65.271292517,73.839455782
Bb Clarinet,Technical Etude,77.043809524,27.237006803,104.280816327
Bb Clarinet,Chromatic Scale,106.99755102,16.230748299,123.228299319
Bb Clarinet,Major Scales,128.081269841,87.365079365,215.44634920599998
Bb Clarinet,Sight-Reading,218.940952381,47.461587302,266.402539683
