Instrument,ScoreGroup,Start,Duration,End
Flute,Lyrical Etude,15.046530612,50.573061224,65.619591836
Flute,Technical Etude,72.864217687,22.151836735,95.016054422
Flute,Chromatic Scale,106.161632653,30.789659864,136.951292517
Flute,Major Scales,148.096870748,113.684897959,261.78176870699997
Flute,Sight-Reading,269.862312925,52.384217687,322.246530612
