Instrument,ScoreGroup,Start,Duration,End
Bb Clarinet,Lyrical Etude,13.746213152,131.006984127,144.753197279
Bb Clarinet,Technical Etude,155.202176871,52.987936508,208.190113379
Bb Clarinet,Chromatic Scale,217.129795918,25.634829932,242.76462585000002
Bb Clarinet,Major Scales,254.026303855,122.392380952,376.418684807
Bb Clarinet,Sight-Reading,381.52707483,77.252789116,458.779863946
