Instrument,ScoreGroup,Start,Duration,End
Bb Clarinet,Lyrical Etude,11.656417234,65.457052154,77.113469388
Bb Clarinet,Technical Etude,83.173877551,50.247981859,133.42185941
Bb Clarinet,Chromatic Scale,140.596825397,16.044988662,156.641814059
Bb Clarinet,Major Scales,164.397278912,113.104399093,277.501678005
Bb Clarinet,Sight-Reading,283.956825397,48.20462585,332.161451247
