Instrument,ScoreGroup,Start,Duration,End
Xylophone,Mallet Etude,11.586757,53.266576,64.853333
Snare Drum,Snare Etude,71.006621,42.933696,113.940317
Timpani,Timpani Etude,121.301043,47.159728,168.46077100000002
Xylophone,Chromatic Scale,176.216236,18.088345,194.304581
Xylophone,Major Scales,201.456327,67.941587,269.397914
Xylophone,Sight-Reading,275.853061,52.569977,328.423038
Snare Drum,Sight-Reading,336.642902,31.602358,368.24526
