Instrument,ScoreGroup,Start,Duration,End
Alto Saxophone,Lyrical Etude,10.657959183,77.949387755,88.607346938
Alto Saxophone,Technical Etude,92.647619047,27.37632653,120.023945577
Alto Saxophone,Chromatic Scale,125.596734693,11.911836734,137.508571427
Alto Saxophone,Major Scales,144.335238095,81.432380952,225.76761904699998
Alto Saxophone,Sight-Reading,228.832653061,40.054421768,268.88707482899997
