Instrument,ScoreGroup,Start,Duration,End
Flute,Lyrical Etude,8.749858,115.301864,124.051722
Flute,Technical Etude,130.430123,46.611392,177.041515
Flute,Chromatic Scale,184.401208,22.569727,206.970935
Flute,Major Scales,212.85869,105.979586,318.838276
Flute,Sight-Reading,324.72603,65.255949,389.98197899999997
