Instrument,ScoreGroup,Start,Duration,End
Bb Clarinet,Lyrical Etude,16.748155,90.13814,106.886295
Bb Clarinet,Technical Etude,113.786822,38.815467,152.60228899999998
Bb Clarinet,Chromatic Scale,161.659231,15.526187,177.185418
Bb Clarinet,Major Scales,184.517228,103.076629,287.59385699999996
Bb Clarinet,Sight-Reading,297.082082,43.990862,341.072944
