Instrument,ScoreGroup,Start,Duration,End
Bb Clarinet,Lyrical Etude,14.419591837,122.787120181,137.20671201800002
Bb Clarinet,Technical Etude,147.864671202,89.838004535,237.702675737
Bb Clarinet,Chromatic Scale,248.267755102,18.436643991,266.704399093
Bb Clarinet,Major Scales,275.644081633,115.63537415,391.279455783
Bb Clarinet,Sight-Reading,399.986938776,85.495873016,485.482811792
