Instrument,ScoreGroup,Start,Duration,End
Flute,Lyrical Etude,8.823582766,90.093424036,98.917006802
Flute,Technical Etude,104.025396825,47.833106576,151.858503401
Flute,Chromatic Scale,156.966893424,17.647165533,174.614058957
Flute,Major Scales,179.72244898,103.096598639,282.819047619
Flute,Sight-Reading,287.463038549,58.514285714,345.97732426299996
