Instrument,ScoreGroup,Start,Duration,End
Flute,Lyrical Etude,12.074376417,96.037732426,108.112108843
Flute,Technical Etude,114.985215419,30.464580498,145.449795917
Flute,Chromatic Scale,155.666575963,13.560453514,169.227029477
Flute,Major Scales,179.258049886,116.657052154,295.91510204
Flute,Sight-Reading,300.187573696,35.294331065,335.481904761
