Instrument,ScoreGroup,Start,Duration,End
Xylophone,Mallet Etude,15.542857,42.253061,57.795918
Snare Drum,Snare Etude,63.738776,86.204082,149.942858
Timpani,Timpani Etude,155.820408,91.820408,247.64081599999997
Xylophone,Chromatic Scale,253.329705,8.916463,262.246168
Xylophone,Major Scales,269.165714,106.626032,375.791746
Xylophone,Sight-Reading,381.126531,192.522449,573.6489799999999
Snare Drum,Sight-Reading,579.477188,51.734059,631.211247
