Instrument,ScoreGroup,Start,Duration,End
Bb Clarinet,Lyrical Etude,12.260136054,57.399727891,69.659863945
Bb Clarinet,Technical Etude,74.768253968,86.56399093,161.332244898
Bb Clarinet,Chromatic Scale,171.456145125,38.823764172,210.27990929700002
Bb Clarinet,Major Scales,219.475011338,54.613333333,274.088344671
Bb Clarinet,Sight-Reading,281.147210884,85.635192744,366.782403628
