Instrument,ScoreGroup,Start,Duration,End
Xylophone,Mallet Etude,13.119274,72.399819,85.519093
Snare Drum,Snare Etude,92.18322,110.364444,202.547664
Timpani,Timpani Etude,211.882086,37.546667,249.42875299999997
Xylophone,Chromatic Scale,259.552653,5.619229,265.17188200000004
Xylophone,Major Scales,273.902585,79.040726,352.943311
Xylophone,Sight-Reading,363.41551,45.464671,408.880181
Snare Drum,Sight-Reading,417.843084,34.202993,452.04607699999997
