Instrument,ScoreGroup,Start,Duration,End
Bb Clarinet,Lyrical Etude,24.241633,65.666032,89.90766500000001
Bb Clarinet,Technical Etude,110.712744,28.606984,139.319728
Bb Clarinet,Chromatic Scale,151.115465,15.13941,166.254875
Bb Clarinet,Major Scales,179.722449,90.122449,269.844898
Bb Clarinet,Sight-Reading,279.640816,47.673469,327.314285
