Instrument,ScoreGroup,Start,Duration,End
Xylophone,Mallet Etude,19.330612,39.24898,58.579592000000005
Snare Drum,Snare Etude,75.493878,44.538776,120.032654
Timpani,Timpani Etude,133.468299,65.758912,199.227211
Xylophone,Chromatic Scale,211.440907,6.083628,217.52453500000001
Xylophone,Major Scales,227.091156,63.251156,290.342312
Xylophone,Sight-Reading,298.187755,74.840816,373.028571
Snare Drum,Sight-Reading,376.720544,32.415057,409.135601
