Instrument,ScoreGroup,Start,Duration,End
Bb Clarinet,Lyrical Etude,11.102040816,48.587755102,59.689795918
Bb Clarinet,Technical Etude,64.261224489,41.404081632,105.665306121
Bb Clarinet,Chromatic Scale,111.804081632,14.628571428,126.43265306
Bb Clarinet,Major Scales,132.571428571,68.571428571,201.14285714200003
Bb Clarinet,Sight-Reading,206.236734693,61.910204081,268.146938774
