Instrument,ScoreGroup,Start,Duration,End
Flute,Lyrical Etude,15.789569,36.594649,52.384218
Flute,Technical Etude,57.957007,44.953832,102.910839
Flute,Chromatic Scale,111.084263,21.083719,132.167982
Flute,Major Scales,140.062766,88.142948,228.205714
Flute,Sight-Reading,233.778503,47.925986,281.704489
