Instrument,ScoreGroup,Start,Duration,End
Flute,Lyrical Etude,21.733877551,90.279183673,112.01306122400001
Flute,Technical Etude,119.814965986,26.006349206,145.82131519200001
Flute,Chromatic Scale,153.25170068,12.260136054,165.51183673399998
Flute,Major Scales,172.199183673,107.554829931,279.75401360399997
Flute,Sight-Reading,286.255600907,35.851609977,322.107210884
