Instrument,ScoreGroup,Start,Duration,End
Bb Clarinet,Lyrical Etude,11.885714,107.62449,119.51020399999999
Bb Clarinet,Technical Etude,125.126531,48.195918,173.322449
Bb Clarinet,Chromatic Scale,181.420408,12.930612,194.35102
Bb Clarinet,Major Scales,200.75102,99.787755,300.538775
Bb Clarinet,Sight-Reading,304.457143,58.253061,362.710204
