Instrument,ScoreGroup,Start,Duration,End
Flute,Lyrical Etude,14.024852608,38.452244898,52.47709750599999
Flute,Technical Etude,57.980226757,30.603900227,88.584126984
Flute,Chromatic Scale,96.293151927,11.981496599,108.274648526
Flute,Major Scales,118.23600907,110.434104308,228.670113378
Flute,Sight-Reading,234.498321995,44.396553288,278.894875283
