Instrument,ScoreGroup,Start,Duration,End
Bb Clarinet,Lyrical Etude,11.377777778,59.48952381,70.867301588
Bb Clarinet,Technical Etude,76.231111111,23.64952381,99.88063492100001
Bb Clarinet,Chromatic Scale,107.113650794,25.356190476,132.46984127
Bb Clarinet,Major Scales,137.578231293,85.333333333,222.91156462599997
Bb Clarinet,Sight-Reading,227.474285714,64.888163265,292.36244897899996
