Instrument,ScoreGroup,Start,Duration,End
Flute,Lyrical Etude,12.88707483,47.090068027,59.977142857000004
Flute,Technical Etude,68.127346939,43.746394558,111.873741497
Flute,Chromatic Scale,123.019319728,10.431020408,133.450340136
Flute,Major Scales,140.71292517,94.621315193,235.334240363
Flute,Sight-Reading,242.311836735,44.617142857,286.928979592
