Instrument,ScoreGroup,Start,Duration,End
Trumpet,Lyrical Etude,10.710204081,53.028571428,63.738775509
Trumpet,Technical Etude,67.657142857,24.032653061,91.689795918
Trumpet,Chromatic Scale,97.697959183,10.710204081,108.408163264
Trumpet,Major Scales,113.110204081,43.363265306,156.47346938700002
Trumpet,Sight-Reading,160.391836734,45.714285714,206.106122448
