Instrument,ScoreGroup,Start,Duration,End
Flute,Lyrical Etude,18.366984127,39.903492063,58.27047619
Flute,Technical Etude,66.931519274,26.12244898,93.053968254
Flute,Chromatic Scale,104.605895692,18.924263039,123.530158731
Flute,Major Scales,134.559637188,76.161451247,210.721088435
Flute,Sight-Reading,219.428571429,38.846984127,258.275555556
