Instrument,ScoreGroup,Start,Duration,End
Alto Saxophone,Lyrical Etude,13.003174603,64.365714285,77.368888888
Alto Saxophone,Technical Etude,82.082539682,85.008253968,167.09079365000002
Alto Saxophone,Chromatic Scale,172.779682539,14.303492063,187.08317460199999
Alto Saxophone,Major Scales,191.959365079,84.358095238,276.31746031700004
Alto Saxophone,Sight-Reading,280.543492063,79.806984126,360.350476189
