Instrument,ScoreGroup,Start,Duration,End
Flute,Lyrical Etude,9.287982,72.074739,81.362721
Flute,Technical Etude,84.706395,24.520272,109.22666699999999
Flute,Chromatic Scale,115.914014,12.260136,128.17415
Flute,Major Scales,134.118458,99.938685,234.057143
Flute,Sight-Reading,237.772336,59.814603,297.586939
