Instrument,ScoreGroup,Start,Duration,End
Bb Clarinet,Lyrical Etude,11.609977,60.279002,71.888979
Bb Clarinet,Technical Etude,76.068571,33.065215,109.13378600000001
Bb Clarinet,Chromatic Scale,116.37551,26.383673,142.759183
Bb Clarinet,Major Scales,149.55102,98.220408,247.77142800000001
Bb Clarinet,Sight-Reading,252.168707,62.229478,314.398185
