Instrument,ScoreGroup,Start,Duration,End
Flute,Lyrical Etude,10.21678,68.731066,78.947846
Flute,Technical Etude,83.034558,22.291156,105.325714
Flute,Chromatic Scale,112.198821,18.761723,130.960544
Flute,Major Scales,138.01941,116.471293,254.490703
Flute,Sight-Reading,259.877732,65.387392,325.265124
