Instrument,ScoreGroup,Start,Duration,End
Bb Clarinet,Lyrical Etude,15.020408,72.489796,87.510204
Bb Clarinet,Technical Etude,93.387755,42.44898,135.836735
Bb Clarinet,Chromatic Scale,143.412245,25.730612,169.14285700000002
Bb Clarinet,Major Scales,176.326531,108.146939,284.47347
Bb Clarinet,Sight-Reading,288.130612,39.444898,327.57551
