Instrument,ScoreGroup,Start,Duration,End
Flute,Lyrical Etude,11.424217687,66.873469388,78.297687075
Flute,Technical Etude,83.034557823,21.037278912,104.071836735
Flute,Chromatic Scale,109.64462585,13.096054422,122.74068027199999
Flute,Major Scales,129.288707483,90.557823129,219.84653061199998
Flute,Sight-Reading,224.444081633,44.442993197,268.88707483
