Instrument,ScoreGroup,Start,Duration,End
Bb Clarinet,Lyrical Etude,11.075918367,80.550022676,91.625941043
Bb Clarinet,Technical Etude,100.217324263,37.198367347,137.41569161
Bb Clarinet,Chromatic Scale,146.471473923,12.492335601,158.963809524
Bb Clarinet,Major Scales,166.742494331,115.658594104,282.401088435
Bb Clarinet,Sight-Reading,288.600816327,54.891972789,343.49278911600004
