Instrument,ScoreGroup,Start,Duration,End
Alto Saxophone,Lyrical Etude,11.296507936,168.553650793,179.85015872900001
Alto Saxophone,Technical Etude,188.789841269,62.902857142,251.69269841099998
Alto Saxophone,Chromatic Scale,259.982222222,10.565079365,270.547301587
Alto Saxophone,Major Scales,276.886349206,101.912380952,378.798730158
Alto Saxophone,Sight-Reading,386.356825396,30.963809523,417.320634919
