Instrument,ScoreGroup,Start,Duration,End
Trumpet,Lyrical Etude,16.718367346,54.595918367,71.314285713
Trumpet,Technical Etude,81.763265306,34.481632653,116.24489795899999
Trumpet,Chromatic Scale,127.47755102,15.151020408,142.62857142800001
Trumpet,Major Scales,153.07755102,76.01632653,229.09387755
Trumpet,Sight-Reading,237.714285714,69.485714285,307.199999999
