Instrument,ScoreGroup,Start,Duration,End
Bb Clarinet,Lyrical Etude,11.88861678,64.830113378,76.718730158
Bb Clarinet,Technical Etude,81.548480725,40.681360544,122.229841269
Bb Clarinet,Chromatic Scale,128.174149659,13.931972789,142.106122448
Bb Clarinet,Major Scales,149.722267573,115.914013605,265.636281178
Bb Clarinet,Sight-Reading,272.13786848,47.740226757,319.878095237
