Instrument,ScoreGroup,Start,Duration,End
Flute,Lyrical Etude,12.027936508,80.944761905,92.97269841299999
Flute,Technical Etude,96.873650794,46.486349206,143.36
Flute,Chromatic Scale,150.186666667,17.229206349,167.415873016
Flute,Major Scales,174.892698413,114.427936508,289.320634921
Flute,Sight-Reading,293.871746032,78.669206349,372.540952381
