Instrument,ScoreGroup,Start,Duration,End
Alto Saxophone,Lyrical Etude,9.19510204,55.832380952,65.027482992
Alto Saxophone,Technical Etude,71.296870748,19.818231292,91.11510204000001
Alto Saxophone,Chromatic Scale,97.175510204,9.02095238,106.196462584
Alto Saxophone,Major Scales,114.555646258,91.358911564,205.914557822
Alto Saxophone,Sight-Reading,212.567074829,45.801360544,258.368435373
