Instrument,ScoreGroup,Start,Duration,End
Trumpet,Lyrical Etude,12.53877551,48.761904761,61.300680271
Trumpet,Technical Etude,67.895147392,26.37786848,94.273015872
Trumpet,Chromatic Scale,101.889160997,12.724535147,114.613696144
Trumpet,Major Scales,116.006893424,54.056054421,170.062947845
Trumpet,Sight-Reading,176.285895691,55.542131519,231.82802721000002
