Instrument,ScoreGroup,Start,Duration,End
Alto Saxophone,Lyrical Etude,13.769433107,62.949297052,76.718730159
Alto Saxophone,Technical Etude,82.639818594,49.876462585,132.516281179
Alto Saxophone,Chromatic Scale,140.805804989,10.031020408,150.83682539699998
Alto Saxophone,Major Scales,158.89414966,89.977324263,248.871473923
Alto Saxophone,Sight-Reading,257.091337868,42.051337868,299.142675736
