Instrument,ScoreGroup,Start,Duration,End
Alto Saxophone,Lyrical Etude,12.84063492,47.949206349,60.789841269
Alto Saxophone,Technical Etude,65.503492063,34.133333333,99.636825396
Alto Saxophone,Chromatic Scale,105.975873015,40.309841269,146.285714284
Alto Saxophone,Major Scales,153.437460317,90.697142857,244.134603174
Alto Saxophone,Sight-Reading,250.473650793,53.963174603,304.436825396
