Instrument,ScoreGroup,Start,Duration,End
Trumpet,Lyrical Etude,15.412244897,40.489795918,55.902040815
Trumpet,Technical Etude,64.261224489,23.248979591,87.51020408
Trumpet,Chromatic Scale,96.914285714,12.01632653,108.930612244
Trumpet,Major Scales,115.461224489,94.563265306,210.02448979500002
Trumpet,Sight-Reading,214.726530612,45.191836734,259.918367346
