Instrument,ScoreGroup,Start,Duration,End
Bb Clarinet,Lyrical Etude,12.260136054,113.127619047,125.387755101
Bb Clarinet,Technical Etude,131.657142857,76.8,208.457142857
Bb Clarinet,Chromatic Scale,214.073469387,16.848979591,230.92244897799998
Bb Clarinet,Major Scales,237.583673469,119.248979591,356.83265306
Bb Clarinet,Sight-Reading,362.448979591,49.371428571,411.82040816200004
