Instrument,ScoreGroup,Start,Duration,End
Alto Saxophone,Lyrical Etude,8.196643991,46.764988662,54.961632653
Alto Saxophone,Technical Etude,57.260408163,56.517369615,113.777777778
Alto Saxophone,Chromatic Scale,118.050249433,10.681179138,128.731428571
Alto Saxophone,Major Scales,130.565804989,109.435646259,240.00145124799997
Alto Saxophone,Sight-Reading,242.76462585,47.949206349,290.71383219899997
