Instrument,ScoreGroup,Start,Duration,End
Flute,Lyrical Etude,20.897959,26.253061,47.15102
Flute,Technical Etude,53.877551,29.387755,83.265306
Flute,Chromatic Scale,90.514286,25.6,116.11428599999999
Flute,Major Scales,125.945034,111.270023,237.215057
Flute,Sight-Reading,242.787846,42.353197,285.141043
