Instrument,ScoreGroup,Start,Duration,End
Flute,Lyrical Etude,11.215238095,40.147301587,51.362539682000005
Flute,Technical Etude,56.076190476,26.412698413,82.48888888900001
Flute,Chromatic Scale,88.99047619,21.455238095,110.445714285
Flute,Major Scales,117.144671202,88.584126984,205.728798186
Flute,Sight-Reading,211.185487528,47.368707483,258.554195011
