Instrument,ScoreGroup,Start,Duration,End
Flute,Lyrical Etude,10.866938776,87.771428571,98.638367347
Flute,Technical Etude,107.206530612,71.192380952,178.398911564
Flute,Chromatic Scale,185.504217687,25.495510204,210.999727891
Flute,Major Scales,216.874376417,107.369070295,324.24344671200004
Flute,Sight-Reading,329.061587302,80.61968254,409.681269842
