Instrument,ScoreGroup,Start,Duration,End
Xylophone,Mallet Etude,11.400998,50.596281,61.997279
Snare Drum,Snare Etude,68.289887,39.984762,108.274649
Timpani,Timpani Etude,115.356735,49.737143,165.09387800000002
Xylophone,Chromatic Scale,173.778141,8.034104,181.81224500000002
Xylophone,Major Scales,188.476372,59.303764,247.780136
Xylophone,Sight-Reading,254.281723,71.51746,325.79918299999997
Snare Drum,Sight-Reading,331.395193,36.03737,367.432563
