Instrument,ScoreGroup,Start,Duration,End
Xylophone,Mallet Etude,13.165714,58.374966,71.54068
Snare Drum,Snare Etude,81.014422,39.984762,120.999184
Timpani,Timpani Etude,126.897052,70.217143,197.114195
Xylophone,Chromatic Scale,206.355737,10.797279,217.153016
Xylophone,Major Scales,226.603537,85.681633,312.28517
Xylophone,Sight-Reading,317.788299,57.376508,375.164807
Snare Drum,Sight-Reading,382.455873,33.994014,416.449887
