Instrument,ScoreGroup,Start,Duration,End
Bb Clarinet,Lyrical Etude,15.366523,95.287145,110.653668
Bb Clarinet,Technical Etude,119.035407,37.9384,156.97380700000002
Bb Clarinet,Chromatic Scale,167.561268,14.557758,182.11902600000002
Bb Clarinet,Major Scales,194.912208,105.874605,300.786813
Bb Clarinet,Sight-Reading,311.815418,38.820689,350.63610700000004
