Instrument,ScoreGroup,Start,Duration,End
Flute,Lyrical Etude,14.889795918,67.030204082,81.92
Flute,Technical Etude,91.022222222,38.887619048,129.90984127
Flute,Chromatic Scale,138.390929705,11.447437642,149.838367347
Flute,Major Scales,161.471564626,96.548571429,258.020136055
Flute,Sight-Reading,265.543401361,49.086984127,314.630385488
