Instrument,ScoreGroup,Start,Duration,End
Flute,Lyrical Etude,13.815873,126.664853,140.480726
Flute,Technical Etude,146.517914,61.64898,208.16689399999998
Flute,Chromatic Scale,215.945578,15.092971,231.03854900000002
Flute,Major Scales,237.656236,122.369161,360.025397
Flute,Sight-Reading,367.223583,75.000454,442.224037
