Instrument,ScoreGroup,Start,Duration,End
Xylophone,Mallet Etude,12.469116,55.704671,68.173787
Snare Drum,Snare Etude,76.300771,40.565261,116.86603199999999
Timpani,Timpani Etude,124.273197,53.080816,177.354013
Xylophone,Chromatic Scale,185.457778,9.98458,195.44235799999998
Xylophone,Major Scales,204.242721,72.980317,277.223038
Xylophone,Sight-Reading,285.721542,60.209342,345.930884
Snare Drum,Sight-Reading,353.988209,36.501769,390.489978
