Instrument,ScoreGroup,Start,Duration,End
Flute,Lyrical Etude,10.840816,62.171429,73.01224500000001
Flute,Technical Etude,79.15102,28.473469,107.62448900000001
Flute,Chromatic Scale,116.897959,24.42449,141.322449
Flute,Major Scales,148.636735,124.081633,272.718368
Flute,Sight-Reading,278.465306,73.926531,352.391837
