Instrument,ScoreGroup,Start,Duration,End
Bb Clarinet,Lyrical Etude,13.522211,93.824504,107.346715
Bb Clarinet,Technical Etude,114.145593,41.246521,155.392114
Bb Clarinet,Chromatic Scale,161.284474,11.78472,173.06919399999998
Bb Clarinet,Major Scales,181.227847,118.75372,299.981567
Bb Clarinet,Sight-Reading,306.327186,53.937759,360.264945
