Instrument,ScoreGroup,Start,Duration,End
Alto Saxophone,Lyrical Etude,12.631655329,75.186213152,87.81786848099999
Alto Saxophone,Technical Etude,93.622857143,26.935147392,120.55800453500001
Alto Saxophone,Chromatic Scale,125.991473923,11.331337868,137.322811791
Alto Saxophone,Major Scales,141.781043084,60.604081633,202.385124717
Alto Saxophone,Sight-Reading,204.8,42.167437642,246.96743764200002
