Instrument,ScoreGroup,Start,Duration,End
Bb Clarinet,Lyrical Etude,14.675011,66.966349,81.64135999999999
Bb Clarinet,Technical Etude,87.771429,22.012517,109.783946
Bb Clarinet,Chromatic Scale,118.793288,12.538776,131.332064
Bb Clarinet,Major Scales,140.538776,104.228571,244.76734700000003
Bb Clarinet,Sight-Reading,251.297959,66.35102,317.648979
