Instrument,ScoreGroup,Start,Duration,End
Flute,Lyrical Etude,12.921904762,39.253333333,52.175238095
Flute,Technical Etude,59.733333333,28.932063492,88.665396825
Flute,Chromatic Scale,98.011428571,32.264126984,130.27555555499998
Flute,Major Scales,136.672653061,99.056326531,235.728979592
Flute,Sight-Reading,243.716643991,62.78675737,306.503401361
