Instrument,ScoreGroup,Start,Duration,End
Trumpet,Lyrical Etude,12.219606,67.372961,79.592567
Trumpet,Technical Etude,86.726175,33.686481,120.412656
Trumpet,Chromatic Scale,131.113067,25.76025,156.873317
Trumpet,Major Scales,163.610613,74.90288,238.51349299999998
Trumpet,Sight-Reading,246.836035,68.165584,315.001619
