Instrument,ScoreGroup,Start,Duration,End
Flute,Lyrical Etude,12.515555556,66.478730159,78.99428571499999
Flute,Technical Etude,84.404535147,41.389569161,125.794104308
Flute,Chromatic Scale,132.77170068,12.53877551,145.31047619
Flute,Major Scales,150.813605442,101.819501134,252.63310657600002
Flute,Sight-Reading,258.94893424,63.994195011,322.943129251
