Instrument,ScoreGroup,Start,Duration,End
Bb Clarinet,Lyrical Etude,12.910294785,110.387664399,123.297959184
Bb Clarinet,Technical Etude,130.078185941,50.967800454,181.045986395
Bb Clarinet,Chromatic Scale,188.058412698,13.328253968,201.38666666600002
Bb Clarinet,Major Scales,208.7938322,113.243718821,322.037551021
Bb Clarinet,Sight-Reading,327.888979592,98.336507937,426.225487529
