Instrument,ScoreGroup,Start,Duration,End
Flute,Lyrical Etude,11.052698413,46.439909297,57.49260771
Flute,Technical Etude,60.557641723,26.284988662,86.842630385
Flute,Chromatic Scale,92.136780045,21.733877551,113.870657596
Flute,Major Scales,117.864489796,84.799274376,202.66376417200001
Flute,Sight-Reading,207.772154195,48.390385488,256.16253968300003
