Instrument,ScoreGroup,Start,Duration,End
Xylophone,Mallet Etude,15.046531,61.114921,76.161452
Snare Drum,Snare Etude,82.663039,48.669025,131.332064
Timpani,Timpani Etude,138.855329,74.489615,213.344944
Xylophone,Chromatic Scale,220.868209,10.30966,231.17786900000002
Xylophone,Major Scales,243.902404,73.839456,317.74186
Xylophone,Sight-Reading,326.844082,52.755737,379.599819
Snare Drum,Sight-Reading,386.844444,27.678186,414.52263
