Instrument,ScoreGroup,Start,Duration,End
Bb Clarinet,Lyrical Etude,14.497959183,73.142857142,87.640816325
Bb Clarinet,Technical Etude,97.044897959,33.175510204,130.220408163
Bb Clarinet,Chromatic Scale,139.232653061,15.020408163,154.25306122400002
Bb Clarinet,Major Scales,160.914285714,118.595918367,279.510204081
Bb Clarinet,Sight-Reading,284.734693877,59.297959183,344.03265306
