Instrument,ScoreGroup,Start,Duration,End
Flute,Lyrical Etude,10.565079365,69.72952381,80.294603175
Flute,Technical Etude,86.308571429,26.006349206,112.314920635
Flute,Chromatic Scale,120.604444444,21.455238095,142.059682539
Flute,Major Scales,154.25015873,135.07047619,289.32063492
Flute,Sight-Reading,296.147301587,60.78984127,356.937142857
