Instrument,ScoreGroup,Start,Duration,End
Alto Saxophone,Lyrical Etude,14.506666666,186.453333333,200.959999999
Alto Saxophone,Technical Etude,215.722666666,73.728,289.450666666
Alto Saxophone,Chromatic Scale,298.325333333,13.141333333,311.466666666
Alto Saxophone,Major Scales,319.402666666,117.077333333,436.47999999900003
Alto Saxophone,Sight-Reading,447.914666666,43.776,491.690666666
