Instrument,ScoreGroup,Start,Duration,End
Flute,Lyrical Etude,14.303492,45.325351,59.628842999999996
Flute,Technical Etude,64.458594,52.012698,116.471292
Flute,Chromatic Scale,123.344399,32.693696,156.038095
Flute,Major Scales,163.096961,122.78712,285.884081
Flute,Sight-Reading,292.01415,59.628844,351.642994
