Instrument,ScoreGroup,Start,Duration,End
Flute,Lyrical Etude,9.914920634,55.426031746,65.34095238
Flute,Technical Etude,69.079365079,24.543492063,93.622857142
Flute,Chromatic Scale,100.124444444,17.066666666,117.19111111000001
Flute,Major Scales,122.554920634,69.892063492,192.44698412600002
Flute,Sight-Reading,195.86031746,44.698412698,240.558730158
