Instrument,ScoreGroup,Start,Duration,End
Bb Clarinet,Lyrical Etude,10.448979591,43.102040816,53.551020406999996
Bb Clarinet,Technical Etude,58.644897959,25.991836734,84.636734693
Bb Clarinet,Chromatic Scale,92.212244897,12.408163265,104.620408162
Bb Clarinet,Major Scales,111.020408163,89.33877551,200.35918367300002
Bb Clarinet,Sight-Reading,206.497959183,50.41632653,256.914285713
