Instrument,ScoreGroup,Start,Duration,End
Flute,Lyrical Etude,14.489252,78.762086,93.251338
Flute,Technical Etude,99.567166,28.606984,128.17415
Flute,Chromatic Scale,135.233016,19.319002,154.552018
Flute,Major Scales,163.096961,119.629206,282.726167
Flute,Sight-Reading,291.64263,47.182948,338.825578
