Instrument,ScoreGroup,Start,Duration,End
French Horn,Lyrical Etude,11.894408,98.755737,110.650145
French Horn,Technical Etude,118.365437,17.745171,136.110608
French Horn,Chromatic Scale,148.840841,19.28823,168.129071
French Horn,Major Scales,175.844362,62.493865,238.338227
French Horn,Sight-Reading,247.210813,59.407748,306.618561
