Instrument,ScoreGroup,Start,Duration,End
Flute,Lyrical Etude,23.47537415,49.319183673,72.79455782299999
Flute,Technical Etude,78.92462585,26.168888889,105.093514739
Flute,Chromatic Scale,113.475918367,39.381043084,152.85696145100002
Flute,Major Scales,164.304399093,99.776145125,264.080544218
Flute,Sight-Reading,272.927346939,55.356371882,328.28371882100004
