Instrument,ScoreGroup,Start,Duration,End
Flute,Lyrical Etude,10.518639456,53.84707483,64.365714286
Flute,Technical Etude,71.523265306,36.728163265,108.25142857099999
Flute,Chromatic Scale,116.715102041,10.50122449,127.21632653099999
Flute,Major Scales,135.105306122,91.219591837,226.324897959
Flute,Sight-Reading,231.328798186,34.771882086,266.100680272
