Instrument,ScoreGroup,Start,Duration,End
Flute,Lyrical Etude,14.117732,47.182948,61.30068
Flute,Technical Etude,65.340952,55.309932,120.650884
Flute,Chromatic Scale,127.98839,33.854694,161.843084
Flute,Major Scales,166.301315,79.644444,245.94575899999998
Flute,Sight-Reading,249.475193,66.59483,316.070023
