Instrument,ScoreGroup,Start,Duration,End
Flute,Lyrical Etude,12.068571429,62.014693878,74.083265307
Flute,Technical Etude,78.419591837,38.4,116.81959183699999
Flute,Chromatic Scale,123.872653061,8.306938776,132.179591837
Flute,Major Scales,138.623129252,74.536054422,213.15918367400002
Flute,Sight-Reading,218.731972789,49.748752834,268.480725623
