Instrument,ScoreGroup,Start,Duration,End
Flute,Lyrical Etude,16.718367,34.179773,50.89814
Flute,Technical Etude,60.186122,24.891791,85.077913
Flute,Chromatic Scale,95.294694,23.591474,118.88616800000001
Flute,Major Scales,125.016236,85.263673,210.279909
Flute,Sight-Reading,216.038458,41.238639,257.27709699999997
