Instrument,ScoreGroup,Start,Duration,End
Flute,Lyrical Etude,12.58521542,56.169070295,68.754285715
Flute,Technical Etude,73.514376417,23.614693878,97.12907029499999
Flute,Chromatic Scale,103.653877551,15.53414966,119.18802721099999
Flute,Major Scales,126.432653061,126.943492063,253.376145124
Flute,Sight-Reading,256.069659864,67.668752834,323.73841269800005
