Instrument,ScoreGroup,Start,Duration,End
Alto Saxophone,Lyrical Etude,14.582131519,71.053061224,85.635192743
Alto Saxophone,Technical Etude,90.743582766,31.02185941,121.76544217600001
Alto Saxophone,Chromatic Scale,129.102947845,30.650340136,159.753287981
Alto Saxophone,Major Scales,166.719274376,87.771428571,254.490702947
Alto Saxophone,Sight-Reading,258.856054421,56.563809523,315.419863944
