Instrument,ScoreGroup,Start,Duration,End
Bb Clarinet,Lyrical Etude,10.840816,84.37551,95.21632600000001
Bb Clarinet,Technical Etude,99.395918,47.934694,147.330612
Bb Clarinet,Chromatic Scale,153.6,12.146939,165.746939
Bb Clarinet,Major Scales,173.191837,99.265306,272.457143
Bb Clarinet,Sight-Reading,277.812245,57.730612,335.542857
