Instrument,ScoreGroup,Start,Duration,End
Bb Clarinet,Lyrical Etude,13.583673469,54.752653061,68.33632653
Bb Clarinet,Technical Etude,72.933877551,35.108571429,108.04244897999999
Bb Clarinet,Chromatic Scale,113.266938776,17.972244898,131.239183674
Bb Clarinet,Major Scales,139.319727891,78.715646259,218.03537415
Bb Clarinet,Sight-Reading,224.026122449,71.749659864,295.77578231300004
