Instrument,ScoreGroup,Start,Duration,End
Flute,Lyrical Etude,12.53877551,51.408979591,63.947755101
Flute,Technical Etude,69.381224489,30.72,100.101224489
Flute,Chromatic Scale,110.132244897,36.571428571,146.703673468
Flute,Major Scales,155.89877551,123.924897959,279.823673469
Flute,Sight-Reading,284.839183673,88.189387755,373.02857142799996
