Instrument,ScoreGroup,Start,Duration,End
Bb Clarinet,Lyrical Etude,10.750839,73.073197,83.82403599999999
Bb Clarinet,Technical Etude,89.303946,133.584399,222.888345
Bb Clarinet,Chromatic Scale,229.900771,34.620952,264.521723
Bb Clarinet,Major Scales,271.11619,128.476009,399.59219900000005
Bb Clarinet,Sight-Reading,405.838367,63.761995,469.600362
