Instrument,ScoreGroup,Start,Duration,End
Flute,Lyrical Etude,9.613061224,65.201632653,74.81469387700001
Flute,Technical Etude,83.313197279,23.405714286,106.71891156499998
Flute,Chromatic Scale,114.799455782,28.281904762,143.081360544
Flute,Major Scales,150.743945578,98.220408163,248.964353741
Flute,Sight-Reading,256.905578231,42.631836735,299.537414966
