Instrument,ScoreGroup,Start,Duration,End
Bb Clarinet,Lyrical Etude,8.916462585,87.980408163,96.89687074800001
Bb Clarinet,Technical Etude,102.144580499,46.25414966,148.398730159
Bb Clarinet,Chromatic Scale,154.714557823,12.445895692,167.160453515
Bb Clarinet,Major Scales,173.545941043,108.599727891,282.145668934
Bb Clarinet,Sight-Reading,288.809795918,55.031292517,343.841088435
