Instrument,ScoreGroup,Start,Duration,End
Bb Clarinet,Lyrical Etude,15.905669,87.307029,103.212698
Bb Clarinet,Technical Etude,110.526984,125.062676,235.58965999999998
Bb Clarinet,Chromatic Scale,243.670204,26.424308,270.094512
Bb Clarinet,Major Scales,279.754014,121.022404,400.776418
Bb Clarinet,Sight-Reading,407.533424,45.696871,453.230295
