Instrument,ScoreGroup,Start,Duration,End
Bb Clarinet,Lyrical Etude,22.392069,86.832268,109.22433699999999
Bb Clarinet,Technical Etude,116.136358,38.448119,154.584477
Bb Clarinet,Chromatic Scale,158.040487,21.600067,179.640554
Bb Clarinet,Major Scales,182.664563,111.024342,293.688905
Bb Clarinet,Sight-Reading,301.46493,43.632135,345.097065
