Instrument,ScoreGroup,Start,Duration,End
Bb Clarinet,Lyrical Etude,16.161088435,73.9323356,90.093424035
Bb Clarinet,Technical Etude,96.223492063,42.167437641,138.390929704
Bb Clarinet,Chromatic Scale,145.078276643,15.975328798,161.053605441
Bb Clarinet,Major Scales,166.44063492,116.471292517,282.91192743700003
Bb Clarinet,Sight-Reading,287.927437641,98.824126984,386.751564625
