Instrument,ScoreGroup,Start,Duration,End
Flute,Lyrical Etude,14.071292517,46.881088435,60.952380952
Flute,Technical Etude,68.197006803,36.223129252,104.420136055
Flute,Chromatic Scale,112.29170068,18.947482993,131.239183673
Flute,Major Scales,138.483809524,110.34122449,248.825034014
Flute,Sight-Reading,256.417959184,64.156734694,320.57469387799995
