Instrument,ScoreGroup,Start,Duration,End
Flute,Lyrical Etude,10.657959184,38.974693878,49.632653061999996
Flute,Technical Etude,54.02122449,26.749387755,80.770612245
Flute,Chromatic Scale,86.413061224,27.167346939,113.580408163
Flute,Major Scales,118.491428571,71.354920635,189.846349206
Flute,Sight-Reading,194.583219955,35.851609977,230.434829932
