Instrument,ScoreGroup,Start,Duration,End
Xylophone,Mallet Etude,11.052698,29.953741,41.006439
Snare Drum,Snare Etude,47.090068,63.901315,110.991383
Timpani,Timpani Etude,115.728254,52.384218,168.112472
Xylophone,Chromatic Scale,169.737868,9.659501,179.397369
Xylophone,Major Scales,185.759637,121.486803,307.24644
Xylophone,Sight-Reading,312.35483,23.127075,335.481905
Snare Drum,Sight-Reading,342.401451,32.554376,374.955827
