Instrument,ScoreGroup,Start,Duration,End
Alto Saxophone,Lyrical Etude,12.631655,65.619592,78.25124699999999
Alto Saxophone,Technical Etude,85.728073,32.716916,118.44498899999999
Alto Saxophone,Chromatic Scale,128.05805,13.142494,141.200544
Alto Saxophone,Major Scales,153.228481,90.511383,243.73986399999998
Alto Saxophone,Sight-Reading,251.402449,44.280454,295.682903
