Instrument,ScoreGroup,Start,Duration,End
Flute,Lyrical Etude,10.588299319,83.963356009,94.551655328
Flute,Technical Etude,100.310204081,27.306666666,127.616870747
Flute,Chromatic Scale,136.71909297,18.018684807,154.737777777
Flute,Major Scales,161.053605442,98.266848072,259.320453514
Flute,Sight-Reading,264.150204081,48.297505668,312.447709749
