Instrument,ScoreGroup,Start,Duration,End
Flute,Lyrical Etude,14.82449,32.914286,47.738776
Flute,Technical Etude,53.355102,27.493878,80.84898
Flute,Chromatic Scale,88.032653,24.620408,112.653061
Flute,Major Scales,121.208163,90.644898,211.853061
Flute,Sight-Reading,221.704127,36.873288,258.577415
