Instrument,ScoreGroup,Start,Duration,End
Alto Saxophone,Lyrical Etude,11.958276643,45.162811791,57.121088434
Alto Saxophone,Technical Etude,60.836281179,27.631746031,88.46802721
Alto Saxophone,Chromatic Scale,93.576417233,50.735600907,144.31201814
Alto Saxophone,Major Scales,148.491609977,37.96462585,186.456235827
Alto Saxophone,Sight-Reading,192.841723356,8.939682539,201.78140589499998
