Instrument,ScoreGroup,Start,Duration,End
Trumpet,Lyrical Etude,16.805009,65.665125,82.470134
Trumpet,Technical Etude,90.005477,21.170723,111.1762
Trumpet,Chromatic Scale,120.146846,9.329471,129.476317
Trumpet,Major Scales,139.164615,94.730017,233.894632
Trumpet,Sight-Reading,241.429974,44.135576,285.56555
