Instrument,ScoreGroup,Start,Duration,End
Flute,Lyrical Etude,9.380861678,26.470748299,35.851609977
Flute,Technical Etude,41.145759637,24.241632653,65.38739229
Flute,Chromatic Scale,71.517460317,17.925804989,89.443265306
Flute,Major Scales,96.502131519,66.873469388,163.375600907
Flute,Sight-Reading,170.43446712,48.85478458,219.2892517
