Instrument,ScoreGroup,Start,Duration,End
Bb Clarinet,Lyrical Etude,11.755102,76.8,88.555102
Bb Clarinet,Technical Etude,94.563265,26.122449,120.685714
Bb Clarinet,Chromatic Scale,125.779592,18.155102,143.93469399999998
Bb Clarinet,Major Scales,150.726531,76.8,227.52653099999998
Bb Clarinet,Sight-Reading,231.706122,42.710204,274.41632599999997
