Instrument,ScoreGroup,Start,Duration,End
Flute,Lyrical Etude,15.116190476,46.811428571,61.927619047
Flute,Technical Etude,67.198548753,30.534240363,97.73278911599999
Flute,Chromatic Scale,104.838095238,13.119274376,117.95736961399999
Flute,Major Scales,125.852154195,67.453968254,193.306122449
Flute,Sight-Reading,201.433106576,58.305306122,259.738412698
