Instrument,ScoreGroup,Start,Duration,End
Alto Saxophone,Lyrical Etude,9.009342403,51.362539682,60.371882084999996
Alto Saxophone,Technical Etude,66.873469387,33.529614512,100.403083899
Alto Saxophone,Chromatic Scale,113.31337868,12.53877551,125.85215419
Alto Saxophone,Major Scales,136.254693877,70.68154195,206.936235827
Alto Saxophone,Sight-Reading,214.923900226,41.145759637,256.06965986299997
