Instrument,ScoreGroup,Start,Duration,End
Alto Saxophone,Lyrical Etude,16.83446712,39.590022676,56.424489795999996
Alto Saxophone,Technical Etude,63.808435374,49.504943311,113.313378685
Alto Saxophone,Chromatic Scale,121.208163265,9.682721088,130.890884353
Alto Saxophone,Major Scales,137.578231293,99.961904762,237.540136055
Alto Saxophone,Sight-Reading,244.76154195,53.661315193,298.422857143
