Instrument,ScoreGroup,Start,Duration,End
Bb Clarinet,Lyrical Etude,9.357641723,118.119909297,127.47755102
Bb Clarinet,Technical Etude,134.373877551,46.950748299,181.32462585
Bb Clarinet,Chromatic Scale,189.753469388,12.492335601,202.24580498900002
Bb Clarinet,Major Scales,207.586394558,104.3969161,311.983310658
Bb Clarinet,Sight-Reading,316.929160998,55.727891156,372.657052154
