Instrument,ScoreGroup,Start,Duration,End
Flute,Lyrical Etude,10.414313,120.972665,131.386978
Flute,Technical Etude,145.883703,53.487914,199.37161700000001
Flute,Chromatic Scale,208.369584,10.997515,219.367099
Flute,Major Scales,227.365292,115.473908,342.8392
Flute,Sight-Reading,349.337731,48.489044,397.826775
