Instrument,ScoreGroup,Start,Duration,End
Bb Clarinet,Lyrical Etude,12.260136054,92.50829932,104.768435374
Bb Clarinet,Technical Etude,109.365986395,42.91047619,152.276462585
Bb Clarinet,Chromatic Scale,158.824489796,12.678095238,171.502585034
Bb Clarinet,Major Scales,176.936054422,115.496054422,292.432108844
Bb Clarinet,Sight-Reading,297.865578231,60.604081633,358.469659864
