Instrument,ScoreGroup,Start,Duration,End
Alto Saxophone,Lyrical Etude,12.906666667,44.0,56.906666666999996
Alto Saxophone,Technical Etude,66.005333333,61.824,127.829333333
Alto Saxophone,Chromatic Scale,133.92,9.552,143.47199999999998
Alto Saxophone,Major Scales,154.368,89.568,243.93599999999998
Alto Saxophone,Sight-Reading,249.344,44.373333333,293.717333333
