Instrument,ScoreGroup,Start,Duration,End
Flute,Lyrical Etude,8.080544218,45.139591837,53.220136055
Flute,Technical Etude,57.14430839,37.337687075,94.481995465
Flute,Chromatic Scale,100.612063492,20.712199546,121.324263038
Flute,Major Scales,123.019319728,119.652426304,242.671746032
Flute,Sight-Reading,247.246077098,39.218503401,286.464580499
