Instrument,ScoreGroup,Start,Duration,End
Flute,Lyrical Etude,10.58829932,56.006530612,66.594829932
Flute,Technical Etude,68.545306122,42.91047619,111.455782312
Flute,Chromatic Scale,120.372244898,14.489251701,134.86149659900002
Flute,Major Scales,140.434285714,98.081088435,238.515374149
Flute,Sight-Reading,241.859047619,51.826938776,293.685986395
