Instrument,ScoreGroup,Start,Duration,End
Flute,Lyrical Etude,13.583673,57.121088,70.704761
Flute,Technical Etude,75.116553,20.31746,95.434013
Flute,Chromatic Scale,102.1678,11.609977,113.777777
Flute,Major Scales,122.136961,103.212698,225.349659
Flute,Sight-Reading,231.967347,41.563719,273.531066
