Instrument,ScoreGroup,Start,Duration,End
Bb Clarinet,Lyrical Etude,11.842176871,117.725170068,129.567346939
Bb Clarinet,Technical Etude,135.836734694,28.328344671,164.165079365
Bb Clarinet,Chromatic Scale,170.43446712,13.931972789,184.366439909
Bb Clarinet,Major Scales,189.567709751,112.848979592,302.41668934300003
Bb Clarinet,Sight-Reading,307.710839002,42.538956916,350.249795918
