Instrument,ScoreGroup,Start,Duration,End
Alto Saxophone,Lyrical Etude,14.123321,66.372653,80.495974
Alto Saxophone,Technical Etude,88.427297,68.042405,156.46970199999998
Alto Saxophone,Chromatic Scale,165.235901,9.183637,174.41953800000002
Alto Saxophone,Major Scales,182.350862,93.506127,275.856989
Alto Saxophone,Sight-Reading,282.535998,48.005378,330.541376
