Instrument,ScoreGroup,Start,Duration,End
Flute,Lyrical Etude,14.675011338,28.699863946,43.374875284
Flute,Technical Etude,48.20462585,26.749387755,74.954013605
Flute,Chromatic Scale,82.291519274,16.53260771,98.824126984
Flute,Major Scales,105.139954649,86.378231293,191.518185942
Flute,Sight-Reading,195.512018141,58.700045351,254.212063492
