Instrument,ScoreGroup,Start,Duration,End
Flute,Lyrical Etude,17.972244898,78.471836735,96.444081633
Flute,Technical Etude,112.883809524,45.511111111,158.394920635
Flute,Chromatic Scale,175.403537415,13.606893424,189.01043083899998
Flute,Major Scales,207.888253968,111.502222222,319.39047618999996
Flute,Sight-Reading,327.494240363,73.003537415,400.497777778
