Instrument,ScoreGroup,Start,Duration,End
Flute,Lyrical Etude,13.235374149,52.825396825,66.060770974
Flute,Technical Etude,72.562358276,22.987755102,95.55011337799999
Flute,Chromatic Scale,103.793197278,14.048072562,117.84126984
Flute,Major Scales,126.014693877,117.028571428,243.043265305
Flute,Sight-Reading,249.730612244,47.229387755,296.959999999
