Instrument,ScoreGroup,Start,Duration,End
Alto Saxophone,Lyrical Etude,12.956734693,89.443265306,102.399999999
Alto Saxophone,Technical Etude,109.923265306,58.305306122,168.228571428
Alto Saxophone,Chromatic Scale,175.229387755,7.941224489,183.170612244
Alto Saxophone,Major Scales,189.231020408,77.008979591,266.239999999
Alto Saxophone,Sight-Reading,270.942040816,54.648163265,325.59020408099997
