Instrument,ScoreGroup,Start,Duration,End
Xylophone,Mallet Etude,13.746213,63.994195,77.740408
Snare Drum,Snare Etude,85.356553,25.35619,110.712743
Timpani,Timpani Etude,118.514649,47.647347,166.16199600000002
Xylophone,Chromatic Scale,174.985578,34.737052,209.72263
Xylophone,Major Scales,220.775329,32.879456,253.654785
Xylophone,Sight-Reading,273.902585,4.458231,278.360816
Snare Drum,Sight-Reading,304.320726,10.820499,315.14122499999996
