Instrument,ScoreGroup,Start,Duration,End
Bb Clarinet,Lyrical Etude,12.88707483,41.354739229,54.241814059000006
Bb Clarinet,Technical Etude,59.953922902,53.84707483,113.800997732
Bb Clarinet,Chromatic Scale,119.861405896,13.606893424,133.46829932
Bb Clarinet,Major Scales,141.270204082,118.561088435,259.831292517
Bb Clarinet,Sight-Reading,264.986122449,32.7169161,297.703038549
