Instrument,ScoreGroup,Start,Duration,End
Xylophone,Mallet Etude,12.277551,41.665306,53.942857000000004
Snare Drum,Snare Etude,60.929161,97.33805,158.267211
Timpani,Timpani Etude,166.661224,119.640816,286.30204000000003
Xylophone,Chromatic Scale,295.264943,13.931973,309.196916
Xylophone,Major Scales,316.604082,93.518367,410.122449
Xylophone,Sight-Reading,416.653061,49.893878,466.54693899999995
Snare Drum,Sight-Reading,471.643719,34.179773,505.823492
