Instrument,ScoreGroup,Start,Duration,End
Bb Clarinet,Lyrical Etude,16.718367346,49.110204081,65.828571427
Bb Clarinet,Technical Etude,73.665306122,46.759183673,120.424489795
Bb Clarinet,Chromatic Scale,128.391836734,16.326530612,144.718367346
Bb Clarinet,Major Scales,154.122448979,74.840816326,228.963265305
Bb Clarinet,Sight-Reading,237.583673469,67.134693877,304.718367346
