Instrument,ScoreGroup,Start,Duration,End
Flute,Lyrical Etude,15.110075,110.413286,125.523361
Flute,Technical Etude,131.094674,69.388166,200.48284
Flute,Chromatic Scale,209.599534,19.246353,228.845887
Flute,Major Scales,236.443131,100.79011,337.233241
Flute,Sight-Reading,345.843451,57.739058,403.582509
