Instrument,ScoreGroup,Start,Duration,End
Alto Saxophone,Lyrical Etude,11.958276644,88.073287982,100.03156462599999
Alto Saxophone,Technical Etude,107.926349206,43.165895692,151.092244898
Alto Saxophone,Chromatic Scale,157.106213152,11.470657596,168.576870748
Alto Saxophone,Major Scales,170.039727891,99.845804989,269.88553288
Alto Saxophone,Sight-Reading,273.53106576,56.122630385,329.65369614499997
