Instrument,ScoreGroup,Start,Duration,End
Flute,Lyrical Etude,10.565079,47.078458,57.643536999999995
Flute,Technical Etude,62.113379,44.988662,107.102041
Flute,Chromatic Scale,112.50068,14.744671,127.245351
Flute,Major Scales,132.469841,65.131973,197.601814
Flute,Sight-Reading,203.464853,47.310658,250.775511
