Instrument,ScoreGroup,Start,Duration,End
Bb Clarinet,Lyrical Etude,12.417525,100.311407,112.728932
Bb Clarinet,Technical Etude,119.804841,37.044461,156.849302
Bb Clarinet,Chromatic Scale,165.1739,12.070667,177.24456700000002
Bb Clarinet,Major Scales,185.152935,96.981568,282.134503
Bb Clarinet,Sight-Reading,290.875331,40.790531,331.665862
