Instrument,ScoreGroup,Start,Duration,End
Flute,Lyrical Etude,9.473741,80.991202,90.464943
Flute,Technical Etude,96.595011,48.854785,145.449796
Flute,Chromatic Scale,151.765624,13.374694,165.140318
Flute,Major Scales,171.827664,90.836463,262.664127
Flute,Sight-Reading,266.750839,63.158277,329.909116
