Instrument,ScoreGroup,Start,Duration,End
Bb Clarinet,Lyrical Etude,17.461406,136.719093,154.180499
Bb Clarinet,Technical Etude,163.282721,48.669025,211.951746
Bb Clarinet,Chromatic Scale,222.354286,13.188934,235.54322
Bb Clarinet,Major Scales,245.388481,108.112109,353.50059
Bb Clarinet,Sight-Reading,361.116735,85.635193,446.751928
