Instrument,ScoreGroup,Start,Duration,End
Flute,Lyrical Etude,10.309659863,107.276190476,117.58585033899999
Flute,Technical Etude,123.994557823,28.978503401,152.973061224
Flute,Chromatic Scale,158.824489795,12.654875283,171.479365078
Flute,Major Scales,180.001088435,116.192653061,296.19374149600003
Flute,Sight-Reading,303.995646258,39.845442176,343.841088434
