Instrument,ScoreGroup,Start,Duration,End
Bb Clarinet,Lyrical Etude,15.975329,133.746939,149.72226799999999
Bb Clarinet,Technical Etude,161.982404,45.325351,207.307755
Bb Clarinet,Chromatic Scale,214.366621,14.303492,228.67011300000001
Bb Clarinet,Major Scales,240.372971,122.601361,362.974332
Bb Clarinet,Sight-Reading,370.961995,63.715556,434.677551
