Instrument,ScoreGroup,Start,Duration,End
Flute,Lyrical Etude,10.44898,26.514286,36.963266
Flute,Technical Etude,40.097959,26.906122,67.004081
Flute,Chromatic Scale,70.791837,23.118367,93.910204
Flute,Major Scales,97.895329,91.022222,188.917551
Flute,Sight-Reading,194.49034,36.966168,231.456508
