Instrument,ScoreGroup,Start,Duration,End
Flute,Lyrical Etude,8.126984127,54.334693878,62.461678005
Flute,Technical Etude,65.108752834,23.196734694,88.305487528
Flute,Chromatic Scale,93.715736961,23.359274376,117.075011337
Flute,Major Scales,119.188027211,102.655419501,221.843446712
Flute,Sight-Reading,224.676281179,57.515827664,282.192108843
