Instrument,ScoreGroup,Start,Duration,End
Bb Clarinet,Lyrical Etude,11.981496599,88.885986395,100.867482994
Bb Clarinet,Technical Etude,105.04707483,28.699863946,133.746938776
Bb Clarinet,Chromatic Scale,141.270204082,13.374693878,154.64489795999998
Bb Clarinet,Major Scales,159.660408163,104.211156463,263.871564626
Bb Clarinet,Sight-Reading,266.843718821,85.635192744,352.478911565
