Instrument,ScoreGroup,Start,Duration,End
Xylophone,Mallet Etude,14.675011,49.133424,63.808434999999996
Snare Drum,Snare Etude,70.867302,55.449252,126.316554
Timpani,Timpani Etude,133.839819,46.16127,180.001089
Xylophone,Chromatic Scale,187.431474,6.780227,194.211701
Xylophone,Major Scales,201.177687,84.892154,286.069841
Xylophone,Sight-Reading,289.041995,48.297506,337.339501
Snare Drum,Sight-Reading,343.09805,25.077551,368.17560100000003
