Instrument,ScoreGroup,Start,Duration,End
Flute,Lyrical Etude,11.377777777,42.585396825,53.963174601999995
Flute,Technical Etude,59.326984126,30.882539682,90.209523808
Flute,Chromatic Scale,98.499047619,32.507936507,131.006984126
Flute,Major Scales,137.02095238,93.785396825,230.806349205
Flute,Sight-Reading,240.071111111,63.227936507,303.299047618
