Instrument,ScoreGroup,Start,Duration,End
Flute,Lyrical Etude,10.077460317,51.339319728,61.416780044999996
Flute,Technical Etude,65.898231293,24.589931973,90.48816326599999
Flute,Chromatic Scale,97.012970522,18.297324263,115.310294785
Flute,Major Scales,122.694240363,79.737324263,202.431564626
Flute,Sight-Reading,208.236553288,38.243265306,246.479818594
