Instrument,ScoreGroup,Start,Duration,End
Alto Saxophone,Lyrical Etude,16.161088435,89.582585034,105.743673469
Alto Saxophone,Technical Etude,114.102857142,82.895238095,196.998095237
Alto Saxophone,Chromatic Scale,204.660680272,12.120816326,216.78149659800002
Alto Saxophone,Major Scales,226.394557823,104.768435374,331.162993197
Alto Saxophone,Sight-Reading,337.014421768,47.50802721,384.522448978
