Instrument,ScoreGroup,Start,Duration,End
Flute,Lyrical Etude,10.983038549,56.610249433,67.59328798199999
Flute,Technical Etude,72.260498866,28.560544218,100.82104308400001
Flute,Chromatic Scale,110.759183673,15.394829932,126.15401360499999
Flute,Major Scales,131.541043084,110.178684807,241.719727891
Flute,Sight-Reading,246.177959184,54.799092971,300.977052155
