Instrument,ScoreGroup,Start,Duration,End
Flute,Lyrical Etude,9.142857,61.387755,70.53061199999999
Flute,Technical Etude,74.710204,48.326531,123.03673500000001
Flute,Chromatic Scale,129.828571,14.106122,143.934693
Flute,Major Scales,150.726531,93.518367,244.24489799999998
Flute,Sight-Reading,248.685714,61.64898,310.334694
