Instrument,ScoreGroup,Start,Duration,End
Flute,Lyrical Etude,11.052698,35.294331,46.347029
Flute,Technical Etude,52.198458,45.789751,97.98820900000001
Flute,Chromatic Scale,107.926349,21.548118,129.474467
Flute,Major Scales,137.926531,81.73424,219.660771
Flute,Sight-Reading,225.976599,41.05288,267.029479
