Instrument,ScoreGroup,Start,Duration,End
Bb Clarinet,Lyrical Etude,13.322449,113.632653,126.95510200000001
Bb Clarinet,Technical Etude,136.228571,38.791837,175.02040799999997
Bb Clarinet,Chromatic Scale,185.6,10.971429,196.571429
Bb Clarinet,Major Scales,204.016327,104.489796,308.506123
Bb Clarinet,Sight-Reading,309.812245,53.681633,363.493878
