Instrument,ScoreGroup,Start,Duration,End
Trumpet,Lyrical Etude,11.359037,59.851169,71.210206
Trumpet,Technical Etude,79.513259,19.027828,98.541087
Trumpet,Chromatic Scale,104.768376,10.724776,115.49315200000001
Trumpet,Major Scales,120.68256,94.447221,215.12978099999998
Trumpet,Sight-Reading,221.703031,53.96984,275.672871
