Instrument,ScoreGroup,Start,Duration,End
Xylophone,Mallet Etude,16.091429,51.919819,68.011248
Snare Drum,Snare Etude,77.740408,42.538957,120.27936500000001
Timpani,Timpani Etude,128.568889,53.429116,181.998005
Xylophone,Chromatic Scale,192.725624,9.543401,202.269025
Xylophone,Major Scales,211.464127,68.893605,280.357732
Xylophone,Sight-Reading,289.529615,69.915283,359.44489799999997
Snare Drum,Sight-Reading,365.505306,34.667392,400.172698
