Instrument,ScoreGroup,Start,Duration,End
Bb Clarinet,Lyrical Etude,13.897142857,38.66122449,52.558367347
Bb Clarinet,Technical Etude,57.155918367,35.108571429,92.26448979599999
Bb Clarinet,Chromatic Scale,99.056326531,15.568979592,114.625306123
Bb Clarinet,Major Scales,120.05877551,73.560816327,193.619591837
Bb Clarinet,Sight-Reading,200.097959184,44.303673469,244.40163265299998
