Instrument,ScoreGroup,Start,Duration,End
Flute,Lyrical Etude,9.694331066,45.511111111,55.205442176999995
Flute,Technical Etude,59.61723356,22.117006803,81.734240363
Flute,Chromatic Scale,88.293877551,12.480725624,100.774603175
Flute,Major Scales,107.369070295,63.901315193,171.270385488
Flute,Sight-Reading,174.265759637,28.792743764,203.058503401
