Instrument,ScoreGroup,Start,Duration,End
Trumpet,Lyrical Etude,15.664277,57.649199,73.31347600000001
Trumpet,Technical Etude,81.000037,20.264567,101.264604
Trumpet,Chromatic Scale,109.649942,10.831062,120.481004
Trumpet,Major Scales,127.468785,93.636275,221.10505999999998
Trumpet,Sight-Reading,228.442232,49.962639,278.404871
