Instrument,ScoreGroup,Start,Duration,End
Flute,Lyrical Etude,9.845261,27.120907,36.966167999999996
Flute,Technical Etude,41.14576,26.006349,67.152109
Flute,Chromatic Scale,73.003537,15.60381,88.60734699999999
Flute,Major Scales,96.780771,61.765079,158.54585
Flute,Sight-Reading,164.397279,37.523447,201.920726
