Instrument,ScoreGroup,Start,Duration,End
Bb Clarinet,Lyrical Etude,9.287981859,76.532970522,85.820952381
Bb Clarinet,Technical Etude,91.022222222,51.641179138,142.66340136
Bb Clarinet,Chromatic Scale,147.121632653,19.319002268,166.440634921
Bb Clarinet,Major Scales,168.298231293,123.715918367,292.01414966
Bb Clarinet,Sight-Reading,299.073015873,66.873469388,365.94648526099996
