Instrument,ScoreGroup,Start,Duration,End
Flute,Lyrical Etude,12.346981,23.105925,35.452906
Flute,Technical Etude,41.408041,5.478725,46.886765999999994
Flute,Chromatic Scale,53.080106,9.290011,62.370117
Flute,Major Scales,69.754485,46.926467,116.680952
Flute,Sight-Reading,121.683266,66.221105,187.904371
