Instrument,ScoreGroup,Start,Duration,End
Alto Saxophone,Lyrical Etude,12.794195011,71.764172336,84.558367347
Alto Saxophone,Technical Etude,91.271836735,31.268571429,122.540408164
Alto Saxophone,Chromatic Scale,129.306122449,10.788571429,140.094693878
Alto Saxophone,Major Scales,147.565714286,82.755918367,230.321632653
Alto Saxophone,Sight-Reading,234.292244898,56.398367347,290.690612245
