Instrument,ScoreGroup,Start,Duration,End
Bb Clarinet,Lyrical Etude,13.072834,70.402902,83.475736
Bb Clarinet,Technical Etude,88.328707,126.966712,215.29541899999998
Bb Clarinet,Chromatic Scale,223.097324,16.137868,239.23519199999998
Bb Clarinet,Major Scales,247.013878,84.241995,331.255873
Bb Clarinet,Sight-Reading,338.268299,79.876644,418.144943
