Instrument,ScoreGroup,Start,Duration,End
Flute,Lyrical Etude,10.50122449,55.693061224,66.194285714
Flute,Technical Etude,72.063129252,28.42122449,100.484353742
Flute,Chromatic Scale,109.574965986,10.031020408,119.605986394
Flute,Major Scales,127.512380952,99.23047619,226.742857142
Flute,Sight-Reading,232.176326531,61.283265306,293.459591837
