Instrument,ScoreGroup,Start,Duration,End
Flute,Lyrical Etude,12.654875283,69.543764172,82.19863945499999
Flute,Technical Etude,88.468027211,48.007256236,136.475283447
Flute,Chromatic Scale,144.4861678,14.628571429,159.114739229
Flute,Major Scales,168.066031746,107.52,275.586031746
Flute,Sight-Reading,284.200634921,59.814603175,344.015238096
