Instrument,ScoreGroup,Start,Duration,End
Flute,Lyrical Etude,21.176599,46.06839,67.244989
Flute,Technical Etude,74.118095,46.439909,120.558004
Flute,Chromatic Scale,130.960544,9.845261,140.805805
Flute,Major Scales,149.350748,109.040907,258.391655
Flute,Sight-Reading,264.707483,41.424399,306.131882
