Instrument,ScoreGroup,Start,Duration,End
Alto Saxophone,Lyrical Etude,12.353015873,40.356281179,52.709297052
Alto Saxophone,Technical Etude,58.003446712,45.534331066,103.53777777799999
Alto Saxophone,Chromatic Scale,110.434104308,10.983038549,121.417142857
Alto Saxophone,Major Scales,129.335147392,97.45414966,226.789297052
Alto Saxophone,Sight-Reading,235.264580499,38.475464853,273.740045352
