Instrument,ScoreGroup,Start,Duration,End
Bb Clarinet,Lyrical Etude,11.102040816,49.502040816,60.604081631999996
Bb Clarinet,Technical Etude,68.048979591,35.004081632,103.05306122300001
Bb Clarinet,Chromatic Scale,114.15510204,13.714285714,127.869387754
Bb Clarinet,Major Scales,138.318367346,88.946938775,227.265306121
Bb Clarinet,Sight-Reading,233.273469387,66.742857142,300.016326529
