Instrument,ScoreGroup,Start,Duration,End
Bb Clarinet,Lyrical Etude,12.260136054,52.105578231,64.365714285
Bb Clarinet,Technical Etude,69.474104308,41.424399092,110.8985034
Bb Clarinet,Chromatic Scale,118.979047619,13.003174603,131.982222222
Bb Clarinet,Major Scales,139.598367346,70.867301587,210.46566893300002
Bb Clarinet,Sight-Reading,216.038458049,51.362539682,267.400997731
