Instrument,ScoreGroup,Start,Duration,End
Bb Clarinet,Lyrical Etude,10.959818594,61.486439909,72.446258503
Bb Clarinet,Technical Etude,76.347210884,31.114739229,107.461950113
Bb Clarinet,Chromatic Scale,113.081179138,15.092970522,128.17414965999998
Bb Clarinet,Major Scales,134.478367347,87.980408163,222.45877551
Bb Clarinet,Sight-Reading,229.146122449,47.960816327,277.106938776
