Instrument,ScoreGroup,Start,Duration,End
Bb Clarinet,Lyrical Etude,11.168798186,72.376598639,83.545396825
Bb Clarinet,Technical Etude,88.282267574,81.246621315,169.528888889
Bb Clarinet,Chromatic Scale,175.775056689,14.2338322,190.008888889
Bb Clarinet,Major Scales,196.255056689,120.349024943,316.60408163200003
Bb Clarinet,Sight-Reading,321.457052154,77.717188209,399.17424036299997
