Instrument,ScoreGroup,Start,Duration,End
Flute,Lyrical Etude,11.84217687,94.598095238,106.440272108
Flute,Technical Etude,112.431020408,25.216870748,137.647891156
Flute,Chromatic Scale,146.007074829,13.931972789,159.93904761800002
Flute,Major Scales,167.044353741,96.4092517,263.45360544100004
Flute,Sight-Reading,268.608435374,37.894965986,306.50340136
