Instrument,ScoreGroup,Start,Duration,End
Flute,Lyrical Etude,12.120816326,94.45877551,106.57959183599999
Flute,Technical Etude,110.968163265,29.884081632,140.852244897
Flute,Chromatic Scale,146.912653061,20.062040816,166.974693877
Flute,Major Scales,173.03510204,105.952653061,278.987755101
Flute,Sight-Reading,284.630204081,48.483265306,333.113469387
