Instrument,ScoreGroup,Start,Duration,End
Flute,Lyrical Etude,8.661043084,48.436825397,57.097868481
Flute,Technical Etude,61.231020408,29.024943311,90.255963719
Flute,Chromatic Scale,95.666213152,16.857687075,112.523900227
Flute,Major Scales,118.259229025,93.367437642,211.626666667
Flute,Sight-Reading,216.920816327,66.548390023,283.46920635000004
