Instrument,ScoreGroup,Start,Duration,End
Xylophone,Mallet Etude,12.538776,41.517279,54.056055
Snare Drum,Snare Etude,60.604082,83.2,143.804082
Timpani,Timpani Etude,151.24898,90.906122,242.155102
Xylophone,Chromatic Scale,257.230658,6.640907,263.87156500000003
Xylophone,Major Scales,269.351474,119.443447,388.794921
Xylophone,Sight-Reading,399.940499,49.783583,449.724082
Snare Drum,Sight-Reading,458.454785,32.136417,490.591202
