Instrument,ScoreGroup,Start,Duration,End
Bb Clarinet,Lyrical Etude,12.629374,84.787476,97.41685
Bb Clarinet,Technical Etude,103.151269,38.092924,141.244193
Bb Clarinet,Chromatic Scale,146.159409,13.926445,160.085854
Bb Clarinet,Major Scales,166.639475,107.315549,273.955024
Bb Clarinet,Sight-Reading,281.73745,44.646545,326.383995
