Instrument,ScoreGroup,Start,Duration,End
Alto Saxophone,Lyrical Etude,10.750839002,76.73324263,87.484081632
Alto Saxophone,Technical Etude,94.902857143,32.600816327,127.50367347
Alto Saxophone,Chromatic Scale,135.288163265,18.337959184,153.626122449
Alto Saxophone,Major Scales,160.235102041,92.264489796,252.49959183700003
Alto Saxophone,Sight-Reading,258.194285714,42.135510204,300.329795918
