Instrument,ScoreGroup,Start,Duration,End
Alto Saxophone,Lyrical Etude,8.591383219,50.619501133,59.210884352
Alto Saxophone,Technical Etude,63.709750566,23.045804988,86.755555554
Alto Saxophone,Chromatic Scale,92.949478458,13.281814058,106.231292516
Alto Saxophone,Major Scales,112.036281171,75.348752834,187.385034005
Alto Saxophone,Sight-Reading,192.754648521,41.302494331,234.057142852
