Instrument,ScoreGroup,Start,Duration,End
Bb Clarinet,Lyrical Etude,16.912713,102.853784,119.766497
Bb Clarinet,Technical Etude,132.164051,36.274326,168.438377
Bb Clarinet,Chromatic Scale,177.621751,13.77506,191.39681099999999
Bb Clarinet,Major Scales,199.661847,112.496326,312.158173
Bb Clarinet,Sight-Reading,320.882379,46.376037,367.258416
