Instrument,ScoreGroup,Start,Duration,End
Flute,Lyrical Etude,8.823582766,66.409070295,75.23265306100001
Flute,Technical Etude,78.483446712,47.368707483,125.852154195
Flute,Chromatic Scale,130.496145125,13.467573696,143.963718821
Flute,Major Scales,149.072108844,94.273015873,243.34512471700003
Flute,Sight-Reading,247.989115646,53.405895692,301.395011338
