Instrument,ScoreGroup,Start,Duration,End
Flute,Lyrical Etude,14.14095238,94.273015873,108.41396825300001
Flute,Technical Etude,113.777777777,30.882539682,144.660317459
Flute,Chromatic Scale,152.787301587,18.529523809,171.316825396
Flute,Major Scales,179.281269841,115.403174603,294.684444444
Flute,Sight-Reading,301.511111111,52.50031746,354.011428571
