Instrument,ScoreGroup,Start,Duration,End
Alto Saxophone,Lyrical Etude,11.029478458,159.288888888,170.318367346
Alto Saxophone,Technical Etude,174.614058956,46.788208616,221.402267572
Alto Saxophone,Chromatic Scale,226.742857142,8.939682539,235.68253968099998
Alto Saxophone,Major Scales,241.487528344,84.985034013,326.472562357
Alto Saxophone,Sight-Reading,330.071655328,54.334693877,384.406349205
