Instrument,ScoreGroup,Start,Duration,End
Bb Clarinet,Lyrical Etude,18.02663,118.642226,136.668856
Bb Clarinet,Technical Etude,150.01015,33.829711,183.839861
Bb Clarinet,Chromatic Scale,195.275256,14.770719,210.045975
Bb Clarinet,Major Scales,221.004895,109.589204,330.594099
Bb Clarinet,Sight-Reading,340.123596,39.547409,379.67100500000004
