Instrument,ScoreGroup,Start,Duration,End
Bb Clarinet,Lyrical Etude,10.553469388,49.005714286,59.559183673999996
Bb Clarinet,Technical Etude,64.365714286,40.855510204,105.22122449
Bb Clarinet,Chromatic Scale,111.908571429,14.733061224,126.641632653
Bb Clarinet,Major Scales,134.687346939,90.174693878,224.862040817
Bb Clarinet,Sight-Reading,230.086530612,58.61877551,288.70530612199997
