Instrument,ScoreGroup,Start,Duration,End
Bb Clarinet,Lyrical Etude,10.565079365,50.468571429,61.033650794
Bb Clarinet,Technical Etude,66.113015873,32.182857143,98.295873016
Bb Clarinet,Chromatic Scale,103.862857143,17.676190476,121.539047619
Bb Clarinet,Major Scales,128.65015873,135.918004535,264.56816326499995
Bb Clarinet,Sight-Reading,269.281814059,56.508662132,325.790476191
