Instrument,ScoreGroup,Start,Duration,End
Flute,Lyrical Etude,16.579047619,25.565170068,42.144217687
Flute,Technical Etude,53.429115646,30.162721088,83.591836734
Flute,Chromatic Scale,98.081088435,25.983129252,124.064217687
Flute,Major Scales,137.996190476,97.872108844,235.86829932
Flute,Sight-Reading,245.41170068,46.881088435,292.292789115
