Instrument,ScoreGroup,Start,Duration,End
Flute,Lyrical Etude,12.956735,128.835918,141.792653
Flute,Technical Etude,147.748571,60.499592,208.248163
Flute,Chromatic Scale,215.666939,13.897143,229.564082
Flute,Major Scales,238.550204,101.041633,339.591837
Flute,Sight-Reading,345.025306,46.811429,391.836735
