Instrument,ScoreGroup,Start,Duration,End
Flute,Lyrical Etude,12.306576,93.344218,105.65079399999999
Flute,Technical Etude,109.714286,43.305215,153.019501
Flute,Chromatic Scale,159.056689,13.119274,172.175963
Flute,Major Scales,178.677551,94.853515,273.531066
Flute,Sight-Reading,277.942857,41.679819,319.622676
