Instrument,ScoreGroup,Start,Duration,End
Bb Clarinet,Lyrical Etude,13.844897959,58.514285714,72.359183673
Bb Clarinet,Technical Etude,82.546938775,38.922448979,121.469387754
Bb Clarinet,Chromatic Scale,137.926530612,15.673469387,153.599999999
Bb Clarinet,Major Scales,163.526530612,87.510204081,251.03673469299997
Bb Clarinet,Sight-Reading,260.179591836,64.783673469,324.963265305
