Instrument,ScoreGroup,Start,Duration,End
Flute,Lyrical Etude,13.560454,59.721723,73.28217699999999
Flute,Technical Etude,78.576327,35.201451,113.77777800000001
Flute,Chromatic Scale,122.322721,27.028027,149.350748
Flute,Major Scales,156.473469,124.865306,281.338775
Flute,Sight-Reading,291.526531,89.861224,381.38775499999997
