Instrument,ScoreGroup,Start,Duration,End
Alto Saxophone,Lyrical Etude,9.247346938,50.991020408,60.238367346
Alto Saxophone,Technical Etude,64.679183673,25.965714285,90.644897958
Alto Saxophone,Chromatic Scale,93.727346938,10.814693877,104.542040815
Alto Saxophone,Major Scales,105.795918367,63.268571428,169.064489795
Alto Saxophone,Sight-Reading,172.303673469,49.684897959,221.988571428
