Instrument,ScoreGroup,Start,Duration,End
Flute,Lyrical Etude,12.921905,54.613333,67.53523799999999
Flute,Technical Etude,71.76127,23.324444,95.085714
Flute,Chromatic Scale,102.31873,14.628571,116.94730100000001
Flute,Major Scales,123.530159,104.106667,227.63682599999999
Flute,Sight-Reading,232.919365,45.511111,278.430476
