Instrument,ScoreGroup,Start,Duration,End
Bb Clarinet,Lyrical Etude,13.931973,74.048435,87.980408
Bb Clarinet,Technical Etude,93.715737,84.520635,178.23637200000002
Bb Clarinet,Chromatic Scale,185.736417,29.675102,215.411519
Bb Clarinet,Major Scales,222.958005,78.088707,301.046712
Bb Clarinet,Sight-Reading,309.545215,55.565351,365.110566
