Instrument,ScoreGroup,Start,Duration,End
Trumpet,Lyrical Etude,10.971428571,51.722448979,62.693877549999996
Trumpet,Technical Etude,68.731065759,27.120907029,95.85197278800001
Trumpet,Chromatic Scale,102.910839002,11.145578231,114.056417233
Trumpet,Major Scales,121.858321995,56.09941043,177.957732425
Trumpet,Sight-Reading,185.388117913,50.526621315,235.914739228
