Instrument,ScoreGroup,Start,Duration,End
Alto Saxophone,Lyrical Etude,13.583673469,40.193741496,53.777414965000006
Alto Saxophone,Technical Etude,56.703129251,19.040362811,75.743492062
Alto Saxophone,Chromatic Scale,77.833287981,26.935147392,104.768435373
Alto Saxophone,Major Scales,115.310294781,70.519002267,185.829297048
Alto Saxophone,Sight-Reading,191.332426301,62.833197278,254.165623579
