Instrument,ScoreGroup,Start,Duration,End
Flute,Lyrical Etude,12.945124717,46.90430839,59.849433106999996
Flute,Technical Etude,65.422222222,25.832199546,91.254421768
Flute,Chromatic Scale,97.709569161,48.390385488,146.099954649
Flute,Major Scales,150.674285714,105.163174603,255.83746031700002
Flute,Sight-Reading,265.822040816,70.739591837,336.56163265300006
