Instrument,ScoreGroup,Start,Duration,End
Bb Clarinet,Lyrical Etude,10.840816,89.861224,100.70204000000001
Bb Clarinet,Technical Etude,105.795918,64.130612,169.92653
Bb Clarinet,Chromatic Scale,175.412245,14.497959,189.91020400000002
Bb Clarinet,Major Scales,195.918367,101.877551,297.795918
Bb Clarinet,Sight-Reading,304.065306,63.608163,367.673469
