Instrument,ScoreGroup,Start,Duration,End
Flute,Lyrical Etude,21.919637,29.535782,51.455419000000006
Flute,Technical Etude,57.399728,31.579138,88.97886600000001
Flute,Chromatic Scale,97.709569,25.63483,123.34439900000001
Flute,Major Scales,136.533333,82.663039,219.196372
Flute,Sight-Reading,223.097324,45.139592,268.236916
