Instrument,ScoreGroup,Start,Duration,End
Flute,Lyrical Etude,9.89170068,39.125623583,49.017324263
Flute,Technical Etude,54.125714286,32.484716553,86.610430839
Flute,Chromatic Scale,93.228117914,11.795736961,105.023854875
Flute,Major Scales,113.034739229,112.848979592,225.883718821
Flute,Sight-Reading,230.736689342,40.681360544,271.418049886
