Instrument,ScoreGroup,Start,Duration,End
Bb Clarinet,Lyrical Etude,9.404081632,45.714285714,55.118367346
Bb Clarinet,Technical Etude,59.689795918,36.048979591,95.73877550899999
Bb Clarinet,Chromatic Scale,101.517641723,13.931972789,115.449614512
Bb Clarinet,Major Scales,121.858321995,108.29786848,230.15619047500002
Bb Clarinet,Sight-Reading,236.193378684,38.91664399,275.110022674
