Instrument,ScoreGroup,Start,Duration,End
Alto Saxophone,Lyrical Etude,13.955193,64.319274,78.27446699999999
Alto Saxophone,Technical Etude,84.009796,24.822132,108.83192799999999
Alto Saxophone,Chromatic Scale,116.935692,10.518639,127.454331
Alto Saxophone,Major Scales,133.979138,95.642993,229.62213100000002
Alto Saxophone,Sight-Reading,237.749116,45.000272,282.749388
