Instrument,ScoreGroup,Start,Duration,End
Flute,Lyrical Etude,13.792653061,83.034557823,96.827210884
Flute,Technical Etude,105.325714285,35.247891156,140.573605441
Flute,Chromatic Scale,147.95755102,15.18585034,163.14340136
Flute,Major Scales,170.341587301,122.787120181,293.128707482
Flute,Sight-Reading,296.658140589,50.898140589,347.556281178
