Instrument,ScoreGroup,Start,Duration,End
Flute,Lyrical Etude,22.755555555,54.613333333,77.368888888
Flute,Technical Etude,84.195555555,42.585396825,126.78095238
Flute,Chromatic Scale,135.233015873,22.43047619,157.663492063
Flute,Major Scales,164.49015873,128.081269841,292.57142857099996
Flute,Sight-Reading,298.422857142,59.164444444,357.58730158599997
