Instrument,ScoreGroup,Start,Duration,End
Alto Saxophone,Lyrical Etude,11.772517007,78.901405896,90.673922903
Alto Saxophone,Technical Etude,96.1538322,44.373333333,140.527165533
Alto Saxophone,Chromatic Scale,146.866213152,10.356099773,157.222312925
Alto Saxophone,Major Scales,164.374058957,104.838095238,269.212154195
Alto Saxophone,Sight-Reading,274.018684807,52.593197279,326.611882086
