Instrument,ScoreGroup,Start,Duration,End
Alto Saxophone,Lyrical Etude,10.472199546,64.168344671,74.640544217
Alto Saxophone,Technical Etude,79.481904762,33.576054422,113.057959184
Alto Saxophone,Chromatic Scale,119.292517007,9.926530612,129.219047619
Alto Saxophone,Major Scales,135.41877551,97.488979592,232.907755102
Alto Saxophone,Sight-Reading,238.828843537,49.841632653,288.67047619
