Instrument,ScoreGroup,Start,Duration,End
Alto Saxophone,Lyrical Etude,11.784126984,64.609523809,76.39365079299999
Alto Saxophone,Technical Etude,84.439365079,28.606984126,113.046349205
Alto Saxophone,Chromatic Scale,120.766984126,32.833015873,153.599999999
Alto Saxophone,Major Scales,161.79664399,84.056235827,245.852879817
Alto Saxophone,Sight-Reading,252.725986394,56.935328798,309.66131519199996
