Instrument,ScoreGroup,Start,Duration,End
Flute,Lyrical Etude,12.678095238,33.959183673,46.637278910999996
Flute,Technical Etude,50.782040816,44.878367347,95.660408163
Flute,Chromatic Scale,102.13877551,55.118367347,157.25714285700002
Flute,Major Scales,164.815238095,125.155555556,289.970793651
Flute,Sight-Reading,295.241723356,59.79138322,355.033106576
