Instrument,ScoreGroup,Start,Duration,End
Alto Saxophone,Lyrical Etude,12.538776,57.260408,69.799184
Alto Saxophone,Technical Etude,77.693968,26.238549,103.93251699999999
Alto Saxophone,Chromatic Scale,115.379955,9.705941,125.08589599999999
Alto Saxophone,Major Scales,135.952834,99.961905,235.914739
Alto Saxophone,Sight-Reading,242.393107,49.597823,291.99093
