Instrument,ScoreGroup,Start,Duration,End
Bb Clarinet,Lyrical Etude,18.111565,64.551474,82.663039
Bb Clarinet,Technical Etude,92.601179,26.749388,119.350567
Bb Clarinet,Chromatic Scale,130.124626,14.953651,145.078277
Bb Clarinet,Major Scales,158.040816,82.02449,240.06530600000002
Bb Clarinet,Sight-Reading,250.311111,63.158277,313.469388
