Instrument,ScoreGroup,Start,Duration,End
Bb Clarinet,Lyrical Etude,11.702857,55.263492,66.966349
Bb Clarinet,Technical Etude,73.003537,22.476916,95.480453
Bb Clarinet,Chromatic Scale,104.396916,21.733878,126.13079400000001
Bb Clarinet,Major Scales,138.762449,100.867483,239.629932
Bb Clarinet,Sight-Reading,248.360635,42.167438,290.528073
