Instrument,ScoreGroup,Start,Duration,End
Flute,Lyrical Etude,16.021768707,84.636734694,100.65850340099999
Flute,Technical Etude,107.926349206,57.701587302,165.627936508
Flute,Chromatic Scale,174.08,34.53968254,208.61968254
Flute,Major Scales,217.199455782,119.536326531,336.735782313
Flute,Sight-Reading,342.204081633,65.410612245,407.61469387799997
