Instrument,ScoreGroup,Start,Duration,End
Bb Clarinet,Lyrical Etude,15.975329,99.567166,115.542495
Bb Clarinet,Technical Etude,120.929524,80.619683,201.549207
Bb Clarinet,Chromatic Scale,209.351111,19.690522,229.041633
Bb Clarinet,Major Scales,237.400816,121.858322,359.259138
Bb Clarinet,Sight-Reading,362.788571,70.588662,433.377233
