Instrument,ScoreGroup,Start,Duration,End
Alto Saxophone,Lyrical Etude,17.136327,76.64907,93.78539699999999
Alto Saxophone,Technical Etude,99.311746,28.815964,128.12771
Alto Saxophone,Chromatic Scale,138.22839,13.188934,151.41732399999998
Alto Saxophone,Major Scales,158.84771,70.751202,229.598912
Alto Saxophone,Sight-Reading,241.975147,54.590113,296.56525999999997
