Instrument,ScoreGroup,Start,Duration,End
Flute,Lyrical Etude,12.434285714,75.128163265,87.562448979
Flute,Technical Etude,96.264126984,44.251428571,140.515555555
Flute,Chromatic Scale,146.895238095,10.280634921,157.175873016
Flute,Major Scales,163.561360544,105.186394558,268.747755102
Flute,Sight-Reading,274.13478458,63.669115646,337.803900226
