Instrument,ScoreGroup,Start,Duration,End
French Horn,Lyrical Etude,10.72136,101.627679,112.349039
French Horn,Technical Etude,119.376485,111.898561,231.275046
French Horn,Chromatic Scale,237.221347,11.892601,249.11394800000002
French Horn,Major Scales,258.844257,114.060853,372.90511000000004
French Horn,Sight-Reading,375.607973,53.516703,429.124676
