Instrument,ScoreGroup,Start,Duration,End
Flute,Lyrical Etude,10.507029478,39.706122449,50.213151927
Flute,Technical Etude,55.49569161,27.573696145,83.06938775500001
Flute,Chromatic Scale,84.462585034,18.575963719,103.038548753
Flute,Major Scales,110.619863946,70.217142857,180.837006803
Flute,Sight-Reading,185.121088435,30.011791383,215.132879818
