Instrument,ScoreGroup,Start,Duration,End
Flute,Lyrical Etude,10.390929705,48.355555556,58.746485261
Flute,Technical Etude,64.493424036,37.732426304,102.22585034
Flute,Chromatic Scale,112.105941043,11.192018141,123.297959184
Flute,Major Scales,129.915646259,100.542403628,230.45804988700002
Flute,Sight-Reading,234.707301587,42.817596372,277.524897959
