Instrument,ScoreGroup,Start,Duration,End
Flute,Lyrical Etude,12.225306122,64.156734693,76.38204081500001
Flute,Technical Etude,82.024489795,23.614693877,105.639183672
Flute,Chromatic Scale,114.311836734,19.226122448,133.537959182
Flute,Major Scales,139.911836734,63.947755102,203.859591836
Flute,Sight-Reading,208.561632653,46.288979591,254.850612244
