Instrument,ScoreGroup,Start,Duration,End
Trumpet,Lyrical Etude,11.493877551,48.065306122,59.55918367300001
Trumpet,Technical Etude,65.062312925,27.771065759,92.833378684
Trumpet,Chromatic Scale,98.917006802,10.681179138,109.59818594000001
Trumpet,Major Scales,115.330612244,67.787755102,183.118367346
Trumpet,Sight-Reading,188.146938775,58.187755102,246.334693877
