Instrument,ScoreGroup,Start,Duration,End
Flute,Lyrical Etude,9.926531,67.134694,77.061225
Flute,Technical Etude,80.326531,48.195918,128.522449
Flute,Chromatic Scale,133.355102,27.95102,161.306122
Flute,Major Scales,167.926712,108.855147,276.781859
Flute,Sight-Reading,280.868571,72.817778,353.68634899999995
