Instrument,ScoreGroup,Start,Duration,End
Oboe,Lyrical Etude,13.815873015,57.701587301,71.517460316
Oboe,Technical Etude,76.962539682,26.006349206,102.968888888
Oboe,Chromatic Scale,108.982857142,10.727619047,119.710476189
Oboe,Major Scales,125.074285714,52.825396825,177.899682539
Oboe,Sight-Reading,183.913650793,47.136507936,231.05015872899997
