Instrument,ScoreGroup,Start,Duration,End
Bb Clarinet,Lyrical Etude,13.18893424,41.052879818,54.241814058
Bb Clarinet,Technical Etude,58.700045351,37.523446712,96.22349206300001
Bb Clarinet,Chromatic Scale,103.282358276,14.4892517,117.771609976
Bb Clarinet,Major Scales,126.873832199,73.9323356,200.806167799
Bb Clarinet,Sight-Reading,207.865034013,56.842448979,264.707482992
