Instrument,ScoreGroup,Start,Duration,End
Trumpet,Lyrical Etude,11.145578231,53.870294784,65.015873015
Trumpet,Technical Etude,69.102585034,33.065215419,102.167800453
Trumpet,Chromatic Scale,107.740589569,19.319002267,127.059591836
Trumpet,Major Scales,135.233015873,96.966530612,232.19954648499998
Trumpet,Sight-Reading,234.800181405,43.839274376,278.639455781
