Instrument,ScoreGroup,Start,Duration,End
Xylophone,Mallet Etude,10.866939,55.449252,66.316191
Snare Drum,Snare Etude,71.981859,45.325351,117.30721
Timpani,Timpani Etude,122.415601,69.752744,192.168345
Xylophone,Chromatic Scale,201.688526,8.219864,209.90839
Xylophone,Major Scales,220.31093,69.288345,289.59927500000003
Xylophone,Sight-Reading,296.100862,65.851791,361.952653
Snare Drum,Sight-Reading,367.346939,28.865306,396.212245
