Instrument,ScoreGroup,Start,Duration,End
Xylophone,Mallet Etude,12.016327,41.534694,53.551021000000006
Snare Drum,Snare Etude,59.820408,45.844898,105.665306
Timpani,Timpani Etude,111.542857,66.481633,178.02449000000001
Xylophone,Chromatic Scale,186.502676,8.359184,194.86186
Xylophone,Major Scales,202.663764,63.529796,266.19356
Xylophone,Sight-Reading,270.651791,46.532789,317.18458
Snare Drum,Sight-Reading,324.754286,25.123991,349.87827699999997
