Instrument,ScoreGroup,Start,Duration,End
Alto Saxophone,Lyrical Etude,22.801995465,58.020861678,80.82285714300001
Alto Saxophone,Technical Etude,87.161904762,36.977777778,124.13968254
Alto Saxophone,Chromatic Scale,131.779047619,21.455238095,153.234285714
Alto Saxophone,Major Scales,161.808253968,100.774603175,262.582857143
Alto Saxophone,Sight-Reading,267.580952381,74.565079365,342.14603174599995
