Instrument,ScoreGroup,Start,Duration,End
Flute,Lyrical Etude,12.260136054,46.811428571,59.071564625
Flute,Technical Etude,64.783673469,24.241632653,89.02530612199999
Flute,Chromatic Scale,97.10585034,18.390204081,115.496054421
Flute,Major Scales,125.945034013,75.9292517,201.874285713
Flute,Sight-Reading,208.979591836,38.591564625,247.571156461
