Instrument,ScoreGroup,Start,Duration,End
Bb Clarinet,Lyrical Etude,12.8,98.481632653,111.281632653
Bb Clarinet,Technical Etude,114.93877551,131.918367346,246.857142856
Bb Clarinet,Chromatic Scale,253.126530612,27.428571428,280.55510204
Bb Clarinet,Major Scales,289.436734693,106.057142857,395.49387755
Bb Clarinet,Sight-Reading,402.285714285,44.669387755,446.95510204
