Instrument,ScoreGroup,Start,Duration,End
Flute,Lyrical Etude,14.140952381,56.563809524,70.704761905
Flute,Technical Etude,77.043809524,22.918095238,99.96190476199999
Flute,Chromatic Scale,109.714285714,16.579047619,126.29333333299999
Flute,Major Scales,135.883174603,93.785396825,229.668571428
Flute,Sight-Reading,235.194920635,43.073015873,278.267936508
