Instrument,ScoreGroup,Start,Duration,End
Flute,Lyrical Etude,12.654875283,45.981315193,58.636190476
Flute,Technical Etude,67.718095238,25.510022676,93.228117914
Flute,Chromatic Scale,102.376780045,16.799637188,119.176417233
Flute,Major Scales,129.520907029,139.871201814,269.39210884299996
Flute,Sight-Reading,275.118730159,59.977142857,335.095873016
