Instrument,ScoreGroup,Start,Duration,End
Bb Clarinet,Lyrical Etude,16.161088435,63.344036281,79.505124716
Bb Clarinet,Technical Etude,84.892154195,84.613514739,169.505668934
Bb Clarinet,Chromatic Scale,175.264217687,37.244807256,212.50902494300001
Bb Clarinet,Major Scales,220.125170068,73.189297052,293.31446712
Bb Clarinet,Sight-Reading,299.165895691,79.87664399,379.042539681
