Instrument,ScoreGroup,Start,Duration,End
Xylophone,Mallet Etude,17.371429,54.4,71.771429
Snare Drum,Snare Etude,78.889796,62.040816,140.930612
Timpani,Timpani Etude,148.571429,66.35102,214.922449
Xylophone,Chromatic Scale,223.869388,9.012245,232.881633
Xylophone,Major Scales,240.84898,92.212245,333.06122500000004
Xylophone,Sight-Reading,342.204082,59.559184,401.76326600000004
Snare Drum,Sight-Reading,406.465306,44.669388,451.13469399999997
