Instrument,ScoreGroup,Start,Duration,End
Bb Clarinet,Lyrical Etude,11.377777778,56.598639456,67.976417234
Bb Clarinet,Technical Etude,71.865759637,19.504761905,91.37052154199999
Bb Clarinet,Chromatic Scale,98.10430839,15.673469388,113.777777778
Bb Clarinet,Major Scales,120.511564626,86.610430839,207.121995465
Bb Clarinet,Sight-Reading,213.39138322,50.503401361,263.894784581
