Instrument,ScoreGroup,Start,Duration,End
Flute,Lyrical Etude,11.714702,129.225537,140.940239
Flute,Technical Etude,145.74254,36.235539,181.97807899999998
Flute,Chromatic Scale,189.399816,12.66061,202.06042599999998
Flute,Major Scales,209.04559,96.046007,305.091597
Flute,Sight-Reading,311.203616,36.672112,347.875728
