Instrument,ScoreGroup,Start,Duration,End
Alto Saxophone,Lyrical Etude,14.262857142,54.752653061,69.01551020299999
Alto Saxophone,Technical Etude,73.404081632,36.571428571,109.975510203
Alto Saxophone,Chromatic Scale,115.513469387,25.443265306,140.956734693
Alto Saxophone,Major Scales,146.860408163,120.790204081,267.650612244
Alto Saxophone,Sight-Reading,271.412244897,52.819591836,324.231836733
