Instrument,ScoreGroup,Start,Duration,End
Alto Saxophone,Lyrical Etude,12.260136054,155.666575963,167.926712017
Alto Saxophone,Technical Etude,174.056780045,57.585487528,231.64226757300003
Alto Saxophone,Chromatic Scale,237.958095238,14.791111111,252.749206349
Alto Saxophone,Major Scales,257.787936507,98.824126984,356.61206349099996
Alto Saxophone,Sight-Reading,361.081904761,38.684444444,399.766349205
