Instrument,ScoreGroup,Start,Duration,End
Alto Saxophone,Lyrical Etude,11.145578231,67.430748299,78.57632653
Alto Saxophone,Technical Etude,82.337959183,34.829931972,117.16789115499999
Alto Saxophone,Chromatic Scale,123.297959183,14.071292517,137.3692517
Alto Saxophone,Major Scales,143.777959183,70.774421768,214.552380951
Alto Saxophone,Sight-Reading,219.707210884,47.368707482,267.075918366
