Instrument,ScoreGroup,Start,Duration,End
Bb Clarinet,Lyrical Etude,10.332879819,55.611791383,65.94467120200001
Bb Clarinet,Technical Etude,69.892063492,26.215328798,96.10739229
Bb Clarinet,Chromatic Scale,101.192562358,14.628571429,115.82113378700001
Bb Clarinet,Major Scales,123.414058957,108.99446712,232.40852607699998
Bb Clarinet,Sight-Reading,236.86675737,65.596371882,302.463129252
