Instrument,ScoreGroup,Start,Duration,End
Bb Clarinet,Lyrical Etude,13.003174603,62.04371882,75.046893423
Bb Clarinet,Technical Etude,77.833287981,35.66585034,113.499138321
Bb Clarinet,Chromatic Scale,119.257687074,15.418049886,134.67573696
Bb Clarinet,Major Scales,142.106122448,110.712743764,252.818866212
Bb Clarinet,Sight-Reading,258.763174603,69.474104308,328.237278911
