Instrument,ScoreGroup,Start,Duration,End
Alto Saxophone,Lyrical Etude,12.399455782,59.628843537,72.028299319
Alto Saxophone,Technical Etude,79.133605442,77.27600907,156.40961451200002
Alto Saxophone,Chromatic Scale,163.793560091,11.052698413,174.846258504
Alto Saxophone,Major Scales,181.67292517,126.502312925,308.175238095
Alto Saxophone,Sight-Reading,313.864126984,60.13968254,374.003809524
