Instrument,ScoreGroup,Start,Duration,End
Bb Clarinet,Lyrical Etude,11.911836735,42.422857143,54.334693878
Bb Clarinet,Technical Etude,58.607165533,55.727891156,114.335056689
Bb Clarinet,Chromatic Scale,121.115283447,25.356190476,146.471473923
Bb Clarinet,Major Scales,153.437460317,118.8861678,272.323628117
Bb Clarinet,Sight-Reading,280.497052154,63.158276644,343.655328798
