Instrument,ScoreGroup,Start,Duration,End
Xylophone,Mallet Etude,13.281814,57.074649,70.356463
Snare Drum,Snare Etude,76.393651,47.415147,123.808798
Timpani,Timpani Etude,129.683447,68.220227,197.903674
Xylophone,Chromatic Scale,205.450159,11.633197,217.083356
Xylophone,Major Scales,224.420862,89.350385,313.771247
Xylophone,Sight-Reading,319.576236,101.819501,421.395737
Snare Drum,Sight-Reading,427.340045,33.343855,460.6839
