Instrument,ScoreGroup,Start,Duration,End
Xylophone,Mallet Etude,17.110204,31.085714,48.195918
Snare Drum,Snare Etude,57.6,68.832653,126.43265299999999
Timpani,Timpani Etude,136.359184,50.938776,187.29796
Xylophone,Chromatic Scale,201.893878,10.840816,212.734694
Xylophone,Major Scales,221.982766,122.601361,344.58412699999997
Xylophone,Sight-Reading,353.779229,37.059048,390.838277
Snare Drum,Sight-Reading,402.808163,34.02449,436.832653
