Instrument,ScoreGroup,Start,Duration,End
Flute,Lyrical Etude,11.598367347,47.438367347,59.036734694
Flute,Technical Etude,61.857959184,28.839183673,90.697142857
Flute,Chromatic Scale,96.026122449,15.151020408,111.177142857
Flute,Major Scales,115.867573696,83.591836735,199.45941043099998
Flute,Sight-Reading,203.406802721,42.028117914,245.434920635
