Instrument,ScoreGroup,Start,Duration,End
Alto Saxophone,Lyrical Etude,13.630113379,59.199274376,72.829387755
Alto Saxophone,Technical Etude,78.402176871,30.789659864,109.191836735
Alto Saxophone,Chromatic Scale,116.157823129,8.777142857,124.934965986
Alto Saxophone,Major Scales,131.517823129,80.840272109,212.35809523799998
Alto Saxophone,Sight-Reading,216.572517007,54.717823129,271.290340136
