Instrument,ScoreGroup,Start,Duration,End
Bb Clarinet,Lyrical Etude,10.579592,97.436735,108.016327
Bb Clarinet,Technical Etude,116.897959,42.840816,159.738775
Bb Clarinet,Chromatic Scale,167.967347,13.453061,181.42040799999998
Bb Clarinet,Major Scales,190.563265,113.240816,303.804081
Bb Clarinet,Sight-Reading,310.334694,59.297959,369.632653
