Instrument,ScoreGroup,Start,Duration,End
Flute,Lyrical Etude,12.492335601,50.921360544,63.413696145
Flute,Technical Etude,72.214058957,20.839909297,93.05396825400001
Flute,Chromatic Scale,102.864399093,17.525260771,120.38965986400001
Flute,Major Scales,132.458231293,136.167619048,268.62585034100005
Flute,Sight-Reading,276.665759637,72.301133787,348.966893424
