Instrument,ScoreGroup,Start,Duration,End
French Horn,Lyrical Etude,15.065837,112.383,127.448837
French Horn,Technical Etude,144.550598,72.804639,217.355237
French Horn,Chromatic Scale,231.036646,7.329326,238.365972
French Horn,Major Scales,250.581516,99.190213,349.771729
French Horn,Sight-Reading,356.612434,32.737657,389.350091
