Instrument,ScoreGroup,Start,Duration,End
Flute,Lyrical Etude,11.145578231,92.879818594,104.025396825
Flute,Technical Etude,112.848979591,32.740136054,145.589115645
Flute,Chromatic Scale,153.716099773,17.647165532,171.363265305
Flute,Major Scales,176.703854875,104.257596371,280.961451246
Flute,Sight-Reading,284.444444444,65.015873015,349.460317459
