Instrument,ScoreGroup,Start,Duration,End
Xylophone,Mallet Etude,10.30966,39.288163,49.597823
Snare Drum,Snare Etude,54.520454,63.994195,118.51464899999999
Timpani,Timpani Etude,126.037914,45.97551,172.013424
Xylophone,Chromatic Scale,180.093968,9.891701,189.985669
Xylophone,Major Scales,199.57551,115.983673,315.559183
Xylophone,Sight-Reading,324.571429,51.591837,376.163266
Snare Drum,Sight-Reading,381.322449,34.938776,416.261225
