Instrument,ScoreGroup,Start,Duration,End
Alto Saxophone,Lyrical Etude,8.289524,56.006531,64.296055
Alto Saxophone,Technical Etude,69.172245,30.55746,99.729705
Alto Saxophone,Chromatic Scale,107.62449,9.380862,117.00535199999999
Alto Saxophone,Major Scales,123.878458,102.65542,226.53387800000002
Alto Saxophone,Sight-Reading,232.106667,47.206168,279.312835
