Instrument,ScoreGroup,Start,Duration,End
Bb Clarinet,Lyrical Etude,10.565079365,54.19537415,64.760453515
Bb Clarinet,Technical Etude,74.721814059,29.582222222,104.304036281
Bb Clarinet,Chromatic Scale,114.056417234,14.791111111,128.847528345
Bb Clarinet,Major Scales,138.669569161,124.174512472,262.844081633
Bb Clarinet,Sight-Reading,267.859591837,100.728163265,368.58775510199996
