Instrument,ScoreGroup,Start,Duration,End
Bb Clarinet,Lyrical Etude,11.517098,121.115283,132.632381
Bb Clarinet,Technical Etude,136.347574,52.384218,188.731792
Bb Clarinet,Chromatic Scale,196.533696,13.746213,210.279909
Bb Clarinet,Major Scales,216.409977,115.728254,332.138231
Bb Clarinet,Sight-Reading,337.525261,56.09941,393.624671
