Instrument,ScoreGroup,Start,Duration,End
Flute,Lyrical Etude,13.606893424,46.323809524,59.930702948
Flute,Technical Etude,65.898231293,25.472290249,91.37052154199999
Flute,Chromatic Scale,97.848888889,9.24154195,107.09043083899999
Flute,Major Scales,114.056417234,84.543854875,198.600272109
Flute,Sight-Reading,205.008979592,33.761814059,238.77079365100002
