Instrument,ScoreGroup,Start,Duration,End
Xylophone,Mallet Etude,10.19356,65.642812,75.83637200000001
Snare Drum,Snare Etude,81.71102,43.514195,125.225215
Timpani,Timpani Etude,132.307302,64.179955,196.487257
Xylophone,Chromatic Scale,203.685442,9.241542,212.926984
Xylophone,Major Scales,224.374422,87.957188,312.33161
Xylophone,Sight-Reading,320.017415,88.444807,408.462222
Snare Drum,Sight-Reading,413.895692,29.675102,443.570794
