Instrument,ScoreGroup,Start,Duration,End
Flute,Lyrical Etude,15.580589569,52.221678005,67.802267574
Flute,Technical Etude,73.653696145,26.819047619,100.472743764
Flute,Chromatic Scale,105.906213152,26.935147392,132.841360544
Flute,Major Scales,138.692789116,85.356553288,224.04934240400001
Flute,Sight-Reading,232.199546485,61.44,293.639546485
