Instrument,ScoreGroup,Start,Duration,End
Alto Saxophone,Lyrical Etude,9.473741496,46.347029478,55.820770974000006
Alto Saxophone,Technical Etude,61.39356009,32.136417233,93.529977323
Alto Saxophone,Chromatic Scale,101.05324263,12.074376417,113.127619047
Alto Saxophone,Major Scales,117.864489795,58.978684807,176.843174602
Alto Saxophone,Sight-Reading,181.115646258,58.885804988,240.001451246
