Instrument,ScoreGroup,Start,Duration,End
Flute,Lyrical Etude,12.074376417,89.16462585,101.23900226699999
Flute,Technical Etude,106.231292517,28.560544217,134.79183673400001
Flute,Chromatic Scale,141.177324263,13.699773242,154.877097505
Flute,Major Scales,162.168163265,107.183310657,269.351473922
Flute,Sight-Reading,275.295782312,42.167437641,317.46321995299996
