Instrument,ScoreGroup,Start,Duration,End
Flute,Lyrical Etude,11.354557823,40.936780045,52.291337868
Flute,Technical Etude,57.074648526,32.786575964,89.86122449
Flute,Chromatic Scale,95.666213152,23.846893424,119.513106576
Flute,Major Scales,125.596734694,79.412244898,205.008979592
Flute,Sight-Reading,205.868117914,51.153560091,257.021678005
