Instrument,ScoreGroup,Start,Duration,End
Flute,Lyrical Etude,19.017142857,44.826122449,63.843265306000006
Flute,Technical Etude,73.665306122,28.42122449,102.086530612
Flute,Chromatic Scale,115.46122449,19.644081633,135.105306123
Flute,Major Scales,147.30739229,86.006712018,233.314104308
Flute,Sight-Reading,242.300226757,44.698412698,286.998639455
