Instrument,ScoreGroup,Start,Duration,End
Flute,Lyrical Etude,12.71292517,47.600907029,60.313832199
Flute,Technical Etude,64.26122449,30.998639456,95.259863946
Flute,Chromatic Scale,101.471201814,25.483900227,126.955102041
Flute,Major Scales,132.911020408,79.830204082,212.74122449
Flute,Sight-Reading,216.177777778,38.887619048,255.065396826
