Instrument,ScoreGroup,Start,Duration,End
Bb Clarinet,Lyrical Etude,12.260136,129.660227,141.92036299999998
Bb Clarinet,Technical Etude,148.42195,42.538957,190.96090700000002
Bb Clarinet,Chromatic Scale,199.69161,13.746213,213.437823
Bb Clarinet,Major Scales,221.797007,102.35356,324.150567
Bb Clarinet,Sight-Reading,333.438549,65.015873,398.454422
