Instrument,ScoreGroup,Start,Duration,End
Bb Clarinet,Lyrical Etude,17.554285714,35.84,53.394285714000006
Bb Clarinet,Technical Etude,59.977142857,31.288888889,91.266031746
Bb Clarinet,Chromatic Scale,100.124444444,16.335238095,116.459682539
Bb Clarinet,Major Scales,125.480634921,81.362721088,206.843356009
Bb Clarinet,Sight-Reading,219.289251701,40.124081633,259.413333334
