Instrument,ScoreGroup,Start,Duration,End
Bb Clarinet,Lyrical Etude,15.568979592,113.684897959,129.253877551
Bb Clarinet,Technical Etude,136.463673469,33.01877551,169.48244897900003
Bb Clarinet,Chromatic Scale,184.215510204,16.091428571,200.306938775
Bb Clarinet,Major Scales,210.44244898,124.342857143,334.785306123
Bb Clarinet,Sight-Reading,340.21877551,59.768163265,399.986938775
