Instrument,ScoreGroup,Start,Duration,End
Bb Clarinet,Lyrical Etude,9.287981859,75.000453515,84.288435374
Bb Clarinet,Technical Etude,91.138321995,37.500226757,128.638548752
Bb Clarinet,Chromatic Scale,134.791836735,12.724535147,147.51637188200002
Bb Clarinet,Major Scales,153.94829932,87.632108844,241.580408164
Bb Clarinet,Sight-Reading,246.642358277,38.846984127,285.489342404
