Instrument,ScoreGroup,Start,Duration,End
Bb Clarinet,Lyrical Etude,10.971429,140.538776,151.510205
Bb Clarinet,Technical Etude,157.257143,118.595918,275.853061
Bb Clarinet,Chromatic Scale,281.338776,25.861224,307.2
Bb Clarinet,Major Scales,315.559184,122.253061,437.812245
Bb Clarinet,Sight-Reading,443.559184,162.220408,605.779592
