Instrument,ScoreGroup,Start,Duration,End
Trumpet,Lyrical Etude,12.724535147,45.511111111,58.235646257999996
Trumpet,Technical Etude,63.21632653,35.787755102,99.00408163200001
Trumpet,Chromatic Scale,105.012244897,13.061224489,118.073469386
Trumpet,Major Scales,125.910204081,66.873469387,192.78367346800002
Trumpet,Sight-Reading,198.577052154,35.108571428,233.685623582
