Instrument,ScoreGroup,Start,Duration,End
Flute,Lyrical Etude,9.125442177,51.269659864,60.395102041
Flute,Technical Etude,64.73723356,42.399637188,107.136870748
Flute,Chromatic Scale,112.848979592,18.575963719,131.424943311
Flute,Major Scales,137.1138322,98.10430839,235.21814059
Flute,Sight-Reading,241.371428571,63.227936508,304.599365079
