Instrument,ScoreGroup,Start,Duration,End
Trumpet,Lyrical Etude,9.659501133,57.213968253,66.873469386
Trumpet,Technical Etude,71.888979591,31.950657596,103.839637187
Trumpet,Chromatic Scale,111.270022675,12.445895691,123.71591836600001
Trumpet,Major Scales,131.146303854,80.619682539,211.765986393
Trumpet,Sight-Reading,219.382131519,63.529795918,282.91192743700003
