Instrument,ScoreGroup,Start,Duration,End
Flute,Lyrical Etude,10.774058956,88.050068027,98.824126983
Flute,Technical Etude,106.254512471,37.337687074,143.592199545
Flute,Chromatic Scale,148.793469387,27.120907029,175.91437641599998
Flute,Major Scales,182.787482993,114.799455782,297.586938775
Flute,Sight-Reading,303.902766439,57.957006802,361.859773241
