Instrument,ScoreGroup,Start,Duration,End
Flute,Lyrical Etude,9.427301587,37.198367347,46.625668934000004
Flute,Technical Etude,51.252244898,43.049795918,94.302040816
Flute,Chromatic Scale,100.989387755,17.972244898,118.961632653
Flute,Major Scales,124.667936508,102.725079365,227.393015873
Flute,Sight-Reading,233.128344671,49.226303855,282.354648526
