Instrument,ScoreGroup,Start,Duration,End
Alto Saxophone,Lyrical Etude,14.889795918,166.034285714,180.924081632
Alto Saxophone,Technical Etude,186.200816326,52.297142857,238.49795918299998
Alto Saxophone,Chromatic Scale,244.924081632,9.038367346,253.962448978
Alto Saxophone,Major Scales,259.448163265,64.052244897,323.500408162
Alto Saxophone,Sight-Reading,328.150204081,39.026938775,367.17714285600005
