Instrument,ScoreGroup,Start,Duration,End
Bb Clarinet,Lyrical Etude,10.77551,54.465306,65.240816
Bb Clarinet,Technical Etude,70.595918,30.497959,101.09387699999999
Bb Clarinet,Chromatic Scale,108.483628,14.117732,122.60136
Bb Clarinet,Major Scales,131.982222,70.031383,202.013605
Bb Clarinet,Sight-Reading,208.979592,55.913651,264.893243
