Instrument,ScoreGroup,Start,Duration,End
Trumpet,Lyrical Etude,12.01632653,119.640816326,131.657142856
Trumpet,Technical Etude,135.836734693,102.4,238.23673469300002
Trumpet,Chromatic Scale,247.617596371,39.938321995,287.555918366
Trumpet,Major Scales,296.472380952,19.319002267,315.79138321899995
Trumpet,Sight-Reading,329.723356009,80.991201814,410.71455782299995
