Instrument,ScoreGroup,Start,Duration,End
Bb Clarinet,Lyrical Etude,11.331338,56.842449,68.173787
Bb Clarinet,Technical Etude,73.189297,44.953832,118.14312899999999
Bb Clarinet,Chromatic Scale,127.98839,15.046531,143.034921
Bb Clarinet,Major Scales,150.836825,81.73424,232.571065
Bb Clarinet,Sight-Reading,240.74449,77.090249,317.834739
