Instrument,ScoreGroup,Start,Duration,End
Xylophone,Mallet Etude,15.346939,27.885714,43.232653
Snare Drum,Snare Etude,50.805261,66.130431,116.935692
Timpani,Timpani Etude,124.087438,64.737234,188.82467200000002
Xylophone,Chromatic Scale,198.073469,7.804082,205.87755099999998
Xylophone,Major Scales,213.55102,113.371429,326.92244900000003
Xylophone,Sight-Reading,333.714286,39.183673,372.897959
Snare Drum,Sight-Reading,378.971429,37.942857,416.914286
