Instrument,ScoreGroup,Start,Duration,End
Bb Clarinet,Lyrical Etude,16.692409,79.006305,95.698714
Bb Clarinet,Technical Etude,103.679149,34.714891,138.39404
Bb Clarinet,Chromatic Scale,146.374475,11.172609,157.54708399999998
Bb Clarinet,Major Scales,168.320671,98.55837,266.87904100000003
Bb Clarinet,Sight-Reading,276.455562,38.705109,315.160671
