Instrument,ScoreGroup,Start,Duration,End
Alto Saxophone,Lyrical Etude,16.161088,74.605714,90.76680200000001
Alto Saxophone,Technical Etude,102.53932,20.015601,122.55492100000001
Alto Saxophone,Chromatic Scale,130.681905,11.772517,142.454422
Alto Saxophone,Major Scales,152.647982,57.840907,210.48888900000003
Alto Saxophone,Sight-Reading,219.219592,39.172063,258.391655
