Instrument,ScoreGroup,Start,Duration,End
Bb Clarinet,Lyrical Etude,3.250793651,27.399546485,30.650340135999997
Bb Clarinet,Technical Etude,32.391836735,6.617687075,39.00952381
Bb Clarinet,Chromatic Scale,40.983219955,3.599092971,44.582312926
Bb Clarinet,Major Scales,46.846258503,29.024943311,75.871201814
Bb Clarinet,Sight-Reading,77.14829932,10.623129252,87.771428572
