Instrument,ScoreGroup,Start,Duration,End
Bb Clarinet,Lyrical Etude,13.467573696,57.701587302,71.169160998
Bb Clarinet,Technical Etude,79.063945578,34.7138322,113.777777778
Bb Clarinet,Chromatic Scale,122.717460317,17.53106576,140.248526077
Bb Clarinet,Major Scales,152.671201814,88.700226757,241.371428571
Bb Clarinet,Sight-Reading,247.524716553,67.221768707,314.74648526
