Instrument,ScoreGroup,Start,Duration,End
Alto Saxophone,Lyrical Etude,10.031020408,75.511292517,85.542312925
Alto Saxophone,Technical Etude,90.279183673,38.730884353,129.010068026
Alto Saxophone,Chromatic Scale,134.025578231,11.145578231,145.171156462
Alto Saxophone,Major Scales,151.022585034,97.802448979,248.825034013
Alto Saxophone,Sight-Reading,250.496870748,67.709387755,318.20625850299996
