Instrument,ScoreGroup,Start,Duration,End
Bb Clarinet,Lyrical Etude,9.102222222,57.457777778,66.56
Bb Clarinet,Technical Etude,70.530612245,49.110204082,119.64081632700001
Bb Clarinet,Chromatic Scale,125.492244898,16.509387755,142.001632653
Bb Clarinet,Major Scales,147.214512472,86.378231293,233.592743765
Bb Clarinet,Sight-Reading,240.233650794,63.634285714,303.867936508
