Instrument,ScoreGroup,Start,Duration,End
Flute,Lyrical Etude,14.767891156,53.080816327,67.848707483
Flute,Technical Etude,75.511292517,23.545034014,99.056326531
Flute,Chromatic Scale,106.579591837,14.628571429,121.208163266
Flute,Major Scales,130.542585034,111.734421769,242.277006803
Flute,Sight-Reading,248.825034014,48.065306122,296.890340136
