Instrument,ScoreGroup,Start,Duration,End
Trumpet,Lyrical Etude,12.631655328,33.622494331,46.254149659
Trumpet,Technical Etude,51.641179138,24.148752834,75.789931972
Trumpet,Chromatic Scale,82.663038548,8.173424036,90.836462584
Trumpet,Major Scales,97.152290249,86.378231292,183.53052154099998
Trumpet,Sight-Reading,190.032108843,41.61015873,231.642267573
