Instrument,ScoreGroup,Start,Duration,End
Bb Clarinet,Lyrical Etude,14.349931973,127.895510204,142.245442177
Bb Clarinet,Technical Etude,147.934331066,70.867301587,218.801632653
Bb Clarinet,Chromatic Scale,227.323356009,20.038820862,247.362176871
Bb Clarinet,Major Scales,256.626938776,122.369160998,378.99609977399996
Bb Clarinet,Sight-Reading,383.709750567,84.659954649,468.369705216
