Instrument,ScoreGroup,Start,Duration,End
Xylophone,Mallet Etude,17.043447,40.077642,57.121089
Snare Drum,Snare Etude,64.853333,50.480181,115.33351400000001
Timpani,Timpani Etude,123.321179,45.95229,169.273469
Xylophone,Chromatic Scale,182.648163,25.40263,208.050793
Xylophone,Major Scales,217.803175,105.372154,323.17532900000003
Xylophone,Sight-Reading,332.62585,27.771066,360.39691600000003
Snare Drum,Sight-Reading,369.034739,33.436735,402.471474
