Instrument,ScoreGroup,Start,Duration,End
Bb Clarinet,Lyrical Etude,13.746213,50.712381,64.458594
Bb Clarinet,Technical Etude,70.495782,23.591474,94.08725600000001
Bb Clarinet,Chromatic Scale,103.189478,18.204444,121.39392199999999
Bb Clarinet,Major Scales,130.481633,96.130612,226.61224499999997
Bb Clarinet,Sight-Reading,235.102041,65.436735,300.538776
