Instrument,ScoreGroup,Start,Duration,End
Flute,Lyrical Etude,11.415510204,44.686802721,56.102312925
Flute,Technical Etude,61.00462585,23.820770975,84.825396825
Flute,Chromatic Scale,90.395283447,18.130430839,108.525714286
Flute,Major Scales,114.631111111,134.054603175,248.685714286
Flute,Sight-Reading,253.927619048,56.790204082,310.71782313
