Instrument,ScoreGroup,Start,Duration,End
Flute,Lyrical Etude,13.699773242,86.378231292,100.078004534
Flute,Technical Etude,104.489795918,27.167346938,131.657142856
Flute,Chromatic Scale,137.926530612,13.467573696,151.39410430799998
Flute,Major Scales,158.127891156,106.811791383,264.939682539
Flute,Sight-Reading,272.83446712,42.028117913,314.862585033
