Instrument,ScoreGroup,Start,Duration,End
Xylophone,Mallet Etude,16.195918,32.972336,49.168254
Snare Drum,Snare Etude,59.443084,44.698413,104.141497
Timpani,Timpani Etude,114.381497,109.644626,224.02612299999998
Xylophone,Chromatic Scale,231.862857,14.001633,245.86449
Xylophone,Major Scales,251.472109,99.613605,351.085714
Xylophone,Sight-Reading,355.543946,96.130612,451.674558
Snare Drum,Sight-Reading,458.779864,28.839184,487.61904799999996
