Instrument,ScoreGroup,Start,Duration,End
Bb Clarinet,Lyrical Etude,12.445895691,48.483265306,60.929160997
Bb Clarinet,Technical Etude,66.130430839,68.173786848,134.304217687
Bb Clarinet,Chromatic Scale,140.434285714,36.9661678,177.400453514
Bb Clarinet,Major Scales,183.640816326,139.232653061,322.873469387
Bb Clarinet,Sight-Reading,328.751020408,90.514285714,419.26530612199997
