Instrument,ScoreGroup,Start,Duration,End
Alto Saxophone,Lyrical Etude,12.097596372,69.775963719,81.873560091
Alto Saxophone,Technical Etude,88.978866213,35.735510204,124.71437641700001
Alto Saxophone,Chromatic Scale,133.166439909,8.753922902,141.920362811
Alto Saxophone,Major Scales,151.997823129,107.740589569,259.738412698
Alto Saxophone,Sight-Reading,266.054240363,58.305306122,324.359546485
