Instrument,ScoreGroup,Start,Duration,End
Flute,Lyrical Etude,12.515555556,55.960090703,68.475646259
Flute,Technical Etude,72.67845805,27.306666667,99.985124717
Flute,Chromatic Scale,105.859773243,19.086802721,124.946575964
Flute,Major Scales,134.884716553,122.717460317,257.60217687
Flute,Sight-Reading,263.360725624,81.690702948,345.05142857199996
