Instrument,ScoreGroup,Start,Duration,End
Bb Clarinet,Lyrical Etude,12.817414966,42.631836735,55.449251701
Bb Clarinet,Technical Etude,59.350204082,35.387210884,94.73741496599999
Bb Clarinet,Chromatic Scale,101.424761905,18.668843537,120.093605442
Bb Clarinet,Major Scales,126.502312925,83.87047619,210.372789115
Bb Clarinet,Sight-Reading,215.04,71.888979592,286.928979592
