Instrument,ScoreGroup,Start,Duration,End
Flute,Lyrical Etude,11.493877551,22.360816326,33.854693877
Flute,Technical Etude,40.646530612,47.229387755,87.875918367
Flute,Chromatic Scale,94.040816326,15.673469387,109.714285713
Flute,Major Scales,114.41632653,53.289795918,167.706122448
Flute,Sight-Reading,174.08,48.37877551,222.45877551
