Instrument,ScoreGroup,Start,Duration,End
Flute,Lyrical Etude,13.467573696,41.61015873,55.077732426000004
Flute,Technical Etude,59.814603175,31.486258503,91.300861678
Flute,Chromatic Scale,98.917006803,26.749387755,125.66639455800001
Flute,Major Scales,133.746938776,67.523628118,201.270566894
Flute,Sight-Reading,207.481904762,45.023492063,252.505396825
