Instrument,ScoreGroup,Start,Duration,End
Flute,Lyrical Etude,11.299218,78.292647,89.591865
Flute,Technical Etude,94.403145,69.107476,163.51062100000001
Flute,Chromatic Scale,170.508846,10.934727,181.44357300000001
Flute,Major Scales,185.817464,41.551963,227.369427
Flute,Sight-Reading,239.616322,42.426741,282.043063
