Instrument,ScoreGroup,Start,Duration,End
Flute,Lyrical Etude,11.261678,37.442177,48.703855000000004
Flute,Technical Etude,54.044444,42.898866,96.94331
Flute,Chromatic Scale,103.444898,28.386395,131.831293
Flute,Major Scales,136.475283,75.639002,212.114285
Flute,Sight-Reading,217.454875,44.234014,261.688889
