Instrument,ScoreGroup,Start,Duration,End
Tenor Saxophone,Lyrical Etude,13.994061,66.390431,80.38449200000001
Tenor Saxophone,Technical Etude,90.928854,53.502876,144.43173000000002
Tenor Saxophone,Chromatic Scale,154.195029,8.982235,163.177264
Tenor Saxophone,Major Scales,171.768967,95.289794,267.058761
Tenor Saxophone,Sight-Reading,274.478868,35.538407,310.017275
