Instrument,ScoreGroup,Start,Duration,End
Flute,Lyrical Etude,19.806621315,56.726349206,76.53297052100001
Flute,Technical Etude,82.105759637,35.108571429,117.214331066
Flute,Chromatic Scale,129.381587302,15.418049887,144.799637189
Flute,Major Scales,154.90031746,116.169433107,271.069750567
Flute,Sight-Reading,280.752471655,53.057596372,333.810068027
