Instrument,ScoreGroup,Start,Duration,End
Flute,Lyrical Etude,10.774059,29.442902,40.216961
Flute,Technical Etude,46.06839,32.786576,78.85496599999999
Flute,Chromatic Scale,88.235828,34.737052,122.97288
Flute,Major Scales,130.220408,68.832653,199.05306099999999
Flute,Sight-Reading,205.191837,49.240816,254.432653
