Instrument,ScoreGroup,Start,Duration,End
Bb Clarinet,Lyrical Etude,9.19510204,42.631836734,51.826938774
Bb Clarinet,Technical Etude,57.213968253,40.96,98.173968253
Bb Clarinet,Chromatic Scale,104.768435374,20.990839002,125.75927437600001
Bb Clarinet,Major Scales,132.911020408,87.86430839,220.77532879800003
Bb Clarinet,Sight-Reading,225.790839002,61.579319727,287.370158729
