Instrument,ScoreGroup,Start,Duration,End
Bb Clarinet,Lyrical Etude,16.439728,63.158277,79.598005
Bb Clarinet,Technical Etude,84.102676,28.003265,112.105941
Bb Clarinet,Chromatic Scale,119.281633,13.420408,132.702041
Bb Clarinet,Major Scales,142.849161,119.071927,261.921088
Bb Clarinet,Sight-Reading,270.094512,58.328526,328.423038
