Instrument,ScoreGroup,Start,Duration,End
Bb Clarinet,Lyrical Etude,12.770975057,54.102494331,66.873469388
Bb Clarinet,Technical Etude,75.279092971,35.480090703,110.759183674
Bb Clarinet,Chromatic Scale,119.814965986,14.512471655,134.32743764100002
Bb Clarinet,Major Scales,141.502403628,129.410612245,270.913015873
Bb Clarinet,Sight-Reading,277.13015873,65.381587302,342.511746032
