Instrument,ScoreGroup,Start,Duration,End
Flute,Lyrical Etude,10.344489795,48.796734693,59.141224488
Flute,Technical Etude,62.066938775,38.556734693,100.62367346799999
Flute,Chromatic Scale,106.684081632,41.377959183,148.062040815
Flute,Major Scales,156.595374149,121.858321995,278.453696144
Flute,Sight-Reading,282.911927437,47.368707482,330.28063491899997
