Instrument,ScoreGroup,Start,Duration,End
Bb Clarinet,Lyrical Etude,12.19047619,125.387755102,137.578231292
Bb Clarinet,Technical Etude,144.312018141,26.819047619,171.13106576
Bb Clarinet,Chromatic Scale,181.115646259,13.003174603,194.11882086199998
Bb Clarinet,Major Scales,202.594104308,115.28707483,317.881179138
Bb Clarinet,Sight-Reading,324.475646259,59.628843537,384.104489796
