Instrument,ScoreGroup,Start,Duration,End
Flute,Lyrical Etude,13.514013605,51.966258503,65.480272108
Flute,Technical Etude,72.167619048,27.306666667,99.47428571500001
Flute,Chromatic Scale,108.251428571,22.151836735,130.403265306
Flute,Major Scales,137.229931973,102.121360544,239.351292517
Flute,Sight-Reading,245.063401361,45.836190476,290.899591837
