Instrument,ScoreGroup,Start,Duration,End
Bb Clarinet,Lyrical Etude,11.075918367,56.772789116,67.848707483
Bb Clarinet,Technical Etude,72.933877551,29.675102041,102.608979592
Bb Clarinet,Chromatic Scale,108.669387755,32.113197279,140.782585034
Bb Clarinet,Major Scales,148.491609977,101.935600907,250.42721088399998
Bb Clarinet,Sight-Reading,256.65015873,64.853333333,321.50349206299995
