Instrument,ScoreGroup,Start,Duration,End
Flute,Lyrical Etude,11.459047619,40.391111111,51.850158730000004
Flute,Technical Etude,57.864126984,32.02031746,89.884444444
Flute,Chromatic Scale,96.060952381,25.6,121.66095238100002
Flute,Major Scales,127.373061224,88.398367347,215.771428571
Flute,Sight-Reading,222.075646259,55.100952381,277.17659864
