Instrument,ScoreGroup,Start,Duration,End
Xylophone,Mallet Etude,9.752381,74.396735,84.149116
Snare Drum,Snare Etude,89.164626,53.498776,142.663402
Timpani,Timpani Etude,146.564354,81.641361,228.205715
Xylophone,Chromatic Scale,232.663946,17.386689,250.050635
Xylophone,Major Scales,257.044898,99.334966,356.379864
Xylophone,Sight-Reading,361.674014,144.056599,505.730613
Snare Drum,Sight-Reading,509.64898,36.963265,546.612245
