Instrument,ScoreGroup,Start,Duration,End
Xylophone,Mallet Etude,13.061224,62.171429,75.232653
Snare Drum,Snare Etude,79.934694,67.918367,147.853061
Timpani,Timpani Etude,156.212245,63.216327,219.428572
Xylophone,Chromatic Scale,227.787755,12.016327,239.804082
Xylophone,Major Scales,245.55102,101.355102,346.906122
Xylophone,Sight-Reading,356.101224,46.997188,403.098412
Snare Drum,Sight-Reading,410.714558,24.148753,434.863311
