Instrument,ScoreGroup,Start,Duration,End
Bb Clarinet,Lyrical Etude,18.436643991,77.183129252,95.619773243
Bb Clarinet,Technical Etude,102.09814059,39.288163265,141.386303855
Bb Clarinet,Chromatic Scale,148.073650794,9.729160998,157.802811792
Bb Clarinet,Major Scales,165.604716553,107.787029478,273.391746031
Bb Clarinet,Sight-Reading,281.565170068,40.867120181,322.432290249
