Instrument,ScoreGroup,Start,Duration,End
Xylophone,Mallet Etude,12.146939,87.118367,99.26530600000001
Snare Drum,Snare Etude,107.95102,53.289796,161.240816
Timpani,Timpani Etude,167.833832,63.436916,231.270748
Xylophone,Chromatic Scale,238.933333,10.820499,249.75383200000002
Xylophone,Major Scales,257.044898,110.889796,367.934694
Xylophone,Sight-Reading,373.93415,121.486803,495.420953
Snare Drum,Sight-Reading,504.946939,35.918367,540.865306
