Instrument,ScoreGroup,Start,Duration,End
Alto Saxophone,Lyrical Etude,13.862312925,61.881179138,75.743492063
Alto Saxophone,Technical Etude,81.548480725,30.72,112.268480725
Alto Saxophone,Chromatic Scale,121.115283441,42.237097505,163.352380946
Alto Saxophone,Major Scales,171.943764171,119.025487528,290.969251699
Alto Saxophone,Sight-Reading,297.331519271,74.814693877,372.146213148
