Instrument,ScoreGroup,Start,Duration,End
Flute,Lyrical Etude,18.808163,36.310204,55.118367
Flute,Technical Etude,60.865306,32.914286,93.779592
Flute,Chromatic Scale,101.355102,36.571429,137.926531
Flute,Major Scales,146.808163,100.310204,247.118367
Flute,Sight-Reading,255.216327,47.020408,302.236735
