Instrument,ScoreGroup,Start,Duration,End
Flute,Lyrical Etude,13.001826,82.856358,95.858184
Flute,Technical Etude,101.188126,48.938551,150.126677
Flute,Chromatic Scale,157.879318,17.927984,175.80730200000002
Flute,Major Scales,185.982645,119.681407,305.66405199999997
Flute,Sight-Reading,309.055832,75.103717,384.159549
