Instrument,ScoreGroup,Start,Duration,End
Xylophone,Mallet Etude,14.094512,78.158367,92.252879
Snare Drum,Snare Etude,99.892245,129.822766,229.715011
Timpani,Timpani Etude,238.585034,42.538957,281.123991
Xylophone,Chromatic Scale,289.088435,7.778685,296.86712
Xylophone,Major Scales,303.879546,91.788481,395.668027
Xylophone,Sight-Reading,402.332154,92.577959,494.910113
Snare Drum,Sight-Reading,524.585215,58.491066,583.076281
