Instrument,ScoreGroup,Start,Duration,End
Flute,Lyrical Etude,13.235374149,53.405895691,66.64126983999999
Flute,Technical Etude,73.28217687,20.48,93.76217687
Flute,Chromatic Scale,101.564081632,16.439727891,118.003809523
Flute,Major Scales,124.133877551,109.923265306,234.057142857
Flute,Sight-Reading,239.281632653,65.201632653,304.483265306
