Instrument,ScoreGroup,Start,Duration,End
Flute,Lyrical Etude,10.774059,25.54195,36.316009
Flute,Technical Etude,39.288163,30.65034,69.938503
Flute,Chromatic Scale,76.532971,22.755556,99.288527
Flute,Major Scales,107.62449,57.208163,164.832653
Flute,Sight-Reading,171.232653,37.616327,208.84897999999998
