Instrument,ScoreGroup,Start,Duration,End
Bb Clarinet,Lyrical Etude,10.681179138,132.353741497,143.034920635
Bb Clarinet,Technical Etude,147.678911565,32.972335601,180.651247166
Bb Clarinet,Chromatic Scale,186.688435374,16.718367347,203.406802721
Bb Clarinet,Major Scales,208.515192744,110.062585034,318.577777778
Bb Clarinet,Sight-Reading,321.828571429,62.229478458,384.05804988700004
