Instrument,ScoreGroup,Start,Duration,End
Flute,Lyrical Etude,14.303492,49.969342,64.272834
Flute,Technical Etude,72.817778,54.427574,127.245352
Flute,Chromatic Scale,135.325896,9.752381,145.078277
Flute,Major Scales,152.601542,120.650884,273.252426
Flute,Sight-Reading,281.51873,65.666032,347.184762
