Instrument,ScoreGroup,Start,Duration,End
Flute,Lyrical Etude,9.984580499,27.863945578,37.848526077
Flute,Technical Etude,40.983219955,34.01723356,75.000453515
Flute,Chromatic Scale,81.037641723,35.062131519,116.099773242
Flute,Major Scales,121.440362812,87.887528345,209.327891157
Flute,Sight-Reading,213.0430839,49.922902494,262.96598639399997
