Instrument,ScoreGroup,Start,Duration,End
Bb Clarinet,Lyrical Etude,14.210612,68.986485,83.197097
Bb Clarinet,Technical Etude,89.071746,73.305397,162.377143
Bb Clarinet,Chromatic Scale,170.759546,13.699773,184.459319
Bb Clarinet,Major Scales,193.120363,85.240454,278.360817
Bb Clarinet,Sight-Reading,283.608526,51.989478,335.598004
