Instrument,ScoreGroup,Start,Duration,End
Flute,Lyrical Etude,7.314285714,90.697142857,98.01142857100001
Flute,Technical Etude,101.099682539,26.656507936,127.756190475
Flute,Chromatic Scale,133.282539682,19.667301587,152.949841269
Flute,Major Scales,157.826031746,98.011428571,255.83746031700002
Flute,Sight-Reading,261.851428571,52.662857142,314.514285713
