Instrument,ScoreGroup,Start,Duration,End
Bb Clarinet,Lyrical Etude,51.269659864,481.488979592,532.758639456
Bb Clarinet,Technical Etude,555.049795918,111.455782313,666.505578231
Bb Clarinet,Chromatic Scale,698.827755102,49.040544218,747.86829932
Bb Clarinet,Major Scales,776.846802721,432.448435374,1209.295238095
Bb Clarinet,Sight-Reading,1247.190204082,241.859047619,1489.049251701
