Instrument,ScoreGroup,Start,Duration,End
Alto Saxophone,Lyrical Etude,18.459863946,26.749387755,45.209251701
Alto Saxophone,Technical Etude,51.362539683,77.368888889,128.731428572
Alto Saxophone,Chromatic Scale,141.32244898,9.508571429,150.831020409
Alto Saxophone,Major Scales,162.638367347,120.589569161,283.227936508
Alto Saxophone,Sight-Reading,288.484716553,33.343854875,321.828571428
