Instrument,ScoreGroup,Start,Duration,End
Bb Clarinet,Lyrical Etude,42.724716553,391.952834467,434.67755102
Bb Clarinet,Technical Etude,458.826303855,148.607709751,607.434013606
Bb Clarinet,Chromatic Scale,637.155555556,72.446258503,709.6018140589999
Bb Clarinet,Major Scales,735.608163265,490.405442177,1226.013605442
Bb Clarinet,Sight-Reading,1244.589569161,211.765986395,1456.3555555560001
