Instrument,ScoreGroup,Start,Duration,End
Xylophone,Mallet Etude,14.4,27.363265,41.763265
Snare Drum,Snare Etude,47.461587,61.114921,108.576508
Timpani,Timpani Etude,115.526531,46.497959,162.02449000000001
Xylophone,Chromatic Scale,170.579592,7.314286,177.893878
Xylophone,Major Scales,183.771429,91.428571,275.20000000000005
Xylophone,Sight-Reading,282.579592,34.546939,317.126531
Snare Drum,Sight-Reading,323.461224,34.873469,358.334693
