Instrument,ScoreGroup,Start,Duration,End
Flute,Lyrical Etude,12.863854875,57.748027211,70.611882086
Flute,Technical Etude,74.62893424,24.404172336,99.03310657600001
Flute,Chromatic Scale,104.861315193,24.589931973,129.451247166
Flute,Major Scales,134.977596372,92.229659864,227.20725623599998
Flute,Sight-Reading,229.947210884,64.458594104,294.405804988
