Instrument,ScoreGroup,Start,Duration,End
Flute,Lyrical Etude,13.490793651,43.154285714,56.645079365
Flute,Technical Etude,64.446984127,23.730793651,88.17777777799999
Flute,Chromatic Scale,94.598095238,15.522539683,110.120634921
Flute,Major Scales,115.983673469,55.84399093,171.82766439899999
Flute,Sight-Reading,177.400453515,46.672108844,224.07256235900002
