Instrument,ScoreGroup,Start,Duration,End
Alto Saxophone,Lyrical Etude,11.087528344,53.231746031,64.319274375
Alto Saxophone,Technical Etude,71.111111111,39.996371882,111.10748299299999
Alto Saxophone,Chromatic Scale,118.944217687,22.987755102,141.931972789
Alto Saxophone,Major Scales,148.375510204,123.53015873,271.905668934
Alto Saxophone,Sight-Reading,278.233106575,58.978684807,337.211791382
