Instrument,ScoreGroup,Start,Duration,End
Bb Clarinet,Lyrical Etude,9.473741497,52.964716553,62.43845805
Bb Clarinet,Technical Etude,68.777505669,23.800453515,92.57795918400001
Bb Clarinet,Chromatic Scale,99.799365079,12.53877551,112.338140589
Bb Clarinet,Major Scales,117.725170068,117.202721088,234.927891156
Bb Clarinet,Sight-Reading,238.6430839,52.390022676,291.033106576
