Instrument,ScoreGroup,Start,Duration,End
Flute,Lyrical Etude,14.677333,28.330667,43.007999999999996
Flute,Technical Etude,48.810667,28.672,77.482667
Flute,Chromatic Scale,84.992,19.797333,104.789333
Flute,Major Scales,112.981333,79.530667,192.512
Flute,Sight-Reading,198.997333,47.104,246.101333
