Instrument,ScoreGroup,Start,Duration,End
Trumpet,Lyrical Etude,13.071544,59.772084,72.843628
Trumpet,Technical Etude,80.444702,20.384699,100.829401
Trumpet,Chromatic Scale,108.775979,10.365101,119.14108
Trumpet,Major Scales,127.433161,87.757857,215.19101799999999
Trumpet,Sight-Reading,227.974642,45.606445,273.58108699999997
