Instrument,ScoreGroup,Start,Duration,End
Bb Clarinet,Lyrical Etude,11.517098,123.344399,134.86149699999999
Bb Clarinet,Technical Etude,142.291882,46.439909,188.731791
Bb Clarinet,Chromatic Scale,195.976417,13.560454,209.536871
Bb Clarinet,Major Scales,216.555102,103.444898,320.0
Bb Clarinet,Sight-Reading,324.702041,84.114286,408.816327
