Instrument,ScoreGroup,Start,Duration,End
Alto Saxophone,Lyrical Etude,9.798820862,58.305306122,68.104126984
Alto Saxophone,Technical Etude,70.960181406,35.480090703,106.440272109
Alto Saxophone,Chromatic Scale,107.531609977,8.103764172,115.635374149
Alto Saxophone,Major Scales,115.983673469,76.904489796,192.888163265
Alto Saxophone,Sight-Reading,195.163718821,57.422947846,252.586666667
