Instrument,ScoreGroup,Start,Duration,End
Flute,Lyrical Etude,12.445895692,47.275827664,59.721723356
Flute,Technical Etude,63.529795918,37.894965986,101.42476190400001
Flute,Chromatic Scale,109.319546485,33.343854875,142.66340136
Flute,Major Scales,148.561269841,88.909206349,237.47047619
Flute,Sight-Reading,239.804081633,51.513469388,291.317551021
