Instrument,ScoreGroup,Start,Duration,End
Flute,Lyrical Etude,10.710204,68.702041,79.412245
Flute,Technical Etude,84.114286,23.640816,107.75510200000001
Flute,Chromatic Scale,114.938776,18.546939,133.485715
Flute,Major Scales,139.885714,98.612245,238.497959
Flute,Sight-Reading,243.330612,41.926531,285.257143
