Instrument,ScoreGroup,Start,Duration,End
Flute,Lyrical Etude,11.865396825,53.15047619,65.015873015
Flute,Technical Etude,71.192380952,31.207619047,102.39999999899999
Flute,Chromatic Scale,108.251428571,23.08063492,131.332063491
Flute,Major Scales,136.533333333,124.273197278,260.80653061099997
Flute,Sight-Reading,264.150204081,70.217142857,334.367346938
