Instrument,ScoreGroup,Start,Duration,End
Bb Clarinet,Lyrical Etude,15.13941,78.483447,93.622857
Bb Clarinet,Technical Etude,103.282358,32.322177,135.604535
Bb Clarinet,Chromatic Scale,146.285714,13.467574,159.75328800000003
Bb Clarinet,Major Scales,172.199184,108.669388,280.868572
Bb Clarinet,Sight-Reading,286.255601,55.913651,342.16925200000003
