Instrument,ScoreGroup,Start,Duration,End
Bb Clarinet,Lyrical Etude,10.58829932,88.050068027,98.638367347
Bb Clarinet,Technical Etude,105.325714286,26.192108844,131.51782312999998
Bb Clarinet,Chromatic Scale,139.041088435,13.096054422,152.13714285700001
Bb Clarinet,Major Scales,159.939047619,106.718911565,266.657959184
Bb Clarinet,Sight-Reading,270.83755102,39.566802721,310.40435374099997
