Instrument,ScoreGroup,Start,Duration,End
Flute,Lyrical Etude,13.792653061,106.788571428,120.581224489
Flute,Technical Etude,127.895510204,26.540408163,154.435918367
Flute,Chromatic Scale,160.914285714,12.329795918,173.244081632
Flute,Major Scales,180.140408163,103.862857142,284.003265305
Flute,Sight-Reading,286.72,42.004897959,328.72489795900003
