Instrument,ScoreGroup,Start,Duration,End
Alto Saxophone,Lyrical Etude,13.583673469,51.37414966,64.957823129
Alto Saxophone,Technical Etude,74.478004535,50.097052154,124.575056689
Alto Saxophone,Chromatic Scale,134.112653061,7.706122449,141.81877551
Alto Saxophone,Major Scales,152.276462585,110.201904762,262.478367347
Alto Saxophone,Sight-Reading,267.702857143,45.139591837,312.84244898000003
