Instrument,ScoreGroup,Start,Duration,End
Alto Saxophone,Lyrical Etude,17.298866213,81.687800454,98.986666667
Alto Saxophone,Technical Etude,109.412426304,33.761814059,143.174240363
Alto Saxophone,Chromatic Scale,151.6030839,9.055782313,160.658866213
Alto Saxophone,Major Scales,168.066031746,85.519092971,253.58512471699999
Alto Saxophone,Sight-Reading,260.109931973,47.833106576,307.943038549
