Instrument,ScoreGroup,Start,Duration,End
Bb Clarinet,Lyrical Etude,17.414965986,56.285170068,73.700136054
Bb Clarinet,Technical Etude,81.780680272,48.761904762,130.542585034
Bb Clarinet,Chromatic Scale,141.548843537,32.322176871,173.87102040800002
Bb Clarinet,Major Scales,182.206984127,113.452698413,295.65968254
Bb Clarinet,Sight-Reading,301.998730159,102.562539683,404.561269842
