Instrument,ScoreGroup,Start,Duration,End
Flute,Lyrical Etude,13.235374,66.45551,79.69088400000001
Flute,Technical Etude,84.149116,46.672109,130.821225
Flute,Chromatic Scale,133.32898,12.260136,145.589116
Flute,Major Scales,152.415782,90.418503,242.83428500000002
Flute,Sight-Reading,248.128435,56.703129,304.831564
