Instrument,ScoreGroup,Start,Duration,End
Flute,Lyrical Etude,11.702857143,46.439909297,58.14276644
Flute,Technical Etude,60.371882086,21.548117914,81.92
Flute,Chromatic Scale,87.492789116,12.631655329,100.124444445
Flute,Major Scales,105.882993197,103.096598639,208.979591836
Flute,Sight-Reading,212.880544218,52.384217687,265.264761905
