Instrument,ScoreGroup,Start,Duration,End
Bb Clarinet,Lyrical Etude,12.538776,56.56381,69.102586
Bb Clarinet,Technical Etude,74.579592,26.44898,101.028572
Bb Clarinet,Chromatic Scale,109.779592,13.97551,123.755102
Bb Clarinet,Major Scales,133.355102,69.355102,202.71020399999998
Bb Clarinet,Sight-Reading,209.110204,50.677551,259.787755
