Instrument,ScoreGroup,Start,Duration,End
Alto Saxophone,Lyrical Etude,14.18739229,75.534512472,89.72190476200001
Alto Saxophone,Technical Etude,96.200272109,40.936780045,137.137052154
Alto Saxophone,Chromatic Scale,145.426575964,11.935056689,157.361632653
Alto Saxophone,Major Scales,164.513378685,141.734603175,306.24798186
Alto Saxophone,Sight-Reading,315.257324263,92.206439909,407.46376417199997
