Instrument,ScoreGroup,Start,Duration,End
Bb Clarinet,Lyrical Etude,8.382403628,94.133696145,102.51609977300001
Bb Clarinet,Technical Etude,106.533151927,49.040544218,155.573696145
Bb Clarinet,Chromatic Scale,161.564444444,11.935056689,173.499501133
Bb Clarinet,Major Scales,179.652789116,59.535963719,239.188752835
Bb Clarinet,Sight-Reading,245.667120181,65.782131519,311.4492517
