Instrument,ScoreGroup,Start,Duration,End
Alto Saxophone,Lyrical Etude,10.681179138,81.037641723,91.718820861
Alto Saxophone,Technical Etude,97.291609977,43.189115646,140.48072562299998
Alto Saxophone,Chromatic Scale,146.750113378,10.681179138,157.431292516
Alto Saxophone,Major Scales,162.539682539,88.235827664,250.775510203
Alto Saxophone,Sight-Reading,254.258503401,66.409070294,320.667573695
