Instrument,ScoreGroup,Start,Duration,End
Flute,Lyrical Etude,13.258626,107.072364,120.33098999999999
Flute,Technical Etude,130.651218,39.990883,170.642101
Flute,Chromatic Scale,178.812282,10.750237,189.562519
Flute,Major Scales,196.872681,88.151947,285.024628
Flute,Sight-Reading,292.764798,47.731054,340.495852
