Instrument,ScoreGroup,Start,Duration,End
Flute,Lyrical Etude,13.630113379,49.063764172,62.693877551
Flute,Technical Etude,70.304217687,24.572517007,94.876734694
Flute,Chromatic Scale,102.608979592,17.776326531,120.38530612299999
Flute,Major Scales,128.235102041,117.873197279,246.10829932000001
Flute,Sight-Reading,251.936507937,48.83446712,300.770975057
