Instrument,ScoreGroup,Start,Duration,End
Xylophone,Mallet Etude,13.119274,39.079184,52.198458
Snare Drum,Snare Etude,59.907483,45.650431,105.557914
Timpani,Timpani Etude,111.780862,46.625669,158.406531
Xylophone,Chromatic Scale,164.211519,7.546485,171.758004
Xylophone,Major Scales,177.145034,110.318005,287.463039
Xylophone,Sight-Reading,295.381043,45.232472,340.613515
Snare Drum,Sight-Reading,346.348844,51.33932,397.688164
