Instrument,ScoreGroup,Start,Duration,End
Alto Saxophone,Lyrical Etude,10.913378684,41.795918367,52.709297051
Alto Saxophone,Technical Etude,57.585487528,44.582312925,102.167800453
Alto Saxophone,Chromatic Scale,108.437188208,20.201360544,128.638548752
Alto Saxophone,Major Scales,134.675736961,117.028571428,251.704308389
Alto Saxophone,Sight-Reading,256.696598639,57.585487528,314.282086167
