Instrument,ScoreGroup,Start,Duration,End
Flute,Lyrical Etude,10.37932,113.754558,124.13387800000001
Flute,Technical Etude,127.75619,45.627211,173.383401
Flute,Chromatic Scale,179.792109,14.001633,193.793742
Flute,Major Scales,199.85415,111.873741,311.727891
Flute,Sight-Reading,316.325442,57.469388,373.79483
