Instrument,ScoreGroup,Start,Duration,End
Bb Clarinet,Lyrical Etude,16.416507937,46.207709751,62.624217688
Bb Clarinet,Technical Etude,69.984943311,28.142585034,98.127528345
Bb Clarinet,Chromatic Scale,104.536235828,13.653333333,118.18956916100001
Bb Clarinet,Major Scales,126.200453515,117.469750567,243.670204082
Bb Clarinet,Sight-Reading,248.946938776,47.699591837,296.646530613
