Instrument,ScoreGroup,Start,Duration,End
Flute,Lyrical Etude,8.707482993,32.159637188,40.867120181
Flute,Technical Etude,43.943764172,24.380952381,68.324716553
Flute,Chromatic Scale,75.058503401,14.860770975,89.91927437599999
Flute,Major Scales,97.28,64.690793651,161.970793651
Flute,Sight-Reading,165.79047619,45.592380952,211.38285714199998
