Instrument,ScoreGroup,Start,Duration,End
Bb Clarinet,Lyrical Etude,13.583673469,68.963265306,82.546938775
Bb Clarinet,Technical Etude,86.987755102,30.824489795,117.812244897
Bb Clarinet,Chromatic Scale,125.387755102,14.367346938,139.75510204
Bb Clarinet,Major Scales,146.285714285,49.893877551,196.17959183600001
Bb Clarinet,Sight-Reading,202.187755102,70.530612244,272.71836734600004
