Instrument,ScoreGroup,Start,Duration,End
Xylophone,Mallet Etude,15.882449,71.099501,86.98195
Snare Drum,Snare Etude,96.571791,46.834649,143.40644
Timpani,Timpani Etude,152.694422,65.201633,217.896055
Xylophone,Chromatic Scale,225.674739,16.346848,242.02158699999998
Xylophone,Major Scales,251.402449,71.145941,322.54839
Xylophone,Sight-Reading,333.368889,59.164444,392.533333
Snare Drum,Sight-Reading,402.796553,31.068299,433.86485200000004
