Instrument,ScoreGroup,Start,Duration,End
Bb Clarinet,Lyrical Etude,11.981496599,53.777414966,65.758911565
Bb Clarinet,Technical Etude,72.446258503,31.486258503,103.932517006
Bb Clarinet,Chromatic Scale,112.384580499,19.272562358,131.657142857
Bb Clarinet,Major Scales,136.76553288,97.639909297,234.405442177
Bb Clarinet,Sight-Reading,239.862131519,50.387301587,290.249433106
