Instrument,ScoreGroup,Start,Duration,End
Xylophone,Mallet Etude,15.743129,256.325079,272.068208
Snare Drum,Snare Etude,279.498594,121.347483,400.84607700000004
Timpani,Timpani Etude,408.903401,63.692336,472.595737
Xylophone,Chromatic Scale,483.462676,107.160091,590.622767
Xylophone,Major Scales,610.173968,78.738866,688.912834
Xylophone,Sight-Reading,699.315374,39.264943,738.580317
Snare Drum,Sight-Reading,745.523084,30.88254,776.405624
