Instrument,ScoreGroup,Start,Duration,End
Flute,Lyrical Etude,7.801904762,26.940952381,34.742857143
Flute,Technical Etude,38.115555556,29.663492063,67.779047619
Flute,Chromatic Scale,76.962539683,20.073650794,97.036190477
Flute,Major Scales,104.304036281,61.207800454,165.511836735
Flute,Sight-Reading,169.691428571,60.238367347,229.929795918
