Instrument,ScoreGroup,Start,Duration,End
Bb Clarinet,Lyrical Etude,15.625853,104.521257,120.14711
Bb Clarinet,Technical Etude,128.221714,38.578662,166.800376
Bb Clarinet,Chromatic Scale,172.632034,14.80344,187.435474
Bb Clarinet,Major Scales,193.715721,109.904326,303.620047
Bb Clarinet,Sight-Reading,311.246062,45.756087,357.002149
