Instrument,ScoreGroup,Start,Duration,End
Bb Clarinet,Lyrical Etude,9.102222222,63.158276643,72.260498865
Bb Clarinet,Technical Etude,76.718730158,51.269659863,127.988390021
Bb Clarinet,Chromatic Scale,134.675736961,18.761723356,153.43746031700002
Bb Clarinet,Major Scales,159.567528344,96.037732426,255.60526077000003
Bb Clarinet,Sight-Reading,260.310204081,60.865306122,321.175510203
