Instrument,ScoreGroup,Start,Duration,End
Alto Saxophone,Lyrical Etude,20.851519274,51.919818594,72.771337868
Alto Saxophone,Technical Etude,79.598004535,19.179682539,98.777687074
Alto Saxophone,Chromatic Scale,108.622947841,9.938140589,118.56108843
Alto Saxophone,Major Scales,123.832018141,67.802267573,191.634285714
Alto Saxophone,Sight-Reading,197.880453511,37.61632653,235.49678004100002
