Instrument,ScoreGroup,Start,Duration,End
Flute,Lyrical Etude,15.673469,116.506122,132.17959100000002
Flute,Technical Etude,140.538776,45.97551,186.51428600000003
Flute,Chromatic Scale,193.828571,14.628571,208.457142
Flute,Major Scales,215.771429,97.17551,312.94693900000004
Flute,Sight-Reading,315.559184,74.187755,389.746939
