Instrument,ScoreGroup,Start,Duration,End
Flute,Lyrical Etude,10.727619048,51.2,61.927619048000004
Flute,Technical Etude,65.991111111,37.384126984,103.37523809499999
Flute,Chromatic Scale,109.47047619,30.232380952,139.702857142
Flute,Major Scales,145.078276644,96.502131519,241.58040816300002
Flute,Sight-Reading,244.181043084,44.489433107,288.67047619100003
