Instrument,ScoreGroup,Start,Duration,End
Flute,Lyrical Etude,12.669388,66.089796,78.759184
Flute,Technical Etude,85.420408,22.595918,108.01632599999999
Flute,Chromatic Scale,116.897959,13.844898,130.74285700000001
Flute,Major Scales,137.012245,101.485714,238.497959
Flute,Sight-Reading,244.37551,45.322449,289.69795899999997
