Instrument,ScoreGroup,Start,Duration,End
Flute,Lyrical Etude,15.412245,51.2,66.612245
Flute,Technical Etude,73.273469,46.367347,119.640816
Flute,Chromatic Scale,130.612245,10.710204,141.322449
Flute,Major Scales,151.118367,109.061224,260.179591
Flute,Sight-Reading,268.669388,47.281633,315.951021
