Instrument,ScoreGroup,Start,Duration,End
Tenor Saxophone,Lyrical Etude,18.526435,64.01352,82.53995499999999
Tenor Saxophone,Technical Etude,89.027812,66.608662,155.636474
Tenor Saxophone,Chromatic Scale,165.151997,11.678142,176.830139
Tenor Saxophone,Major Scales,184.615567,115.916373,300.53193999999996
Tenor Saxophone,Sight-Reading,307.452321,37.197045,344.649366
