Instrument,ScoreGroup,Start,Duration,End
Bb Clarinet,Lyrical Etude,12.817415,137.276372,150.09378700000002
Bb Clarinet,Technical Etude,158.081451,47.368707,205.450158
Bb Clarinet,Chromatic Scale,214.180862,15.60381,229.784672
Bb Clarinet,Major Scales,237.400816,115.356735,352.757551
Bb Clarinet,Sight-Reading,358.14458,52.569977,410.714557
