Instrument,ScoreGroup,Start,Duration,End
Alto Saxophone,Lyrical Etude,12.260136054,42.446077098,54.706213152000004
Alto Saxophone,Technical Etude,63.181496599,56.703129252,119.884625851
Alto Saxophone,Chromatic Scale,126.502312925,8.684263039,135.18657596399999
Alto Saxophone,Major Scales,140.898684807,79.412244898,220.31092970499998
Alto Saxophone,Sight-Reading,225.767619048,49.737142857,275.504761905
