Instrument,ScoreGroup,Start,Duration,End
Bb Clarinet,Lyrical Etude,14.094512,67.128889,81.223401
Bb Clarinet,Technical Etude,88.653787,74.350295,163.00408199999998
Bb Clarinet,Chromatic Scale,170.573787,14.675011,185.24879800000002
Bb Clarinet,Major Scales,193.004263,79.156825,272.161088
Bb Clarinet,Sight-Reading,278.569796,51.26966,329.839456
