Instrument,ScoreGroup,Start,Duration,End
Flute,Lyrical Etude,10.518639,90.139864,100.658503
Flute,Technical Etude,104.280816,51.617959,155.898775
Flute,Chromatic Scale,161.401905,18.459864,179.861769
Flute,Major Scales,184.27356,121.858322,306.131882
Flute,Sight-Reading,310.961633,65.015873,375.977506
