Instrument,ScoreGroup,Start,Duration,End
Bb Clarinet,Lyrical Etude,10.1239,53.220136,63.344035999999996
Bb Clarinet,Technical Etude,66.50195,27.585306,94.087256
Bb Clarinet,Chromatic Scale,99.752925,19.319002,119.071927
Bb Clarinet,Major Scales,125.257143,84.506122,209.763265
Bb Clarinet,Sight-Reading,214.334694,48.84898,263.183674
