Instrument,ScoreGroup,Start,Duration,End
Bb Clarinet,Lyrical Etude,11.102040816,68.571428571,79.673469387
Bb Clarinet,Technical Etude,86.073469387,82.285714285,168.359183672
Bb Clarinet,Chromatic Scale,176.065306122,65.828571428,241.89387755
Bb Clarinet,Major Scales,253.126530612,122.514285714,375.640816326
Bb Clarinet,Sight-Reading,381.518367346,97.697959183,479.21632652899996
