Instrument,ScoreGroup,Start,Duration,End
Alto Saxophone,Lyrical Etude,10.031020408,37.825306122,47.856326530000004
Alto Saxophone,Technical Etude,51.594739229,28.839183673,80.433922902
Alto Saxophone,Chromatic Scale,85.542312925,11.772517007,97.31482993200001
Alto Saxophone,Major Scales,103.05015873,61.811519274,164.861678004
Alto Saxophone,Sight-Reading,168.600090703,48.761904762,217.361995465
