Instrument,ScoreGroup,Start,Duration,End
Alto Saxophone,Lyrical Etude,11.377777777,90.557823129,101.935600906
Alto Saxophone,Technical Etude,109.482086167,65.712471655,175.194557822
Alto Saxophone,Chromatic Scale,183.32154195,9.287981859,192.60952380900002
Alto Saxophone,Major Scales,199.45941043,87.887528344,287.346938774
Alto Saxophone,Sight-Reading,294.080725623,45.046712018,339.127437641
