Instrument,ScoreGroup,Start,Duration,End
Trumpet,Lyrical Etude,13.583673469,52.244897959,65.828571428
Trumpet,Technical Etude,75.75510204,43.363265306,119.118367346
Trumpet,Chromatic Scale,126.95510204,16.195918367,143.151020407
Trumpet,Major Scales,152.032653061,111.804081632,263.836734693
Trumpet,Sight-Reading,270.106122448,76.8,346.906122448
