Instrument,ScoreGroup,Start,Duration,End
Alto Saxophone,Lyrical Etude,17.298866,70.310023,87.608889
Alto Saxophone,Technical Etude,94.156916,34.829932,128.986848
Alto Saxophone,Chromatic Scale,138.27483,13.885533,152.16036300000002
Alto Saxophone,Major Scales,155.504036,108.251429,263.755465
Alto Saxophone,Sight-Reading,283.631746,42.144218,325.77596400000004
