Instrument,ScoreGroup,Start,Duration,End
Bb Clarinet,Lyrical Etude,14.838321,126.079651,140.917972
Bb Clarinet,Technical Etude,150.871629,58.062997,208.934626
Bb Clarinet,Chromatic Scale,220.547225,14.377504,234.92472899999999
Bb Clarinet,Major Scales,243.219443,132.162441,375.381884
Bb Clarinet,Sight-Reading,382.017655,59.72194,441.739595
