Instrument,ScoreGroup,Start,Duration,End
Flute,Lyrical Etude,18.546939,75.232653,93.779592
Flute,Technical Etude,100.832653,80.195918,181.028571
Flute,Chromatic Scale,191.216327,28.473469,219.689796
Flute,Major Scales,234.057143,124.342857,358.4
Flute,Sight-Reading,362.057143,107.62449,469.681633
