Instrument,ScoreGroup,Start,Duration,End
Alto Saxophone,Lyrical Etude,12.109206349,56.32,68.429206349
Alto Saxophone,Technical Etude,75.174603175,61.114920635,136.28952381
Alto Saxophone,Chromatic Scale,143.197460317,13.490793651,156.688253968
Alto Saxophone,Major Scales,162.377142857,147.330612245,309.70775510199996
Alto Saxophone,Sight-Reading,315.245714286,50.050612245,365.29632653100003
