Instrument,ScoreGroup,Start,Duration,End
Bb Clarinet,Lyrical Etude,12.167256235,46.997188208,59.164444442999994
Bb Clarinet,Technical Etude,63.065396825,58.142766439,121.208163264
Bb Clarinet,Chromatic Scale,136.533333333,25.72770975,162.261043083
Bb Clarinet,Major Scales,171.456145124,123.53015873,294.98630385399997
Bb Clarinet,Sight-Reading,299.073015873,67.802267573,366.87528344599997
