Instrument,ScoreGroup,Start,Duration,End
Bb Clarinet,Lyrical Etude,15.789569161,53.684535147,69.474104308
Bb Clarinet,Technical Etude,76.62585034,37.059047619,113.684897959
Bb Clarinet,Chromatic Scale,122.694240363,16.346848073,139.041088436
Bb Clarinet,Major Scales,148.514829932,107.183310658,255.69814058999998
Bb Clarinet,Sight-Reading,265.729160998,54.613333333,320.342494331
