Instrument,ScoreGroup,Start,Duration,End
Alto Saxophone,Lyrical Etude,13.096054421,55.635011337,68.731065758
Alto Saxophone,Technical Etude,76.62585034,62.322358276,138.948208616
Alto Saxophone,Chromatic Scale,145.264036281,9.009342403,154.273378684
Alto Saxophone,Major Scales,160.217687074,84.149115646,244.36680272
Alto Saxophone,Sight-Reading,251.518548752,51.362539682,302.881088434
