Instrument,ScoreGroup,Start,Duration,End
Alto Saxophone,Lyrical Etude,8.568163265,82.337959183,90.90612244799999
Alto Saxophone,Technical Etude,94.45877551,48.483265306,142.942040816
Alto Saxophone,Chromatic Scale,148.166530612,12.120816326,160.287346938
Alto Saxophone,Major Scales,164.466938775,105.952653061,270.419591836
Alto Saxophone,Sight-Reading,275.017142857,45.766530612,320.783673469
