Instrument,ScoreGroup,Start,Duration,End
Bb Clarinet,Lyrical Etude,11.702857142,54.613333333,66.316190475
Bb Clarinet,Technical Etude,71.517460317,32.879455782,104.39691609900001
Bb Clarinet,Chromatic Scale,110.341224489,15.418049886,125.759274375
Bb Clarinet,Major Scales,134.489977324,121.672562358,256.162539682
Bb Clarinet,Sight-Reading,261.921088435,50.340861678,312.261950113
