Instrument,ScoreGroup,Start,Duration,End
Alto Saxophone,Lyrical Etude,10.890159,68.359546,79.24970499999999
Alto Saxophone,Technical Etude,84.149116,28.653424,112.80254000000001
Alto Saxophone,Chromatic Scale,121.510023,18.297324,139.807347
Alto Saxophone,Major Scales,149.025669,66.61805,215.64371899999998
Alto Saxophone,Sight-Reading,220.612789,45.603991,266.21677999999997
