Instrument,ScoreGroup,Start,Duration,End
Xylophone,Mallet Etude,14.106122,44.669388,58.77551
Snare Drum,Snare Etude,68.702041,53.420408,122.12244899999999
Timpani,Timpani Etude,128.783673,76.669388,205.453061
Xylophone,Chromatic Scale,213.355102,9.208163,222.563265
Xylophone,Major Scales,230.52771,69.102585,299.63029500000005
Xylophone,Sight-Reading,305.992562,27.817506,333.810068
Snare Drum,Sight-Reading,340.590295,25.216871,365.80716600000005
