Instrument,ScoreGroup,Start,Duration,End
Trumpet,Lyrical Etude,10.710204081,39.183673469,49.89387755
Trumpet,Technical Etude,54.857142857,26.122448979,80.979591836
Trumpet,Chromatic Scale,87.510204081,12.27755102,99.787755101
Trumpet,Major Scales,107.102040816,92.212244897,199.314285713
Trumpet,Sight-Reading,204.01632653,56.685714285,260.702040815
