Instrument,ScoreGroup,Start,Duration,End
Flute,Lyrical Etude,10.681179138,44.675192744,55.356371882
Flute,Technical Etude,56.076190476,39.00952381,95.085714286
Flute,Chromatic Scale,102.516099773,17.066666667,119.58276644
Flute,Major Scales,125.759274376,122.972879819,248.732154195
Flute,Sight-Reading,252.865306122,44.164353741,297.029659863
