Instrument,ScoreGroup,Start,Duration,End
Alto Saxophone,Lyrical Etude,16.569419,81.113892,97.683311
Alto Saxophone,Technical Etude,106.418654,58.651584,165.07023800000002
Alto Saxophone,Chromatic Scale,172.973642,9.983248,182.95689000000002
Alto Saxophone,Major Scales,191.276264,85.689548,276.965812
Alto Saxophone,Sight-Reading,284.869217,46.588492,331.457709
