Instrument,ScoreGroup,Start,Duration,End
Bb Clarinet,Lyrical Etude,14.367347,99.787755,114.155102
Bb Clarinet,Technical Etude,121.077551,36.963265,158.040816
Bb Clarinet,Chromatic Scale,167.314286,14.889796,182.204082
Bb Clarinet,Major Scales,190.217868,107.926349,298.144217
Bb Clarinet,Sight-Reading,304.088526,55.170612,359.259138
