Instrument,ScoreGroup,Start,Duration,End
Bb Clarinet,Lyrical Etude,15.650249433,51.966258503,67.616507936
Bb Clarinet,Technical Etude,78.228027211,29.141043084,107.369070295
Bb Clarinet,Chromatic Scale,118.537868481,14.349931973,132.887800454
Bb Clarinet,Major Scales,151.30122449,120.302585034,271.603809524
Bb Clarinet,Sight-Reading,275.22031746,60.749206349,335.969523809
