Instrument,ScoreGroup,Start,Duration,End
Alto Saxophone,Lyrical Etude,11.284897959,51.2,62.484897959
Alto Saxophone,Technical Etude,67.813877551,30.72,98.533877551
Alto Saxophone,Chromatic Scale,103.862857142,10.657959183,114.520816325
Alto Saxophone,Major Scales,120.05877551,54.125714285,174.184489795
Alto Saxophone,Sight-Reading,180.349387755,37.929795918,218.279183673
