Instrument,ScoreGroup,Start,Duration,End
Flute,Lyrical Etude,14.535692,37.430567,51.966259
Flute,Technical Etude,58.653605,42.120998,100.774603
Flute,Chromatic Scale,112.105941,15.836009,127.94195
Flute,Major Scales,141.455964,73.932336,215.38830000000002
Flute,Sight-Reading,222.958005,44.860952,267.818957
