Instrument,ScoreGroup,Start,Duration,End
Xylophone,Mallet Etude,12.840635,42.631837,55.472471999999996
Snare Drum,Snare Etude,62.949297,46.579229,109.528526
Timpani,Timpani Etude,117.237551,50.758821,167.996372
Xylophone,Chromatic Scale,176.819955,7.221406,184.041361
Xylophone,Major Scales,192.516644,95.921633,288.438277
Xylophone,Sight-Reading,296.124082,39.984762,336.108844
Snare Drum,Sight-Reading,345.838005,41.0761,386.914105
