Instrument,ScoreGroup,Start,Duration,End
Flute,Lyrical Etude,10.44898,43.816054,54.265034
Flute,Technical Etude,60.325442,51.06068,111.386122
Flute,Chromatic Scale,118.073469,20.967619,139.041088
Flute,Major Scales,144.544218,94.528435,239.072653
Flute,Sight-Reading,242.973605,59.559184,302.532789
