Instrument,ScoreGroup,Start,Duration,End
Alto Saxophone,Lyrical Etude,9.380861678,59.350204081,68.731065759
Alto Saxophone,Technical Etude,72.074739229,22.291156462,94.365895691
Alto Saxophone,Chromatic Scale,99.660045351,12.817414965,112.47746031599999
Alto Saxophone,Major Scales,118.979047619,98.173968253,217.153015872
Alto Saxophone,Sight-Reading,223.747482993,50.062222222,273.809705215
