Instrument,ScoreGroup,Start,Duration,End
Bb Clarinet,Lyrical Etude,14.930430839,75.906031746,90.83646258499999
Bb Clarinet,Technical Etude,97.639909297,38.01106576,135.650975057
Bb Clarinet,Chromatic Scale,144.149478458,14.094512472,158.24399093
Bb Clarinet,Major Scales,166.556734694,110.434104308,276.99083900200003
Bb Clarinet,Sight-Reading,282.610068027,35.456870748,318.06693877500004
