Instrument,ScoreGroup,Start,Duration,End
Bb Clarinet,Lyrical Etude,10.588299,137.833651,148.42195
Bb Clarinet,Technical Etude,158.267211,36.408889,194.67610000000002
Bb Clarinet,Chromatic Scale,201.177687,12.260136,213.43782299999998
Bb Clarinet,Major Scales,220.31093,94.180136,314.49106600000005
Bb Clarinet,Sight-Reading,320.621134,37.709206,358.33034
