Instrument,ScoreGroup,Start,Duration,End
Xylophone,Mallet Etude,17.567347,42.514286,60.081633
Snare Drum,Snare Etude,67.787755,84.244898,152.032653
Timpani,Timpani Etude,163.265306,103.57551,266.840816
Xylophone,Chromatic Scale,275.806621,7.012426,282.819047
Xylophone,Major Scales,291.271111,123.715918,414.987029
Xylophone,Sight-Reading,425.795918,48.261224,474.057142
Snare Drum,Sight-Reading,480.522449,33.697959,514.220408
