Instrument,ScoreGroup,Start,Duration,End
Flute,Lyrical Etude,11.331337868,111.270022675,122.60136054300001
Flute,Technical Etude,138.205170068,26.935147392,165.14031746
Flute,Chromatic Scale,173.127981859,16.346848072,189.474829931
Flute,Major Scales,203.592562358,121.672562358,325.265124716
Flute,Sight-Reading,331.023673469,43.281995464,374.305668933
