Instrument,ScoreGroup,Start,Duration,End
Bb Clarinet,Lyrical Etude,15.020408,95.085714,110.106122
Bb Clarinet,Technical Etude,117.942857,37.22449,155.167347
Bb Clarinet,Chromatic Scale,163.918367,12.146939,176.065306
Bb Clarinet,Major Scales,183.902041,108.855147,292.757188
Bb Clarinet,Sight-Reading,298.329977,47.740227,346.070204
