Instrument,ScoreGroup,Start,Duration,End
Alto Saxophone,Lyrical Etude,14.106122448,79.830204081,93.93632652900001
Alto Saxophone,Technical Etude,99.160816326,43.781224489,142.942040815
Alto Saxophone,Chromatic Scale,151.405714285,10.866938775,162.27265305999998
Alto Saxophone,Major Scales,171.154285714,70.844081632,241.998367346
Alto Saxophone,Sight-Reading,248.685714285,36.153469387,284.839183672
