Instrument,ScoreGroup,Start,Duration,End
Bb Clarinet,Lyrical Etude,14.117732426,63.901315192,78.019047618
Bb Clarinet,Technical Etude,83.591836734,36.408888888,120.000725622
Bb Clarinet,Chromatic Scale,127.245351473,13.003174603,140.248526076
Bb Clarinet,Major Scales,147.30739229,117.771609977,265.07900226699996
Bb Clarinet,Sight-Reading,271.580589569,52.012698412,323.593287981
