Instrument,ScoreGroup,Start,Duration,End
Bb Clarinet,Lyrical Etude,14.889796,57.861224,72.75102
Bb Clarinet,Technical Etude,79.020408,30.302041,109.322449
Bb Clarinet,Chromatic Scale,118.595918,18.808163,137.404081
Bb Clarinet,Major Scales,146.546939,88.816327,235.363266
Bb Clarinet,Sight-Reading,242.546939,46.889796,289.436735
