Instrument,ScoreGroup,Start,Duration,End
Flute,Lyrical Etude,13.467573696,50.898140589,64.365714285
Flute,Technical Etude,69.288344671,28.235464852,97.52380952300001
Flute,Chromatic Scale,103.746757369,30.928979591,134.67573696
Flute,Major Scales,139.946666666,110.201904761,250.14857142699998
Flute,Sight-Reading,253.794104308,81.269841269,335.06394557699997
