Instrument,ScoreGroup,Start,Duration,End
Flute,Lyrical Etude,8.173424,59.814603,67.988027
Flute,Technical Etude,70.465306,26.906122,97.371428
Flute,Chromatic Scale,103.118367,16.783673,119.90204
Flute,Major Scales,124.830476,110.155465,234.98594100000003
Flute,Sight-Reading,237.586576,43.096236,280.682812
