Instrument,ScoreGroup,Start,Duration,End
Bb Clarinet,Lyrical Etude,13.003174603,129.47446712,142.477641723
Bb Clarinet,Technical Etude,148.050430839,54.79909297,202.849523809
Bb Clarinet,Chromatic Scale,211.022947845,13.18893424,224.211882085
Bb Clarinet,Major Scales,229.784671201,100.774603174,330.55927437500003
Bb Clarinet,Sight-Reading,337.618140589,39.473922902,377.092063491
