Instrument,ScoreGroup,Start,Duration,End
Bb Clarinet,Lyrical Etude,11.772517007,48.413605442,60.186122448999996
Bb Clarinet,Technical Etude,65.271292517,28.699863946,93.971156463
Bb Clarinet,Chromatic Scale,99.125986395,16.718367347,115.844353742
Bb Clarinet,Major Scales,122.949659864,98.336507937,221.28616780099998
Bb Clarinet,Sight-Reading,225.28,84.845714286,310.125714286
