Instrument,ScoreGroup,Start,Duration,End
Trumpet,Lyrical Etude,14.4892517,45.325351473,59.814603172999995
Trumpet,Technical Etude,65.436734693,28.342857142,93.779591835
Trumpet,Chromatic Scale,101.87755102,10.448979591,112.326530611
Trumpet,Major Scales,121.730612244,110.628571428,232.359183672
Trumpet,Sight-Reading,238.759183673,68.571428571,307.330612244
