Instrument,ScoreGroup,Start,Duration,End
Bb Clarinet,Lyrical Etude,9.926530612,70.791836734,80.71836734600001
Bb Clarinet,Technical Etude,87.640816326,32.261224489,119.902040815
Bb Clarinet,Chromatic Scale,127.73877551,13.453061224,141.191836734
Bb Clarinet,Major Scales,148.114285714,123.559183673,271.673469387
Bb Clarinet,Sight-Reading,278.465306122,54.595918367,333.06122448900004
