Instrument,ScoreGroup,Start,Duration,End
Flute,Lyrical Etude,14.628571429,76.8,91.428571429
Flute,Technical Etude,97.54122449,41.795918367,139.337142857
Flute,Chromatic Scale,147.853061224,17.449795918,165.302857142
Flute,Major Scales,171.467755102,90.801632653,262.269387755
Flute,Sight-Reading,268.434285714,69.485714286,337.92
