Instrument,ScoreGroup,Start,Duration,End
Trumpet,Lyrical Etude,15.673469387,42.579591836,58.253061223
Trumpet,Technical Etude,64.0,28.473469387,92.473469387
Trumpet,Chromatic Scale,99.004081632,19.069387755,118.07346938699999
Trumpet,Major Scales,124.604081632,73.665306122,198.269387754
Trumpet,Sight-Reading,215.771428571,51.2,266.971428571
