Instrument,ScoreGroup,Start,Duration,End
Flute,Lyrical Etude,9.357641723,56.354829932,65.712471655
Flute,Technical Etude,68.568526077,23.730793651,92.299319728
Flute,Chromatic Scale,97.314829932,28.76952381,126.08435374199999
Flute,Major Scales,131.796462585,94.598095238,226.394557823
Flute,Sight-Reading,230.365170068,56.470929705,286.836099773
