Instrument,ScoreGroup,Start,Duration,End
Bb Clarinet,Lyrical Etude,11.232653,89.991837,101.22449
Bb Clarinet,Technical Etude,110.367347,51.2,161.56734699999998
Bb Clarinet,Chromatic Scale,170.44898,14.106122,184.555102
Bb Clarinet,Major Scales,191.889705,121.115283,313.004988
Bb Clarinet,Sight-Reading,318.206259,55.542132,373.74839099999997
