Instrument,ScoreGroup,Start,Duration,End
Alto Saxophone,Lyrical Etude,10.727619047,54.45079365,65.178412697
Alto Saxophone,Technical Etude,69.915283446,20.805079365,90.720362811
Alto Saxophone,Chromatic Scale,97.523809523,13.026394557,110.55020408
Alto Saxophone,Major Scales,118.143129251,73.97877551,192.121904761
Alto Saxophone,Sight-Reading,197.996553281,51.060680272,249.057233553
