Instrument,ScoreGroup,Start,Duration,End
Bb Clarinet,Lyrical Etude,12.701315193,70.751201814,83.452517007
Bb Clarinet,Technical Etude,90.871292517,36.501768707,127.373061224
Bb Clarinet,Chromatic Scale,134.362267574,14.558911565,148.92117913899997
Bb Clarinet,Major Scales,153.94829932,107.090430839,261.038730159
Bb Clarinet,Sight-Reading,266.495419501,43.456145125,309.951564626
