Instrument,ScoreGroup,Start,Duration,End
Bb Clarinet,Lyrical Etude,14.675011337,92.879818594,107.554829931
Bb Clarinet,Technical Etude,114.613696145,49.969342403,164.583038548
Bb Clarinet,Chromatic Scale,172.942222222,33.065215419,206.007437641
Bb Clarinet,Major Scales,212.69478458,43.653514739,256.34829931900003
Bb Clarinet,Sight-Reading,275.853061224,52.012698412,327.865759636
