Instrument,ScoreGroup,Start,Duration,End
Bb Clarinet,Lyrical Etude,12.631655328,52.569977324,65.201632652
Bb Clarinet,Technical Etude,70.867301587,30.185941043,101.05324263
Bb Clarinet,Chromatic Scale,107.833469387,15.78956916,123.623038547
Bb Clarinet,Major Scales,131.889342403,99.75292517,231.642267573
Bb Clarinet,Sight-Reading,237.215056689,77.090249433,314.305306122
