Instrument,ScoreGroup,Start,Duration,End
Flute,Lyrical Etude,12.329795918,25.495510204,37.825306122
Flute,Technical Etude,42.631836735,25.286530612,67.918367347
Flute,Chromatic Scale,74.919183673,13.792653061,88.711836734
Flute,Major Scales,95.085714286,55.484081633,150.569795919
Flute,Sight-Reading,157.361632653,52.140408163,209.50204081599998
