Instrument,ScoreGroup,Start,Duration,End
Bb Clarinet,Lyrical Etude,10.866939,75.325533,86.192472
Bb Clarinet,Technical Etude,91.297959,19.330612,110.62857100000001
Bb Clarinet,Chromatic Scale,116.832653,11.102041,127.934694
Bb Clarinet,Major Scales,133.654059,63.158277,196.812336
Bb Clarinet,Sight-Reading,201.827846,37.059048,238.88689399999998
