Instrument,ScoreGroup,Start,Duration,End
Flute,Lyrical Etude,10.10068,108.669388,118.770068
Flute,Technical Etude,123.437279,49.319184,172.756463
Flute,Chromatic Scale,180.906667,16.161088,197.067755
Flute,Major Scales,202.222585,105.534694,307.75727900000004
Flute,Sight-Reading,312.633469,54.265034,366.898503
