Instrument,ScoreGroup,Start,Duration,End
Flute,Lyrical Etude,9.795918,25.142857,34.938775
Flute,Technical Etude,38.465306,24.032653,62.497958999999994
Flute,Chromatic Scale,68.506122,20.114286,88.620408
Flute,Major Scales,95.216327,65.306122,160.522449
Flute,Sight-Reading,165.093878,38.138776,203.232654
