Instrument,ScoreGroup,Start,Duration,End
Alto Saxophone,Lyrical Etude,15.325170068,120.929523809,136.254693877
Alto Saxophone,Technical Etude,142.942040816,45.975510204,188.91755102000002
Alto Saxophone,Chromatic Scale,192.261224489,10.031020408,202.292244897
Alto Saxophone,Major Scales,208.422312925,75.232653061,283.654965986
Alto Saxophone,Sight-Reading,290.342312925,38.730884353,329.073197278
