Instrument,ScoreGroup,Start,Duration,End
Trumpet,Lyrical Etude,10.402539682,38.638004535,49.040544217000004
Trumpet,Technical Etude,55.356371882,25.263310657,80.619682539
Trumpet,Chromatic Scale,89.536145124,12.260136054,101.796281178
Trumpet,Major Scales,107.740589569,101.424761904,209.165351473
Trumpet,Sight-Reading,213.99510204,46.811428571,260.806530611
