Instrument,ScoreGroup,Start,Duration,End
Xylophone,Mallet Etude,18.02449,86.073469,104.097959
Snare Drum,Snare Etude,113.371429,75.232653,188.604082
Timpani,Timpani Etude,196.179592,96.914286,293.093878
Xylophone,Chromatic Scale,302.302041,9.861224,312.16326499999997
Xylophone,Major Scales,322.66449,103.653878,426.318368
Xylophone,Sight-Reading,441.179138,95.480454,536.659592
Snare Drum,Sight-Reading,546.504853,47.647347,594.1522
