Instrument,ScoreGroup,Start,Duration,End
Alto Saxophone,Lyrical Etude,14.280272108,96.711111111,110.991383219
Alto Saxophone,Technical Etude,117.841269841,61.765079365,179.606349206
Alto Saxophone,Chromatic Scale,181.347845804,9.404081632,190.75192743600002
Alto Saxophone,Major Scales,197.137414965,82.779138321,279.916553286
Alto Saxophone,Sight-Reading,285.953741496,63.04217687,348.995918366
