Instrument,ScoreGroup,Start,Duration,End
Flute,Lyrical Etude,13.409524,63.390476,76.8
Flute,Technical Etude,83.382857,52.825397,136.208254
Flute,Chromatic Scale,142.953651,17.554286,160.507937
Flute,Major Scales,167.903492,87.690159,255.593651
Flute,Sight-Reading,260.144762,78.750476,338.895238
