Instrument,ScoreGroup,Start,Duration,End
Flute,Lyrical Etude,19.226122448,53.289795918,72.51591836600001
Flute,Technical Etude,81.293061224,22.987755102,104.28081632600001
Flute,Chromatic Scale,116.819591836,20.48,137.299591836
Flute,Major Scales,145.031836734,109.923265306,254.95510203999999
Flute,Sight-Reading,261.642448979,49.319183673,310.961632652
