Instrument,ScoreGroup,Start,Duration,End
Alto Saxophone,Lyrical Etude,11.122358277,46.695328798,57.817687074999995
Alto Saxophone,Technical Etude,61.695419501,29.489342404,91.184761905
Alto Saxophone,Chromatic Scale,98.173968254,15.023310658,113.197278912
Alto Saxophone,Major Scales,118.398548753,64.296054422,182.694603175
Alto Saxophone,Sight-Reading,187.292154195,75.766712018,263.058866213
