Instrument,ScoreGroup,Start,Duration,End
Xylophone,Mallet Etude,11.958277,68.963265,80.921542
Snare Drum,Snare Etude,86.79619,46.811429,133.607619
Timpani,Timpani Etude,139.203628,60.093243,199.296871
Xylophone,Chromatic Scale,208.143673,9.218322,217.361995
Xylophone,Major Scales,224.235102,79.969524,304.204626
Xylophone,Sight-Reading,309.800635,61.27746,371.078095
Snare Drum,Sight-Reading,377.719002,44.234014,421.953016
