Instrument,ScoreGroup,Start,Duration,End
Bb Clarinet,Lyrical Etude,14.628571428,58.253061224,72.88163265200001
Bb Clarinet,Technical Etude,78.759183673,23.248979591,102.00816326399999
Bb Clarinet,Chromatic Scale,108.669387755,12.8,121.469387755
Bb Clarinet,Major Scales,128.261224489,90.514285714,218.775510203
Bb Clarinet,Sight-Reading,225.175510204,56.424489795,281.59999999900003
