Instrument,ScoreGroup,Start,Duration,End
Alto Saxophone,Lyrical Etude,17.949024943,44.373333333,62.322358276
Alto Saxophone,Technical Etude,77.229569161,33.274195011,110.503764172
Alto Saxophone,Chromatic Scale,130.263945578,15.557369615,145.821315193
Alto Saxophone,Major Scales,155.341496599,63.042176871,218.38367347000002
Alto Saxophone,Sight-Reading,224.908480726,61.231020408,286.139501134
