Instrument,ScoreGroup,Start,Duration,End
Bb Clarinet,Lyrical Etude,18.250884354,68.266666667,86.517551021
Bb Clarinet,Technical Etude,91.533061224,96.966530612,188.49959183599998
Bb Clarinet,Chromatic Scale,193.793741497,29.953741497,223.74748299400002
Bb Clarinet,Major Scales,231.688707483,123.576598639,355.26530612199997
Bb Clarinet,Sight-Reading,362.370612245,110.062585034,472.433197279
