Instrument,ScoreGroup,Start,Duration,End
Xylophone,Mallet Etude,15.673469,53.289796,68.963265
Snare Drum,Snare Etude,76.538776,47.412245,123.951021
Timpani,Timpani Etude,131.918367,79.934694,211.85306099999997
Xylophone,Chromatic Scale,219.689796,19.722449,239.412245
Xylophone,Major Scales,261.746939,83.069388,344.816327
Xylophone,Sight-Reading,350.714195,112.7561,463.470295
Snare Drum,Sight-Reading,469.971882,28.606984,498.578866
