Instrument,ScoreGroup,Start,Duration,End
Bb Clarinet,Lyrical Etude,16.326531,56.293878,72.620409
Bb Clarinet,Technical Etude,75.755102,27.297959,103.05306099999999
Bb Clarinet,Chromatic Scale,111.542857,23.379592,134.922449
Bb Clarinet,Major Scales,142.849161,118.700408,261.549569
Bb Clarinet,Sight-Reading,266.750839,74.118095,340.86893399999997
