Instrument,ScoreGroup,Start,Duration,End
Alto Saxophone,Lyrical Etude,10.959818594,66.409070294,77.368888888
Alto Saxophone,Technical Etude,81.966439909,23.034195011,105.00063492000001
Alto Saxophone,Chromatic Scale,111.455782312,9.24154195,120.697324262
Alto Saxophone,Major Scales,127.663310657,63.622675736,191.285986393
Alto Saxophone,Sight-Reading,196.069297052,56.981768707,253.05106575899998
