Instrument,ScoreGroup,Start,Duration,End
Bb Clarinet,Lyrical Etude,16.61968254,60.566349206,77.186031746
Bb Clarinet,Technical Etude,88.645079365,28.688253968,117.333333333
Bb Clarinet,Chromatic Scale,126.293333333,14.669206349,140.962539682
Bb Clarinet,Major Scales,150.044444444,119.028390023,269.072834467
Bb Clarinet,Sight-Reading,277.896417234,58.282086168,336.178503402
