Instrument,ScoreGroup,Start,Duration,End
Flute,Lyrical Etude,12.910294785,75.882811791,88.793106576
Flute,Technical Etude,93.80861678,64.272834467,158.081451247
Flute,Chromatic Scale,164.414693878,16.875102041,181.289795919
Flute,Major Scales,187.245714286,108.251428571,295.49714285700003
Flute,Sight-Reading,301.116371882,54.613333333,355.729705215
