Instrument,ScoreGroup,Start,Duration,End
Flute,Lyrical Etude,13.328253968,52.825396825,66.153650793
Flute,Technical Etude,69.404444444,26.331428571,95.73587301500001
Flute,Chromatic Scale,104.025396825,15.928888889,119.95428571400001
Flute,Major Scales,127.593650794,108.971247166,236.56489796
Flute,Sight-Reading,240.605170068,38.034285714,278.639455782
