Instrument,ScoreGroup,Start,Duration,End
Bb Clarinet,Lyrical Etude,14.889796,70.269388,85.15918400000001
Bb Clarinet,Technical Etude,89.142857,26.77551,115.918367
Bb Clarinet,Chromatic Scale,123.1122,13.885533,136.997733
Bb Clarinet,Major Scales,148.244898,99.004082,247.24898000000002
Bb Clarinet,Sight-Reading,250.77551,42.187755,292.963265
