Instrument,ScoreGroup,Start,Duration,End
Flute,Lyrical Etude,10.448979592,57.260408163,67.709387755
Flute,Technical Etude,72.306938776,22.291156463,94.598095239
Flute,Chromatic Scale,101.703401361,18.111564626,119.81496598700001
Flute,Major Scales,125.945034014,107.276190476,233.22122449
Flute,Sight-Reading,238.097414966,43.60707483,281.704489796
