Instrument,ScoreGroup,Start,Duration,End
Flute,Lyrical Etude,12.8,45.975510204,58.775510204
Flute,Technical Etude,65.645714286,21.838367347,87.484081633
Flute,Chromatic Scale,96.235102041,19.356734694,115.591836735
Flute,Major Scales,121.312653061,129.175510204,250.48816326500003
Flute,Sight-Reading,255.764897959,64.496326531,320.26122449
