Instrument,ScoreGroup,Start,Duration,End
Bb Clarinet,Lyrical Etude,16.346848073,98.45260771,114.799455783
Bb Clarinet,Technical Etude,118.700408163,39.195283447,157.89569161
Bb Clarinet,Chromatic Scale,163.096961451,15.046530612,178.143492063
Bb Clarinet,Major Scales,183.902040816,110.898503401,294.80054421700004
Bb Clarinet,Sight-Reading,303.960816327,51.513469388,355.47428571499995
