Instrument,ScoreGroup,Start,Duration,End
Alto Saxophone,Lyrical Etude,8.730702948,41.099319728,49.830022676
Alto Saxophone,Technical Etude,52.778956916,26.447528345,79.226485261
Alto Saxophone,Chromatic Scale,84.149115646,12.329795918,96.478911564
Alto Saxophone,Major Scales,101.680181406,64.73723356,166.41741496600002
Alto Saxophone,Sight-Reading,170.78276644,41.819138322,212.601904762
