Instrument,ScoreGroup,Start,Duration,End
Bb Clarinet,Lyrical Etude,10.332879819,106.556371882,116.88925170099999
Bb Clarinet,Technical Etude,125.132335601,116.169433107,241.301768708
Bb Clarinet,Chromatic Scale,253.585124717,21.710657596,275.295782313
Bb Clarinet,Major Scales,289.552834467,121.788662132,411.34149659900004
Bb Clarinet,Sight-Reading,414.778049887,102.283900227,517.061950114
