Instrument,ScoreGroup,Start,Duration,End
Flute,Lyrical Etude,19.365442177,29.535782313,48.90122449
Flute,Technical Etude,56.006530612,27.863945578,83.87047619
Flute,Chromatic Scale,93.622857143,23.12707483,116.749931973
Flute,Major Scales,134.164897959,73.560816327,207.725714286
Flute,Sight-Reading,213.577142857,51.826938776,265.40408163300003
