Instrument,ScoreGroup,Start,Duration,End
Flute,Lyrical Etude,10.44898,62.955102,73.404082
Flute,Technical Etude,78.628571,24.032653,102.66122399999999
Flute,Chromatic Scale,109.191837,17.502041,126.69387800000001
Flute,Major Scales,132.179592,109.191837,241.37142900000003
Flute,Sight-Reading,246.334694,48.065306,294.40000000000003
