Instrument,ScoreGroup,Start,Duration,End
Flute,Lyrical Etude,13.583673469,55.588571428,69.172244897
Flute,Technical Etude,72.097959183,22.77877551,94.876734693
Flute,Chromatic Scale,99.474285714,25.286530612,124.760816326
Flute,Major Scales,129.149387755,124.969795918,254.119183673
Flute,Sight-Reading,257.253877551,69.799183673,327.05306122400003
