Instrument,ScoreGroup,Start,Duration,End
Xylophone,Mallet Etude,19.069388,40.965011,60.03439899999999
Snare Drum,Snare Etude,69.22449,80.829002,150.053492
Timpani,Timpani Etude,163.787755,50.577007,214.364762
Xylophone,Chromatic Scale,227.787755,8.473696,236.261451
Xylophone,Major Scales,243.983673,104.793991,348.777664
Xylophone,Sight-Reading,356.702041,30.318005,387.020046
Snare Drum,Sight-Reading,392.620408,37.662993,430.283401
