Instrument,ScoreGroup,Start,Duration,End
Oboe,Lyrical Etude,10.031020408,55.79755102,65.828571428
Oboe,Technical Etude,71.68,32.182857142,103.86285714200001
Oboe,Chromatic Scale,110.759183673,13.583673469,124.342857142
Oboe,Major Scales,129.985306122,51.2,181.185306122
Oboe,Sight-Reading,185.364897959,51.408979591,236.77387754999998
