Instrument,ScoreGroup,Start,Duration,End
Flute,Lyrical Etude,11.609977324,46.323809523,57.933786847
Flute,Technical Etude,62.577777777,28.560544217,91.138321994
Flute,Chromatic Scale,97.988208616,26.006349206,123.99455782199999
Flute,Major Scales,130.681904761,121.742222222,252.424126983
Flute,Sight-Reading,256.65015873,68.266666666,324.916825396
