Instrument,ScoreGroup,Start,Duration,End
Alto Saxophone,Lyrical Etude,14.558911564,39.079183673,53.638095237
Alto Saxophone,Technical Etude,58.537505668,31.300498866,89.838004534
Alto Saxophone,Chromatic Scale,98.313287981,24.613151927,122.926439908
Alto Saxophone,Major Scales,132.400181401,86.076371882,218.476553283
Alto Saxophone,Sight-Reading,224.676281171,60.859501133,285.535782304
