Instrument,ScoreGroup,Start,Duration,End
Oboe,Lyrical Etude,11.215238095,51.362539682,62.577777776999994
Oboe,Technical Etude,67.941587301,33.645714285,101.587301586
Oboe,Chromatic Scale,108.413968253,14.303492063,122.717460316
Oboe,Major Scales,129.869206349,55.913650793,185.782857142
Oboe,Sight-Reading,191.146666666,48.599365079,239.74603174499998
