Instrument,ScoreGroup,Start,Duration,End
Xylophone,Mallet Etude,10.24,48.320726,58.560726
Snare Drum,Snare Etude,64.203175,47.066848,111.27002300000001
Timpani,Timpani Etude,116.239093,59.443084,175.682177
Xylophone,Chromatic Scale,183.205442,7.360726,190.566168
Xylophone,Major Scales,197.578594,74.605714,272.184308
Xylophone,Sight-Reading,279.405714,77.415329,356.821043
Snare Drum,Sight-Reading,362.881451,30.278821,393.160272
