Instrument,ScoreGroup,Start,Duration,End
Bb Clarinet,Lyrical Etude,11.702857,69.845624,81.548481
Bb Clarinet,Technical Etude,84.334875,42.167438,126.50231299999999
Bb Clarinet,Chromatic Scale,128.917188,23.591474,152.50866200000002
Bb Clarinet,Major Scales,158.267211,94.923175,253.190386
Bb Clarinet,Sight-Reading,256.905578,77.276009,334.181587
