Instrument,ScoreGroup,Start,Duration,End
Flute,Lyrical Etude,14.396371882,71.796099773,86.19247165499999
Flute,Technical Etude,94.911564626,33.146485261,128.058049887
Flute,Chromatic Scale,135.111111111,13.815873016,148.92698412700003
Flute,Major Scales,156.502494331,101.819501134,258.321995465
Flute,Sight-Reading,266.193560091,47.182947846,313.376507937
