Instrument,ScoreGroup,Start,Duration,End
Flute,Lyrical Etude,1.857596372,51.72244898,53.580045352000006
Flute,Technical Etude,59.849433107,45.278911565,105.128344672
Flute,Chromatic Scale,113.777777778,15.092970522,128.8707483
Flute,Major Scales,136.045714286,135.07047619,271.116190476
Flute,Sight-Reading,278.569795918,59.454693878,338.024489796
