Instrument,ScoreGroup,Start,Duration,End
Oboe,Lyrical Etude,19.226122448,52.941496598,72.167619046
Oboe,Technical Etude,78.854965986,34.551292517,113.406258503
Oboe,Chromatic Scale,122.322721088,17.554285714,139.87700680199998
Oboe,Major Scales,149.072108843,71.610340136,220.68244897900001
Oboe,Sight-Reading,227.091156462,49.597823129,276.68897959099996
