Instrument,ScoreGroup,Start,Duration,End
Alto Saxophone,Lyrical Etude,11.331337868,64.946213152,76.27755102
Alto Saxophone,Technical Etude,80.544217687,26.586848073,107.13106576
Alto Saxophone,Chromatic Scale,114.126077098,10.942403628,125.06848072599999
Alto Saxophone,Major Scales,131.192743764,70.153287982,201.346031746
Alto Saxophone,Sight-Reading,208.544217687,48.994104308,257.538321995
