Instrument,ScoreGroup,Start,Duration,End
Flute,Lyrical Etude,17.53106576,52.964716553,70.495782313
Flute,Technical Etude,79.156825397,32.925895692,112.082721089
Flute,Chromatic Scale,121.927981859,13.421133787,135.349115646
Flute,Major Scales,143.638639456,107.601269841,251.239909297
Flute,Sight-Reading,258.043356009,56.912108844,314.95546485299997
