Instrument,ScoreGroup,Start,Duration,End
Flute,Lyrical Etude,15.882448979,55.820770975,71.703219954
Flute,Technical Etude,80.619682539,21.640997732,102.260680271
Flute,Chromatic Scale,110.155464852,11.702857142,121.858321994
Flute,Major Scales,132.353741496,97.941768707,230.295510203
Flute,Sight-Reading,236.425578231,47.786666666,284.212244897
