Instrument,ScoreGroup,Start,Duration,End
Bb Clarinet,Lyrical Etude,16.904126984,117.400090702,134.30421768600002
Bb Clarinet,Technical Etude,142.106122448,54.613333333,196.71945578100002
Bb Clarinet,Chromatic Scale,206.378956916,12.817414965,219.196371881
Bb Clarinet,Major Scales,228.298594104,113.684897959,341.98349206299997
Bb Clarinet,Sight-Reading,348.299319727,28.235464852,376.534784579
