Instrument,ScoreGroup,Start,Duration,End
French Horn,Lyrical Etude,11.99102,98.108341,110.099361
French Horn,Technical Etude,128.71479,52.827568,181.54235799999998
French Horn,Chromatic Scale,191.101633,15.093591,206.195224
French Horn,Major Scales,217.766977,98.611461,316.378438
French Horn,Sight-Reading,322.918994,76.977314,399.896308
