Instrument,ScoreGroup,Start,Duration,End
Flute,Lyrical Etude,8.045714286,64.446984127,72.492698413
Flute,Technical Etude,77.252789116,54.543673469,131.796462585
Flute,Chromatic Scale,137.578231293,18.459863946,156.03809523899997
Flute,Major Scales,163.027301587,124.505396825,287.532698412
Flute,Sight-Reading,292.327619048,47.461587302,339.78920635
