Instrument,ScoreGroup,Start,Duration,End
Flute,Lyrical Etude,9.102222222,39.775782313,48.878004535
Flute,Technical Etude,53.057596372,33.041995465,86.09959183699999
Flute,Chromatic Scale,92.485079365,12.306575964,104.79165532900001
Flute,Major Scales,110.480544218,84.241995465,194.722539683
Flute,Sight-Reading,200.272108844,51.292879819,251.564988663
