Instrument,ScoreGroup,Start,Duration,End
Alto Saxophone,Lyrical Etude,23.243174603,51.362539682,74.605714285
Alto Saxophone,Technical Etude,82.57015873,25.356190476,107.926349206
Alto Saxophone,Chromatic Scale,111.827301587,19.017142857,130.844444444
Alto Saxophone,Major Scales,164.815238095,63.715555555,228.53079365000002
Alto Saxophone,Sight-Reading,236.82031746,36.571428571,273.391746031
