Instrument,ScoreGroup,Start,Duration,End
Oboe,Lyrical Etude,15.284027,103.807252,119.091279
Oboe,Technical Etude,130.263361,47.946847,178.210208
Oboe,Chromatic Scale,187.520275,9.775571,197.29584599999998
Oboe,Major Scales,209.398934,96.824702,306.223636
Oboe,Sight-Reading,314.602696,55.860405,370.463101
