Instrument,ScoreGroup,Start,Duration,End
Alto Saxophone,Lyrical Etude,12.654875283,61.648979591,74.303854874
Alto Saxophone,Technical Etude,79.87664399,19.736961451,99.613605441
Alto Saxophone,Chromatic Scale,106.579591836,10.797278911,117.376870747
Alto Saxophone,Major Scales,123.878458049,95.201814058,219.08027210699998
Alto Saxophone,Sight-Reading,222.331065759,38.661224489,260.992290248
