Instrument,ScoreGroup,Start,Duration,End
Bb Clarinet,Lyrical Etude,13.374693878,91.393741497,104.768435375
Bb Clarinet,Technical Etude,109.226666667,44.292063492,153.518730159
Bb Clarinet,Chromatic Scale,159.451428571,14.140952381,173.592380952
Bb Clarinet,Major Scales,180.140408163,135.558095238,315.698503401
Bb Clarinet,Sight-Reading,319.042176871,70.820861678,389.86303854899995
