Instrument,ScoreGroup,Start,Duration,End
Alto Saxophone,Lyrical Etude,11.702857143,36.850068027,48.552925169999995
Alto Saxophone,Technical Etude,54.84553288,82.361179138,137.206712018
Alto Saxophone,Chromatic Scale,144.01015873,10.193560091,154.203718821
Alto Saxophone,Major Scales,160.983945578,112.268480726,273.252426304
Alto Saxophone,Sight-Reading,277.455238095,62.972517007,340.42775510200005
