Instrument,ScoreGroup,Start,Duration,End
Alto Saxophone,Lyrical Etude,10.123900227,78.605351474,88.72925170100001
Alto Saxophone,Technical Etude,93.228117914,82.575963719,175.804081633
Alto Saxophone,Chromatic Scale,182.828117914,35.816780045,218.644897959
Alto Saxophone,Major Scales,225.726984127,83.272562358,308.999546485
Alto Saxophone,Sight-Reading,318.258503401,65.044897959,383.30340135999995
