Instrument,ScoreGroup,Start,Duration,End
Alto Saxophone,Lyrical Etude,15.325170068,85.635192744,100.960362812
Alto Saxophone,Technical Etude,109.319546485,48.20462585,157.524172335
Alto Saxophone,Chromatic Scale,166.37968254,12.474920635,178.854603175
Alto Saxophone,Major Scales,189.013333333,118.836825397,307.85015873
Alto Saxophone,Sight-Reading,318.171428571,44.82031746,362.991746031
