Instrument,ScoreGroup,Start,Duration,End
Bb Clarinet,Lyrical Etude,8.150204082,54.752653061,62.902857143
Bb Clarinet,Technical Etude,65.898231293,35.108571429,101.006802722
Bb Clarinet,Chromatic Scale,105.465034014,38.591564626,144.05659864
Bb Clarinet,Major Scales,148.607709751,112.268480726,260.876190477
Bb Clarinet,Sight-Reading,263.198185941,118.305668934,381.503854875
