Instrument,ScoreGroup,Start,Duration,End
Alto Saxophone,Lyrical Etude,17.83292517,77.879727891,95.712653061
Alto Saxophone,Technical Etude,103.514557823,34.179773243,137.69433106600002
Alto Saxophone,Chromatic Scale,148.050430839,12.074376417,160.124807256
Alto Saxophone,Major Scales,169.180589569,70.820861678,240.001451247
Alto Saxophone,Sight-Reading,244.227482993,53.638095238,297.865578231
