Instrument,ScoreGroup,Start,Duration,End
Alto Saxophone,Lyrical Etude,10.623129251,68.905215419,79.52834467
Alto Saxophone,Technical Etude,85.0430839,67.105668934,152.148752834
Alto Saxophone,Chromatic Scale,160.856235827,36.223129251,197.07936507800002
Alto Saxophone,Major Scales,204.45170068,119.931065759,324.38276643899997
Alto Saxophone,Sight-Reading,328.097959183,99.265306122,427.363265305
