Instrument,ScoreGroup,Start,Duration,End
Alto Saxophone,Lyrical Etude,15.510929705,74.536054422,90.046984127
Alto Saxophone,Technical Etude,96.827210884,43.816054422,140.643265306
Alto Saxophone,Chromatic Scale,147.771791383,10.472199546,158.243990929
Alto Saxophone,Major Scales,166.742494331,111.711201814,278.453696145
Alto Saxophone,Sight-Reading,284.003265306,71.494240363,355.497505669
