Instrument,ScoreGroup,Start,Duration,End
Flute,Lyrical Etude,10.611519274,56.49414966,67.105668934
Flute,Technical Etude,72.771337868,26.679727891,99.451065759
Flute,Chromatic Scale,107.020770975,27.283446712,134.304217687
Flute,Major Scales,141.154104308,88.885986395,230.040090703
Flute,Sight-Reading,235.728979592,45.093151927,280.822131519
