Instrument,ScoreGroup,Start,Duration,End
Alto Saxophone,Lyrical Etude,11.284897959,75.964081632,87.24897959100001
Alto Saxophone,Technical Etude,92.055510204,45.871020408,137.926530612
Alto Saxophone,Chromatic Scale,143.151020408,7.209795918,150.360816326
Alto Saxophone,Major Scales,158.406530612,87.980408163,246.38693877500003
Alto Saxophone,Sight-Reading,249.730612244,49.110204081,298.840816325
