Instrument,ScoreGroup,Start,Duration,End
Alto Saxophone,Lyrical Etude,11.911836735,44.744852608,56.656689343000004
Alto Saxophone,Technical Etude,62.275918367,42.120997732,104.39691609900001
Alto Saxophone,Chromatic Scale,111.64154195,9.914920635,121.556462585
Alto Saxophone,Major Scales,129.056507937,79.180045351,208.23655328799998
Alto Saxophone,Sight-Reading,215.156099773,38.754104308,253.910204081
