Instrument,ScoreGroup,Start,Duration,End
Alto Saxophone,Lyrical Etude,12.19047619,46.973968253,59.164444443
Alto Saxophone,Technical Etude,64.284444444,16.66031746,80.944761904
Alto Saxophone,Chromatic Scale,87.214149659,10.727619047,97.941768706
Alto Saxophone,Major Scales,104.559455781,68.823945578,173.383401359
Alto Saxophone,Sight-Reading,177.911292511,67.082448979,244.99374149
