Instrument,ScoreGroup,Start,Duration,End
Flute,Lyrical Etude,10.774058957,34.36553288,45.139591837000005
Flute,Technical Etude,48.390385488,35.572970522,83.96335601
Flute,Chromatic Scale,90.743582766,16.068208617,106.811791383
Flute,Major Scales,113.499138322,82.663038549,196.16217687099999
Flute,Sight-Reading,201.827845805,42.817596372,244.645442177
