Instrument,ScoreGroup,Start,Duration,End
Flute,Lyrical Etude,10.565079365,53.0430839,63.608163265
Flute,Technical Etude,68.336326531,25.965714286,94.302040817
Flute,Chromatic Scale,100.571428571,18.599183673,119.170612244
Flute,Major Scales,126.511020408,139.52,266.031020408
Flute,Sight-Reading,271.281632653,84.140408163,355.422040816
