Instrument,ScoreGroup,Start,Duration,End
Alto Saxophone,Lyrical Etude,12.492335601,46.393469388,58.885804989
Alto Saxophone,Technical Etude,64.969433107,30.975419501,95.944852608
Alto Saxophone,Chromatic Scale,106.3938322,11.424217687,117.818049887
Alto Saxophone,Major Scales,125.619954649,74.512834467,200.132789116
Alto Saxophone,Sight-Reading,204.916099773,61.068480726,265.984580499
