Instrument,ScoreGroup,Start,Duration,End
Xylophone,Mallet Etude,14.117732,94.180136,108.29786800000001
Snare Drum,Snare Etude,114.985215,135.790295,250.77551
Timpani,Timpani Etude,256.905578,88.607347,345.512925
Xylophone,Chromatic Scale,352.432472,8.823583,361.256055
Xylophone,Major Scales,369.847438,104.582676,474.430114
Xylophone,Sight-Reading,482.603537,72.817778,555.421315
Snare Drum,Sight-Reading,562.873469,45.714286,608.587755
