Instrument,ScoreGroup,Start,Duration,End
Bb Clarinet,Lyrical Etude,20.688979592,52.244897959,72.933877551
Bb Clarinet,Technical Etude,78.994285714,36.153469388,115.14775510199999
Bb Clarinet,Chromatic Scale,121.417142857,15.046530612,136.463673469
Bb Clarinet,Major Scales,140.225306122,78.994285714,219.219591836
Bb Clarinet,Sight-Reading,224.954920635,56.099410431,281.05433106600003
