Instrument,ScoreGroup,Start,Duration,End
Bb Clarinet,Lyrical Etude,9.473741,78.762086,88.235827
Bb Clarinet,Technical Etude,90.650703,20.43356,111.08426299999999
Bb Clarinet,Chromatic Scale,116.099773,13.374694,129.474467
Bb Clarinet,Major Scales,133.932698,64.830113,198.762811
Bb Clarinet,Sight-Reading,203.592562,34.922812,238.51537399999998
