Instrument,ScoreGroup,Start,Duration,End
Flute,Lyrical Etude,10.774058956,99.381405895,110.155464851
Flute,Technical Etude,114.381496598,24.241632653,138.623129251
Flute,Chromatic Scale,143.499319727,15.464489795,158.963809522
Flute,Major Scales,163.561360544,110.480544217,274.041904761
Flute,Sight-Reading,280.311292517,46.811428571,327.12272108800005
