Instrument,ScoreGroup,Start,Duration,End
Trumpet,Lyrical Etude,14.628571428,38.922448979,53.551020407
Trumpet,Technical Etude,57.991836734,28.995918367,86.987755101
Trumpet,Chromatic Scale,94.040816326,17.240816326,111.281632652
Trumpet,Major Scales,120.163265306,112.848979591,233.01224489700002
Trumpet,Sight-Reading,239.281632653,54.857142857,294.13877551
