Instrument,ScoreGroup,Start,Duration,End
Alto Saxophone,Lyrical Etude,11.772517007,61.718639456,73.491156463
Alto Saxophone,Technical Etude,80.294603175,63.901315193,144.195918368
Alto Saxophone,Chromatic Scale,154.157278912,8.428843537,162.58612244900002
Alto Saxophone,Major Scales,170.829206349,104.327256236,275.156462585
Alto Saxophone,Sight-Reading,280.520272109,50.619501134,331.13977324300004
