Instrument,ScoreGroup,Start,Duration,End
Flute,Lyrical Etude,19.435102041,47.809886621,67.244988662
Flute,Technical Etude,73.32861678,31.834557823,105.163174603
Flute,Chromatic Scale,113.081179138,14.651791383,127.732970521
Flute,Major Scales,134.304217687,96.80399093,231.108208617
Flute,Sight-Reading,238.724353741,60.209342404,298.933696145
