Instrument,ScoreGroup,Start,Duration,End
Bb Clarinet,Lyrical Etude,14.767891156,88.700226757,103.468117913
Bb Clarinet,Technical Etude,112.222040816,38.556734694,150.77877551
Bb Clarinet,Chromatic Scale,158.511020408,14.210612245,172.721632653
Bb Clarinet,Major Scales,178.793650794,121.904761905,300.698412699
Bb Clarinet,Sight-Reading,306.271201814,49.806802721,356.078004535
