Instrument,ScoreGroup,Start,Duration,End
Flute,Lyrical Etude,12.492335601,56.424489796,68.916825397
Flute,Technical Etude,73.444716553,23.173514739,96.618231292
Flute,Chromatic Scale,103.955736961,16.997006803,120.952743764
Flute,Major Scales,128.290249433,78.831746032,207.121995465
Flute,Sight-Reading,210.813968254,51.060680272,261.874648526
