Instrument,ScoreGroup,Start,Duration,End
Trumpet,Lyrical Etude,12.8,51.2,64.0
Trumpet,Technical Etude,70.269387755,52.244897959,122.514285714
Trumpet,Chromatic Scale,130.089795918,24.293877551,154.383673469
Trumpet,Major Scales,162.481632653,98.220408163,260.702040816
Trumpet,Sight-Reading,272.195918367,67.134693877,339.330612244
