Instrument,ScoreGroup,Start,Duration,End
Bb Clarinet,Lyrical Etude,8.916463,60.929161,69.845624
Bb Clarinet,Technical Etude,72.817778,21.176599,93.994377
Bb Clarinet,Chromatic Scale,98.452608,15.60381,114.056418
Bb Clarinet,Major Scales,121.115283,85.077914,206.193197
Bb Clarinet,Sight-Reading,211.022948,28.235465,239.25841300000002
