Instrument,ScoreGroup,Start,Duration,End
Flute,Lyrical Etude,12.422675737,53.986394558,66.409070295
Flute,Technical Etude,70.124263039,29.024943311,99.14920635
Flute,Chromatic Scale,106.927891156,23.452154195,130.380045351
Flute,Major Scales,138.205170068,91.579501134,229.784671202
Flute,Sight-Reading,238.46893424,60.371882086,298.840816326
