Instrument,ScoreGroup,Start,Duration,End
Bb Clarinet,Lyrical Etude,18.854603175,114.335056689,133.189659864
Bb Clarinet,Technical Etude,150.465306122,45.395011338,195.86031745999998
Bb Clarinet,Chromatic Scale,208.259773243,11.23845805,219.498231293
Bb Clarinet,Major Scales,229.088072562,105.836553288,334.92462585
Bb Clarinet,Sight-Reading,344.050068027,92.020680272,436.070748299
