Instrument,ScoreGroup,Start,Duration,End
Flute,Lyrical Etude,13.746213,60.929161,74.675374
Flute,Technical Etude,80.248163,51.26966,131.51782300000002
Flute,Chromatic Scale,138.20517,39.752562,177.95773200000002
Flute,Major Scales,186.131156,80.619683,266.750839
Flute,Sight-Reading,279.382494,73.560816,352.94331
