Instrument,ScoreGroup,Start,Duration,End
Alto Saxophone,Lyrical Etude,16.904126984,58.189206349,75.093333333
Alto Saxophone,Technical Etude,80.457142857,22.999365079,103.456507936
Alto Saxophone,Chromatic Scale,113.29015873,9.833650793,123.123809523
Alto Saxophone,Major Scales,133.201269841,53.475555555,186.676825396
Alto Saxophone,Sight-Reading,193.015873015,47.867936507,240.883809522
