Instrument,ScoreGroup,Start,Duration,End
Xylophone,Mallet Etude,20.52644,35.78195,56.30839
Snare Drum,Snare Etude,66.54839,44.814512,111.36290199999999
Timpani,Timpani Etude,122.69424,40.356281,163.050521
Xylophone,Chromatic Scale,174.14966,5.990748,180.140408
Xylophone,Major Scales,192.470204,105.209615,297.679819
Xylophone,Sight-Reading,308.291338,24.264853,332.556191
Snare Drum,Sight-Reading,340.776054,30.69678,371.472834
