Instrument,ScoreGroup,Start,Duration,End
Flute,Lyrical Etude,13.119274376,52.686077098,65.80535147399999
Flute,Technical Etude,73.398276644,23.637913832,97.036190476
Flute,Chromatic Scale,102.887619048,14.930430839,117.818049887
Flute,Major Scales,122.787120181,70.890521542,193.67764172300002
Flute,Sight-Reading,199.807709751,56.099410431,255.907120182
