Instrument,ScoreGroup,Start,Duration,End
Alto Saxophone,Lyrical Etude,11.493877551,52.175238095,63.669115645999995
Alto Saxophone,Technical Etude,68.638185941,71.888979592,140.52716553300002
Alto Saxophone,Chromatic Scale,148.78185941,14.396371882,163.17823129200002
Alto Saxophone,Major Scales,169.157369615,105.534693878,274.692063493
Alto Saxophone,Sight-Reading,278.987755102,67.918367347,346.906122449
