Instrument,ScoreGroup,Start,Duration,End
Xylophone,Mallet Etude,12.995918,44.865306,57.86122399999999
Snare Drum,Snare Etude,66.130431,66.873469,133.0039
Timpani,Timpani Etude,139.598367,57.306848,196.905215
Xylophone,Chromatic Scale,206.269388,7.542857,213.812245
Xylophone,Major Scales,219.753651,93.808617,313.562268
Xylophone,Sight-Reading,320.481814,24.845351,345.327165
Snare Drum,Sight-Reading,350.296236,31.857778,382.154014
