Instrument,ScoreGroup,Start,Duration,End
Bb Clarinet,Lyrical Etude,9.404081633,99.845804989,109.249886622
Bb Clarinet,Technical Etude,112.732879819,28.444444444,141.177324263
Bb Clarinet,Chromatic Scale,146.517913832,14.744671202,161.262585034
Bb Clarinet,Major Scales,166.254875283,122.253061224,288.507936507
Bb Clarinet,Sight-Reading,292.803628118,58.839365079,351.642993197
