Instrument,ScoreGroup,Start,Duration,End
Flute,Lyrical Etude,17.554285714,149.629387755,167.183673469
Flute,Technical Etude,173.871020408,47.647346939,221.51836734699998
Flute,Chromatic Scale,229.041632653,40.542040816,269.583673469
Flute,Major Scales,279.614693878,120.790204082,400.40489796
Flute,Sight-Reading,410.017959184,59.768163265,469.786122449
