Instrument,ScoreGroup,Start,Duration,End
Flute,Lyrical Etude,11.935056689,44.466213152,56.401269841
Flute,Technical Etude,60.952380952,23.010975057,83.963356009
Flute,Chromatic Scale,88.491247166,20.363900227,108.855147393
Flute,Major Scales,114.59047619,133.050340136,247.640816326
Flute,Sight-Reading,254.780952381,65.828571429,320.60952381
