Instrument,ScoreGroup,Start,Duration,End
Bb Clarinet,Lyrical Etude,8.870022676,106.184852608,115.054875284
Bb Clarinet,Technical Etude,119.397006803,41.494058957,160.89106576
Bb Clarinet,Chromatic Scale,166.533514739,11.215238095,177.748752834
Bb Clarinet,Major Scales,184.203900227,94.992834467,279.196734694
Bb Clarinet,Sight-Reading,284.792743764,57.701587302,342.49433106600003
