Instrument,ScoreGroup,Start,Duration,End
Xylophone,Mallet Etude,14.497959,31.085714,45.583673
Snare Drum,Snare Etude,52.114286,66.089796,118.204082
Timpani,Timpani Etude,125.257143,40.75102,166.008163
Xylophone,Chromatic Scale,174.759184,6.987755,181.746939
Xylophone,Major Scales,190.563265,90.253061,280.816326
Xylophone,Sight-Reading,297.772698,47.368707,345.14140499999996
Snare Drum,Sight-Reading,351.642993,38.545125,390.188118
