Instrument,ScoreGroup,Start,Duration,End
Flute,Lyrical Etude,17.960634921,26.575238095,44.535873016
Flute,Technical Etude,50.956190476,29.582222222,80.538412698
Flute,Chromatic Scale,88.177777778,40.472380952,128.65015873000002
Flute,Major Scales,135.883174603,95.97968254,231.86285714299999
Flute,Sight-Reading,237.307936508,52.987936508,290.29587301600003
