Instrument,ScoreGroup,Start,Duration,End
Flute,Lyrical Etude,16.741587301,60.302222222,77.043809523
Flute,Technical Etude,85.82095238,30.232380952,116.053333332
Flute,Chromatic Scale,122.392380952,32.182857142,154.57523809399999
Flute,Major Scales,164.002539682,104.025396825,268.027936507
Flute,Sight-Reading,273.554285714,66.966349206,340.52063492
