Instrument,ScoreGroup,Start,Duration,End
Bb Clarinet,Lyrical Etude,12.678095238,115.728253968,128.40634920600002
Bb Clarinet,Technical Etude,132.307301587,31.857777778,164.165079365
Bb Clarinet,Chromatic Scale,170.666666667,17.554285714,188.220952381
Bb Clarinet,Major Scales,195.047619048,108.251428571,303.299047619
Bb Clarinet,Sight-Reading,308.825396825,39.65968254,348.485079365
