Instrument,ScoreGroup,Start,Duration,End
Alto Saxophone,Lyrical Etude,10.565079365,79.063945578,89.629024943
Alto Saxophone,Technical Etude,94.621315192,59.675283446,154.296598638
Alto Saxophone,Chromatic Scale,159.985487528,9.287981859,169.273469387
Alto Saxophone,Major Scales,176.285895691,77.833287981,254.11918367200002
Alto Saxophone,Sight-Reading,259.134693877,42.353197278,301.487891155
