Instrument,ScoreGroup,Start,Duration,End
Bb Clarinet,Lyrical Etude,17.18276644,92.067120181,109.249886621
Bb Clarinet,Technical Etude,116.564172336,41.679818594,158.24399093
Bb Clarinet,Chromatic Scale,165.558276644,13.351473923,178.909750567
Bb Clarinet,Major Scales,185.295238095,124.691156463,309.98639455800003
Bb Clarinet,Sight-Reading,316.13968254,46.90430839,363.04399093
