Instrument,ScoreGroup,Start,Duration,End
Bb Clarinet,Lyrical Etude,12.817415,67.430748,80.24816299999999
Bb Clarinet,Technical Etude,84.427755,22.105397,106.533152
Bb Clarinet,Chromatic Scale,112.979592,12.995918,125.97551
Bb Clarinet,Major Scales,133.22449,101.485714,234.710204
Bb Clarinet,Sight-Reading,241.502041,46.759184,288.26122499999997
