Instrument,ScoreGroup,Start,Duration,End
Alto Saxophone,Lyrical Etude,18.018684807,48.622585034,66.641269841
Alto Saxophone,Technical Etude,73.584036281,20.78185941,94.36589569099999
Alto Saxophone,Chromatic Scale,101.355102041,9.682721088,111.03782312899999
Alto Saxophone,Major Scales,119.025487521,54.195374149,173.22086167
Alto Saxophone,Sight-Reading,179.652789111,44.303673469,223.95646258
