Instrument,ScoreGroup,Start,Duration,End
Bb Clarinet,Lyrical Etude,13.165714286,45.104761905,58.270476191
Bb Clarinet,Technical Etude,63.959365079,30.557460317,94.516825396
Bb Clarinet,Chromatic Scale,100.368253968,17.066666667,117.434920635
Bb Clarinet,Major Scales,124.342857143,90.488163265,214.831020408
Bb Clarinet,Sight-Reading,218.906122449,41.586938776,260.493061225
