Instrument,ScoreGroup,Start,Duration,End
Trumpet,Lyrical Etude,14.105586,63.202713,77.308299
Trumpet,Technical Etude,85.299448,20.704337,106.003785
Trumpet,Chromatic Scale,113.994932,10.89702,124.891952
Trumpet,Major Scales,130.703696,99.889346,230.59304200000003
Trumpet,Sight-Reading,238.584189,49.763056,288.347245
