Instrument,ScoreGroup,Start,Duration,End
French Horn,Lyrical Etude,12.468075,133.399687,145.867762
French Horn,Technical Etude,153.191666,78.470404,231.66207
French Horn,Chromatic Scale,236.89343,9.939584,246.833014
French Horn,Major Scales,253.633783,114.56679,368.20057299999996
French Horn,Sight-Reading,375.001341,42.374018,417.375359
