Instrument,ScoreGroup,Start,Duration,End
Bb Clarinet,Lyrical Etude,14.814331066,73.119637188,87.93396825399999
Bb Clarinet,Technical Etude,95.410793651,79.57478458,174.985578231
Bb Clarinet,Chromatic Scale,184.064580499,20.038820862,204.10340136099998
Bb Clarinet,Major Scales,213.553922902,108.483628118,322.03755102
Bb Clarinet,Sight-Reading,329.189297052,62.600997732,391.79029478399997
