Instrument,ScoreGroup,Start,Duration,End
Xylophone,Mallet Etude,14.040816,37.420408,51.461224
Snare Drum,Snare Etude,63.477551,81.240816,144.718367
Timpani,Timpani Etude,153.861224,94.955102,248.816326
Xylophone,Chromatic Scale,258.391655,9.287982,267.679637
Xylophone,Major Scales,274.546939,97.959184,372.506123
Xylophone,Sight-Reading,378.514286,42.187755,420.702041
Snare Drum,Sight-Reading,428.146939,44.081633,472.228572
