Instrument,ScoreGroup,Start,Duration,End
Alto Saxophone,Lyrical Etude,10.797278911,79.063945578,89.861224489
Alto Saxophone,Technical Etude,95.317913832,75.232653061,170.550566893
Alto Saxophone,Chromatic Scale,177.864852607,10.565079365,188.429931972
Alto Saxophone,Major Scales,194.467120181,90.790022675,285.25714285600003
Alto Saxophone,Sight-Reading,290.249433106,45.046712018,335.296145124
