Instrument,ScoreGroup,Start,Duration,End
Bb Clarinet,Lyrical Etude,19.969160998,86.842630385,106.81179138300001
Bb Clarinet,Technical Etude,111.455782313,33.808253968,145.26403628100002
Bb Clarinet,Chromatic Scale,153.065941043,15.975328798,169.041269841
Bb Clarinet,Major Scales,175.72861678,122.972879819,298.701496599
Bb Clarinet,Sight-Reading,304.274285714,60.186122449,364.46040816299995
