Instrument,ScoreGroup,Start,Duration,End
Flute,Lyrical Etude,12.770975056,57.353287981,70.124263037
Flute,Technical Etude,74.536054421,24.102312925,98.638367346
Flute,Chromatic Scale,105.604353741,16.300408163,121.904761904
Flute,Major Scales,131.332063492,106.626031746,237.958095238
Flute,Sight-Reading,241.208888888,60.952380952,302.16126984
