Instrument,ScoreGroup,Start,Duration,End
Trumpet,Lyrical Etude,18.204444444,44.582312925,62.786757369
Trumpet,Technical Etude,67.244988662,30.093061224,97.338049886
Trumpet,Chromatic Scale,105.139954648,25.263310657,130.403265305
Trumpet,Major Scales,137.833650793,80.991201814,218.824852607
Trumpet,Sight-Reading,225.140680272,54.984852607,280.125532879
