Instrument,ScoreGroup,Start,Duration,End
Alto Saxophone,Lyrical Etude,13.003174603,72.167619048,85.17079365100001
Alto Saxophone,Technical Etude,92.485079365,36.368253968,128.853333333
Alto Saxophone,Chromatic Scale,136.614603175,18.123174603,154.737777778
Alto Saxophone,Major Scales,163.514920635,59.083174603,222.598095238
Alto Saxophone,Sight-Reading,231.415873016,52.662857143,284.078730159
