Instrument,ScoreGroup,Start,Duration,End
Trumpet,Lyrical Etude,12.631655328,46.068390022,58.70004535
Trumpet,Technical Etude,61.300680272,31.579138321,92.879818593
Trumpet,Chromatic Scale,97.70956916,19.690521541,117.400090701
Trumpet,Major Scales,123.715918367,63.529795918,187.245714285
Trumpet,Sight-Reading,190.95510204,62.432653061,253.387755101
