Instrument,ScoreGroup,Start,Duration,End
Flute,Lyrical Etude,11.168798186,55.217052154,66.38585034
Flute,Technical Etude,73.653696145,24.380952381,98.034648526
Flute,Chromatic Scale,104.721995465,17.972244898,122.694240363
Flute,Major Scales,131.146303855,90.766802721,221.91310657600002
Flute,Sight-Reading,228.832653061,61.114920635,289.947573696
