Instrument,ScoreGroup,Start,Duration,End
Flute,Lyrical Etude,10.774058957,53.313015873,64.08707482999999
Flute,Technical Etude,69.102585034,21.548117914,90.650702948
Flute,Chromatic Scale,97.523809524,16.346848073,113.870657597
Flute,Major Scales,121.115283447,82.477278912,203.592562359
Flute,Sight-Reading,209.536870748,45.511111111,255.047981859
