Instrument,ScoreGroup,Start,Duration,End
Flute,Lyrical Etude,16.404897959,58.984489796,75.389387755
Flute,Technical Etude,83.853061224,45.307936508,129.160997732
Flute,Chromatic Scale,139.377777778,14.831746032,154.20952381
Flute,Major Scales,166.684444444,98.499047619,265.183492063
Flute,Sight-Reading,275.214512472,59.036734694,334.25124716600004
