Instrument,ScoreGroup,Start,Duration,End
Flute,Lyrical Etude,9.914920635,24.404172336,34.319092970999996
Flute,Technical Etude,38.31292517,23.103854875,61.416780044999996
Flute,Chromatic Scale,69.056145125,10.448979592,79.505124717
Flute,Major Scales,86.842630385,80.201723356,167.044353741
Flute,Sight-Reading,171.827664399,42.980136054,214.80780045300003
