Instrument,ScoreGroup,Start,Duration,End
Flute,Lyrical Etude,11.23845805,69.566984127,80.805442177
Flute,Technical Etude,87.074829932,52.523537415,139.598367347
Flute,Chromatic Scale,149.072108844,15.952108844,165.02421768800002
Flute,Major Scales,173.336961451,111.223582766,284.56054421700003
Flute,Sight-Reading,292.292789116,63.901315193,356.194104309
