Instrument,ScoreGroup,Start,Duration,End
Alto Saxophone,Lyrical Etude,13.467573696,72.910657596,86.378231292
Alto Saxophone,Technical Etude,93.994376417,23.962993197,117.957369614
Alto Saxophone,Chromatic Scale,127.616870748,11.517097505,139.133968253
Alto Saxophone,Major Scales,148.329070294,111.920181405,260.24925169899996
Alto Saxophone,Sight-Reading,267.865396825,48.390385487,316.255782312
