Instrument,ScoreGroup,Start,Duration,End
Bb Clarinet,Lyrical Etude,12.8,48.979591836,61.779591835999994
Bb Clarinet,Technical Etude,69.224489795,32.391836734,101.61632652899999
Bb Clarinet,Chromatic Scale,111.281632653,12.53877551,123.820408163
Bb Clarinet,Major Scales,131.657142857,119.510204081,251.16734693799998
Bb Clarinet,Sight-Reading,260.440816326,67.004081632,327.444897958
