Instrument,ScoreGroup,Start,Duration,End
Bb Clarinet,Lyrical Etude,19.411882,58.978685,78.390567
Bb Clarinet,Technical Etude,84.427755,20.61932,105.047075
Bb Clarinet,Chromatic Scale,113.220499,14.860771,128.08127000000002
Bb Clarinet,Major Scales,135.418776,71.053061,206.471837
Bb Clarinet,Sight-Reading,212.897959,45.387755,258.285714
