Instrument,ScoreGroup,Start,Duration,End
Bb Clarinet,Lyrical Etude,14.814331,81.339501,96.153832
Bb Clarinet,Technical Etude,103.653878,78.924626,182.578504
Bb Clarinet,Chromatic Scale,191.680726,14.187392,205.86811799999998
Bb Clarinet,Major Scales,213.182404,83.382857,296.56526099999996
Bb Clarinet,Sight-Reading,302.463129,60.511202,362.974331
