Instrument,ScoreGroup,Start,Duration,End
Bb Clarinet,Lyrical Etude,10.28644,69.845624,80.132064
Bb Clarinet,Technical Etude,81.478821,90.209524,171.688345
Bb Clarinet,Chromatic Scale,179.07229,19.945941,199.01823100000001
Bb Clarinet,Major Scales,204.149841,112.268481,316.418322
Bb Clarinet,Sight-Reading,322.292971,49.690703,371.983674
