Instrument,ScoreGroup,Start,Duration,End
Bb Clarinet,Lyrical Etude,9.833650794,59.001904762,68.835555556
Bb Clarinet,Technical Etude,72.829387755,25.129795918,97.959183673
Bb Clarinet,Chromatic Scale,104.124081633,16.039183673,120.163265306
Bb Clarinet,Major Scales,125.503854875,97.75600907,223.259863945
Bb Clarinet,Sight-Reading,228.484353741,54.241814059,282.7261678
