Instrument,ScoreGroup,Start,Duration,End
Bb Clarinet,Lyrical Etude,9.287981859,105.139954648,114.427936507
Bb Clarinet,Technical Etude,120.18648526,56.470929705,176.657414965
Bb Clarinet,Chromatic Scale,182.787482993,11.145578231,193.933061224
Bb Clarinet,Major Scales,201.734965986,99.567165532,301.302131518
Bb Clarinet,Sight-Reading,307.617959183,42.538956916,350.156916099
