Instrument,ScoreGroup,Start,Duration,End
Flute,Lyrical Etude,11.377777778,60.766621315,72.144399093
Flute,Technical Etude,77.717188209,53.986394558,131.703582767
Flute,Chromatic Scale,137.578231293,35.781950113,173.36018140599998
Flute,Major Scales,180.3261678,119.698866213,300.025034013
Flute,Sight-Reading,304.297505669,89.81478458,394.11229024899995
