Instrument,ScoreGroup,Start,Duration,End
Bb Clarinet,Lyrical Etude,13.049614512,114.613696145,127.66331065700001
Bb Clarinet,Technical Etude,133.584399093,46.25414966,179.838548753
Bb Clarinet,Chromatic Scale,186.641995465,14.18739229,200.829387755
Bb Clarinet,Major Scales,207.934693878,114.660136054,322.594829932
Bb Clarinet,Sight-Reading,327.262040816,51.966258503,379.22829931900003
