Instrument,ScoreGroup,Start,Duration,End
Bb Clarinet,Lyrical Etude,13.83909297,112.013061224,125.852154194
Bb Clarinet,Technical Etude,134.661224489,57.469387755,192.13061224400002
Bb Clarinet,Chromatic Scale,201.795918367,13.061224489,214.85714285600002
Bb Clarinet,Major Scales,223.085714285,102.269387755,325.35510204
Bb Clarinet,Sight-Reading,332.01632653,42.579591836,374.59591836600003
