Instrument,ScoreGroup,Start,Duration,End
Bb Clarinet,Lyrical Etude,12.608435374,122.53170068,135.140136054
Bb Clarinet,Technical Etude,143.499319728,56.540589569,200.03990929699998
Bb Clarinet,Chromatic Scale,210.74430839,13.374693878,224.11900226799997
Bb Clarinet,Major Scales,232.942585034,100.937142857,333.879727891
Bb Clarinet,Sight-Reading,341.356553288,69.72952381,411.086077098
