Instrument,ScoreGroup,Start,Duration,End
French Horn,Lyrical Etude,12.506987,102.854661,115.36164799999999
French Horn,Technical Etude,123.233178,87.636369,210.869547
French Horn,Chromatic Scale,219.790615,18.366904,238.157519
French Horn,Major Scales,243.405206,119.647259,363.052465
French Horn,Sight-Reading,371.973532,45.130106,417.103638
