Instrument,ScoreGroup,Start,Duration,End
Xylophone,Mallet Etude,10.383673,42.644898,53.028571
Snare Drum,Snare Etude,58.253061,92.473469,150.72653
Timpani,Timpani Etude,155.95102,101.616327,257.567347
Xylophone,Chromatic Scale,264.489796,9.926531,274.416327
Xylophone,Major Scales,278.987755,105.012245,384.0
Xylophone,Sight-Reading,390.791837,42.187755,432.97959199999997
Snare Drum,Sight-Reading,437.289796,35.918367,473.208163
