Instrument,ScoreGroup,Start,Duration,End
French Horn,Lyrical Etude,13.425474,110.458689,123.884163
French Horn,Technical Etude,135.460619,67.046977,202.507596
French Horn,Chromatic Scale,210.225234,13.988218,224.213452
French Horn,Major Scales,233.860499,108.046927,341.907426
French Horn,Sight-Reading,350.107416,34.729369,384.836785
