Instrument,ScoreGroup,Start,Duration,End
Alto Saxophone,Lyrical Etude,14.210612245,61.602539683,75.813151928
Alto Saxophone,Technical Etude,82.430839002,37.79047619,120.22131519199999
Alto Saxophone,Chromatic Scale,126.490702948,18.343764172,144.83446712
Alto Saxophone,Major Scales,151.640816327,61.257142857,212.897959184
Alto Saxophone,Sight-Reading,220.241269841,73.317006803,293.558276644
