Instrument,ScoreGroup,Start,Duration,End
Trumpet,Lyrical Etude,17.427476,62.420846,79.848322
Trumpet,Technical Etude,88.992777,20.276835,109.269612
Trumpet,Chromatic Scale,123.980258,11.529965,135.510223
Trumpet,Major Scales,149.028113,110.528632,259.556745
Trumpet,Sight-Reading,272.279465,43.734351,316.013816
