Instrument,ScoreGroup,Start,Duration,End
Flute,Lyrical Etude,12.445895692,54.179410431,66.625306123
Flute,Technical Etude,71.836734694,21.260770975,93.097505669
Flute,Chromatic Scale,99.178231293,13.888435374,113.06666666699999
Flute,Major Scales,119.288163265,106.853877551,226.142040816
Flute,Sight-Reading,229.955918367,61.772335601,291.728253968
