Instrument,ScoreGroup,Start,Duration,End
Alto Saxophone,Lyrical Etude,11.935056689,52.221678005,64.156734694
Alto Saxophone,Technical Etude,67.848707483,49.063764172,116.91247165499999
Alto Saxophone,Chromatic Scale,123.762358277,24.404172336,148.166530613
Alto Saxophone,Major Scales,156.386394558,125.689614512,282.07600907
Alto Saxophone,Sight-Reading,286.441360544,68.011247166,354.45260771000005
