Instrument,ScoreGroup,Start,Duration,End
Bb Clarinet,Lyrical Etude,15.418034,89.49631,104.914344
Bb Clarinet,Technical Etude,112.228946,40.445448,152.674394
Bb Clarinet,Chromatic Scale,161.279808,13.768663,175.048471
Bb Clarinet,Major Scales,178.060366,108.428221,286.488587
Bb Clarinet,Sight-Reading,295.524273,46.038967,341.56324
