Instrument,ScoreGroup,Start,Duration,End
Bb Clarinet,Lyrical Etude,13.583673,54.791837,68.37551
Bb Clarinet,Technical Etude,84.963265,27.62449,112.58775500000002
Bb Clarinet,Chromatic Scale,123.994558,12.492336,136.486894
Bb Clarinet,Major Scales,146.285714,88.555102,234.84081600000002
Bb Clarinet,Sight-Reading,246.688798,39.195283,285.884081
