Instrument,ScoreGroup,Start,Duration,End
Flute,Lyrical Etude,10.263219955,27.585306122,37.848526077
Flute,Technical Etude,43.328435374,22.43047619,65.758911564
Flute,Chromatic Scale,72.446258503,15.092970522,87.539229025
Flute,Major Scales,93.785396825,85.008253968,178.793650793
Flute,Sight-Reading,184.250340136,45.511111111,229.761451247
