Instrument,ScoreGroup,Start,Duration,End
Bb Clarinet,Lyrical Etude,14.164172336,67.105668934,81.26984127
Bb Clarinet,Technical Etude,85.728072562,41.888798186,127.616870748
Bb Clarinet,Chromatic Scale,136.533333333,23.77723356,160.310566893
Bb Clarinet,Major Scales,168.762630385,92.694058957,261.456689342
Bb Clarinet,Sight-Reading,267.122358277,53.777414966,320.89977324299997
