Instrument,ScoreGroup,Start,Duration,End
Bb Clarinet,Lyrical Etude,17.110204,91.559184,108.669388
Bb Clarinet,Technical Etude,116.114286,43.102041,159.216327
Bb Clarinet,Chromatic Scale,166.791837,13.453061,180.24489799999998
Bb Clarinet,Major Scales,187.428571,101.616327,289.044898
Bb Clarinet,Sight-Reading,294.661224,55.379592,350.040816
