Instrument,ScoreGroup,Start,Duration,End
Alto Saxophone,Lyrical Etude,9.125442,60.487982,69.61342400000001
Alto Saxophone,Technical Etude,75.488073,27.237007,102.72507999999999
Alto Saxophone,Chromatic Scale,110.410884,11.052698,121.463582
Alto Saxophone,Major Scales,128.986848,118.886168,247.873016
Alto Saxophone,Sight-Reading,253.886984,46.463129,300.350113
