Instrument,ScoreGroup,Start,Duration,End
Bb Clarinet,Lyrical Etude,10.448979591,76.53877551,86.98775510099999
Bb Clarinet,Technical Etude,90.906122448,56.163265306,147.069387754
Bb Clarinet,Chromatic Scale,153.142857142,19.853061224,172.995918366
Bb Clarinet,Major Scales,181.289795918,123.820408163,305.110204081
Bb Clarinet,Sight-Reading,309.289795918,61.910204081,371.199999999
