Instrument,ScoreGroup,Start,Duration,End
Alto Saxophone,Lyrical Etude,8.777142857,77.97260771,86.749750567
Alto Saxophone,Technical Etude,90.000544218,47.415147392,137.41569161
Alto Saxophone,Chromatic Scale,142.01324263,12.120816327,154.134058957
Alto Saxophone,Major Scales,158.19755102,114.93877551,273.13632653
Alto Saxophone,Sight-Reading,276.642539683,71.703219955,348.345759638
