Instrument,ScoreGroup,Start,Duration,End
Alto Saxophone,Lyrical Etude,12.097596372,52.360997732,64.458594104
Alto Saxophone,Technical Etude,72.492698413,45.766530612,118.259229025
Alto Saxophone,Chromatic Scale,127.547210884,9.636281179,137.183492063
Alto Saxophone,Major Scales,143.870839002,87.748208617,231.619047619
Alto Saxophone,Sight-Reading,240.489070295,43.119455782,283.608526077
