Instrument,ScoreGroup,Start,Duration,End
Trumpet,Lyrical Etude,14.497959183,42.318367346,56.816326529
Trumpet,Technical Etude,63.608163265,27.689795918,91.297959183
Trumpet,Chromatic Scale,98.873469387,11.102040816,109.975510203
Trumpet,Major Scales,119.510204081,49.763265306,169.273469387
Trumpet,Sight-Reading,174.759183673,32.130612244,206.889795917
