Instrument,ScoreGroup,Start,Duration,End
Alto Saxophone,Lyrical Etude,11.075918367,53.54521542,64.62113378699999
Alto Saxophone,Technical Etude,70.286802721,36.780408163,107.06721088399999
Alto Saxophone,Chromatic Scale,114.451156463,13.119274376,127.57043083900001
Alto Saxophone,Major Scales,133.700498866,62.299138322,195.999637188
Alto Saxophone,Sight-Reading,199.575510204,63.645895692,263.221405896
