Instrument,ScoreGroup,Start,Duration,End
Flute,Lyrical Etude,11.598367347,33.175510204,44.773877551
Flute,Technical Etude,49.841632653,22.883265306,72.724897959
Flute,Chromatic Scale,79.568979592,25.6,105.168979592
Flute,Major Scales,112.64,91.533061224,204.17306122399998
Flute,Sight-Reading,212.21877551,46.60244898,258.82122449
