Instrument,ScoreGroup,Start,Duration,End
Flute,Lyrical Etude,14.15139,96.783629,110.93501900000001
Flute,Technical Etude,119.247723,73.62681,192.87453299999999
Flute,Chromatic Scale,198.218415,21.96929,220.187705
Flute,Major Scales,231.469232,151.409972,382.879204
Flute,Sight-Reading,398.317084,71.251752,469.56883600000003
