Instrument,ScoreGroup,Start,Duration,End
Flute,Lyrical Etude,13.734603175,40.228571429,53.963174604
Flute,Technical Etude,58.758095238,27.469206349,86.227301587
Flute,Chromatic Scale,91.591111111,19.504761905,111.095873016
Flute,Major Scales,117.446530612,82.546938776,199.993469388
Flute,Sight-Reading,205.113469388,42.422857143,247.536326531
