Instrument,ScoreGroup,Start,Duration,End
Alto Saxophone,Lyrical Etude,13.514013605,151.719183673,165.233197278
Alto Saxophone,Technical Etude,171.781224489,48.343945578,220.125170067
Alto Saxophone,Chromatic Scale,226.115918367,10.309659863,236.42557823
Alto Saxophone,Major Scales,240.883809523,82.198639455,323.082448978
Alto Saxophone,Sight-Reading,328.933877551,28.421224489,357.35510204
