Instrument,ScoreGroup,Start,Duration,End
Flute,Lyrical Etude,11.493877551,49.690702947,61.184580498
Flute,Technical Etude,65.944671201,28.328344671,94.273015872
Flute,Chromatic Scale,100.774603174,27.283446712,128.058049886
Flute,Major Scales,134.373877551,97.175510204,231.549387755
Flute,Sight-Reading,243.043265306,94.040816326,337.084081632
