Instrument,ScoreGroup,Start,Duration,End
Flute,Lyrical Etude,15.020408,22.857143,37.877551
Flute,Technical Etude,46.106122,32.326531,78.432653
Flute,Chromatic Scale,86.334694,10.971429,97.306123
Flute,Major Scales,108.930612,91.167347,200.097959
Flute,Sight-Reading,207.15102,49.893878,257.044898
