Instrument,ScoreGroup,Start,Duration,End
Flute,Lyrical Etude,16.161088435,32.879455782,49.040544217000004
Flute,Technical Etude,53.313015873,44.9538322,98.266848073
Flute,Chromatic Scale,106.99755102,15.418049887,122.415600907
Flute,Major Scales,147.30739229,122.044081633,269.351473923
Flute,Sight-Reading,274.924263039,83.034557823,357.958820862
