Instrument,ScoreGroup,Start,Duration,End
Bb Clarinet,Lyrical Etude,13.583673469,52.871836735,66.455510204
Bb Clarinet,Technical Etude,71.575510204,26.958367347,98.53387755099999
Bb Clarinet,Chromatic Scale,107.102040816,19.017142857,126.119183673
Bb Clarinet,Major Scales,132.806530612,74.292244898,207.09877551
Bb Clarinet,Sight-Reading,210.651428571,62.275918367,272.927346938
