Instrument,ScoreGroup,Start,Duration,End
Flute,Lyrical Etude,9.311201814,43.90893424,53.220136054
Flute,Technical Etude,59.373424036,27.213786848,86.587210884
Flute,Chromatic Scale,97.523809524,11.656417234,109.180226758
Flute,Major Scales,116.610612245,90.836462585,207.44707483000002
Flute,Sight-Reading,214.38984127,45.209251701,259.599092971
