Instrument,ScoreGroup,Start,Duration,End
Bb Clarinet,Lyrical Etude,11.624489795,59.167346938,70.791836733
Bb Clarinet,Technical Etude,75.363265306,59.820408163,135.183673469
Bb Clarinet,Chromatic Scale,142.628571428,21.942857142,164.57142857
Bb Clarinet,Major Scales,172.930612244,105.142857142,278.073469386
Bb Clarinet,Sight-Reading,283.689795918,64.261224489,347.951020407
