Instrument,ScoreGroup,Start,Duration,End
Flute,Lyrical Etude,10.565079365,50.735600907,61.300680272
Flute,Technical Etude,66.873469387,20.897959183,87.77142857
Flute,Chromatic Scale,95.434013605,13.815873015,109.24988662
Flute,Major Scales,114.799455782,115.914013605,230.71346938699998
Flute,Sight-Reading,234.985941043,44.21079365,279.196734693
