Instrument,ScoreGroup,Start,Duration,End
Bb Clarinet,Lyrical Etude,18.67755102,52.506122448,71.183673468
Bb Clarinet,Technical Etude,78.628571428,78.628571428,157.257142856
Bb Clarinet,Chromatic Scale,166.13877551,29.126530612,195.265306122
Bb Clarinet,Major Scales,205.191836734,94.040816326,299.23265305999996
Bb Clarinet,Sight-Reading,306.93877551,97.697959183,404.636734693
