Instrument,ScoreGroup,Start,Duration,End
Bb Clarinet,Lyrical Etude,17.240816326,76.53877551,93.779591836
Bb Clarinet,Technical Etude,103.967346938,32.130612244,136.097959182
Bb Clarinet,Chromatic Scale,146.024489795,15.934693877,161.959183672
Bb Clarinet,Major Scales,172.146938775,138.187755102,310.334693877
Bb Clarinet,Sight-Reading,320.261224489,60.604081632,380.865306121
