Instrument,ScoreGroup,Start,Duration,End
Alto Saxophone,Lyrical Etude,14.094512472,56.378049887,70.47256235900001
Alto Saxophone,Technical Etude,77.647528345,54.543673469,132.191201814
Alto Saxophone,Chromatic Scale,139.923446712,10.356099773,150.279546485
Alto Saxophone,Major Scales,157.384852608,111.246802721,268.63165532899995
Alto Saxophone,Sight-Reading,275.667301587,44.234013605,319.90131519199997
