Instrument,ScoreGroup,Start,Duration,End
Flute,Lyrical Etude,9.659501,27.492426,37.151927
Flute,Technical Etude,40.402721,24.706032,65.10875300000001
Flute,Chromatic Scale,70.774422,18.668844,89.443266
Flute,Major Scales,94.82449,67.395918,162.220408
Flute,Sight-Reading,167.183673,51.722449,218.90612199999998
