Instrument,ScoreGroup,Start,Duration,End
Flute,Lyrical Etude,13.653333333,54.613333333,68.266666666
Flute,Technical Etude,71.958639456,52.314557823,124.273197279
Flute,Chromatic Scale,129.845986395,12.956734694,142.80272108900002
Flute,Major Scales,146.935873016,104.187936508,251.123809524
Flute,Sight-Reading,255.140861678,40.774240363,295.915102041
