Instrument,ScoreGroup,Start,Duration,End
Flute,Lyrical Etude,9.752380952,36.687528345,46.439909297
Flute,Technical Etude,51.141950113,31.172789116,82.314739229
Flute,Chromatic Scale,88.932426304,64.08707483,153.019501134
Flute,Major Scales,159.126349206,82.895238095,242.02158730099998
Flute,Sight-Reading,247.71047619,37.059047619,284.769523809
