Instrument,ScoreGroup,Start,Duration,End
Flute,Lyrical Etude,13.003174603,23.405714286,36.408888888999996
Flute,Technical Etude,41.528888889,26.575238095,68.104126984
Flute,Chromatic Scale,75.987301587,26.412698413,102.4
Flute,Major Scales,109.551746032,66.803809524,176.355555556
Flute,Sight-Reading,183.994920635,43.723174603,227.718095238
