Instrument,ScoreGroup,Start,Duration,End
Bb Clarinet,Lyrical Etude,12.277551,208.457143,220.734694
Bb Clarinet,Technical Etude,226.069478,147.493152,373.56263
Bb Clarinet,Chromatic Scale,383.593651,58.885805,442.479456
Bb Clarinet,Major Scales,459.012063,101.239002,560.251065
Bb Clarinet,Sight-Reading,571.582404,161.053605,732.6360090000001
