Instrument,ScoreGroup,Start,Duration,End
Alto Saxophone,Lyrical Etude,15.18585034,61.022040816,76.207891156
Alto Saxophone,Technical Etude,83.034557823,23.545034013,106.57959183599999
Alto Saxophone,Chromatic Scale,114.474376417,10.448979591,124.923356008
Alto Saxophone,Major Scales,131.42494331,62.809977324,194.234920634
Alto Saxophone,Sight-Reading,200.50430839,46.55600907,247.06031746000002
