Instrument,ScoreGroup,Start,Duration,End
Oboe,Lyrical Etude,10.402539682,59.257324263,69.659863945
Oboe,Technical Etude,74.303854875,31.207619047,105.511473922
Oboe,Chromatic Scale,113.684897959,12.074376417,125.759274376
Oboe,Major Scales,133.561179138,60.929160997,194.490340135
Oboe,Sight-Reading,203.592562358,49.040544217,252.633106575
