Instrument,ScoreGroup,Start,Duration,End
Flute,Lyrical Etude,12.817414966,69.845623583,82.663038549
Flute,Technical Etude,87.283809524,28.351564626,115.63537415
Flute,Chromatic Scale,121.626122449,12.329795918,133.95591836699998
Flute,Major Scales,140.248526077,97.407709751,237.656235828
Flute,Sight-Reading,244.738321995,78.831746032,323.570068027
