Instrument,ScoreGroup,Start,Duration,End
Bb Clarinet,Lyrical Etude,12.631655328,112.384580498,125.01623582600001
Bb Clarinet,Technical Etude,132.446621315,75.789931972,208.236553287
Bb Clarinet,Chromatic Scale,217.153015873,14.4892517,231.642267573
Bb Clarinet,Major Scales,237.958095238,109.969705215,347.92780045300003
Bb Clarinet,Sight-Reading,352.75755102,65.944671201,418.702222221
