Instrument,ScoreGroup,Start,Duration,End
Bb Clarinet,Lyrical Etude,15.975329,82.848798,98.824127
Bb Clarinet,Technical Etude,109.598186,28.235465,137.833651
Bb Clarinet,Chromatic Scale,148.979229,18.947483,167.926712
Bb Clarinet,Major Scales,178.700771,83.591837,262.292608
Bb Clarinet,Sight-Reading,268.608435,50.155102,318.763537
