Instrument,ScoreGroup,Start,Duration,End
Flute,Lyrical Etude,12.19047619,57.585487528,69.775963718
Flute,Technical Etude,74.071655328,23.452154195,97.52380952300001
Flute,Chromatic Scale,103.096598639,15.441269841,118.53786848000001
Flute,Major Scales,125.619954648,119.118367346,244.738321994
Flute,Sight-Reading,247.756916099,61.765079365,309.521995464
