Instrument,ScoreGroup,Start,Duration,End
Flute,Lyrical Etude,8.359183673,70.588662132,78.947845805
Flute,Technical Etude,84.056235828,44.582312925,128.638548753
Flute,Chromatic Scale,134.211337868,16.718367347,150.92970521499998
Flute,Major Scales,157.431292517,109.133786848,266.565079365
Flute,Sight-Reading,270.744671202,58.049886621,328.794557823
