Instrument,ScoreGroup,Start,Duration,End
Flute,Lyrical Etude,10.727619048,54.288253968,65.015873016
Flute,Technical Etude,69.241904762,45.673650794,114.915555556
Flute,Chromatic Scale,123.042539683,18.52952381,141.572063493
Flute,Major Scales,150.883265306,112.64,263.523265306
Flute,Sight-Reading,267.772517007,50.712380952,318.48489795899997
