Instrument,ScoreGroup,Start,Duration,End
Bb Clarinet,Lyrical Etude,11.052698413,96.223492063,107.276190476
Bb Clarinet,Technical Etude,114.427936508,49.412063492,163.84
Bb Clarinet,Chromatic Scale,171.641904762,13.653333333,185.295238095
Bb Clarinet,Major Scales,191.796825397,125.480634921,317.277460318
Bb Clarinet,Sight-Reading,320.528253968,68.916825397,389.44507936499997
