Instrument,ScoreGroup,Start,Duration,End
French Horn,Lyrical Etude,12.33007,119.159302,131.489372
French Horn,Technical Etude,142.784092,108.429317,251.21340899999998
French Horn,Chromatic Scale,258.554977,9.035776,267.590753
French Horn,Major Scales,276.62653,108.994053,385.620583
French Horn,Sight-Reading,394.091624,54.779395,448.87101900000005
