Instrument,ScoreGroup,Start,Duration,End
Alto Saxophone,Lyrical Etude,14.791111111,110.364444444,125.155555555
Alto Saxophone,Technical Etude,132.632380952,57.028208616,189.660589568
Alto Saxophone,Chromatic Scale,197.648253968,8.916462585,206.564716553
Alto Saxophone,Major Scales,213.623582766,69.288344671,282.91192743700003
Alto Saxophone,Sight-Reading,287.927437641,55.356371882,343.283809523
