Instrument,ScoreGroup,Start,Duration,End
Bb Clarinet,Lyrical Etude,10.44898,73.404082,83.85306200000001
Bb Clarinet,Technical Etude,88.555102,31.869388,120.42449
Bb Clarinet,Chromatic Scale,127.738776,19.069388,146.808164
Bb Clarinet,Major Scales,152.032653,97.17551,249.208163
Bb Clarinet,Sight-Reading,252.342857,75.755102,328.097959
