Instrument,ScoreGroup,Start,Duration,End
Bb Clarinet,Lyrical Etude,11.888617,53.498776,65.387393
Bb Clarinet,Technical Etude,70.960181,25.263311,96.22349200000001
Bb Clarinet,Chromatic Scale,102.1678,15.789569,117.957369
Bb Clarinet,Major Scales,123.715918,66.31619,190.032108
Bb Clarinet,Sight-Reading,197.834014,40.681361,238.515375
