Instrument,ScoreGroup,Start,Duration,End
Flute,Lyrical Etude,13.096054,49.040544,62.136598
Flute,Technical Etude,67.779048,46.648889,114.427937
Flute,Chromatic Scale,122.71746,16.579048,139.29650800000002
Flute,Major Scales,146.773333,98.336508,245.10984100000002
Flute,Sight-Reading,251.448889,57.376508,308.825397
