Instrument,ScoreGroup,Start,Duration,End
Flute,Lyrical Etude,10.402539683,14.140952381,24.543492064
Flute,Technical Etude,33.645714286,40.472380952,74.118095238
Flute,Chromatic Scale,80.944761905,24.94984127,105.89460317499999
Flute,Major Scales,113.533968254,82.245079365,195.77904761899998
Flute,Sight-Reading,199.761269841,46.486349206,246.247619047
