Instrument,ScoreGroup,Start,Duration,End
Bb Clarinet,Lyrical Etude,18.854603,77.368889,96.223492
Bb Clarinet,Technical Etude,112.261224,26.187755,138.448979
Bb Clarinet,Chromatic Scale,154.514286,17.502041,172.016327
Bb Clarinet,Major Scales,184.293878,107.755102,292.04898000000003
Bb Clarinet,Sight-Reading,302.236735,58.122449,360.359184
