Instrument,ScoreGroup,Start,Duration,End
Flute,Lyrical Etude,11.192018141,26.702947846,37.894965987
Flute,Technical Etude,45.696870748,35.456870748,81.15374149600001
Flute,Chromatic Scale,87.56244898,17.48462585,105.04707483
Flute,Major Scales,112.152380952,100.170884354,212.323265306
Flute,Sight-Reading,217.129795918,74.814693878,291.944489796
