Instrument,ScoreGroup,Start,Duration,End
Alto Saxophone,Lyrical Etude,12.759365079,47.258412698,60.017777777
Alto Saxophone,Technical Etude,66.56,45.145396825,111.70539682500001
Alto Saxophone,Chromatic Scale,118.816507936,20.967619047,139.784126983
Alto Saxophone,Major Scales,149.089523809,96.995555555,246.08507936400002
Alto Saxophone,Sight-Reading,252.505396825,70.176507936,322.681904761
