Instrument,ScoreGroup,Start,Duration,End
Flute,Lyrical Etude,19.504761905,59.071564626,78.57632653099999
Flute,Technical Etude,86.56399093,21.548117914,108.112108844
Flute,Chromatic Scale,113.870657596,14.489251701,128.359909297
Flute,Major Scales,134.489977324,108.483628118,242.973605442
Flute,Sight-Reading,247.803356009,47.182947846,294.986303855
