Instrument,ScoreGroup,Start,Duration,End
Bb Clarinet,Lyrical Etude,12.8,79.673469,92.473469
Bb Clarinet,Technical Etude,97.828571,40.359184,138.18775499999998
Bb Clarinet,Chromatic Scale,145.240816,16.195918,161.436734
Bb Clarinet,Major Scales,169.412789,121.858322,291.271111
Bb Clarinet,Sight-Reading,295.357823,74.861134,370.218957
