Instrument,ScoreGroup,Start,Duration,End
Alto Saxophone,Lyrical Etude,14.721451247,71.656780045,86.37823129200001
Alto Saxophone,Technical Etude,96.862040816,28.456054422,125.31809523800001
Alto Saxophone,Chromatic Scale,134.513197279,12.260136054,146.77333333299998
Alto Saxophone,Major Scales,168.507210884,72.272108844,240.779319728
Alto Saxophone,Sight-Reading,253.422585034,46.184489796,299.60707483
