Instrument,ScoreGroup,Start,Duration,End
Bb Clarinet,Lyrical Etude,11.232653061,44.8,56.032653061
Bb Clarinet,Technical Etude,60.734693877,41.404081632,102.138775509
Bb Clarinet,Chromatic Scale,108.8,17.502040816,126.302040816
Bb Clarinet,Major Scales,132.310204081,82.67755102,214.987755101
Bb Clarinet,Sight-Reading,218.514285714,63.608163265,282.122448979
