Instrument,ScoreGroup,Start,Duration,End
Flute,Lyrical Etude,10.309659864,52.337777778,62.647437642
Flute,Technical Etude,67.546848073,29.41968254,96.966530613
Flute,Chromatic Scale,104.791655329,19.574421769,124.36607709799999
Flute,Major Scales,131.796462585,81.037641723,212.834104308
Flute,Sight-Reading,219.753650794,63.204716553,282.95836734700003
