Instrument,ScoreGroup,Start,Duration,End
Trumpet,Lyrical Etude,10.774058956,52.384217687,63.158276643
Trumpet,Technical Etude,68.731065759,39.009523809,107.740589568
Trumpet,Chromatic Scale,114.427936507,26.935147392,141.363083899
Trumpet,Major Scales,149.164988662,43.281995464,192.44698412600002
Trumpet,Sight-Reading,196.347936507,58.142766439,254.490702946
