Instrument,ScoreGroup,Start,Duration,End
Flute,Lyrical Etude,17.275646259,60.464761905,77.740408164
Flute,Technical Etude,82.477278912,52.105578231,134.582857143
Flute,Chromatic Scale,140.155646259,36.501768707,176.657414966
Flute,Major Scales,188.638911565,120.093605442,308.732517007
Flute,Sight-Reading,316.534421769,62.415238095,378.949659864
