Instrument,ScoreGroup,Start,Duration,End
Bb Clarinet,Lyrical Etude,19.133243,104.396916,123.530159
Bb Clarinet,Technical Etude,132.818141,38.452245,171.270386
Bb Clarinet,Chromatic Scale,182.787483,13.746213,196.53369600000002
Bb Clarinet,Major Scales,206.007438,115.170975,321.178413
Bb Clarinet,Sight-Reading,327.49424,42.724717,370.218957
