Instrument,ScoreGroup,Start,Duration,End
Bb Clarinet,Lyrical Etude,15.286636,113.407257,128.693893
Bb Clarinet,Technical Etude,136.374862,35.242096,171.616958
Bb Clarinet,Chromatic Scale,178.394284,14.458296,192.85258
Bb Clarinet,Major Scales,196.918975,105.274466,302.193441
Bb Clarinet,Sight-Reading,305.808015,55.574074,361.382089
