Instrument,ScoreGroup,Start,Duration,End
Flute,Lyrical Etude,11.517098,26.935147,38.452245000000005
Flute,Technical Etude,46.06839,25.263311,71.33170100000001
Flute,Chromatic Scale,78.947846,16.904127,95.851973
Flute,Major Scales,101.796281,75.604172,177.400453
Flute,Sight-Reading,182.415964,37.709206,220.12517
