Instrument,ScoreGroup,Start,Duration,End
Bb Clarinet,Lyrical Etude,16.161088435,80.991201814,97.15229024899999
Bb Clarinet,Technical Etude,103.653877551,41.795918367,145.449795918
Bb Clarinet,Chromatic Scale,152.322902494,16.904126984,169.22702947800002
Bb Clarinet,Major Scales,178.143492063,121.301043083,299.444535146
Bb Clarinet,Sight-Reading,304.460045351,63.901315192,368.36136054300005
