Instrument,ScoreGroup,Start,Duration,End
Bb Clarinet,Lyrical Etude,11.284897959,89.443265306,100.728163265
Bb Clarinet,Technical Etude,106.022312925,34.690612245,140.71292517
Bb Clarinet,Chromatic Scale,148.096870748,13.23537415,161.332244898
Bb Clarinet,Major Scales,166.83537415,101.935600907,268.770975057
Bb Clarinet,Sight-Reading,272.602267574,52.825396825,325.427664399
