Instrument,ScoreGroup,Start,Duration,End
Flute,Lyrical Etude,12.631655,38.266485,50.898140000000005
Flute,Technical Etude,58.328526,30.278821,88.607347
Flute,Chromatic Scale,95.666213,13.188934,108.855147
Flute,Major Scales,116.842812,101.610522,218.45333399999998
Flute,Sight-Reading,227.741315,42.910476,270.651791
