Instrument,ScoreGroup,Start,Duration,End
Bb Clarinet,Lyrical Etude,13.844898,79.804082,93.64898
Bb Clarinet,Technical Etude,106.644898,23.053061,129.697959
Bb Clarinet,Chromatic Scale,138.710204,11.297959,150.008163
Bb Clarinet,Major Scales,157.518367,108.277551,265.79591800000003
Bb Clarinet,Sight-Reading,271.542857,44.669388,316.21224500000005
