Instrument,ScoreGroup,Start,Duration,End
Bb Clarinet,Lyrical Etude,15.928888889,50.596281179,66.525170068
Bb Clarinet,Technical Etude,71.006621315,33.343854875,104.35047619
Bb Clarinet,Chromatic Scale,110.085804989,17.391746032,127.477551021
Bb Clarinet,Major Scales,132.957460317,123.895873016,256.853333333
Bb Clarinet,Sight-Reading,261.363809524,68.591746032,329.955555556
