Instrument,ScoreGroup,Start,Duration,End
Alto Saxophone,Lyrical Etude,15.812789115,65.271292517,81.08408163200001
Alto Saxophone,Technical Etude,86.424671201,24.42739229,110.852063491
Alto Saxophone,Chromatic Scale,117.051791381,18.459863945,135.511655326
Alto Saxophone,Major Scales,144.892517001,114.427936507,259.320453508
Alto Saxophone,Sight-Reading,268.399455781,74.001995464,342.401451245
