Instrument,ScoreGroup,Start,Duration,End
Flute,Lyrical Etude,7.058866213,55.263492063,62.322358276
Flute,Technical Etude,65.944671201,24.42739229,90.372063491
Flute,Chromatic Scale,100.217324263,21.733877551,121.951201814
Flute,Major Scales,126.618412698,84.195555555,210.81396825299998
Flute,Sight-Reading,215.202539682,50.874920634,266.077460316
