Instrument,ScoreGroup,Start,Duration,End
Bb Clarinet,Lyrical Etude,31.085714,108.538776,139.62449
Bb Clarinet,Technical Etude,149.159184,39.444898,188.604082
Bb Clarinet,Chromatic Scale,206.367347,13.322449,219.689796
Bb Clarinet,Major Scales,228.855873,112.941859,341.797732
Bb Clarinet,Sight-Reading,347.184762,50.712381,397.89714299999997
