Instrument,ScoreGroup,Start,Duration,End
Alto Saxophone,Lyrical Etude,11.377777778,46.718548753,58.096326531
Alto Saxophone,Technical Etude,62.809977324,44.25723356,107.067210884
Alto Saxophone,Chromatic Scale,113.011519274,10.100680272,123.112199546
Alto Saxophone,Major Scales,129.219047619,71.262040816,200.481088435
Alto Saxophone,Sight-Reading,205.287619048,39.473922902,244.76154195
