Instrument,ScoreGroup,Start,Duration,End
Flute,Lyrical Etude,10.704399093,38.638004535,49.342403628
Flute,Technical Etude,54.032834467,26.168888889,80.201723356
Flute,Chromatic Scale,87.608888889,15.53414966,103.143038549
Flute,Major Scales,110.434104308,105.627573696,216.061678004
Flute,Sight-Reading,220.775328798,59.721723356,280.497052154
