Instrument,ScoreGroup,Start,Duration,End
Bb Clarinet,Lyrical Etude,16.55791,90.356741,106.91465099999999
Bb Clarinet,Technical Etude,115.905372,38.210562,154.115934
Bb Clarinet,Chromatic Scale,159.959903,12.587009,172.546912
Bb Clarinet,Major Scales,180.189024,116.429831,296.618855
Bb Clarinet,Sight-Reading,304.710503,53.045251,357.755754
