Instrument,ScoreGroup,Start,Duration,End
Flute,Lyrical Etude,12.306575964,58.049886621,70.356462585
Flute,Technical Etude,74.652154195,50.735600907,125.387755102
Flute,Chromatic Scale,131.424943311,20.549659864,151.974603175
Flute,Major Scales,158.267210884,85.077913832,243.345124716
Flute,Sight-Reading,252.05260771,55.727891156,307.780498866
