Instrument,ScoreGroup,Start,Duration,End
Bb Clarinet,Lyrical Etude,10.24,86.958730159,97.198730159
Bb Clarinet,Technical Etude,102.260680272,60.604081633,162.864761905
Bb Clarinet,Chromatic Scale,171.223945578,26.749387755,197.97333333300003
Bb Clarinet,Major Scales,205.635918367,75.511292517,281.147210884
Bb Clarinet,Sight-Reading,287.555918367,53.916734694,341.472653061
