Instrument,ScoreGroup,Start,Duration,End
Flute,Lyrical Etude,14.953650794,73.142857143,88.096507937
Flute,Technical Etude,92.647619048,44.210793651,136.85841269899998
Flute,Chromatic Scale,143.034920635,14.953650794,157.988571429
Flute,Major Scales,165.14031746,103.05015873,268.19047619
Flute,Sight-Reading,271.116190476,55.263492063,326.379682539
