Instrument,ScoreGroup,Start,Duration,End
Bb Clarinet,Lyrical Etude,16.904126984,112.198820861,129.10294784500002
Bb Clarinet,Technical Etude,136.533333333,70.031383219,206.564716552
Bb Clarinet,Chromatic Scale,216.038458049,22.848435374,238.886893423
Bb Clarinet,Major Scales,246.688798185,122.415600907,369.104399092
Bb Clarinet,Sight-Reading,374.677188208,50.15510204,424.83229024800005
