Instrument,ScoreGroup,Start,Duration,End
Trumpet,Lyrical Etude,14.117732426,46.439909297,60.557641723
Trumpet,Technical Etude,66.501950113,30.836099773,97.33804988600001
Trumpet,Chromatic Scale,107.740589569,27.492426303,135.23301587199998
Trumpet,Major Scales,142.66340136,120.743764172,263.407165532
Trumpet,Sight-Reading,270.094512471,61.672199546,331.766712017
