Instrument,ScoreGroup,Start,Duration,End
Alto Saxophone,Lyrical Etude,15.267120181,59.988752834,75.255873015
Alto Saxophone,Technical Etude,80.782222222,53.353650794,134.135873016
Alto Saxophone,Chromatic Scale,148.073650794,23.405714286,171.47936508
Alto Saxophone,Major Scales,180.662857143,106.504126984,287.166984127
Alto Saxophone,Sight-Reading,294.359365079,48.802539683,343.161904762
