Instrument,ScoreGroup,Start,Duration,End
Bb Clarinet,Lyrical Etude,10.588299,32.507937,43.096236
Bb Clarinet,Technical Etude,50.340862,26.749388,77.09025
Bb Clarinet,Chromatic Scale,86.138776,18.612245,104.751021
Bb Clarinet,Major Scales,112.979592,83.983673,196.96326499999998
Bb Clarinet,Sight-Reading,205.583673,46.759184,252.342857
