Instrument,ScoreGroup,Start,Duration,End
Bb Clarinet,Lyrical Etude,13.792653061,133.537959184,147.330612245
Bb Clarinet,Technical Etude,155.271836735,60.186122449,215.457959184
Bb Clarinet,Chromatic Scale,220.937868481,20.897959184,241.835827665
Bb Clarinet,Major Scales,249.730612245,150.465306122,400.195918367
Bb Clarinet,Sight-Reading,406.395646259,90.279183673,496.67482993199997
