Instrument,ScoreGroup,Start,Duration,End
Flute,Lyrical Etude,15.60381,104.582676,120.186486
Flute,Technical Etude,127.245351,39.381043,166.626394
Flute,Chromatic Scale,186.316916,65.758912,252.075828
Flute,Major Scales,258.577415,66.68771,325.26512499999995
Flute,Sight-Reading,325.265125,18.390204,343.655329
