Instrument,ScoreGroup,Start,Duration,End
Flute,Lyrical Etude,10.50122449,42.161632653,52.662857143
Flute,Technical Etude,58.978684807,53.580045351,112.558730158
Flute,Chromatic Scale,121.730612245,15.789569161,137.520181406
Flute,Major Scales,145.635555556,122.067301587,267.702857143
Flute,Sight-Reading,273.902585034,45.696870748,319.599455782
