Instrument,ScoreGroup,Start,Duration,End
Flute,Lyrical Etude,14.442812,60.557642,75.000454
Flute,Technical Etude,80.631293,49.516553,130.14784600000002
Flute,Chromatic Scale,138.507029,14.918821,153.42585
Flute,Major Scales,160.682086,86.436281,247.11836699999998
Flute,Sight-Reading,254.026304,48.181406,302.20771
