Instrument,ScoreGroup,Start,Duration,End
Trumpet,Lyrical Etude,22.24482,54.074225,76.319045
Trumpet,Technical Etude,93.485466,23.174668,116.660134
Trumpet,Chromatic Scale,133.826554,13.303976,147.13053
Trumpet,Major Scales,164.296951,114.585858,278.882809
Trumpet,Sight-Reading,296.90755,44.632694,341.54024400000003
