Instrument,ScoreGroup,Start,Duration,End
Bb Clarinet,Lyrical Etude,16.135272,81.884729,98.020001
Bb Clarinet,Technical Etude,106.976144,34.118637,141.094781
Bb Clarinet,Chromatic Scale,149.62444,11.088557,160.712997
Bb Clarinet,Major Scales,170.522105,113.444469,283.96657400000004
Bb Clarinet,Sight-Reading,292.06975,45.633677,337.703427
