Instrument,ScoreGroup,Start,Duration,End
Alto Saxophone,Lyrical Etude,11.911836734,61.231020408,73.142857142
Alto Saxophone,Technical Etude,77.949387755,21.211428571,99.160816326
Alto Saxophone,Chromatic Scale,104.071836734,9.19510204,113.266938774
Alto Saxophone,Major Scales,120.163265306,47.020408163,167.18367346899998
Alto Saxophone,Sight-Reading,172.512653061,38.974693877,211.487346938
