Instrument,ScoreGroup,Start,Duration,End
Bb Clarinet,Lyrical Etude,10.866938776,69.102585034,79.96952381
Bb Clarinet,Technical Etude,85.124353741,51.408979592,136.533333333
Bb Clarinet,Chromatic Scale,143.220680272,22.151836735,165.372517007
Bb Clarinet,Major Scales,173.313741497,122.462040816,295.775782313
Bb Clarinet,Sight-Reading,302.323809524,64.08707483,366.410884354
