Instrument,ScoreGroup,Start,Duration,End
Flute,Lyrical Etude,15.46449,45.418231,60.882721
Flute,Technical Etude,73.282177,30.65034,103.932517
Flute,Chromatic Scale,115.774694,22.987755,138.762449
Flute,Major Scales,150.883265,123.994558,274.877823
Flute,Sight-Reading,284.769524,61.857959,346.627483
