Instrument,ScoreGroup,Start,Duration,End
Flute,Lyrical Etude,13.18893424,53.475555556,66.664489796
Flute,Technical Etude,71.633560091,18.901043084,90.534603175
Flute,Chromatic Scale,96.502131519,14.396371882,110.898503401
Flute,Major Scales,118.050249433,104.22276644,222.27301587300002
Flute,Sight-Reading,228.205714286,57.951201814,286.1569161
