Instrument,ScoreGroup,Start,Duration,End
Flute,Lyrical Etude,19.504761904,66.98956916,86.494331064
Flute,Technical Etude,91.951020408,24.613151927,116.56417233500001
Flute,Chromatic Scale,123.53015873,16.4861678,140.01632653
Flute,Major Scales,147.748571428,88.909206349,236.65777777699998
Flute,Sight-Reading,237.633015873,39.984761904,277.617777777
