Instrument,ScoreGroup,Start,Duration,End
Bb Clarinet,Lyrical Etude,10.155102,61.55102,71.706122
Bb Clarinet,Technical Etude,78.100317,38.649615,116.749932
Bb Clarinet,Chromatic Scale,124.506122,14.889796,139.395918
Bb Clarinet,Major Scales,147.069388,121.469388,268.538776
Bb Clarinet,Sight-Reading,274.784943,51.966259,326.751202
