Instrument,ScoreGroup,Start,Duration,End
Flute,Lyrical Etude,11.546122449,40.542040816,52.088163265
Flute,Technical Etude,58.723265306,41.430204082,100.153469388
Flute,Chromatic Scale,110.201904762,12.474920635,122.676825397
Flute,Major Scales,129.219047619,107.392290249,236.61133786800002
Flute,Sight-Reading,240.883809524,47.786666667,288.670476191
