Instrument,ScoreGroup,Start,Duration,End
Bb Clarinet,Lyrical Etude,16.532608,75.789932,92.32253999999999
Bb Clarinet,Technical Etude,100.681723,63.715556,164.397279
Bb Clarinet,Chromatic Scale,171.363265,59.535964,230.89922900000002
Bb Clarinet,Major Scales,239.815692,120.000726,359.816418
Bb Clarinet,Sight-Reading,365.574966,110.712744,476.28771
