Instrument,ScoreGroup,Start,Duration,End
Flute,Lyrical Etude,9.473741497,29.257142857,38.730884354000004
Flute,Technical Etude,42.631836735,24.938231293,67.57006802800001
Flute,Chromatic Scale,73.839455782,29.117823129,102.957278911
Flute,Major Scales,109.783945578,74.536054422,184.32
Flute,Sight-Reading,187.802993197,47.786666667,235.589659864
