Instrument,ScoreGroup,Start,Duration,End
Bb Clarinet,Lyrical Etude,15.78956916,75.418412698,91.207981858
Bb Clarinet,Technical Etude,100.681723356,39.752562358,140.434285714
Bb Clarinet,Chromatic Scale,148.979229024,15.975328798,164.954557822
Bb Clarinet,Major Scales,172.38494331,114.427936507,286.812879817
Bb Clarinet,Sight-Reading,293.128707482,67.244988662,360.37369614399995
