Instrument,ScoreGroup,Start,Duration,End
Flute,Lyrical Etude,10.031020408,48.85478458,58.885804988000004
Flute,Technical Etude,62.229478458,22.848435374,85.07791383200001
Flute,Chromatic Scale,90.279183673,15.78956916,106.068752833
Flute,Major Scales,111.270022675,76.347210884,187.617233559
Flute,Sight-Reading,191.518185941,115.914013605,307.432199546
