Instrument,ScoreGroup,Start,Duration,End
Bb Clarinet,Lyrical Etude,11.885714,102.008163,113.893877
Bb Clarinet,Technical Etude,120.743764,27.120907,147.864671
Bb Clarinet,Chromatic Scale,155.387937,11.609977,166.99791399999998
Bb Clarinet,Major Scales,174.628571,101.485714,276.114285
Bb Clarinet,Sight-Reading,282.187755,53.22449,335.412245
