Instrument,ScoreGroup,Start,Duration,End
Flute,Lyrical Etude,15.88244898,89.756734694,105.63918367400001
Flute,Technical Etude,112.848979592,63.73877551,176.58775510200002
Flute,Chromatic Scale,186.61877551,14.628571429,201.247346939
Flute,Major Scales,209.676190476,128.568888889,338.245079365
Flute,Sight-Reading,343.423129252,76.161451247,419.584580499
