Instrument,ScoreGroup,Start,Duration,End
Bb Clarinet,Lyrical Etude,10.170340136,109.226666667,119.39700680300001
Bb Clarinet,Technical Etude,124.342857143,38.684444444,163.027301587
Bb Clarinet,Chromatic Scale,169.203809524,20.886349206,190.09015873
Bb Clarinet,Major Scales,196.347936508,123.205079365,319.553015873
Bb Clarinet,Sight-Reading,323.918367347,61.765079365,385.68344671200003
