Instrument,ScoreGroup,Start,Duration,End
Alto Saxophone,Lyrical Etude,20.805079365,67.372698412,88.177777777
Alto Saxophone,Technical Etude,100.612063492,22.349206349,122.961269841
Alto Saxophone,Chromatic Scale,134.013968253,13.49079365,147.504761903
Alto Saxophone,Major Scales,155.144126984,103.862857142,259.006984126
Alto Saxophone,Sight-Reading,264.37079365,72.492698412,336.863492062
