Instrument,ScoreGroup,Start,Duration,End
Alto Saxophone,Lyrical Etude,11.075918,89.536145,100.612063
Alto Saxophone,Technical Etude,105.743673,35.66585,141.409523
Alto Saxophone,Chromatic Scale,148.23619,9.357642,157.593832
Alto Saxophone,Major Scales,165.047438,77.856508,242.90394600000002
Alto Saxophone,Sight-Reading,252.029388,55.588571,307.61795900000004
