Instrument,ScoreGroup,Start,Duration,End
Bb Clarinet,Lyrical Etude,11.238458,74.210975,85.449433
Bb Clarinet,Technical Etude,90.372063,28.142585,118.514648
Bb Clarinet,Chromatic Scale,127.523991,12.631655,140.155646
Bb Clarinet,Major Scales,147.069388,115.983673,263.053061
Bb Clarinet,Sight-Reading,267.493878,65.387392,332.88127
