Instrument,ScoreGroup,Start,Duration,End
Flute,Lyrical Etude,12.306575963,59.559183673,71.865759636
Flute,Technical Etude,75.58095238,29.953741496,105.534693876
Flute,Chromatic Scale,109.830385487,22.523356009,132.353741496
Flute,Major Scales,137.578231292,93.924716553,231.502947845
Flute,Sight-Reading,237.7723356,39.241723356,277.014058956
