Instrument,ScoreGroup,Start,Duration,End
Trumpet,Lyrical Etude,12.01632653,46.759183673,58.775510203
Trumpet,Technical Etude,64.783673469,27.689795918,92.473469387
Trumpet,Chromatic Scale,100.832653061,23.510204081,124.342857142
Trumpet,Major Scales,132.963265306,95.869387755,228.83265306100003
Trumpet,Sight-Reading,234.840816326,54.073469387,288.914285713
