Instrument,ScoreGroup,Start,Duration,End
Flute,Lyrical Etude,10.077460317,46.486349206,56.563809523
Flute,Technical Etude,59.814603174,22.593015873,82.407619047
Flute,Chromatic Scale,89.071746031,15.116190476,104.187936507
Flute,Major Scales,110.201904761,101.424761904,211.626666665
Flute,Sight-Reading,213.252063492,48.111746031,261.363809523
