Instrument,ScoreGroup,Start,Duration,End
Flute,Lyrical Etude,12.051156463,49.414965986,61.466122449
Flute,Technical Etude,65.854693878,20.911020408,86.765714286
Flute,Chromatic Scale,95.333877551,13.165714286,108.499591837
Flute,Major Scales,118.556734694,109.074285714,227.63102040799998
Flute,Sight-Reading,233.621768707,67.066485261,300.688253968
