Instrument,ScoreGroup,Start,Duration,End
Alto Saxophone,Lyrical Etude,8.54494331,82.291519274,90.836462584
Alto Saxophone,Technical Etude,94.180136054,41.238639455,135.418775509
Alto Saxophone,Chromatic Scale,140.805804988,10.216780045,151.022585033
Alto Saxophone,Major Scales,155.8523356,105.511473922,261.363809522
Alto Saxophone,Sight-Reading,265.079002267,55.356371882,320.43537414900004
