Instrument,ScoreGroup,Start,Duration,End
Alto Saxophone,Lyrical Etude,13.096054421,79.690884353,92.786938774
Alto Saxophone,Technical Etude,100.588843537,46.254149659,146.842993196
Alto Saxophone,Chromatic Scale,155.20217687,12.817414965,168.019591835
Alto Saxophone,Major Scales,175.821496598,90.000544217,265.82204081500004
Alto Saxophone,Sight-Reading,272.509387755,44.303673469,316.81306122399997
