Instrument,ScoreGroup,Start,Duration,End
Bb Clarinet,Lyrical Etude,11.232653,71.836735,83.069388
Bb Clarinet,Technical Etude,90.464943,23.962993,114.427936
Bb Clarinet,Chromatic Scale,121.301043,16.625488,137.926531
Bb Clarinet,Major Scales,145.821315,76.068571,221.889886
Bb Clarinet,Sight-Reading,227.648435,41.238639,268.887074
