Instrument,ScoreGroup,Start,Duration,End
Bb Clarinet,Lyrical Etude,11.795736961,104.838095238,116.633832199
Bb Clarinet,Technical Etude,124.110657596,44.373333333,168.483990929
Bb Clarinet,Chromatic Scale,175.38031746,11.400997732,186.781315192
Bb Clarinet,Major Scales,195.117278912,115.496054422,310.613333334
Bb Clarinet,Sight-Reading,316.929160998,85.611972789,402.541133787
