Instrument,ScoreGroup,Start,Duration,End
Bb Clarinet,Lyrical Etude,11.377777778,54.218594104,65.596371882
Bb Clarinet,Technical Etude,71.98185941,30.534240363,102.516099773
Bb Clarinet,Chromatic Scale,108.321088435,17.066666667,125.387755102
Bb Clarinet,Major Scales,131.424943311,93.112018141,224.53696145199999
Bb Clarinet,Sight-Reading,231.735147392,46.323809524,278.058956916
