Instrument,ScoreGroup,Start,Duration,End
Flute,Lyrical Etude,11.888617,63.901315,75.789932
Flute,Technical Etude,80.805442,27.492426,108.297868
Flute,Chromatic Scale,115.542494,15.789569,131.332063
Flute,Major Scales,140.805805,122.97288,263.778685
Flute,Sight-Reading,270.094512,38.080726,308.17523800000004
