Instrument,ScoreGroup,Start,Duration,End
Flute,Lyrical Etude,14.303492063,45.162811791,59.466303854
Flute,Technical Etude,65.317732426,29.048163265,94.365895691
Flute,Chromatic Scale,101.865941043,10.750839002,112.61678004500001
Flute,Major Scales,119.513106576,92.229659864,211.74276644
Flute,Sight-Reading,216.665396825,61.277460317,277.942857142
