Instrument,ScoreGroup,Start,Duration,End
Bb Clarinet,Lyrical Etude,6.315828,110.712744,117.028572
Bb Clarinet,Technical Etude,122.601361,40.124082,162.72544299999998
Bb Clarinet,Chromatic Scale,169.784308,11.702857,181.487165
Bb Clarinet,Major Scales,187.802993,117.214331,305.017324
Bb Clarinet,Sight-Reading,309.847075,61.48644,371.33351500000003
