Instrument,ScoreGroup,Start,Duration,End
Bb Clarinet,Lyrical Etude,19.226122449,81.316281179,100.542403628
Bb Clarinet,Technical Etude,110.666303855,34.829931973,145.496235828
Bb Clarinet,Chromatic Scale,153.832199546,9.659501134,163.49170068
Bb Clarinet,Major Scales,172.175963719,86.401451247,258.577414966
Bb Clarinet,Sight-Reading,262.780226757,54.938412698,317.71863945499996
