Instrument,ScoreGroup,Start,Duration,End
Alto Saxophone,Lyrical Etude,13.096054421,48.460045351,61.556099771999996
Alto Saxophone,Technical Etude,70.611882086,21.826757369,92.43863945499999
Alto Saxophone,Chromatic Scale,101.378321991,10.24,111.618321991
Alto Saxophone,Major Scales,120.302585031,61.509659863,181.812244894
Alto Saxophone,Sight-Reading,188.731791381,46.672108843,235.40390022399998
