Instrument,ScoreGroup,Start,Duration,End
Bb Clarinet,Lyrical Etude,10.49542,59.164444,69.659864
Bb Clarinet,Technical Etude,77.090249,26.935147,104.025396
Bb Clarinet,Chromatic Scale,112.38458,15.696689,128.081269
Bb Clarinet,Major Scales,136.489796,89.991837,226.48163300000002
Bb Clarinet,Sight-Reading,232.881633,49.763265,282.644898
