Instrument,ScoreGroup,Start,Duration,End
Xylophone,Mallet Etude,20.758639,42.980136,63.738775000000004
Snare Drum,Snare Etude,71.192381,49.806803,120.999184
Timpani,Timpani Etude,128.24381,69.729524,197.973334
Xylophone,Chromatic Scale,203.406803,10.518639,213.925442
Xylophone,Major Scales,222.540045,77.461769,300.00181399999997
Xylophone,Sight-Reading,308.732517,43.560635,352.29315199999996
Snare Drum,Sight-Reading,358.701859,35.66585,394.367709
