Instrument,ScoreGroup,Start,Duration,End
Bb Clarinet,Lyrical Etude,17.240816326,47.542857142,64.783673468
Bb Clarinet,Technical Etude,73.534693877,44.146938775,117.68163265199999
Bb Clarinet,Chromatic Scale,127.346938775,16.065306122,143.412244897
Bb Clarinet,Major Scales,154.253061224,86.073469387,240.326530611
Bb Clarinet,Sight-Reading,249.6,55.379591836,304.979591836
