Instrument,ScoreGroup,Start,Duration,End
Flute,Lyrical Etude,11.036762,96.417157,107.453919
Flute,Technical Etude,112.751565,71.518221,184.269786
Flute,Chromatic Scale,192.746019,14.303644,207.04966299999998
Flute,Major Scales,216.055662,105.423155,321.478817
Flute,Sight-Reading,333.663402,87.940923,421.604325
