Instrument,ScoreGroup,Start,Duration,End
Flute,Lyrical Etude,16.161088435,72.260498866,88.421587301
Flute,Technical Etude,92.694058957,40.681360544,133.375419501
Flute,Chromatic Scale,139.691247166,15.232290249,154.923537415
Flute,Major Scales,161.425124717,90.093424036,251.518548753
Flute,Sight-Reading,256.534058957,47.182947846,303.717006803
