Instrument,ScoreGroup,Start,Duration,End
Flute,Lyrical Etude,9.659501134,56.331609977,65.991111111
Flute,Technical Etude,72.167619048,49.644263039,121.81188208700001
Flute,Chromatic Scale,128.592108844,16.253968254,144.846077098
Flute,Major Scales,152.206802721,104.768435374,256.975238095
Flute,Sight-Reading,262.687346939,57.678367347,320.365714286
