Instrument,ScoreGroup,Start,Duration,End
Flute,Lyrical Etude,8.359183673,63.622675737,71.98185941
Flute,Technical Etude,76.161451247,51.083900227,127.245351474
Flute,Chromatic Scale,133.282539683,19.040362812,152.32290249500002
Flute,Major Scales,157.431292517,118.8861678,276.317460317
Flute,Sight-Reading,280.961451247,54.799092971,335.760544218
