Instrument,ScoreGroup,Start,Duration,End
Xylophone,Mallet Etude,12.353016,53.057596,65.410612
Snare Drum,Snare Etude,72.562358,45.673651,118.236009
Timpani,Timpani Etude,123.808798,50.015782,173.82458
Xylophone,Chromatic Scale,178.909751,13.328254,192.238005
Xylophone,Major Scales,198.553832,104.629116,303.182948
Xylophone,Sight-Reading,309.382676,8.521723,317.904399
Snare Drum,Sight-Reading,327.401361,27.631746,355.03310700000003
