Instrument,ScoreGroup,Start,Duration,End
Flute,Lyrical Etude,11.958276644,51.664399093,63.622675737
Flute,Technical Etude,68.150566893,22.65106576,90.80163265300001
Flute,Chromatic Scale,96.548571429,16.161088435,112.709659864
Flute,Major Scales,118.979047619,125.945034014,244.92408163300001
Flute,Sight-Reading,251.890068027,60.186122449,312.076190476
