Instrument,ScoreGroup,Start,Duration,End
French Horn,Lyrical Etude,13.514398,103.750283,117.264681
French Horn,Technical Etude,125.826597,79.575459,205.40205600000002
French Horn,Chromatic Scale,210.94212,11.583769,222.52588899999998
French Horn,Major Scales,232.09509,88.641018,320.736108
French Horn,Sight-Reading,326.276172,74.035396,400.31156799999997
