Instrument,ScoreGroup,Start,Duration,End
Trumpet,Lyrical Etude,11.89847,59.437006,71.335476
Trumpet,Technical Etude,78.972632,19.590968,98.56360000000001
Trumpet,Chromatic Scale,106.864859,6.973057,113.83791599999999
Trumpet,Major Scales,122.471223,93.970238,216.441461
Trumpet,Sight-Reading,226.070921,37.189635,263.260556
