Instrument,ScoreGroup,Start,Duration,End
Bb Clarinet,Lyrical Etude,14.524081633,59.768163265,74.29224489799999
Bb Clarinet,Technical Etude,78.785306122,26.749387755,105.534693877
Bb Clarinet,Chromatic Scale,112.222040816,36.466938776,148.688979592
Bb Clarinet,Major Scales,154.784217687,84.009795918,238.79401360499998
Bb Clarinet,Sight-Reading,244.645442177,53.638095238,298.283537415
