Instrument,ScoreGroup,Start,Duration,End
Flute,Lyrical Etude,9.752380952,57.376507937,67.128888889
Flute,Technical Etude,73.467936508,22.593015873,96.06095238099999
Flute,Chromatic Scale,103.05015873,20.642539683,123.692698413
Flute,Major Scales,130.681904762,120.766984127,251.448888889
Flute,Sight-Reading,256.975238095,38.034285714,295.00952380900003
