Instrument,ScoreGroup,Start,Duration,End
Bb Clarinet,Lyrical Etude,11.88861678,116.28553288,128.17414966
Bb Clarinet,Technical Etude,132.260861678,37.894965986,170.15582766400001
Bb Clarinet,Chromatic Scale,177.214693878,13.003174603,190.21786848099998
Bb Clarinet,Major Scales,196.231836735,118.073469388,314.30530612300004
Bb Clarinet,Sight-Reading,318.066938776,61.857959184,379.92489795999995
