Instrument,ScoreGroup,Start,Duration,End
Flute,Lyrical Etude,11.23845805,58.607165533,69.845623583
Flute,Technical Etude,75.000453515,60.650521542,135.650975057
Flute,Chromatic Scale,143.638639456,18.390204082,162.028843538
Flute,Major Scales,170.527346939,136.254693878,306.78204081700005
Flute,Sight-Reading,313.782857143,97.384489796,411.167346939
