Instrument,ScoreGroup,Start,Duration,End
Flute,Lyrical Etude,9.914921,72.899048,82.81396899999999
Flute,Technical Etude,88.340317,51.687619,140.027936
Flute,Chromatic Scale,144.904127,19.911111,164.815238
Flute,Major Scales,172.617143,118.816508,291.433651
Flute,Sight-Reading,295.903492,59.164444,355.06793600000003
