Instrument,ScoreGroup,Start,Duration,End
Trumpet,Lyrical Etude,19.394483,66.858072,86.252555
Trumpet,Technical Etude,94.292449,27.928055,122.220504
Trumpet,Chromatic Scale,130.683552,23.696532,154.38008399999998
Trumpet,Major Scales,164.958892,106.211241,271.17013299999996
Trumpet,Sight-Reading,280.479484,56.702415,337.18189900000004
