Instrument,ScoreGroup,Start,Duration,End
Bb Clarinet,Lyrical Etude,7.523265306,94.45877551,101.982040816
Bb Clarinet,Technical Etude,106.161632653,25.913469388,132.075102041
Bb Clarinet,Chromatic Scale,135.41877551,13.374693878,148.79346938799998
Bb Clarinet,Major Scales,153.808979592,102.817959184,256.626938776
Bb Clarinet,Sight-Reading,261.64244898,44.303673469,305.946122449
