Instrument,ScoreGroup,Start,Duration,End
Bb Clarinet,Lyrical Etude,12.631655,131.703583,144.335238
Bb Clarinet,Technical Etude,150.836825,38.266485,189.10331000000002
Bb Clarinet,Chromatic Scale,197.276735,13.560454,210.837189
Bb Clarinet,Major Scales,220.12517,112.57034,332.69551
Bb Clarinet,Sight-Reading,339.197098,63.529796,402.72689399999996
