Instrument,ScoreGroup,Start,Duration,End
Flute,Lyrical Etude,6.501587,57.585488,64.087075
Flute,Technical Etude,65.666032,39.195283,104.861315
Flute,Chromatic Scale,106.347392,27.863946,134.211338
Flute,Major Scales,135.444898,104.228571,239.673469
Flute,Sight-Reading,242.938776,49.763265,292.702041
