Instrument,ScoreGroup,Start,Duration,End
Flute,Lyrical Etude,14.698231293,59.001904762,73.700136055
Flute,Technical Etude,80.805442177,42.980136054,123.785578231
Flute,Chromatic Scale,133.282539683,10.774058957,144.05659864
Flute,Major Scales,153.391020408,114.520816327,267.911836735
Flute,Sight-Reading,274.366984127,65.015873016,339.382857143
