Instrument,ScoreGroup,Start,Duration,End
Xylophone,Mallet Etude,10.774059,60.186122,70.96018099999999
Snare Drum,Snare Etude,77.090249,63.901315,140.99156399999998
Timpani,Timpani Etude,151.208345,65.944671,217.153016
Xylophone,Chromatic Scale,224.954921,9.659501,234.61442200000002
Xylophone,Major Scales,242.602086,104.954195,347.556281
Xylophone,Sight-Reading,353.872109,55.913651,409.78576000000004
Snare Drum,Sight-Reading,416.473107,33.622494,450.09560100000004
