Instrument,ScoreGroup,Start,Duration,End
Bb Clarinet,Lyrical Etude,16.402445,90.173048,106.575493
Bb Clarinet,Technical Etude,113.847513,47.995332,161.842845
Bb Clarinet,Chromatic Scale,171.538871,18.422451,189.961322
Bb Clarinet,Major Scales,200.14215,119.745929,319.888079
Bb Clarinet,Sight-Reading,328.129702,58.17616,386.305862
