Instrument,ScoreGroup,Start,Duration,End
Alto Saxophone,Lyrical Etude,10.402539682,69.485714285,79.888253967
Alto Saxophone,Technical Etude,86.471111111,23.73079365,110.201904761
Alto Saxophone,Chromatic Scale,116.459682539,11.459047619,127.918730158
Alto Saxophone,Major Scales,133.77015873,93.216507936,226.986666666
Alto Saxophone,Sight-Reading,231.212698412,47.136507936,278.349206348
