Instrument,ScoreGroup,Start,Duration,End
Bb Clarinet,Lyrical Etude,15.325170068,208.700952381,224.026122449
Bb Clarinet,Technical Etude,232.385306122,81.084081633,313.469387755
Bb Clarinet,Chromatic Scale,324.057687075,37.337687075,361.39537415
Bb Clarinet,Major Scales,370.033197279,119.536326531,489.56952380999996
Bb Clarinet,Sight-Reading,498.485986395,83.87047619,582.356462585
