Instrument,ScoreGroup,Start,Duration,End
Alto Saxophone,Lyrical Etude,14.512471655,59.4430839,73.955555555
Alto Saxophone,Technical Etude,80.74739229,20.549659863,101.297052153
Alto Saxophone,Chromatic Scale,107.334240362,10.042630385,117.376870747
Alto Saxophone,Major Scales,124.807256235,91.951020408,216.758276643
Alto Saxophone,Sight-Reading,223.724263038,40.634920634,264.359183672
