Instrument,ScoreGroup,Start,Duration,End
Flute,Lyrical Etude,16.718367,54.334694,71.053061
Flute,Technical Etude,77.438549,38.370975,115.809524
Flute,Chromatic Scale,120.743764,69.950113,190.693877
Flute,Major Scales,196.324717,123.472109,319.796826
Flute,Sight-Reading,323.163719,71.053061,394.21678
