Instrument,ScoreGroup,Start,Duration,End
Bb Clarinet,Lyrical Etude,12.840634921,52.3261678,65.166802721
Bb Clarinet,Technical Etude,71.053061224,27.445986395,98.49904761900001
Bb Clarinet,Chromatic Scale,106.289342404,12.567800454,118.857142858
Bb Clarinet,Major Scales,127.190204082,144.848979592,272.039183674
Bb Clarinet,Sight-Reading,278.935510204,84.271020408,363.20653061200005
