Instrument,ScoreGroup,Start,Duration,End
Alto Saxophone,Lyrical Etude,12.36462585,43.595464853,55.960090703000006
Alto Saxophone,Technical Etude,62.252698413,62.902857143,125.155555556
Alto Saxophone,Chromatic Scale,130.82122449,11.656417234,142.477641724
Alto Saxophone,Major Scales,149.211428571,102.260680272,251.472108843
Alto Saxophone,Sight-Reading,257.369977324,47.182947846,304.55292517
