Instrument,ScoreGroup,Start,Duration,End
Bb Clarinet,Lyrical Etude,11.377777778,61.927619048,73.30539682599999
Bb Clarinet,Technical Etude,80.782222222,31.207619048,111.98984127
Bb Clarinet,Chromatic Scale,118.653968254,12.353015873,131.006984127
Bb Clarinet,Major Scales,139.459047619,73.63047619,213.08952380899999
Bb Clarinet,Sight-Reading,219.753650794,46.161269841,265.914920635
