Instrument,ScoreGroup,Start,Duration,End
Alto Saxophone,Lyrical Etude,10.379319727,64.853333333,75.23265305999999
Alto Saxophone,Technical Etude,79.551564625,25.286530612,104.838095237
Alto Saxophone,Chromatic Scale,106.509931972,9.682721088,116.19265306
Alto Saxophone,Major Scales,122.392380952,52.523537414,174.915918366
Alto Saxophone,Sight-Reading,178.3292517,45.975510204,224.30476190399997
