Instrument,ScoreGroup,Start,Duration,End
Alto Saxophone,Lyrical Etude,9.822040816,159.033469387,168.855510203
Alto Saxophone,Technical Etude,174.706938775,59.454693877,234.16163265199998
Alto Saxophone,Chromatic Scale,240.64,9.613061224,250.253061224
Alto Saxophone,Major Scales,256.940408163,99.787755102,356.728163265
Alto Saxophone,Sight-Reading,361.273469387,48.953469387,410.22693877399996
