Instrument,ScoreGroup,Start,Duration,End
Bb Clarinet,Lyrical Etude,19.13324263,74.489614512,93.622857142
Bb Clarinet,Technical Etude,99.009886621,36.9661678,135.97605442100001
Bb Clarinet,Chromatic Scale,144.335238095,15.046530612,159.381768707
Bb Clarinet,Major Scales,166.812154195,117.214331065,284.02648526
Bb Clarinet,Sight-Reading,287.741678004,49.226303854,336.967981858
