Instrument,ScoreGroup,Start,Duration,End
Bb Clarinet,Lyrical Etude,11.284897959,61.022040816,72.306938775
Bb Clarinet,Technical Etude,78.158367347,35.108571429,113.26693877599999
Bb Clarinet,Chromatic Scale,119.954285714,14.907210884,134.861496598
Bb Clarinet,Major Scales,141.548843537,87.910748299,229.45959183600002
Bb Clarinet,Sight-Reading,235.311020408,51.826938776,287.137959184
