Instrument,ScoreGroup,Start,Duration,End
Flute,Lyrical Etude,12.260136054,56.84244898,69.102585034
Flute,Technical Etude,74.721814059,32.554376417,107.276190476
Flute,Chromatic Scale,114.845895692,13.514013605,128.359909297
Flute,Major Scales,136.533333333,105.975873016,242.509206349
Flute,Sight-Reading,248.035555556,56.563809524,304.59936508
