Instrument,ScoreGroup,Start,Duration,End
Xylophone,Mallet Etude,12.306576,64.365714,76.67229
Snare Drum,Snare Etude,83.359637,52.152018,135.51165500000002
Timpani,Timpani Etude,141.757823,71.122721,212.880544
Xylophone,Chromatic Scale,220.427029,11.354558,231.781587
Xylophone,Major Scales,239.792472,67.059229,306.851701
Xylophone,Sight-Reading,316.186122,89.675465,405.861587
Snare Drum,Sight-Reading,413.942132,39.497143,453.439275
