Instrument,ScoreGroup,Start,Duration,End
Bb Clarinet,Lyrical Etude,15.928888889,72.933877551,88.86276644
Bb Clarinet,Technical Etude,100.031564626,44.326893424,144.35845805
Bb Clarinet,Chromatic Scale,153.483900227,12.144036281,165.627936508
Bb Clarinet,Major Scales,177.586213152,114.59047619,292.17668934200003
Bb Clarinet,Sight-Reading,303.113287982,38.707664399,341.820952381
