Instrument,ScoreGroup,Start,Duration,End
Xylophone,Mallet Etude,14.675011,99.474286,114.149297
Snare Drum,Snare Etude,122.183401,47.041088,169.224489
Timpani,Timpani Etude,177.22449,59.804082,237.028572
Xylophone,Chromatic Scale,244.881633,9.942857,254.82449
Xylophone,Major Scales,262.808163,73.191837,336.0
Xylophone,Sight-Reading,341.893878,48.555102,390.44897999999995
Snare Drum,Sight-Reading,397.387755,34.82449,432.21224500000005
