Instrument,ScoreGroup,Start,Duration,End
Flute,Lyrical Etude,10.07746,52.175238,62.252698
Flute,Technical Etude,64.528254,23.893333,88.421587
Flute,Chromatic Scale,90.697143,14.466032,105.163175
Flute,Major Scales,107.43873,99.636825,207.075555
Flute,Sight-Reading,209.67619,39.659683,249.335873
