Instrument,ScoreGroup,Start,Duration,End
Flute,Lyrical Etude,10.24,63.686530612,73.926530612
Flute,Technical Etude,81.449795918,62.275918367,143.725714285
Flute,Chromatic Scale,151.56244898,27.376326531,178.938775511
Flute,Major Scales,185.109478458,122.22984127,307.339319728
Flute,Sight-Reading,312.819229025,69.38122449,382.20045351500005
