Instrument,ScoreGroup,Start,Duration,End
Bb Clarinet,Lyrical Etude,12.260136054,95.573333333,107.833469387
Bb Clarinet,Technical Etude,111.734421769,34.551292517,146.285714286
Bb Clarinet,Chromatic Scale,151.858503401,16.439727891,168.298231292
Bb Clarinet,Major Scales,171.990204082,131.239183673,303.229387755
Bb Clarinet,Sight-Reading,304.90122449,68.127346939,373.028571429
