Instrument,ScoreGroup,Start,Duration,End
Alto Saxophone,Lyrical Etude,10.971428571,66.966349206,77.93777777700001
Alto Saxophone,Technical Etude,83.789206349,19.829841269,103.619047618
Alto Saxophone,Chromatic Scale,108.901587301,13.328253968,122.229841269
Alto Saxophone,Major Scales,129.137777777,112.396190476,241.533968253
Alto Saxophone,Sight-Reading,247.304126984,40.147301587,287.451428571
