Instrument,ScoreGroup,Start,Duration,End
Bb Clarinet,Lyrical Etude,14.733061224,50.102857143,64.835918367
Bb Clarinet,Technical Etude,73.586938776,30.45877551,104.04571428599999
Bb Clarinet,Chromatic Scale,112.718367347,18.599183673,131.31755102
Bb Clarinet,Major Scales,142.367346939,130.327800454,272.69514739299996
Bb Clarinet,Sight-Reading,280.915011338,62.78675737,343.701768708
