Instrument,ScoreGroup,Start,Duration,End
Flute,Lyrical Etude,16.079819,39.531973,55.611792
Flute,Technical Etude,60.023583,45.336961,105.360544
Flute,Chromatic Scale,112.79093,27.051247,139.842177
Flute,Major Scales,150.407256,85.797732,236.204988
Flute,Sight-Reading,241.835828,36.04898,277.884808
