Instrument,ScoreGroup,Start,Duration,End
Flute,Lyrical Etude,8.266304,51.548299,59.814603
Flute,Technical Etude,63.994195,22.941315,86.93551
Flute,Chromatic Scale,93.901497,13.467574,107.369071
Flute,Major Scales,113.777778,102.35356,216.131338
Flute,Sight-Reading,221.889887,52.662857,274.55274399999996
