Instrument,ScoreGroup,Start,Duration,End
Alto Saxophone,Lyrical Etude,11.145578231,80.619682539,91.76526077
Alto Saxophone,Technical Etude,97.895328798,39.195283446,137.090612244
Alto Saxophone,Chromatic Scale,146.192834467,9.659501133,155.8523356
Alto Saxophone,Major Scales,164.397278911,76.161451247,240.558730158
Alto Saxophone,Sight-Reading,247.06031746,39.195283446,286.255600906
