Instrument,ScoreGroup,Start,Duration,End
Trumpet,Lyrical Etude,13.746213151,46.068390022,59.814603173
Trumpet,Technical Etude,63.901315192,34.179773242,98.08108843400001
Trumpet,Chromatic Scale,104.396916099,11.145578231,115.54249433
Trumpet,Major Scales,123.994557823,42.26031746,166.254875283
Trumpet,Sight-Reading,170.248707482,46.439909297,216.68861677899997
