Instrument,ScoreGroup,Start,Duration,End
Bb Clarinet,Lyrical Etude,12.146939,68.571429,80.718368
Bb Clarinet,Technical Etude,85.356553,37.802086,123.15863900000001
Bb Clarinet,Chromatic Scale,129.697959,73.665306,203.363265
Bb Clarinet,Major Scales,213.809342,120.372245,334.181587
Bb Clarinet,Sight-Reading,338.08254,105.882993,443.965533
