Instrument,ScoreGroup,Start,Duration,End
Flute,Lyrical Etude,10.727619,38.684444,49.412063
Flute,Technical Etude,53.313016,47.136508,100.449524
Flute,Chromatic Scale,109.226667,13.165714,122.392381
Flute,Major Scales,130.031746,59.814603,189.846349
Flute,Sight-Reading,193.422222,39.822222,233.244444
