Instrument,ScoreGroup,Start,Duration,End
Flute,Lyrical Etude,13.328253968,57.213968254,70.542222222
Flute,Technical Etude,74.768253968,42.91047619,117.678730158
Flute,Chromatic Scale,124.505396825,12.678095238,137.18349206300002
Flute,Major Scales,143.36,93.297777778,236.65777777800002
Flute,Sight-Reading,241.208888889,46.161269841,287.37015873
