Instrument,ScoreGroup,Start,Duration,End
Bb Clarinet,Lyrical Etude,13.931973,116.285533,130.21750600000001
Bb Clarinet,Technical Etude,138.01941,54.427574,192.446984
Bb Clarinet,Chromatic Scale,201.920726,14.117732,216.038458
Bb Clarinet,Major Scales,225.5122,112.57034,338.08254
Bb Clarinet,Sight-Reading,345.512925,66.31619,411.829115
