Instrument,ScoreGroup,Start,Duration,End
Flute,Lyrical Etude,11.859592,32.966531,44.826123
Flute,Technical Etude,50.834286,48.169796,99.004082
Flute,Chromatic Scale,109.244082,36.989388,146.23347
Flute,Major Scales,155.062857,99.683265,254.746122
Flute,Sight-Reading,260.702041,57.782857,318.484898
