Instrument,ScoreGroup,Start,Duration,End
Flute,Lyrical Etude,14.628571,83.069388,97.697959
Flute,Technical Etude,102.922449,34.742857,137.665306
Flute,Chromatic Scale,143.412245,19.069388,162.48163300000002
Flute,Major Scales,166.661224,102.922449,269.583673
Flute,Sight-Reading,283.95102,70.530612,354.48163200000005
