Instrument,ScoreGroup,Start,Duration,End
Flute,Lyrical Etude,10.971429,68.702041,79.67347
Flute,Technical Etude,83.330612,25.861224,109.191836
Flute,Chromatic Scale,114.416327,17.240816,131.657143
Flute,Major Scales,135.836735,96.653061,232.489796
Flute,Sight-Reading,238.759184,56.42449,295.183674
