Instrument,ScoreGroup,Start,Duration,End
Bb Clarinet,Lyrical Etude,6.269388,75.232653,81.502041
Bb Clarinet,Technical Etude,86.987755,22.726531,109.71428600000002
Bb Clarinet,Chromatic Scale,115.983673,15.412245,131.395918
Bb Clarinet,Major Scales,139.755102,91.167347,230.922449
Bb Clarinet,Sight-Reading,236.146939,31.608163,267.755102
