Instrument,ScoreGroup,Start,Duration,End
Bb Clarinet,Lyrical Etude,20.131701,85.286893,105.41859400000001
Bb Clarinet,Technical Etude,112.61678,95.062494,207.67927400000002
Bb Clarinet,Chromatic Scale,229.111293,19.713741,248.825034
Bb Clarinet,Major Scales,256.603719,112.965079,369.568798
Bb Clarinet,Sight-Reading,374.259229,50.433741,424.69297
