Instrument,ScoreGroup,Start,Duration,End
Flute,Lyrical Etude,10.727619047,94.923174603,105.65079365000001
Flute,Technical Etude,108.901587301,26.168888888,135.070476189
Flute,Chromatic Scale,141.572063492,13.328253968,154.90031746000002
Flute,Major Scales,161.239365079,101.424761904,262.664126983
Flute,Sight-Reading,267.215238095,37.221587301,304.436825396
