Instrument,ScoreGroup,Start,Duration,End
Bb Clarinet,Lyrical Etude,12.8,100.963265,113.763265
Bb Clarinet,Technical Etude,117.028571,56.555102,173.583673
Bb Clarinet,Chromatic Scale,179.722449,15.804082,195.526531
Bb Clarinet,Major Scales,201.012245,107.232653,308.24489800000003
Bb Clarinet,Sight-Reading,320.0,79.934694,399.934694
