Instrument,ScoreGroup,Start,Duration,End
Flute,Lyrical Etude,16.253968,43.560635,59.814603
Flute,Technical Etude,66.31619,22.430476,88.746666
Flute,Chromatic Scale,96.223492,12.027937,108.25142899999999
Flute,Major Scales,116.378413,108.251429,224.629842
Flute,Sight-Reading,229.831111,46.16127,275.992381
