Instrument,ScoreGroup,Start,Duration,End
Flute,Lyrical Etude,11.075918367,50.573061224,61.648979591
Flute,Technical Etude,65.828571428,21.942857142,87.77142857000001
Flute,Chromatic Scale,93.622857142,12.747755102,106.370612244
Flute,Major Scales,114.729795918,93.204897959,207.93469387699997
Flute,Sight-Reading,211.69632653,45.55755102,257.25387754999997
