Instrument,ScoreGroup,Start,Duration,End
Alto Saxophone,Lyrical Etude,10.448979591,50.259591836,60.708571426999995
Alto Saxophone,Technical Etude,65.51510204,51.931428571,117.446530611
Alto Saxophone,Chromatic Scale,122.671020408,10.135510204,132.80653061200002
Alto Saxophone,Major Scales,137.822040816,73.45632653,211.27836734599998
Alto Saxophone,Sight-Reading,216.711836734,48.587755102,265.299591836
