Instrument,ScoreGroup,Start,Duration,End
Bb Clarinet,Lyrical Etude,11.133968254,43.398095238,54.532063492000006
Bb Clarinet,Technical Etude,58.282086168,32.740136054,91.022222222
Bb Clarinet,Chromatic Scale,96.827210884,19.795011338,116.62222222199999
Bb Clarinet,Major Scales,122.136961451,86.56399093,208.700952381
Bb Clarinet,Sight-Reading,212.532244898,54.19537415,266.727619048
