Instrument,ScoreGroup,Start,Duration,End
Alto Saxophone,Lyrical Etude,23.893333,89.489705,113.383038
Alto Saxophone,Technical Etude,126.130794,18.784943,144.91573699999998
Alto Saxophone,Chromatic Scale,156.595374,9.404082,165.99945599999998
Alto Saxophone,Major Scales,174.358639,49.621043,223.97968200000003
Alto Saxophone,Sight-Reading,233.569524,37.964626,271.53415
