Instrument,ScoreGroup,Start,Duration,End
Bb Clarinet,Lyrical Etude,17.136326531,50.526621315,67.66294784600001
Bb Clarinet,Technical Etude,72.492698413,26.377868481,98.870566894
Bb Clarinet,Chromatic Scale,105.116734694,11.58675737,116.703492064
Bb Clarinet,Major Scales,123.994557823,117.402993197,241.39755101999998
Bb Clarinet,Sight-Reading,248.137142857,48.90122449,297.03836734699996
