Instrument,ScoreGroup,Start,Duration,End
Xylophone,Mallet Etude,9.845261,48.111746,57.957007
Snare Drum,Snare Etude,64.272834,64.272834,128.545668
Timpani,Timpani Etude,137.462132,54.241814,191.703946
Xylophone,Chromatic Scale,199.87737,7.430385,207.30775500000001
Xylophone,Major Scales,213.623583,82.848798,296.472381
Xylophone,Sight-Reading,300.187574,52.755737,352.943311
Snare Drum,Sight-Reading,357.030023,32.693696,389.723719
