Instrument,ScoreGroup,Start,Duration,End
Xylophone,Mallet Etude,16.065306,51.2,67.26530600000001
Snare Drum,Snare Etude,73.534694,85.028571,158.563265
Timpani,Timpani Etude,165.746939,91.297959,257.044898
Xylophone,Chromatic Scale,267.075918,7.523265,274.599183
Xylophone,Major Scales,280.682812,122.415601,403.098413
Xylophone,Sight-Reading,408.75102,42.906122,451.65714199999996
Snare Drum,Sight-Reading,457.404082,30.367347,487.771429
