Instrument,ScoreGroup,Start,Duration,End
Flute,Lyrical Etude,14.396371882,53.684535147,68.080907029
Flute,Technical Etude,76.532970522,36.780408163,113.313378685
Flute,Chromatic Scale,122.508480726,9.287981859,131.796462585
Flute,Major Scales,144.195918367,100.867482993,245.06340136
Flute,Sight-Reading,253.190385488,48.947664399,302.138049887
