Instrument,ScoreGroup,Start,Duration,End
Alto Saxophone,Lyrical Etude,13.699773242,179.258049886,192.957823128
Alto Saxophone,Technical Etude,198.530612244,49.458503401,247.989115645
Alto Saxophone,Chromatic Scale,253.329705215,10.448979591,263.778684806
Alto Saxophone,Major Scales,269.351473922,88.46802721,357.819501132
Alto Saxophone,Sight-Reading,362.463492063,43.421315192,405.884807255
