Instrument,ScoreGroup,Start,Duration,End
Alto Saxophone,Lyrical Etude,14.303492063,172.570702947,186.87419501
Alto Saxophone,Technical Etude,192.632743764,45.325351473,237.958095237
Alto Saxophone,Chromatic Scale,245.016961451,8.730702947,253.74766439799998
Alto Saxophone,Major Scales,260.806530612,86.563990929,347.370521541
Alto Saxophone,Sight-Reading,352.943310657,32.136417233,385.07972788999996
