Instrument,ScoreGroup,Start,Duration,End
Trumpet,Lyrical Etude,12.813463,59.716696,72.530159
Trumpet,Technical Etude,79.324274,23.243025,102.567299
Trumpet,Chromatic Scale,110.434169,8.939625,119.373794
Trumpet,Major Scales,128.31342,101.554142,229.86756200000002
Trumpet,Sight-Reading,235.588921,48.273976,283.862897
