Instrument,ScoreGroup,Start,Duration,End
Xylophone,Mallet Etude,13.281814,40.402721,53.684535
Snare Drum,Snare Etude,62.693878,86.334694,149.028572
Timpani,Timpani Etude,155.167347,62.302041,217.469388
Xylophone,Chromatic Scale,226.162358,16.904127,243.066485
Xylophone,Major Scales,251.493878,49.567347,301.061225
Xylophone,Sight-Reading,309.942857,22.073469,332.016326
Snare Drum,Sight-Reading,342.334694,25.012245,367.346939
