Instrument,ScoreGroup,Start,Duration,End
Alto Saxophone,Lyrical Etude,11.122358277,55.936870748,67.059229025
Alto Saxophone,Technical Etude,71.192380952,34.644172336,105.83655328799999
Alto Saxophone,Chromatic Scale,110.99138322,16.695147392,127.686530612
Alto Saxophone,Major Scales,133.189659864,83.359637188,216.549297052
Alto Saxophone,Sight-Reading,221.146848073,67.779047619,288.925895692
