Instrument,ScoreGroup,Start,Duration,End
Alto Saxophone,Lyrical Etude,13.003174603,68.638185941,81.64136054400001
Alto Saxophone,Technical Etude,87.585668934,23.870113378,111.455782312
Alto Saxophone,Chromatic Scale,117.957369614,10.031020408,127.988390022
Alto Saxophone,Major Scales,134.304217687,62.600997732,196.905215419
Alto Saxophone,Sight-Reading,207.40063492,49.876462585,257.277097505
