Instrument,ScoreGroup,Start,Duration,End
Flute,Lyrical Etude,9.346031746,25.832199546,35.178231292
Flute,Technical Etude,39.00952381,50.143492063,89.15301587299999
Flute,Chromatic Scale,95.027664399,35.816780045,130.844444444
Flute,Major Scales,136.997732426,100.124444444,237.12217687
Flute,Sight-Reading,241.7661678,61.950839002,303.717006802
