Instrument,ScoreGroup,Start,Duration,End
Xylophone,Mallet Etude,15.51093,35.015692,50.526622
Snare Drum,Snare Etude,60.734694,71.183673,131.918367
Timpani,Timpani Etude,138.77551,50.938776,189.714286
Xylophone,Chromatic Scale,202.77551,7.836735,210.612245
Xylophone,Major Scales,216.595737,93.251338,309.847075
Xylophone,Sight-Reading,317.97551,47.085714,365.061224
Snare Drum,Sight-Reading,372.897959,36.767347,409.665306
