Instrument,ScoreGroup,Start,Duration,End
Xylophone,Mallet Etude,13.560454,45.853991,59.414445
Snare Drum,Snare Etude,65.944671,78.153991,144.098662
Timpani,Timpani Etude,150.651066,60.496009,211.14707499999997
Xylophone,Chromatic Scale,217.153016,9.616009,226.769025
Xylophone,Major Scales,234.428662,115.28,349.708662
Xylophone,Sight-Reading,354.243628,50.597007,404.840635
Snare Drum,Sight-Reading,407.928163,46.71,454.63816299999996
