Instrument,ScoreGroup,Start,Duration,End
Flute,Lyrical Etude,13.746213,31.021859,44.768072
Flute,Technical Etude,49.412063,42.353197,91.76526000000001
Flute,Chromatic Scale,100.124444,33.994014,134.118458
Flute,Major Scales,142.291882,112.7561,255.047982
Flute,Sight-Reading,270.094512,26.006349,296.100861
