Instrument,ScoreGroup,Start,Duration,End
Bb Clarinet,Lyrical Etude,12.53877551,96.827210884,109.365986394
Bb Clarinet,Technical Etude,116.680272109,37.035827664,153.716099773
Bb Clarinet,Chromatic Scale,161.146485261,10.797278912,171.943764173
Bb Clarinet,Major Scales,177.771972789,124.83047619,302.602448979
Bb Clarinet,Sight-Reading,306.317641723,45.975510204,352.293151927
