Instrument,ScoreGroup,Start,Duration,End
Bb Clarinet,Lyrical Etude,11.563537415,70.751201814,82.314739229
Bb Clarinet,Technical Etude,87.539229025,42.376417234,129.915646259
Bb Clarinet,Chromatic Scale,137.903310658,15.510929705,153.414240363
Bb Clarinet,Major Scales,160.287346939,121.068843537,281.356190476
Bb Clarinet,Sight-Reading,286.302040816,42.422857143,328.724897959
