Instrument,ScoreGroup,Start,Duration,End
Flute,Lyrical Etude,13.746213152,30.278820862,44.025034014
Flute,Technical Etude,48.669024943,29.535782313,78.204807256
Flute,Chromatic Scale,85.077913832,29.907301587,114.98521541899999
Flute,Major Scales,120.92952381,97.895328798,218.82485260800001
Flute,Sight-Reading,223.2830839,52.384217687,275.667301587
