Instrument,ScoreGroup,Start,Duration,End
Flute,Lyrical Etude,11.052698412,50.712380952,61.765079363999995
Flute,Technical Etude,66.316190476,27.631746031,93.94793650700001
Flute,Chromatic Scale,100.774603174,22.43047619,123.205079364
Flute,Major Scales,130.356825396,126.13079365,256.487619046
Flute,Sight-Reading,261.363809523,68.266666666,329.630476189
