Instrument,ScoreGroup,Start,Duration,End
Flute,Lyrical Etude,13.18893424,55.402811791,68.591746031
Flute,Technical Etude,74.222585034,38.208435374,112.431020408
Flute,Chromatic Scale,121.660952381,10.379319728,132.040272109
Flute,Major Scales,137.996190476,101.668571429,239.664761905
Flute,Sight-Reading,245.016961451,56.84244898,301.859410431
