Instrument,ScoreGroup,Start,Duration,End
Xylophone,Mallet Etude,12.120816,30.55746,42.678276
Snare Drum,Snare Etude,49.133424,63.808435,112.941859
Timpani,Timpani Etude,119.314286,54.204082,173.518368
Xylophone,Chromatic Scale,179.363265,7.085714,186.448979
Xylophone,Major Scales,192.391837,99.526531,291.918368
Xylophone,Sight-Reading,297.354739,30.000181,327.35492
Snare Drum,Sight-Reading,333.345669,38.173605,371.519274
