Instrument,ScoreGroup,Start,Duration,End
Flute,Lyrical Etude,14.210612245,41.888798186,56.099410431
Flute,Technical Etude,59.535963719,41.517278912,101.053242631
Flute,Chromatic Scale,108.855147392,38.823764172,147.678911564
Flute,Major Scales,151.579863946,123.019319728,274.59918367399996
Flute,Sight-Reading,279.614693878,51.687619048,331.302312926
