Instrument,ScoreGroup,Start,Duration,End
Flute,Lyrical Etude,12.353016,41.703039,54.056055
Flute,Technical Etude,57.167528,40.356281,97.523809
Flute,Chromatic Scale,104.396916,23.312834,127.70975
Flute,Major Scales,134.582857,77.04381,211.626667
Flute,Sight-Reading,217.106576,48.343946,265.450522
