Instrument,ScoreGroup,Start,Duration,End
Flute,Lyrical Etude,14.164172,42.608617,56.772789
Flute,Technical Etude,60.487982,27.515646,88.003628
Flute,Chromatic Scale,94.156916,14.512472,108.669388
Flute,Major Scales,113.429478,116.331973,229.76145100000002
Flute,Sight-Reading,232.315646,53.870295,286.18594099999996
