Instrument,ScoreGroup,Start,Duration,End
Flute,Lyrical Etude,13.931972789,66.873469388,80.805442177
Flute,Technical Etude,85.635192744,28.792743764,114.42793650799999
Flute,Chromatic Scale,121.486802721,17.83292517,139.319727891
Flute,Major Scales,146.192834467,119.071927438,265.264761905
Flute,Sight-Reading,270.651791383,53.870294785,324.522086168
