Instrument,ScoreGroup,Start,Duration,End
Flute,Lyrical Etude,7.941224489,61.022040816,68.963265305
Flute,Technical Etude,73.700136054,32.182857142,105.882993196
Flute,Chromatic Scale,110.619863945,40.681360544,151.301224489
Flute,Major Scales,158.151111111,112.802539682,270.953650793
Flute,Sight-Reading,277.942857142,86.958730158,364.90158729999996
