Instrument,ScoreGroup,Start,Duration,End
Alto Saxophone,Lyrical Etude,14.675011338,77.833287982,92.50829932
Alto Saxophone,Technical Etude,100.310204082,48.970884354,149.281088436
Alto Saxophone,Chromatic Scale,157.535782313,14.419591837,171.95537415
Alto Saxophone,Major Scales,180.976326531,89.86122449,270.837551021
Alto Saxophone,Sight-Reading,278.047346939,56.389659864,334.43700680300003
