Instrument,ScoreGroup,Start,Duration,End
Flute,Lyrical Etude,21.455238095,49.969342404,71.424580499
Flute,Technical Etude,76.335600907,24.787301587,101.122902494
Flute,Chromatic Scale,107.334240363,16.950566893,124.28480725600001
Flute,Major Scales,131.982222222,82.291519274,214.27374149599999
Flute,Sight-Reading,218.453333333,39.566802721,258.020136054
