Instrument,ScoreGroup,Start,Duration,End
Bb Clarinet,Lyrical Etude,15.804082,54.227302,70.031384
Bb Clarinet,Technical Etude,81.92,25.72771,107.64771
Bb Clarinet,Chromatic Scale,118.700408,13.839093,132.539501
Bb Clarinet,Major Scales,142.889796,109.371791,252.261587
Bb Clarinet,Sight-Reading,260.04898,45.64898,305.69795999999997
