Instrument,ScoreGroup,Start,Duration,End
Bb Clarinet,Lyrical Etude,9.218321995,50.410521542,59.628843536999995
Bb Clarinet,Technical Etude,63.878095238,52.616417234,116.494512472
Bb Clarinet,Chromatic Scale,122.415600907,16.509387755,138.924988662
Bb Clarinet,Major Scales,145.960634921,144.230748299,290.19138322000003
Bb Clarinet,Sight-Reading,294.13877551,71.952834467,366.091609977
