Instrument,ScoreGroup,Start,Duration,End
Flute,Lyrical Etude,17.647165532,101.239002267,118.886167799
Flute,Technical Etude,125.155555555,27.167346938,152.32290249300002
Flute,Chromatic Scale,161.8430839,17.182766439,179.02585033900002
Flute,Major Scales,186.456235827,109.598185941,296.054421768
Flute,Sight-Reading,302.323809523,47.600907029,349.924716552
