Instrument,ScoreGroup,Start,Duration,End
Alto Saxophone,Lyrical Etude,15.020408163,48.914285714,63.934693877
Alto Saxophone,Technical Etude,69.102585034,24.613151927,93.715736961
Alto Saxophone,Chromatic Scale,100.734693871,11.281632653,112.01632652400001
Alto Saxophone,Major Scales,118.514648521,62.415238095,180.929886616
Alto Saxophone,Sight-Reading,186.038276641,46.347029478,232.385306119
