Instrument,ScoreGroup,Start,Duration,End
Flute,Lyrical Etude,11.363265,26.644898,38.008163
Flute,Technical Etude,42.057143,26.383673,68.44081600000001
Flute,Chromatic Scale,77.97551,19.591837,97.567347
Flute,Major Scales,110.628571,94.040816,204.669387
Flute,Sight-Reading,210.285714,48.326531,258.61224500000003
