Instrument,ScoreGroup,Start,Duration,End
Bb Clarinet,Lyrical Etude,10.448979591,41.926530612,52.375510203000005
Bb Clarinet,Technical Etude,56.032653061,48.195918367,104.228571428
Bb Clarinet,Chromatic Scale,109.061224489,14.497959183,123.559183672
Bb Clarinet,Major Scales,131.265306122,82.41632653,213.68163265200002
Bb Clarinet,Sight-Reading,218.383673469,51.591836734,269.975510203
