Instrument,ScoreGroup,Start,Duration,End
Flute,Lyrical Etude,9.195102,48.274286,57.469387999999995
Flute,Technical Etude,60.813061,23.196735,84.009796
Flute,Chromatic Scale,88.816327,11.493878,100.310205
Flute,Major Scales,104.489796,86.517551,191.00734699999998
Flute,Sight-Reading,194.56,70.426122,264.986122
