Instrument,ScoreGroup,Start,Duration,End
Bb Clarinet,Lyrical Etude,8.730702948,80.294603175,89.02530612300001
Bb Clarinet,Technical Etude,93.669297052,77.554648526,171.22394557799998
Bb Clarinet,Chromatic Scale,181.858684807,20.921179138,202.779863945
Bb Clarinet,Major Scales,210.651428571,106.324172336,316.975600907
Bb Clarinet,Sight-Reading,323.221768707,83.777596372,406.99936507900003
