Instrument,ScoreGroup,Start,Duration,End
Flute,Lyrical Etude,18.645623583,51.397369615,70.042993198
Flute,Technical Etude,77.206349206,22.372426304,99.57877551
Flute,Chromatic Scale,109.331156463,21.188208617,130.51936508
Flute,Major Scales,142.364444444,151.016780045,293.381224489
Flute,Sight-Reading,299.726077098,57.716099773,357.442176871
