Instrument,ScoreGroup,Start,Duration,End
Flute,Lyrical Etude,20.967619048,39.706122449,60.673741496999995
Flute,Technical Etude,70.170702948,33.761814059,103.932517007
Flute,Chromatic Scale,114.381496599,14.048072562,128.429569161
Flute,Major Scales,139.946666667,116.703492063,256.65015873
Flute,Sight-Reading,264.080544218,49.690702948,313.771247166
