Instrument,ScoreGroup,Start,Duration,End
Flute,Lyrical Etude,11.145578231,55.727891156,66.873469387
Flute,Technical Etude,73.142857142,22.058956916,95.201814058
Flute,Chromatic Scale,103.560997732,17.647165532,121.208163264
Flute,Major Scales,130.496145124,120.047165532,250.54331065600002
Flute,Sight-Reading,254.722902494,45.046712018,299.76961451200003
