Instrument,ScoreGroup,Start,Duration,End
Alto Saxophone,Lyrical Etude,11.354557823,78.251247166,89.605804989
Alto Saxophone,Technical Etude,96.130612245,36.524988662,132.655600907
Alto Saxophone,Chromatic Scale,138.344489796,8.846802721,147.191292517
Alto Saxophone,Major Scales,151.533424036,92.786938776,244.320362812
Alto Saxophone,Sight-Reading,248.662494331,55.611791383,304.27428571400003
