Instrument,ScoreGroup,Start,Duration,End
Flute,Lyrical Etude,2.089795918,50.329251701,52.419047619
Flute,Technical Etude,58.189206349,64.772063492,122.961269841
Flute,Chromatic Scale,129.335147392,12.678095238,142.01324263
Flute,Major Scales,152.090702948,107.276190476,259.366893424
Flute,Sight-Reading,266.565079365,50.143492063,316.70857142799997
