Instrument,ScoreGroup,Start,Duration,End
Flute,Lyrical Etude,10.44898,72.359184,82.808164
Flute,Technical Etude,85.681633,45.061224,130.74285700000001
Flute,Chromatic Scale,137.012245,11.363265,148.37551000000002
Flute,Major Scales,154.514286,91.297959,245.81224500000002
Flute,Sight-Reading,249.6,47.542857,297.142857
