Instrument,ScoreGroup,Start,Duration,End
Trumpet,Lyrical Etude,17.240816326,37.87755102,55.118367346
Trumpet,Technical Etude,70.791836734,26.644897959,97.436734693
Trumpet,Chromatic Scale,105.795918367,14.889795918,120.685714285
Trumpet,Major Scales,131.134693877,99.004081632,230.13877550899997
Trumpet,Sight-Reading,241.371428571,47.542857142,288.914285713
