Instrument,ScoreGroup,Start,Duration,End
Bb Clarinet,Lyrical Etude,11.702857143,82.860408163,94.563265306
Bb Clarinet,Technical Etude,100.519183673,38.870204082,139.389387755
Bb Clarinet,Chromatic Scale,145.031836735,12.53877551,157.570612245
Bb Clarinet,Major Scales,162.795102041,113.580408163,276.375510204
Bb Clarinet,Sight-Reading,281.6,52.349387755,333.94938775500003
