Instrument,ScoreGroup,Start,Duration,End
Alto Saxophone,Lyrical Etude,12.051156463,52.477097506,64.528253969
Alto Saxophone,Technical Etude,66.316190476,36.36244898,102.67863945600001
Alto Saxophone,Chromatic Scale,109.203446712,11.772517007,120.975963719
Alto Saxophone,Major Scales,127.593650794,73.375056689,200.968707483
Alto Saxophone,Sight-Reading,204.683900227,42.028117914,246.71201814100002
