Instrument,ScoreGroup,Start,Duration,End
Bb Clarinet,Lyrical Etude,9.659501,72.446259,82.10576
Bb Clarinet,Technical Etude,85.077914,24.891791,109.969705
Bb Clarinet,Chromatic Scale,114.427937,14.860771,129.28870799999999
Bb Clarinet,Major Scales,130.031746,70.217143,200.248889
Bb Clarinet,Sight-Reading,204.335601,44.025034,248.360635
