Instrument,ScoreGroup,Start,Duration,End
Trumpet,Lyrical Etude,12.01632653,42.840816326,54.857142856
Trumpet,Technical Etude,60.186122448,37.894965986,98.08108843400001
Trumpet,Chromatic Scale,105.047074829,11.424217687,116.47129251599999
Trumpet,Major Scales,118.334693877,98.481632653,216.81632653000003
Trumpet,Sight-Reading,223.085714285,65.175510204,288.261224489
