Instrument,ScoreGroup,Start,Duration,End
Xylophone,Mallet Etude,11.238458,80.178503,91.416961
Snare Drum,Snare Etude,99.613605,114.822676,214.436281
Timpani,Timpani Etude,221.402268,42.446077,263.848345
Xylophone,Chromatic Scale,276.38712,9.566621,285.953741
Xylophone,Major Scales,293.639546,111.896961,405.53650700000003
Xylophone,Sight-Reading,418.214603,28.606984,446.821587
Snare Drum,Sight-Reading,453.741134,30.998639,484.739773
