Instrument,ScoreGroup,Start,Duration,End
Bb Clarinet,Lyrical Etude,10.286439909,74.954013605,85.240453514
Bb Clarinet,Technical Etude,91.347301587,39.102403628,130.449705215
Bb Clarinet,Chromatic Scale,137.322811791,14.373151927,151.695963718
Bb Clarinet,Major Scales,159.033469388,109.969705215,269.003174603
Bb Clarinet,Sight-Reading,275.690521542,42.794376417,318.484897959
