Instrument,ScoreGroup,Start,Duration,End
Alto Saxophone,Lyrical Etude,14.396371882,49.458503401,63.854875283
Alto Saxophone,Technical Etude,69.427664399,24.613151927,94.040816326
Alto Saxophone,Chromatic Scale,98.684807256,12.306575963,110.991383219
Alto Saxophone,Major Scales,119.350566893,58.049886621,177.400453514
Alto Saxophone,Sight-Reading,182.741043083,35.526530612,218.267573695
