Instrument,ScoreGroup,Start,Duration,End
Xylophone,Mallet Etude,15.804082,42.840816,58.644898
Snare Drum,Snare Etude,67.616508,45.511111,113.127619
Timpani,Timpani Etude,121.579683,74.954014,196.53369700000002
Xylophone,Chromatic Scale,205.583673,14.008163,219.591836
Xylophone,Major Scales,227.555556,102.910839,330.466395
Xylophone,Sight-Reading,338.742857,23.836735,362.579592
Snare Drum,Sight-Reading,370.873469,25.208163,396.081632
