Instrument,ScoreGroup,Start,Duration,End
Bb Clarinet,Lyrical Etude,13.453061,70.269388,83.72244900000001
Bb Clarinet,Technical Etude,88.096508,24.334512,112.43102
Bb Clarinet,Chromatic Scale,120.04898,11.755102,131.804082
Bb Clarinet,Major Scales,138.187755,112.123356,250.311111
Bb Clarinet,Sight-Reading,254.119184,42.817596,296.93678
