Instrument,ScoreGroup,Start,Duration,End
Bb Clarinet,Lyrical Etude,12.097596372,111.711201814,123.808798186
Bb Clarinet,Technical Etude,129.729886621,52.453877551,182.183764172
Bb Clarinet,Chromatic Scale,188.778231293,13.003174603,201.781405896
Bb Clarinet,Major Scales,206.959455782,112.268480726,319.22793650799997
Bb Clarinet,Sight-Reading,323.453968254,59.466303855,382.920272109
