Instrument,ScoreGroup,Start,Duration,End
Bb Clarinet,Lyrical Etude,12.050394,84.857861,96.908255
Bb Clarinet,Technical Etude,104.268375,42.861879,147.130254
Bb Clarinet,Chromatic Scale,158.386909,13.854345,172.241254
Bb Clarinet,Major Scales,180.900219,118.627826,299.528045
Bb Clarinet,Sight-Reading,308.187011,29.007534,337.194545
