Instrument,ScoreGroup,Start,Duration,End
Alto Saxophone,Lyrical Etude,15.034920634,153.843809523,168.878730157
Alto Saxophone,Technical Etude,174.08,68.185396825,242.265396825
Alto Saxophone,Chromatic Scale,247.71047619,14.384761904,262.095238094
Alto Saxophone,Major Scales,268.434285714,97.848888888,366.28317460200003
Alto Saxophone,Sight-Reading,370.996825396,42.585396825,413.582222221
