Instrument,ScoreGroup,Start,Duration,End
Flute,Lyrical Etude,9.287981859,70.217142857,79.505124716
Flute,Technical Etude,87.307029478,41.981678005,129.288707483
Flute,Chromatic Scale,137.090612245,12.631655329,149.722267574
Flute,Major Scales,161.610884354,108.483628118,270.094512472
Flute,Sight-Reading,278.267936508,48.669024943,326.936961451
