Instrument,ScoreGroup,Start,Duration,End
Flute,Lyrical Etude,15.615419501,23.336054422,38.951473923
Flute,Technical Etude,43.595464853,29.37324263,72.968707483
Flute,Chromatic Scale,81.26984127,18.808163265,100.078004535
Flute,Major Scales,108.17015873,88.421587302,196.591746032
Flute,Sight-Reading,200.736507937,54.044444444,254.780952381
