Instrument,ScoreGroup,Start,Duration,End
Xylophone,Mallet Etude,15.15102,45.97551,61.12653
Snare Drum,Snare Etude,65.828571,54.334694,120.163265
Timpani,Timpani Etude,123.297959,85.159184,208.457143
Xylophone,Chromatic Scale,214.073469,19.069388,233.142857
Xylophone,Major Scales,239.815692,107.74059,347.556282
Xylophone,Sight-Reading,352.757551,60.186122,412.943673
Snare Drum,Sight-Reading,419.63102,37.151927,456.782947
