Instrument,ScoreGroup,Start,Duration,End
Xylophone,Mallet Etude,15.673469,54.987755,70.661224
Snare Drum,Snare Etude,76.277551,86.987755,163.265306
Timpani,Timpani Etude,169.970068,110.341224,280.311292
Xylophone,Chromatic Scale,288.113197,8.034104,296.147301
Xylophone,Major Scales,304.195918,98.873469,403.069387
Xylophone,Sight-Reading,409.730612,78.236735,487.967347
Snare Drum,Sight-Reading,492.604082,45.779592,538.383674
