Instrument,ScoreGroup,Start,Duration,End
Trumpet,Lyrical Etude,17.240816326,39.444897959,56.685714285
Trumpet,Technical Etude,64.830113378,40.309841269,105.139954647
Trumpet,Chromatic Scale,112.570340136,24.891791383,137.462131519
Trumpet,Major Scales,147.30739229,119.257687074,266.565079364
Trumpet,Sight-Reading,275.48154195,57.213968253,332.695510203
