Instrument,ScoreGroup,Start,Duration,End
Alto Saxophone,Lyrical Etude,11.723252,47.146484,58.869736
Alto Saxophone,Technical Etude,69.895929,69.579085,139.475014
Alto Saxophone,Chromatic Scale,147.459499,9.505339,156.964838
Alto Saxophone,Major Scales,169.8921,84.027201,253.91930100000002
Alto Saxophone,Sight-Reading,262.283999,39.922426,302.20642499999997
