Instrument,ScoreGroup,Start,Duration,End
Alto Saxophone,Lyrical Etude,9.299591837,66.03755102,75.33714285699999
Alto Saxophone,Technical Etude,79.777959184,44.303673469,124.081632653
Alto Saxophone,Chromatic Scale,130.246530612,15.151020408,145.39755101999998
Alto Saxophone,Major Scales,150.51755102,77.165714286,227.683265306
Alto Saxophone,Sight-Reading,232.646530612,42.266122449,274.912653061
