Instrument,ScoreGroup,Start,Duration,End
Flute,Lyrical Etude,11.563537414,59.628843537,71.192380951
Flute,Technical Etude,75.093333333,27.445986394,102.539319727
Flute,Chromatic Scale,108.669387755,37.61632653,146.285714285
Flute,Major Scales,150.883265306,102.121360544,253.00462585
Flute,Sight-Reading,258.159455782,55.867210884,314.026666666
