Instrument,ScoreGroup,Start,Duration,End
Flute,Lyrical Etude,12.956734694,49.388843537,62.345578231
Flute,Technical Etude,68.057687075,47.786666667,115.84435374200001
Flute,Chromatic Scale,125.596734694,15.18585034,140.782585034
Flute,Major Scales,147.748571429,115.890793651,263.63936508
Flute,Sight-Reading,269.734603175,51.85015873,321.584761905
