Instrument,ScoreGroup,Start,Duration,End
Flute,Lyrical Etude,15.812789116,48.483265306,64.296054422
Flute,Technical Etude,70.844081633,45.90585034,116.749931973
Flute,Chromatic Scale,124.667936508,12.332879819,137.000816327
Flute,Major Scales,142.942040816,117.167891156,260.109931972
Flute,Sight-Reading,266.866938776,42.91047619,309.777414966
