Instrument,ScoreGroup,Start,Duration,End
Bb Clarinet,Lyrical Etude,17.275646,115.356735,132.632381
Bb Clarinet,Technical Etude,147.678912,39.938322,187.617234
Bb Clarinet,Chromatic Scale,196.719456,13.560454,210.27991
Bb Clarinet,Major Scales,223.097324,114.985215,338.082539
Bb Clarinet,Sight-Reading,345.512925,50.155102,395.668027
