Instrument,ScoreGroup,Start,Duration,End
Flute,Lyrical Etude,9.613061224,54.056054422,63.669115646
Flute,Technical Etude,70.217142857,40.333061224,110.550204081
Flute,Chromatic Scale,119.304126984,11.377777778,130.68190476200002
Flute,Major Scales,138.344489796,112.570340136,250.914829932
Flute,Sight-Reading,257.927256236,43.746394558,301.673650794
