Instrument,ScoreGroup,Start,Duration,End
Bb Clarinet,Lyrical Etude,11.102041,91.428571,102.530612
Bb Clarinet,Technical Etude,107.62449,57.469388,165.093878
Bb Clarinet,Chromatic Scale,172.016327,12.277551,184.29387799999998
Bb Clarinet,Major Scales,192.391837,109.844898,302.236735
Bb Clarinet,Sight-Reading,307.2,35.004082,342.20408199999997
