Instrument,ScoreGroup,Start,Duration,End
Flute,Lyrical Etude,15.441269841,86.958730158,102.39999999899999
Flute,Technical Etude,110.039365079,43.723174603,153.762539682
Flute,Chromatic Scale,162.214603174,48.274285714,210.488888888
Flute,Major Scales,216.293877551,123.088979591,339.38285714200003
Flute,Sight-Reading,345.443265306,71.471020408,416.914285714
