Instrument,ScoreGroup,Start,Duration,End
Bb Clarinet,Lyrical Etude,16.346848,76.71873,93.06557799999999
Bb Clarinet,Technical Etude,101.587302,108.785488,210.37279
Bb Clarinet,Chromatic Scale,220.682449,16.648707,237.331156
Bb Clarinet,Major Scales,259.552653,121.533243,381.08589600000005
Bb Clarinet,Sight-Reading,392.115374,49.969342,442.08471599999996
