Instrument,ScoreGroup,Start,Duration,End
Xylophone,Mallet Etude,11.885714,60.734694,72.620408
Snare Drum,Snare Etude,79.281633,63.738776,143.020409
Timpani,Timpani Etude,159.381769,65.480272,224.86204099999998
Xylophone,Chromatic Scale,233.778503,11.145578,244.924081
Xylophone,Major Scales,259.320454,153.80898,413.12943399999995
Xylophone,Sight-Reading,427.618685,45.696871,473.315556
Snare Drum,Sight-Reading,478.516825,30.093061,508.60988599999996
