Instrument,ScoreGroup,Start,Duration,End
Bb Clarinet,Lyrical Etude,16.979592,88.42449,105.404082
Bb Clarinet,Technical Etude,111.934694,24.555102,136.48979599999998
Bb Clarinet,Chromatic Scale,144.84898,17.110204,161.95918400000002
Bb Clarinet,Major Scales,170.579592,88.816327,259.395919
Bb Clarinet,Sight-Reading,265.665306,57.338776,323.004082
