Instrument,ScoreGroup,Start,Duration,End
Flute,Lyrical Etude,11.702857143,71.33170068,83.034557823
Flute,Technical Etude,88.050068027,42.91047619,130.960544217
Flute,Chromatic Scale,137.276371882,16.53260771,153.80897959200001
Flute,Major Scales,161.796643991,112.013061224,273.809705215
Flute,Sight-Reading,278.639455782,67.430748299,346.07020408100004
