Instrument,ScoreGroup,Start,Duration,End
Flute,Lyrical Etude,17.159546485,49.85324263,67.012789115
Flute,Technical Etude,71.053061224,21.432018141,92.485079365
Flute,Chromatic Scale,98.057868481,14.140952381,112.198820862
Flute,Major Scales,120.674104308,108.184671202,228.85877551
Flute,Sight-Reading,232.724897959,48.039183673,280.764081632
