Instrument,ScoreGroup,Start,Duration,End
Bb Clarinet,Lyrical Etude,11.818956916,70.658321995,82.477278911
Bb Clarinet,Technical Etude,87.817868481,36.36244898,124.18031746100002
Bb Clarinet,Chromatic Scale,131.262403628,13.514013605,144.776417233
Bb Clarinet,Major Scales,151.231564626,98.475827664,249.70739228999997
Bb Clarinet,Sight-Reading,254.931882086,36.037369615,290.969251701
