Instrument,ScoreGroup,Start,Duration,End
Bb Clarinet,Lyrical Etude,13.235374,61.927619,75.162993
Bb Clarinet,Technical Etude,80.944762,103.514558,184.45932
Bb Clarinet,Chromatic Scale,191.239546,13.374694,204.61424
Bb Clarinet,Major Scales,211.603447,48.831565,260.435012
Bb Clarinet,Sight-Reading,269.862313,73.700136,343.56244899999996
