Instrument,ScoreGroup,Start,Duration,End
Bb Clarinet,Lyrical Etude,8.916462585,124.993015873,133.909478458
Bb Clarinet,Technical Etude,141.618503401,43.839274376,185.457777777
Bb Clarinet,Chromatic Scale,192.655963719,14.907210884,207.563174603
Bb Clarinet,Major Scales,213.762902494,103.909297052,317.672199546
Bb Clarinet,Sight-Reading,323.709387755,64.969433107,388.678820862
