Instrument,ScoreGroup,Start,Duration,End
Flute,Lyrical Etude,12.445895692,36.548208617,48.994104309
Flute,Technical Etude,54.19537415,30.534240363,84.729614513
Flute,Chromatic Scale,91.602721088,11.563537415,103.166258503
Flute,Major Scales,110.364444444,100.75138322,211.115827664
Flute,Sight-Reading,216.177777778,44.141133787,260.318911565
