Instrument,ScoreGroup,Start,Duration,End
Bb Clarinet,Lyrical Etude,9.079002268,143.615419501,152.694421769
Bb Clarinet,Technical Etude,158.801269841,65.039092971,223.840362812
Bb Clarinet,Chromatic Scale,230.713469388,15.580589569,246.294058957
Bb Clarinet,Major Scales,252.934965986,123.971337868,376.90630385400004
Bb Clarinet,Sight-Reading,383.941950113,71.215600907,455.15755102
