Instrument,ScoreGroup,Start,Duration,End
Flute,Lyrical Etude,13.931972789,28.003265306,41.935238095
Flute,Technical Etude,48.55292517,26.888707483,75.441632653
Flute,Chromatic Scale,82.26829932,17.902585034,100.170884354
Flute,Major Scales,107.485170068,89.303945578,196.789115646
Flute,Sight-Reading,202.431564626,48.761904762,251.193469388
