Instrument,ScoreGroup,Start,Duration,End
Flute,Lyrical Etude,11.308117914,56.726349206,68.03446712
Flute,Technical Etude,72.608798186,33.66893424,106.277732426
Flute,Chromatic Scale,114.660136054,43.932154195,158.592290249
Flute,Major Scales,165.744036281,120.604444444,286.348480725
Flute,Sight-Reading,292.269569161,53.754195011,346.02376417199997
