Instrument,ScoreGroup,Start,Duration,End
Xylophone,Mallet Etude,18.297324,59.443084,77.740408
Snare Drum,Snare Etude,88.607347,50.526621,139.133968
Timpani,Timpani Etude,144.326531,81.632653,225.959184
Xylophone,Chromatic Scale,232.013787,11.563537,243.577324
Xylophone,Major Scales,250.122449,87.902041,338.02449
Xylophone,Sight-Reading,345.327166,114.242177,459.569343
Snare Drum,Sight-Reading,466.256689,28.978503,495.235192
