Instrument,ScoreGroup,Start,Duration,End
Flute,Lyrical Etude,11.075918,39.148844,50.224762
Flute,Technical Etude,55.379592,43.816054,99.19564600000001
Flute,Chromatic Scale,105.116735,27.028027,132.14476200000001
Flute,Major Scales,140.225306,104.071837,244.297143
Flute,Sight-Reading,250.566531,52.035918,302.602449
