Instrument,ScoreGroup,Start,Duration,End
Bb Clarinet,Lyrical Etude,9.566621,61.48644,71.053061
Bb Clarinet,Technical Etude,76.71873,26.099229,102.817959
Bb Clarinet,Chromatic Scale,109.505306,21.640998,131.14630400000001
Bb Clarinet,Major Scales,140.408163,73.665306,214.073469
Bb Clarinet,Sight-Reading,220.081633,54.073469,274.155102
