Instrument,ScoreGroup,Start,Duration,End
Trumpet,Lyrical Etude,19.587568,62.35271,81.940278
Trumpet,Technical Etude,95.922401,23.429503,119.35190399999999
Trumpet,Chromatic Scale,130.310865,8.69159,139.002455
Trumpet,Major Scales,151.472997,97.496964,248.969961
Trumpet,Sight-Reading,258.795236,41.190578,299.985814
