Instrument,ScoreGroup,Start,Duration,End
Bb Clarinet,Lyrical Etude,19.992380952,64.853333333,84.845714285
Bb Clarinet,Technical Etude,100.286984127,57.701587302,157.988571429
Bb Clarinet,Chromatic Scale,165.953015873,22.105396825,188.05841269799998
Bb Clarinet,Major Scales,201.061587302,124.667936508,325.72952381
Bb Clarinet,Sight-Reading,334.831746032,76.881269841,411.713015873
