Instrument,ScoreGroup,Start,Duration,End
Flute,Lyrical Etude,12.53877551,45.046712018,57.585487528
Flute,Technical Etude,66.687709751,30.650340136,97.338049887
Flute,Chromatic Scale,106.718911565,25.541950113,132.260861678
Flute,Major Scales,141.548843537,93.483537415,235.032380952
Flute,Sight-Reading,242.915555556,47.299047619,290.214603175
