Instrument,ScoreGroup,Start,Duration,End
Bb Clarinet,Lyrical Etude,11.331337868,112.013061224,123.344399092
Bb Clarinet,Technical Etude,129.845986395,38.823764172,168.669750567
Bb Clarinet,Chromatic Scale,174.242539683,14.675011338,188.91755102099998
Bb Clarinet,Major Scales,195.419138322,119.814965986,315.23410430800004
Bb Clarinet,Sight-Reading,319.692335601,64.830113379,384.52244898000004
