Instrument,ScoreGroup,Start,Duration,End
Flute,Lyrical Etude,11.551927437,43.711564625,55.263492062
Flute,Technical Etude,59.675283446,24.264852607,83.940136053
Flute,Chromatic Scale,89.687074829,18.459863945,108.14693877399999
Flute,Major Scales,113.870657596,99.938684807,213.80934240300002
Flute,Sight-Reading,218.453333333,63.529795918,281.983129251
