Instrument,ScoreGroup,Start,Duration,End
Xylophone,Mallet Etude,15.216327,28.342857,43.559184
Snare Drum,Snare Etude,53.093878,47.412245,100.506123
Timpani,Timpani Etude,106.254512,83.127438,189.38195000000002
Xylophone,Chromatic Scale,199.50585,14.024853,213.53070300000002
Xylophone,Major Scales,221.797007,120.372245,342.16925200000003
Xylophone,Sight-Reading,348.29932,72.910658,421.20997800000004
Snare Drum,Sight-Reading,427.525805,33.065215,460.59102
