Instrument,ScoreGroup,Start,Duration,End
Alto Saxophone,Lyrical Etude,14.930430839,43.421315193,58.351746031999994
Alto Saxophone,Technical Etude,66.176870748,41.401179138,107.578049886
Alto Saxophone,Chromatic Scale,114.358276644,11.145578231,125.503854875
Alto Saxophone,Major Scales,131.262403628,88.86276644,220.125170068
Alto Saxophone,Sight-Reading,222.609705215,56.122630385,278.7323356
