Instrument,ScoreGroup,Start,Duration,End
Flute,Lyrical Etude,12.58521542,52.802176871,65.387392291
Flute,Technical Etude,70.251972789,37.198367347,107.45034013600001
Flute,Chromatic Scale,114.776235828,11.192018141,125.968253969
Flute,Major Scales,132.980680272,97.175510204,230.156190476
Flute,Sight-Reading,235.438730159,46.283174603,281.721904762
