Instrument,ScoreGroup,Start,Duration,End
Bb Clarinet,Lyrical Etude,8.097959,74.971429,83.069388
Bb Clarinet,Technical Etude,85.812245,24.293878,110.106123
Bb Clarinet,Chromatic Scale,110.889796,14.628571,125.51836700000001
Bb Clarinet,Major Scales,127.216327,72.228571,199.44489800000002
Bb Clarinet,Sight-Reading,201.534694,42.187755,243.722449
