Instrument,ScoreGroup,Start,Duration,End
Flute,Lyrical Etude,10.657959184,75.302312925,85.96027210899999
Flute,Technical Etude,93.663492063,33.158095238,126.82158730100001
Flute,Chromatic Scale,135.842539683,11.946666667,147.78920635
Flute,Major Scales,154.575238095,102.887619048,257.462857143
Flute,Sight-Reading,262.42031746,67.779047619,330.19936507899996
