Instrument,ScoreGroup,Start,Duration,End
Flute,Lyrical Etude,11.145578231,74.814693877,85.960272108
Flute,Technical Etude,91.11510204,33.436734693,124.55183673299999
Flute,Chromatic Scale,131.517823129,14.349931972,145.867755101
Flute,Major Scales,151.997823129,99.05632653,251.05414965900002
Flute,Sight-Reading,255.373061224,49.458503401,304.831564625
