Instrument,ScoreGroup,Start,Duration,End
Bb Clarinet,Lyrical Etude,17.972245,142.106122,160.07836700000001
Bb Clarinet,Technical Etude,173.191837,42.318367,215.510204
Bb Clarinet,Chromatic Scale,223.346939,15.412245,238.759184
Bb Clarinet,Major Scales,250.253061,121.208163,371.461224
Bb Clarinet,Sight-Reading,380.604082,113.632653,494.236735
