Instrument,ScoreGroup,Start,Duration,End
Xylophone,Mallet Etude,15.41805,38.916644,54.334694
Snare Drum,Snare Etude,62.302041,76.016327,138.31836800000002
Timpani,Timpani Etude,148.506122,111.804082,260.310204
Xylophone,Chromatic Scale,272.555102,5.861224,278.41632599999997
Xylophone,Major Scales,288.0,87.640816,375.640816
Xylophone,Sight-Reading,384.391837,51.853061,436.24489800000003
Snare Drum,Sight-Reading,445.518367,49.371429,494.889796
