Instrument,ScoreGroup,Start,Duration,End
Xylophone,Mallet Etude,16.021769,74.814694,90.83646300000001
Snare Drum,Snare Etude,97.33805,64.644354,161.982404
Timpani,Timpani Etude,169.598549,91.022222,260.620771
Xylophone,Chromatic Scale,270.837551,40.681361,311.518912
Xylophone,Major Scales,316.720181,125.573515,442.293696
Xylophone,Sight-Reading,449.306122,113.110204,562.416326
Snare Drum,Sight-Reading,568.163265,35.004082,603.1673470000001
