Instrument,ScoreGroup,Start,Duration,End
Flute,Lyrical Etude,20.642539683,66.966349206,87.608888889
Flute,Technical Etude,98.011428571,22.593015873,120.604444444
Flute,Chromatic Scale,131.657142857,20.48,152.137142857
Flute,Major Scales,158.801269841,122.88,281.681269841
Flute,Sight-Reading,286.557460317,41.772698413,328.33015873
