Instrument,ScoreGroup,Start,Duration,End
Bb Clarinet,Lyrical Etude,12.910295,64.551474,77.461769
Bb Clarinet,Technical Etude,81.73424,22.523356,104.257596
Bb Clarinet,Chromatic Scale,110.944943,12.167256,123.11219899999999
Bb Clarinet,Major Scales,130.089796,96.914286,227.004082
Bb Clarinet,Sight-Reading,231.314286,41.665306,272.979592
