Instrument,ScoreGroup,Start,Duration,End
Bb Clarinet,Lyrical Etude,13.374694,61.857959,75.232653
Bb Clarinet,Technical Etude,80.805442,25.44907,106.254512
Bb Clarinet,Chromatic Scale,118.050249,16.997007,135.047256
Bb Clarinet,Major Scales,142.291882,72.074739,214.36662099999998
Bb Clarinet,Sight-Reading,221.425488,49.226304,270.651792
