Instrument,ScoreGroup,Start,Duration,End
Alto Saxophone,Lyrical Etude,13.931972789,60.186122449,74.118095238
Alto Saxophone,Technical Etude,88.746666667,45.069931973,133.81659864
Alto Saxophone,Chromatic Scale,142.315102041,6.739591837,149.054693878
Alto Saxophone,Major Scales,159.033469388,84.950204082,243.98367346999999
Alto Saxophone,Sight-Reading,251.367619048,52.256507937,303.624126985
