Instrument,ScoreGroup,Start,Duration,End
Trumpet,Lyrical Etude,14.633086,66.696726,81.329812
Trumpet,Technical Etude,89.6198,20.724971,110.344771
Trumpet,Chromatic Scale,117.127489,12.434983,129.56247199999999
Trumpet,Major Scales,139.359731,92.697144,232.056875
Trumpet,Sight-Reading,239.970046,59.914008,299.884054
