Instrument,ScoreGroup,Start,Duration,End
Flute,Lyrical Etude,9.752380952,54.752653061,64.505034013
Flute,Technical Etude,71.471020408,30.928979591,102.399999999
Flute,Chromatic Scale,110.480544217,29.67510204,140.155646257
Flute,Major Scales,147.678911564,96.827210884,244.50612244799999
Flute,Sight-Reading,248.685714285,54.891972789,303.577687074
