Instrument,ScoreGroup,Start,Duration,End
Flute,Lyrical Etude,14.70984127,49.493333333,64.20317460300001
Flute,Technical Etude,70.37968254,45.023492063,115.403174603
Flute,Chromatic Scale,124.911746032,15.197460317,140.109206349
Flute,Major Scales,148.236190476,117.841269841,266.077460317
Flute,Sight-Reading,273.554285714,50.224761905,323.779047619
