Instrument,ScoreGroup,Start,Duration,End
Flute,Lyrical Etude,12.8,61.653333333,74.453333333
Flute,Technical Etude,78.72,37.12,115.84
Flute,Chromatic Scale,123.733333333,12.8,136.533333333
Flute,Major Scales,144.426666667,89.386666667,233.813333334
Flute,Sight-Reading,238.506666667,43.733333333,282.24
