Instrument,ScoreGroup,Start,Duration,End
Bb Clarinet,Lyrical Etude,14.497959,76.524263,91.022222
Bb Clarinet,Technical Etude,97.110204,22.147483,119.257687
Bb Clarinet,Chromatic Scale,128.917188,11.888617,140.80580500000002
Bb Clarinet,Major Scales,150.465306,90.383673,240.84897899999999
Bb Clarinet,Sight-Reading,246.204082,33.567347,279.771429
