Instrument,ScoreGroup,Start,Duration,End
Alto Saxophone,Lyrical Etude,14.210612244,52.662857142,66.873469386
Alto Saxophone,Technical Etude,74.396734693,22.77877551,97.175510203
Alto Saxophone,Chromatic Scale,103.653877551,12.120816326,115.77469387699999
Alto Saxophone,Major Scales,127.895510204,62.484897959,190.380408163
Alto Saxophone,Sight-Reading,195.395918367,37.61632653,233.01224489700002
