Instrument,ScoreGroup,Start,Duration,End
Flute,Lyrical Etude,16.416508,42.260317,58.676825
Flute,Technical Etude,74.036825,43.966984,118.00380899999999
Flute,Chromatic Scale,127.75619,25.43746,153.19365
Flute,Major Scales,177.586213,98.824127,276.41034
Flute,Sight-Reading,287.555918,55.356372,342.91229000000004
