Instrument,ScoreGroup,Start,Duration,End
Alto Saxophone,Lyrical Etude,10.971428571,72.829387755,83.800816326
Alto Saxophone,Technical Etude,88.084897959,42.318367346,130.403265305
Alto Saxophone,Chromatic Scale,136.150204081,11.075918367,147.226122448
Alto Saxophone,Major Scales,153.274920634,116.215873015,269.490793649
Alto Saxophone,Sight-Reading,273.066666666,74.443174603,347.509841269
