Instrument,ScoreGroup,Start,Duration,End
Xylophone,Mallet Etude,13.839093,81.339501,95.178594
Snare Drum,Snare Etude,105.511474,48.227846,153.73932000000002
Timpani,Timpani Etude,160.635646,65.526712,226.162358
Xylophone,Chromatic Scale,235.7522,12.979955,248.73215499999998
Xylophone,Major Scales,257.787937,89.025306,346.813243
Xylophone,Sight-Reading,359.166259,99.752925,458.91918400000003
Snare Drum,Sight-Reading,467.069388,39.032744,506.102132
