Instrument,ScoreGroup,Start,Duration,End
Flute,Lyrical Etude,14.675011337,76.347210884,91.022222221
Flute,Technical Etude,97.895328798,19.319002267,117.214331065
Flute,Chromatic Scale,124.273197278,10.216780045,134.489977323
Flute,Major Scales,142.291882086,80.991201814,223.28308389999998
Flute,Sight-Reading,228.484353741,52.941496598,281.425850339
