Instrument,ScoreGroup,Start,Duration,End
Flute,Lyrical Etude,10.727619048,52.175238095,62.902857143
Flute,Technical Etude,68.591746032,38.521904762,107.113650794
Flute,Chromatic Scale,114.265396825,20.154920635,134.42031746
Flute,Major Scales,141.572063492,88.746666667,230.318730159
Flute,Sight-Reading,266.565079365,58.026666667,324.59174603199995
