Instrument,ScoreGroup,Start,Duration,End
Flute,Lyrical Etude,10.866938776,40.588480726,51.455419502
Flute,Technical Etude,54.241814059,31.672018141,85.9138322
Flute,Chromatic Scale,90.743582766,20.340680272,111.084263038
Flute,Major Scales,115.403174603,80.132063492,195.535238095
Flute,Sight-Reading,198.948571429,42.422857143,241.371428572
