Instrument,ScoreGroup,Start,Duration,End
Flute,Lyrical Etude,9.926530612,36.571428571,46.497959183
Flute,Technical Etude,50.271201814,30.127891156,80.39909297
Flute,Chromatic Scale,87.875918367,45.662040816,133.537959183
Flute,Major Scales,140.852244898,123.297959184,264.150204082
Flute,Sight-Reading,270.001632653,69.752743764,339.754376417
