Instrument,ScoreGroup,Start,Duration,End
Flute,Lyrical Etude,24.555102,30.432653,54.987755
Flute,Technical Etude,60.000363,42.724717,102.72507999999999
Flute,Chromatic Scale,109.226667,60.557642,169.784309
Flute,Major Scales,181.028571,117.55102,298.579591
Flute,Sight-Reading,309.55102,56.032653,365.583673
