Instrument,ScoreGroup,Start,Duration,End
Flute,Lyrical Etude,13.322449,99.526531,112.84898000000001
Flute,Technical Etude,122.253061,23.771429,146.02449000000001
Flute,Chromatic Scale,154.906122,12.016327,166.922449
Flute,Major Scales,179.2,102.138776,281.338776
Flute,Sight-Reading,285.779592,41.012245,326.791837
