Instrument,ScoreGroup,Start,Duration,End
Flute,Lyrical Etude,13.583673469,40.124081633,53.70775510200001
Flute,Technical Etude,59.303764172,39.172063492,98.47582766400001
Flute,Chromatic Scale,107.647709751,12.051156463,119.69886621399999
Flute,Major Scales,126.548752834,106.718911565,233.267664399
Flute,Sight-Reading,239.490612245,64.548571429,304.039183674
