Instrument,ScoreGroup,Start,Duration,End
Xylophone,Mallet Etude,12.260136,34.644172,46.904308
Snare Drum,Snare Etude,53.614875,47.879546,101.49442099999999
Timpani,Timpani Etude,109.087347,45.487891,154.57523799999998
Xylophone,Chromatic Scale,161.471565,6.640907,168.112472
Xylophone,Major Scales,175.171338,103.375238,278.54657599999996
Xylophone,Sight-Reading,291.433651,40.93678,332.370431
Snare Drum,Sight-Reading,342.680091,43.514195,386.19428600000003
