Instrument,ScoreGroup,Start,Duration,End
Bb Clarinet,Lyrical Etude,14.024853,82.628209,96.653062
Bb Clarinet,Technical Etude,105.6,24.228571,129.82857099999998
Bb Clarinet,Chromatic Scale,137.926531,11.215238,149.141769
Bb Clarinet,Major Scales,156.865306,101.616327,258.481633
Bb Clarinet,Sight-Reading,264.75102,52.244898,316.99591799999996
