Instrument,ScoreGroup,Start,Duration,End
Flute,Lyrical Etude,13.061224,23.510204,36.571428
Flute,Technical Etude,41.926531,25.861224,67.787755
Flute,Chromatic Scale,74.579592,12.146939,86.72653100000001
Flute,Major Scales,94.432653,58.77551,153.208163
Flute,Sight-Reading,159.608163,52.37551,211.98367299999998
