Instrument,ScoreGroup,Start,Duration,End
Flute,Lyrical Etude,12.852244898,141.792653061,154.64489795900002
Flute,Technical Etude,161.227755102,120.790204082,282.017959184
Flute,Chromatic Scale,288.235102041,22.047346939,310.28244898
Flute,Major Scales,316.871111111,100.937142857,417.80825396800003
Flute,Sight-Reading,426.898866213,68.20861678,495.107482993
