Instrument,ScoreGroup,Start,Duration,End
Alto Saxophone,Lyrical Etude,14.889795918,184.476734693,199.366530611
Alto Saxophone,Technical Etude,205.426938775,53.916734693,259.343673468
Alto Saxophone,Chromatic Scale,265.926530612,10.031020408,275.95755102000004
Alto Saxophone,Major Scales,281.965714285,96.809795918,378.775510203
Alto Saxophone,Sight-Reading,382.95510204,55.588571428,438.543673468
