Instrument,ScoreGroup,Start,Duration,End
Alto Saxophone,Lyrical Etude,15.557369614,57.933786848,73.49115646199999
Alto Saxophone,Technical Etude,79.934693877,22.697505668,102.632199545
Alto Saxophone,Chromatic Scale,110.526984126,9.462131519,119.989115645
Alto Saxophone,Major Scales,128.638548752,101.122902494,229.76145124599998
Alto Saxophone,Sight-Reading,236.146938775,55.553741496,291.700680271
