Instrument,ScoreGroup,Start,Duration,End
Alto Saxophone,Lyrical Etude,8.846802721,45.60399093,54.450793651
Alto Saxophone,Technical Etude,57.817687075,32.67047619,90.488163265
Alto Saxophone,Chromatic Scale,95.132154195,12.88707483,108.019229025
Alto Saxophone,Major Scales,112.431020408,77.067029478,189.498049886
Alto Saxophone,Sight-Reading,194.25814059,55.49569161,249.7538322
