Instrument,ScoreGroup,Start,Duration,End
Alto Saxophone,Lyrical Etude,16.561632653,44.721632653,61.283265306000004
Alto Saxophone,Technical Etude,70.472562358,51.258049887,121.730612245
Alto Saxophone,Chromatic Scale,131.970612245,7.340408163,139.31102040800002
Alto Saxophone,Major Scales,148.514829932,72.074739229,220.589569161
Alto Saxophone,Sight-Reading,231.619047619,39.473922902,271.092970521
