Instrument,ScoreGroup,Start,Duration,End
Alto Saxophone,Lyrical Etude,13.235374149,87.539229024,100.77460317299999
Alto Saxophone,Technical Etude,103.328798185,42.028117913,145.356916098
Alto Saxophone,Chromatic Scale,148.839909297,11.145578231,159.985487528
Alto Saxophone,Major Scales,164.629478458,92.647619047,257.27709750500003
Alto Saxophone,Sight-Reading,260.992290249,56.656689342,317.648979591
