Instrument,ScoreGroup,Start,Duration,End
Xylophone,Mallet Etude,12.678095,55.843991,68.522086
Snare Drum,Snare Etude,75.766712,44.953832,120.72054399999999
Timpani,Timpani Etude,129.915646,60.511202,190.426848
Xylophone,Chromatic Scale,198.019773,8.335964,206.35573699999998
Xylophone,Major Scales,214.343401,65.549932,279.893333
Xylophone,Sight-Reading,287.788118,56.633469,344.421587
Snare Drum,Sight-Reading,351.735873,36.339229,388.075102
