Instrument,ScoreGroup,Start,Duration,End
Alto Saxophone,Lyrical Etude,12.865306122,49.567346938,62.43265306
Alto Saxophone,Technical Etude,68.375510204,19.134693877,87.510204081
Alto Saxophone,Chromatic Scale,95.510204081,9.567346938,105.077551019
Alto Saxophone,Major Scales,112.620408161,50.383673469,163.00408163
Alto Saxophone,Sight-Reading,168.718367341,39.869387755,208.587755096
