Instrument,ScoreGroup,Start,Duration,End
Bb Clarinet,Lyrical Etude,11.888617,54.891973,66.78059
Bb Clarinet,Technical Etude,74.907574,23.870113,98.777687
Bb Clarinet,Chromatic Scale,105.790113,12.167256,117.957369
Bb Clarinet,Major Scales,125.387755,103.183673,228.571428
Bb Clarinet,Sight-Reading,233.592744,46.997188,280.58993200000003
