Instrument,ScoreGroup,Start,Duration,End
Flute,Lyrical Etude,10.280634921,47.177142857,57.457777778
Flute,Technical Etude,63.042176871,32.653061224,95.69523809500001
Flute,Chromatic Scale,101.703401361,9.375056689,111.07845805000001
Flute,Major Scales,117.516190476,87.56244898,205.07863945600002
Flute,Sight-Reading,210.651428571,51.240634921,261.892063492
