Instrument,ScoreGroup,Start,Duration,End
Flute,Lyrical Etude,13.699773,38.080726,51.780499
Flute,Technical Etude,56.30839,44.814512,101.12290200000001
Flute,Chromatic Scale,107.043991,10.10068,117.144671
Flute,Major Scales,122.485261,72.794558,195.27981899999997
Flute,Sight-Reading,199.69161,56.54059,256.2322
