Instrument,ScoreGroup,Start,Duration,End
Bb Clarinet,Lyrical Etude,18.390204082,116.401632653,134.791836735
Bb Clarinet,Technical Etude,136.672653061,44.721632653,181.394285714
Bb Clarinet,Chromatic Scale,186.200816327,20.688979592,206.88979591900002
Bb Clarinet,Major Scales,209.536870748,139.737687075,349.274557823
Bb Clarinet,Sight-Reading,353.906938776,64.888163265,418.795102041
