Instrument,ScoreGroup,Start,Duration,End
Flute,Lyrical Etude,17.57915,113.324193,130.903343
Flute,Technical Etude,142.677285,51.510997,194.18828200000002
Flute,Chromatic Scale,206.452806,13.736266,220.189072
Flute,Major Scales,232.944175,95.66328,328.607455
Flute,Sight-Reading,338.909655,50.039254,388.94890899999996
