Instrument,ScoreGroup,Start,Duration,End
Bb Clarinet,Lyrical Etude,15.627029,67.662948,83.289977
Bb Clarinet,Technical Etude,89.141406,105.882993,195.02439900000002
Bb Clarinet,Chromatic Scale,203.708662,18.459864,222.168526
Bb Clarinet,Major Scales,231.061769,91.556281,322.61805
Bb Clarinet,Sight-Reading,330.652154,58.700045,389.352199
