Instrument,ScoreGroup,Start,Duration,End
Bb Clarinet,Lyrical Etude,14.024852608,62.299138322,76.32399093
Bb Clarinet,Technical Etude,81.664580499,26.702947846,108.367528345
Bb Clarinet,Chromatic Scale,113.708117914,13.026394558,126.734512472
Bb Clarinet,Major Scales,133.839818594,128.359909297,262.199727891
Bb Clarinet,Sight-Reading,265.996190476,54.787482993,320.78367346899995
