Instrument,ScoreGroup,Start,Duration,End
Xylophone,Mallet Etude,16.184308,73.932336,90.11664400000001
Snare Drum,Snare Etude,98.661587,124.040998,222.702585
Timpani,Timpani Etude,230.31873,40.7278,271.04652999999996
Xylophone,Chromatic Scale,279.336054,12.144036,291.48009
Xylophone,Major Scales,299.955374,120.697324,420.652698
Xylophone,Sight-Reading,427.014966,37.059048,464.07401400000003
Snare Drum,Sight-Reading,474.801633,27.654966,502.456599
