Instrument,ScoreGroup,Start,Duration,End
Alto Saxophone,Lyrical Etude,22.291156463,55.542131519,77.833287982
Alto Saxophone,Technical Etude,87.86430839,45.696870748,133.561179138
Alto Saxophone,Chromatic Scale,141.386303855,8.312743764,149.699047619
Alto Saxophone,Major Scales,157.524172336,82.941678005,240.465850341
Alto Saxophone,Sight-Reading,249.451972789,33.994013605,283.445986394
