Instrument,ScoreGroup,Start,Duration,End
Flute,Lyrical Etude,18.041904762,27.144126984,45.186031746
Flute,Technical Etude,55.426031746,24.543492063,79.969523809
Flute,Chromatic Scale,88.584126984,19.17968254,107.763809524
Flute,Major Scales,118.003809524,82.895238095,200.899047619
Flute,Sight-Reading,206.425396825,41.935238095,248.36063492
