Instrument,ScoreGroup,Start,Duration,End
Flute,Lyrical Etude,12.956734693,40.542040816,53.498775509
Flute,Technical Etude,61.022040816,34.899591836,95.921632652
Flute,Chromatic Scale,105.534693877,18.390204081,123.924897958
Flute,Major Scales,131.866122448,117.864489795,249.730612243
Flute,Sight-Reading,262.687346938,52.453877551,315.141224489
