Instrument,ScoreGroup,Start,Duration,End
Bb Clarinet,Lyrical Etude,17.693605442,43.60707483,61.300680272
Bb Clarinet,Technical Etude,66.455510204,32.182857143,98.63836734700001
Bb Clarinet,Chromatic Scale,104.489795918,15.046530612,119.53632653
Bb Clarinet,Major Scales,125.666394558,79.412244898,205.078639456
Bb Clarinet,Sight-Reading,209.118911565,48.90122449,258.02013605499997
