Instrument,ScoreGroup,Start,Duration,End
Tenor Saxophone,Lyrical Etude,11.209054,103.090565,114.29961899999999
Tenor Saxophone,Technical Etude,118.226879,88.363342,206.59022099999999
Tenor Saxophone,Chromatic Scale,213.953832,15.218131,229.171963
Tenor Saxophone,Major Scales,235.55376,107.017825,342.571585
Tenor Saxophone,Sight-Reading,346.498845,43.690763,390.189608
