Instrument,ScoreGroup,Start,Duration,End
Flute,Lyrical Etude,11.424218,96.966531,108.390749
Flute,Technical Etude,112.84898,38.916644,151.765624
Flute,Chromatic Scale,157.431293,13.560454,170.991747
Flute,Major Scales,176.936054,101.703401,278.639455
Flute,Sight-Reading,282.354649,66.966349,349.320998
