Instrument,ScoreGroup,Start,Duration,End
Flute,Lyrical Etude,12.260136054,61.579319728,73.839455782
Flute,Technical Etude,80.341043084,64.830113379,145.171156463
Flute,Chromatic Scale,152.60154195,11.331337868,163.932879818
Flute,Major Scales,171.363265306,115.63537415,286.998639456
Flute,Sight-Reading,293.268027211,66.03755102,359.305578231
