Instrument,ScoreGroup,Start,Duration,End
Bb Clarinet,Lyrical Etude,11.180408163,41.273469388,52.453877551000005
Bb Clarinet,Technical Etude,60.290612245,38.13877551,98.429387755
Bb Clarinet,Chromatic Scale,106.893061224,21.211428571,128.104489795
Bb Clarinet,Major Scales,135.105306122,84.950204082,220.055510204
Bb Clarinet,Sight-Reading,225.80244898,54.752653061,280.555102041
