Instrument,ScoreGroup,Start,Duration,End
Xylophone,Mallet Etude,11.726077,39.636463,51.362539999999996
Snare Drum,Snare Etude,57.864127,46.648889,104.513016
Timpani,Timpani Etude,111.432562,45.395011,156.827573
Xylophone,Chromatic Scale,164.0722,7.198186,171.270386
Xylophone,Major Scales,179.490249,103.909297,283.399546
Xylophone,Sight-Reading,289.320635,33.576054,322.896689
Snare Drum,Sight-Reading,330.652154,34.110113,364.762267
