Instrument,ScoreGroup,Start,Duration,End
Alto Saxophone,Lyrical Etude,12.329795918,71.209795918,83.539591836
Alto Saxophone,Technical Etude,89.704489795,20.062040816,109.76653061100001
Alto Saxophone,Chromatic Scale,117.446530612,10.762448979,128.208979591
Alto Saxophone,Major Scales,136.202448979,100.989387755,237.191836734
Alto Saxophone,Sight-Reading,242.207346938,44.512653061,286.719999999
