Instrument,ScoreGroup,Start,Duration,End
Bb Clarinet,Lyrical Etude,12.146939,74.710204,86.85714300000001
Bb Clarinet,Technical Etude,93.910204,24.946939,118.857143
Bb Clarinet,Chromatic Scale,128.653061,14.367347,143.020408
Bb Clarinet,Major Scales,149.159184,84.767347,233.926531
Bb Clarinet,Sight-Reading,242.808163,65.436735,308.24489800000003
