Instrument,ScoreGroup,Start,Duration,End
Flute,Lyrical Etude,12.260136054,55.588571429,67.848707483
Flute,Technical Etude,72.446258503,25.77414966,98.220408163
Flute,Chromatic Scale,104.35047619,13.514013605,117.864489795
Flute,Major Scales,124.412517007,106.022312925,230.434829932
Flute,Sight-Reading,237.81877551,47.647346939,285.466122449
