Instrument,ScoreGroup,Start,Duration,End
Oboe,Lyrical Etude,22.77877551,74.605714285,97.38448979500001
Oboe,Technical Etude,104.907755102,66.873469387,171.781224489
Oboe,Chromatic Scale,179.722448979,31.137959183,210.860408162
Oboe,Major Scales,219.63755102,79.412244897,299.049795917
Oboe,Sight-Reading,308.035918367,92.995918367,401.031836734
