Instrument,ScoreGroup,Start,Duration,End
Alto Saxophone,Lyrical Etude,18.204444444,60.371882086,78.57632653
Alto Saxophone,Technical Etude,83.777596371,25.820589569,109.59818594000001
Alto Saxophone,Chromatic Scale,114.613696145,9.84526077,124.458956915
Alto Saxophone,Major Scales,129.660226757,53.684535147,183.344761904
Alto Saxophone,Sight-Reading,187.988752834,28.049705215,216.03845804899998
