Instrument,ScoreGroup,Start,Duration,End
Bb Clarinet,Lyrical Etude,13.467574,70.960181,84.427755
Bb Clarinet,Technical Etude,94.365896,58.792925,153.158821
Bb Clarinet,Chromatic Scale,159.474649,14.767891,174.24254
Bb Clarinet,Major Scales,180.372608,120.558005,300.930613
Bb Clarinet,Sight-Reading,305.240816,68.963265,374.204081
