Instrument,ScoreGroup,Start,Duration,End
Bb Clarinet,Lyrical Etude,12.445895691,110.712743764,123.158639455
Bb Clarinet,Technical Etude,126.316553287,72.260498866,198.577052153
Bb Clarinet,Chromatic Scale,204.212244897,17.632653061,221.844897958
Bb Clarinet,Major Scales,227.657142857,121.991836734,349.648979591
Bb Clarinet,Sight-Reading,354.089795918,53.028571428,407.118367346
