Instrument,ScoreGroup,Start,Duration,End
Bb Clarinet,Lyrical Etude,10.031020408,110.155464852,120.18648526
Bb Clarinet,Technical Etude,125.945034013,55.727891156,181.672925169
Bb Clarinet,Chromatic Scale,189.660589569,11.517097505,201.177687074
Bb Clarinet,Major Scales,209.351111111,101.424761904,310.775873015
Bb Clarinet,Sight-Reading,316.162902494,40.681360544,356.844263038
