Instrument,ScoreGroup,Start,Duration,End
Flute,Lyrical Etude,13.560453515,141.734603175,155.29505669
Flute,Technical Etude,161.796643991,50.89814059,212.694784581
Flute,Chromatic Scale,222.540045351,14.303492063,236.843537414
Flute,Major Scales,246.317278912,106.99755102,353.314829932
Flute,Sight-Reading,359.259138322,72.817777778,432.0769161
