Instrument,ScoreGroup,Start,Duration,End
Alto Saxophone,Lyrical Etude,15.464489795,46.393469387,61.857959182
Alto Saxophone,Technical Etude,68.545306122,36.153469387,104.698775509
Alto Saxophone,Chromatic Scale,111.59510204,17.972244897,129.567346937
Alto Saxophone,Major Scales,135.41877551,87.980408163,223.39918367299998
Alto Saxophone,Sight-Reading,229.250612244,44.512653061,273.763265305
