Instrument,ScoreGroup,Start,Duration,End
Bb Clarinet,Lyrical Etude,11.331337868,44.512653061,55.843990929
Bb Clarinet,Technical Etude,64.528253968,34.133333333,98.661587301
Bb Clarinet,Chromatic Scale,107.485170068,16.114648526,123.599818594
Bb Clarinet,Major Scales,130.403265306,135.407165533,265.810430839
Bb Clarinet,Sight-Reading,271.470294785,69.630839002,341.10113378700004
