Instrument,ScoreGroup,Start,Duration,End
Flute,Lyrical Etude,13.013333333,44.586666667,57.6
Flute,Technical Etude,61.994666667,36.48,98.474666667
Flute,Chromatic Scale,106.837333333,12.181333333,119.018666666
Flute,Major Scales,125.674666667,96.981333333,222.656
Flute,Sight-Reading,229.696,50.688,280.384
