Instrument,ScoreGroup,Start,Duration,End
Bb Clarinet,Lyrical Etude,12.817414966,80.805442177,93.622857143
Bb Clarinet,Technical Etude,99.729705215,47.763446712,147.49315192699999
Bb Clarinet,Chromatic Scale,150.30276644,14.558911565,164.861678005
Bb Clarinet,Major Scales,175.403537415,94.737414966,270.140952381
Bb Clarinet,Sight-Reading,274.552743764,48.669024943,323.221768707
