Instrument,ScoreGroup,Start,Duration,End
Alto Saxophone,Lyrical Etude,12.608435374,48.343945578,60.952380952000006
Alto Saxophone,Technical Etude,66.571609977,55.588571429,122.16018140599999
Alto Saxophone,Chromatic Scale,129.706666667,9.24154195,138.948208617
Alto Saxophone,Major Scales,146.401814059,81.943219955,228.34503401400002
Alto Saxophone,Sight-Reading,235.032380952,43.932154195,278.964535147
