Instrument,ScoreGroup,Start,Duration,End
Bb Clarinet,Lyrical Etude,14.889796,116.244898,131.134694
Bb Clarinet,Technical Etude,142.367347,44.146939,186.514286
Bb Clarinet,Chromatic Scale,195.134694,13.844898,208.979592
Bb Clarinet,Major Scales,217.861224,117.028571,334.889795
Bb Clarinet,Sight-Reading,339.853061,61.126531,400.979592
