Instrument,ScoreGroup,Start,Duration,End
Alto Saxophone,Lyrical Etude,13.583673469,65.619591836,79.203265305
Alto Saxophone,Technical Etude,83.591836734,47.229387755,130.821224489
Alto Saxophone,Chromatic Scale,131.866122448,46.811428571,178.677551019
Alto Saxophone,Major Scales,183.902040816,34.481632653,218.383673469
Alto Saxophone,Sight-Reading,235.102040816,30.302040816,265.404081632
