Instrument,ScoreGroup,Start,Duration,End
Alto Saxophone,Lyrical Etude,15.603809523,44.721632653,60.325442176
Alto Saxophone,Technical Etude,68.963265306,36.641088435,105.604353741
Alto Saxophone,Chromatic Scale,113.545578231,23.962993197,137.50857142799998
Alto Saxophone,Major Scales,144.474557823,103.096598639,247.571156462
Alto Saxophone,Sight-Reading,254.537142857,52.662857142,307.199999999
