Instrument,ScoreGroup,Start,Duration,End
Alto Saxophone,Lyrical Etude,7.662585034,61.788299319,69.45088435299999
Alto Saxophone,Technical Etude,73.28217687,22.500136054,95.782312924
Alto Saxophone,Chromatic Scale,101.564081632,9.752380952,111.31646258399999
Alto Saxophone,Major Scales,116.331972789,88.885986394,205.217959183
Alto Saxophone,Sight-Reading,209.327891156,49.388843537,258.716734693
