Instrument,ScoreGroup,Start,Duration,End
Bb Clarinet,Lyrical Etude,13.003175,100.310204,113.313379
Bb Clarinet,Technical Etude,119.629206,26.377868,146.007074
Bb Clarinet,Chromatic Scale,154.180499,17.832925,172.013424
Bb Clarinet,Major Scales,181.672925,81.73424,263.40716499999996
Bb Clarinet,Sight-Reading,268.979955,41.981678,310.961633
