Instrument,ScoreGroup,Start,Duration,End
Trumpet,Lyrical Etude,9.84526077,54.241814058,64.087074828
Trumpet,Technical Etude,68.731065759,28.792743764,97.52380952300001
Trumpet,Chromatic Scale,104.582675736,18.018684807,122.601360543
Trumpet,Major Scales,128.359909297,59.814603174,188.174512471
Trumpet,Sight-Reading,194.490340136,44.582312925,239.07265306099998
