Instrument,ScoreGroup,Start,Duration,End
Alto Saxophone,Lyrical Etude,14.140952381,61.521269841,75.662222222
Alto Saxophone,Technical Etude,84.56707483,44.721632653,129.288707483
Alto Saxophone,Chromatic Scale,135.349115646,21.942857143,157.291972789
Alto Saxophone,Major Scales,164.118639456,107.415510204,271.53414966
Alto Saxophone,Sight-Reading,279.730793651,117.841269841,397.572063492
