Instrument,ScoreGroup,Start,Duration,End
Alto Saxophone,Lyrical Etude,15.766349206,46.161269841,61.927619047
Alto Saxophone,Technical Etude,67.779047619,30.232380952,98.011428571
Alto Saxophone,Chromatic Scale,105.00063492,13.328253968,118.328888888
Alto Saxophone,Major Scales,126.455873015,85.17079365,211.626666665
Alto Saxophone,Sight-Reading,218.453333333,48.599365079,267.052698412
