Instrument,ScoreGroup,Start,Duration,End
Trumpet,Lyrical Etude,15.934693877,34.742857142,50.677551019
Trumpet,Technical Etude,58.253061224,22.726530612,80.979591836
Trumpet,Chromatic Scale,91.689795918,10.710204081,102.399999999
Trumpet,Major Scales,109.714285714,104.489795918,214.204081632
Trumpet,Sight-Reading,218.644897959,60.081632653,278.726530612
