Instrument,ScoreGroup,Start,Duration,End
Alto Saxophone,Lyrical Etude,11.052698412,64.922993197,75.975691609
Alto Saxophone,Technical Etude,80.712562358,23.498594104,104.21115646199999
Alto Saxophone,Chromatic Scale,109.598185941,14.396371882,123.994557823
Alto Saxophone,Major Scales,129.381587301,55.170612244,184.552199545
Alto Saxophone,Sight-Reading,189.56770975,50.712380952,240.280090702
