Instrument,ScoreGroup,Start,Duration,End
Flute,Lyrical Etude,11.888617,63.529796,75.418413
Flute,Technical Etude,82.477279,24.706032,107.183311
Flute,Chromatic Scale,114.613696,12.817415,127.431111
Flute,Major Scales,133.746939,96.966531,230.71347
Flute,Sight-Reading,234.057143,44.396553,278.453696
