Instrument,ScoreGroup,Start,Duration,End
Trumpet,Lyrical Etude,16.138978,80.197214,96.33619200000001
Trumpet,Technical Etude,107.000715,24.741694,131.742409
Trumpet,Chromatic Scale,143.260094,8.105038,151.36513200000002
Trumpet,Major Scales,173.547339,110.91104,284.458379
Trumpet,Sight-Reading,295.976064,42.231511,338.207575
