Instrument,ScoreGroup,Start,Duration,End
Bb Clarinet,Lyrical Etude,17.089886621,114.24217687,131.33206349099999
Bb Clarinet,Technical Etude,139.505487528,66.130430839,205.635918367
Bb Clarinet,Chromatic Scale,214.738140589,13.746213151,228.48435374000002
Bb Clarinet,Major Scales,237.029297052,122.229841269,359.259138321
Bb Clarinet,Sight-Reading,363.531609977,47.182947845,410.714557822
