Instrument,ScoreGroup,Start,Duration,End
Flute,Lyrical Etude,13.165714,58.026667,71.192381
Flute,Technical Etude,76.55619,24.380952,100.937142
Flute,Chromatic Scale,106.138413,16.416508,122.55492100000001
Flute,Major Scales,130.194286,101.099683,231.293969
Flute,Sight-Reading,235.845079,32.182857,268.027936
