Instrument,ScoreGroup,Start,Duration,End
Flute,Lyrical Etude,9.287982,35.66585,44.953832
Flute,Technical Etude,51.0839,25.63483,76.71873
Flute,Chromatic Scale,80.619683,15.60381,96.22349299999999
Flute,Major Scales,101.053243,71.51746,172.57070299999998
Flute,Sight-Reading,174.614059,47.368707,221.982766
