Instrument,ScoreGroup,Start,Duration,End
Xylophone,Mallet Etude,13.978413,23.428934,37.407347
Snare Drum,Snare Etude,48.599365,58.096327,106.69569200000001
Timpani,Timpani Etude,113.940317,80.991202,194.93151899999998
Xylophone,Chromatic Scale,200.341769,12.654875,212.996644
Xylophone,Major Scales,219.800091,118.770068,338.570159
Xylophone,Sight-Reading,345.559365,24.357732,369.917097
Snare Drum,Sight-Reading,379.623039,29.767982,409.391021
