Instrument,ScoreGroup,Start,Duration,End
Bb Clarinet,Lyrical Etude,15.278730159,102.725079365,118.003809524
Bb Clarinet,Technical Etude,121.254603175,25.356190476,146.610793651
Bb Clarinet,Chromatic Scale,154.737777778,14.953650794,169.691428572
Bb Clarinet,Major Scales,175.867936508,90.697142857,266.56507936500003
Bb Clarinet,Sight-Reading,271.116190476,40.96,312.07619047599997
