Instrument,ScoreGroup,Start,Duration,End
Flute,Lyrical Etude,14.349931973,52.871836735,67.221768708
Flute,Technical Etude,77.949387755,44.373333333,122.32272108800001
Flute,Chromatic Scale,134.757006803,13.026394558,147.783401361
Flute,Major Scales,159.103129252,111.873741497,270.976870749
Flute,Sight-Reading,279.730793651,44.77968254,324.510476191
