Instrument,ScoreGroup,Start,Duration,End
Flute,Lyrical Etude,12.486626,103.305504,115.79213
Flute,Technical Etude,124.633592,63.286255,187.919847
Flute,Chromatic Scale,195.365289,12.564183,207.92947199999998
Flute,Major Scales,216.305593,105.166864,321.47245699999996
Flute,Sight-Reading,329.84858,40.949929,370.798509
