Instrument,ScoreGroup,Start,Duration,End
Alto Saxophone,Lyrical Etude,16.439727891,59.559183673,75.998911564
Alto Saxophone,Technical Etude,79.737324263,16.625487528,96.36281179100001
Alto Saxophone,Chromatic Scale,107.090430831,8.568163265,115.658594096
Alto Saxophone,Major Scales,128.150929701,54.915192743,183.066122444
Alto Saxophone,Sight-Reading,189.521269841,53.173696145,242.694965986
