Instrument,ScoreGroup,Start,Duration,End
Alto Saxophone,Lyrical Etude,12.434285714,173.975510204,186.409795918
Alto Saxophone,Technical Etude,194.664489795,53.49877551,248.163265305
Alto Saxophone,Chromatic Scale,253.701224489,8.202448979,261.903673468
Alto Saxophone,Major Scales,266.657959183,78.524081632,345.182040815
Alto Saxophone,Sight-Reading,348.995918367,35.735510204,384.731428571
