Instrument,ScoreGroup,Start,Duration,End
Alto Saxophone,Lyrical Etude,30.139501134,68.725260771,98.864761905
Alto Saxophone,Technical Etude,103.862857143,41.488253968,145.351111111
Alto Saxophone,Chromatic Scale,151.121269841,11.865396825,162.986666666
Alto Saxophone,Major Scales,170.382222222,90.85968254,261.241904762
Alto Saxophone,Sight-Reading,267.702857143,45.673650794,313.37650793700004
