Instrument,ScoreGroup,Start,Duration,End
Bb Clarinet,Lyrical Etude,15.580589569,72.957097506,88.537687075
Bb Clarinet,Technical Etude,97.152290249,35.66585034,132.818140589
Bb Clarinet,Chromatic Scale,141.084444444,12.144036281,153.22848072500003
Bb Clarinet,Major Scales,162.818321995,114.172517007,276.990839002
Bb Clarinet,Sight-Reading,283.840725624,41.447619048,325.288344672
