Instrument,ScoreGroup,Start,Duration,End
Xylophone,Mallet Etude,13.885533,68.359546,82.24507899999999
Snare Drum,Snare Etude,89.211066,43.955374,133.16644
Timpani,Timpani Etude,139.342948,59.698503,199.041451
Xylophone,Chromatic Scale,207.911474,11.679637,219.591111
Xylophone,Major Scales,226.394558,69.613424,296.00798199999997
Xylophone,Sight-Reading,304.274286,78.135147,382.40943300000004
Snare Drum,Sight-Reading,388.818141,29.744762,418.562903
