Instrument,ScoreGroup,Start,Duration,End
Bb Clarinet,Lyrical Etude,46.068390023,374.491428571,420.559818594
Bb Clarinet,Technical Etude,453.253514739,92.136780045,545.390294784
Bb Clarinet,Chromatic Scale,573.625759637,46.068390023,619.69414966
Bb Clarinet,Major Scales,671.706848073,402.726893424,1074.433741497
Bb Clarinet,Sight-Reading,1090.780589569,228.855873016,1319.6364625850001
