Instrument,ScoreGroup,Start,Duration,End
Bb Clarinet,Lyrical Etude,13.18893424,62.786757369,75.975691609
Bb Clarinet,Technical Etude,80.991201814,34.179773242,115.170975056
Bb Clarinet,Chromatic Scale,120.558004535,12.260136054,132.818140589
Bb Clarinet,Major Scales,138.948208616,98.824126984,237.7723356
Bb Clarinet,Sight-Reading,240.744489795,77.27600907,318.020498865
