Instrument,ScoreGroup,Start,Duration,End
Flute,Lyrical Etude,10.33288,41.331519,51.664399
Flute,Technical Etude,56.946939,60.720181,117.66712
Flute,Chromatic Scale,122.74068,26.888707,149.629387
Flute,Major Scales,155.898776,103.653878,259.552654
Flute,Sight-Reading,263.732245,46.950748,310.68299299999995
