Instrument,ScoreGroup,Start,Duration,End
Bb Clarinet,Lyrical Etude,14.117732426,47.833106575,61.950839001000006
Bb Clarinet,Technical Etude,69.381224489,45.046712018,114.427936507
Bb Clarinet,Chromatic Scale,119.071927437,16.811247165,135.883174602
Bb Clarinet,Major Scales,143.777959183,84.892154195,228.670113378
Bb Clarinet,Sight-Reading,237.679455782,43.932154195,281.611609977
