Instrument,ScoreGroup,Start,Duration,End
Flute,Lyrical Etude,9.427301587,66.641269841,76.068571428
Flute,Technical Etude,78.669206349,89.721904762,168.391111111
Flute,Chromatic Scale,175.542857143,26.006349206,201.549206349
Flute,Major Scales,208.050793651,121.57968254,329.63047619099996
Flute,Sight-Reading,335.156825397,81.26984127,416.42666666699995
