Instrument,ScoreGroup,Start,Duration,End
Flute,Lyrical Etude,10.448979591,59.907482993,70.356462584
Flute,Technical Etude,73.839455782,27.445986394,101.285442176
Flute,Chromatic Scale,107.276190476,16.439727891,123.715918367
Flute,Major Scales,128.174149659,78.854965986,207.029115645
Flute,Sight-Reading,211.487346938,47.786666666,259.274013604
