Instrument,ScoreGroup,Start,Duration,End
Bb Clarinet,Lyrical Etude,10.30966,74.025215,84.334875
Bb Clarinet,Technical Etude,90.220408,26.155102,116.37551
Bb Clarinet,Chromatic Scale,123.330612,13.779592,137.110204
Bb Clarinet,Major Scales,143.804082,100.832653,244.636735
Bb Clarinet,Sight-Reading,249.665306,51.787755,301.453061
