Instrument,ScoreGroup,Start,Duration,End
Flute,Lyrical Etude,13.949387755,56.186485261,70.135873016
Flute,Technical Etude,75.580952381,22.349206349,97.93015873
Flute,Chromatic Scale,105.894603175,14.05968254,119.954285715
Flute,Major Scales,127.268571429,104.30984127,231.578412699
Flute,Sight-Reading,237.876825397,54.375328798,292.252154195
