Instrument,ScoreGroup,Start,Duration,End
Flute,Lyrical Etude,15.046530612,53.521995465,68.568526077
Flute,Technical Etude,74.443174603,23.707573696,98.150748299
Flute,Chromatic Scale,105.070294785,15.441269841,120.511564626
Flute,Major Scales,128.499229025,114.909750567,243.408979592
Flute,Sight-Reading,248.633469388,67.291428571,315.924897959
