Instrument,ScoreGroup,Start,Duration,End
Bb Clarinet,Lyrical Etude,13.444353741,92.252879819,105.69723356
Bb Clarinet,Technical Etude,109.64462585,51.408979592,161.053605442
Bb Clarinet,Chromatic Scale,166.78893424,10.657959184,177.446893424
Bb Clarinet,Major Scales,181.394285714,97.523809524,278.918095238
Bb Clarinet,Sight-Reading,282.354648526,44.234013605,326.588662131
