Instrument,ScoreGroup,Start,Duration,End
Flute,Lyrical Etude,16.370068027,66.873469387,83.243537414
Flute,Technical Etude,91.834920634,23.452154195,115.287074829
Flute,Chromatic Scale,124.575056689,15.557369614,140.132426303
Flute,Major Scales,148.60770975,77.438548752,226.046258502
Flute,Sight-Reading,229.761451247,50.967800453,280.7292517
