Instrument,ScoreGroup,Start,Duration,End
Flute,Lyrical Etude,10.866938775,51.408979591,62.275918366
Flute,Technical Etude,68.405986394,26.749387755,95.155374149
Flute,Chromatic Scale,103.235918367,24.520272108,127.756190475
Flute,Major Scales,133.746938775,80.108843537,213.85578231199997
Flute,Sight-Reading,219.2892517,45.278911564,264.56816326399996
