Instrument,ScoreGroup,Start,Duration,End
Flute,Lyrical Etude,10.216780045,49.644263039,59.861043084
Flute,Technical Etude,64.08707483,25.588390023,89.67546485300001
Flute,Chromatic Scale,94.946394558,29.512562358,124.45895691599999
Flute,Major Scales,129.869206349,95.317913832,225.187120181
Flute,Sight-Reading,228.902312925,39.450702948,268.353015873
