Instrument,ScoreGroup,Start,Duration,End
Xylophone,Mallet Etude,14.367347,42.475011,56.842358000000004
Snare Drum,Snare Etude,62.171429,75.339002,137.51043099999998
Timpani,Timpani Etude,149.159184,60.889002,210.04818600000002
Xylophone,Chromatic Scale,223.346939,8.735306,232.082245
Xylophone,Major Scales,240.587755,105.04,345.627755
Xylophone,Sight-Reading,352.914286,33.737007,386.651293
Snare Drum,Sight-Reading,393.665306,39.113991,432.779297
