Instrument,ScoreGroup,Start,Duration,End
Flute,Lyrical Etude,17.972244897,98.847346938,116.819591835
Flute,Technical Etude,125.596734693,37.198367346,162.795102039
Flute,Chromatic Scale,170.527346938,17.763265306,188.290612244
Flute,Major Scales,196.022857142,115.565714285,311.588571427
Flute,Sight-Reading,321.619591836,64.156734693,385.776326529
