Instrument,ScoreGroup,Start,Duration,End
Flute,Lyrical Etude,11.981496598,55.727891156,67.709387754
Flute,Technical Etude,73.003537414,31.207619047,104.211156461
Flute,Chromatic Scale,113.127619047,54.613333333,167.74095238
Flute,Major Scales,176.239455782,124.226757369,300.466213151
Flute,Sight-Reading,309.289795918,103.328798185,412.61859410299996
