Instrument,ScoreGroup,Start,Duration,End
Bb Clarinet,Lyrical Etude,16.764807256,52.384217687,69.149024943
Bb Clarinet,Technical Etude,84.590294785,27.794285714,112.384580499
Bb Clarinet,Chromatic Scale,121.811882086,15.557369615,137.369251701
Bb Clarinet,Major Scales,153.994739229,123.295056689,277.289795918
Bb Clarinet,Sight-Reading,283.89877551,42.919183673,326.817959183
