Instrument,ScoreGroup,Start,Duration,End
Alto Saxophone,Lyrical Etude,11.702857142,168.576870748,180.27972789
Alto Saxophone,Technical Etude,184.180680272,54.613333333,238.79401360499998
Alto Saxophone,Chromatic Scale,244.506122448,10.681179138,255.18730158600002
Alto Saxophone,Major Scales,260.527891156,89.16462585,349.692517006
Alto Saxophone,Sight-Reading,354.800907029,29.489342403,384.290249432
