Instrument,ScoreGroup,Start,Duration,End
Bb Clarinet,Lyrical Etude,13.699773243,73.97877551,87.678548753
Bb Clarinet,Technical Etude,95.689433107,60.627301587,156.316734694
Bb Clarinet,Chromatic Scale,163.700680272,14.814331066,178.515011338
Bb Clarinet,Major Scales,187.106394558,111.525442177,298.631836735
Bb Clarinet,Sight-Reading,313.14430839,61.579319728,374.72362811799997
