Instrument,ScoreGroup,Start,Duration,End
Bb Clarinet,Lyrical Etude,9.822041,84.450975,94.273016
Bb Clarinet,Technical Etude,98.127528,120.790204,218.917732
Bb Clarinet,Chromatic Scale,224.769161,26.563628,251.332789
Bb Clarinet,Major Scales,258.368435,83.475737,341.84417199999996
Bb Clarinet,Sight-Reading,344.096508,88.700227,432.79673499999996
