Instrument,ScoreGroup,Start,Duration,End
Trumpet,Lyrical Etude,16.346848072,49.412063492,65.758911564
Trumpet,Technical Etude,71.703219954,26.006349206,97.70956916
Trumpet,Chromatic Scale,106.254512471,13.003174603,119.257687074
Trumpet,Major Scales,130.031746031,97.70956916,227.741315191
Trumpet,Sight-Reading,236.611337868,50.387301587,286.998639455
