Instrument,ScoreGroup,Start,Duration,End
Bb Clarinet,Lyrical Etude,10.170340136,57.283628118,67.453968254
Bb Clarinet,Technical Etude,70.37968254,36.9661678,107.34585034
Bb Clarinet,Chromatic Scale,109.598185941,17.48462585,127.082811791
Bb Clarinet,Major Scales,129.404807256,122.22984127,251.63464852599998
Bb Clarinet,Sight-Reading,254.606802721,80.457142857,335.063945578
