Instrument,ScoreGroup,Start,Duration,End
Bb Clarinet,Lyrical Etude,11.296507937,54.125714286,65.42222222299999
Bb Clarinet,Technical Etude,69.160634921,22.267936508,91.42857142899999
Bb Clarinet,Chromatic Scale,96.142222222,15.766349206,111.908571428
Bb Clarinet,Major Scales,116.866031746,77.043809524,193.90984127000002
Bb Clarinet,Sight-Reading,196.266666667,40.228571429,236.495238096
