Instrument,ScoreGroup,Start,Duration,End
Alto Saxophone,Lyrical Etude,12.561995465,60.720181406,73.282176871
Alto Saxophone,Technical Etude,77.415328798,45.464671202,122.88
Alto Saxophone,Chromatic Scale,131.006984127,10.681179138,141.68816326500001
Alto Saxophone,Major Scales,148.282630385,116.610612245,264.89324263000003
Alto Saxophone,Sight-Reading,272.695147392,78.437006803,351.132154195
