Instrument,ScoreGroup,Start,Duration,End
Flute,Lyrical Etude,10.681179,38.777324,49.458503
Flute,Technical Etude,52.941497,42.840816,95.78231299999999
Flute,Chromatic Scale,100.542404,18.575964,119.118368
Flute,Major Scales,125.387755,87.19093,212.578685
Flute,Sight-Reading,217.338776,48.065306,265.404082
