Instrument,ScoreGroup,Start,Duration,End
Flute,Lyrical Etude,17.205986395,51.873378685,69.07936508
Flute,Technical Etude,75.97569161,24.288072562,100.263764172
Flute,Chromatic Scale,107.647709751,22.314376417,129.96208616799998
Flute,Major Scales,135.627755102,92.16,227.787755102
Flute,Sight-Reading,233.151564626,58.978684807,292.130249433
