Instrument,ScoreGroup,Start,Duration,End
Flute,Lyrical Etude,15.344845,106.470937,121.81578200000001
Flute,Technical Etude,128.502363,63.779692,192.282055
Flute,Chromatic Scale,201.540397,15.430571,216.97096800000003
Flute,Major Scales,226.743662,111.100108,337.84377
Flute,Sight-Reading,344.015999,63.779692,407.79569100000003
