Instrument,ScoreGroup,Start,Duration,End
Flute,Lyrical Etude,13.931972789,52.80217687,66.734149659
Flute,Technical Etude,74.814693877,25.356190476,100.17088435299999
Flute,Chromatic Scale,105.743673469,22.569795918,128.313469387
Flute,Major Scales,135.000816326,80.944761904,215.94557823000002
Flute,Sight-Reading,219.846530612,39.427482993,259.274013605
