Instrument,ScoreGroup,Start,Duration,End
Bb Clarinet,Lyrical Etude,10.971428571,102.4,113.37142857100001
Bb Clarinet,Technical Etude,120.163265306,60.604081632,180.767346938
Bb Clarinet,Chromatic Scale,189.648979591,12.8,202.448979591
Bb Clarinet,Major Scales,211.069387755,100.310204081,311.37959183600003
Bb Clarinet,Sight-Reading,318.693877551,46.497959183,365.191836734
