Instrument,ScoreGroup,Start,Duration,End
Bb Clarinet,Lyrical Etude,20.63214,95.551128,116.183268
Bb Clarinet,Technical Etude,126.538562,40.009093,166.547655
Bb Clarinet,Chromatic Scale,171.725302,13.179466,184.904768
Bb Clarinet,Major Scales,192.435892,105.435727,297.871619
Bb Clarinet,Sight-Reading,302.578571,69.662891,372.241462
