Instrument,ScoreGroup,Start,Duration,End
Flute,Lyrical Etude,12.120816326,105.325714285,117.446530611
Flute,Technical Etude,123.088979591,22.151836734,145.240816325
Flute,Chromatic Scale,152.346122448,10.24,162.586122448
Flute,Major Scales,169.900408163,71.053061224,240.953469387
Flute,Sight-Reading,245.899319727,30.185941043,276.08526077
