Instrument,ScoreGroup,Start,Duration,End
Flute,Lyrical Etude,13.096054421,107.694149659,120.79020408000001
Flute,Technical Etude,126.223673469,34.9692517,161.192925169
Flute,Chromatic Scale,169.830748299,20.48,190.31074829899998
Flute,Major Scales,199.877369614,118.700408163,318.577777777
Flute,Sight-Reading,325.450884353,60.74340136,386.194285713
