Instrument,ScoreGroup,Start,Duration,End
Bb Clarinet,Lyrical Etude,11.772517,63.344036,75.11655300000001
Bb Clarinet,Technical Etude,81.66458,71.099501,152.764081
Bb Clarinet,Chromatic Scale,159.939048,17.949025,177.88807300000002
Bb Clarinet,Major Scales,184.877279,65.015873,249.893152
Bb Clarinet,Sight-Reading,257.137778,29.535782,286.67356
