Instrument,ScoreGroup,Start,Duration,End
Alto Saxophone,Lyrical Etude,10.379319727,47.090068027,57.469387754
Alto Saxophone,Technical Etude,61.625759637,23.939773242,85.565532879
Alto Saxophone,Chromatic Scale,92.508299319,9.984580498,102.492879817
Alto Saxophone,Major Scales,107.717369611,74.071655328,181.789024939
Alto Saxophone,Sight-Reading,186.827755101,47.415147392,234.242902493
