Instrument,ScoreGroup,Start,Duration,End
Alto Saxophone,Lyrical Etude,14.071292517,82.616598639,96.687891156
Alto Saxophone,Technical Etude,104.768435374,55.727891156,160.49632653
Alto Saxophone,Chromatic Scale,167.183673469,9.473741496,176.65741496500002
Alto Saxophone,Major Scales,183.62340136,97.663129251,281.286530611
Alto Saxophone,Sight-Reading,288.113197278,50.15510204,338.268299318
