Instrument,ScoreGroup,Start,Duration,End
Flute,Lyrical Etude,12.956734693,48.065306122,61.022040815000004
Flute,Technical Etude,65.828571428,28.212244897,94.04081632500001
Flute,Chromatic Scale,101.564081632,25.704489795,127.268571427
Flute,Major Scales,133.955918367,105.534693877,239.490612244
Flute,Sight-Reading,244.088163265,64.992653061,309.080816326
