Instrument,ScoreGroup,Start,Duration,End
Bb Clarinet,Lyrical Etude,11.331337868,43.235555556,54.566893424
Bb Clarinet,Technical Etude,59.14122449,37.569886621,96.71111111100001
Bb Clarinet,Chromatic Scale,103.514557823,16.625487528,120.140045351
Bb Clarinet,Major Scales,127.918730159,150.43047619,278.34920634900004
Bb Clarinet,Sight-Reading,284.688253968,78.286077098,362.97433106600005
