Instrument,ScoreGroup,Start,Duration,End
Bb Clarinet,Lyrical Etude,14.442811791,113.150839002,127.593650793
Bb Clarinet,Technical Etude,136.510113379,54.915192744,191.42530612299998
Bb Clarinet,Chromatic Scale,199.552290249,11.54031746,211.09260770900002
Bb Clarinet,Major Scales,218.012154195,105.139954649,323.152108844
Bb Clarinet,Sight-Reading,329.63047619,62.136598639,391.767074829
