Instrument,ScoreGroup,Start,Duration,End
Flute,Lyrical Etude,18.041904761,54.288253968,72.330158729
Flute,Technical Etude,75.743492063,25.031111111,100.774603174
Flute,Chromatic Scale,106.626031746,19.017142857,125.64317460299999
Flute,Major Scales,132.307301587,119.141587301,251.448888888
Flute,Sight-Reading,258.60063492,49.086984126,307.687619046
