Instrument,ScoreGroup,Start,Duration,End
Flute,Lyrical Etude,10.932244898,47.407891156,58.340136054
Flute,Technical Etude,62.885442177,20.863129252,83.74857142900001
Flute,Chromatic Scale,90.401088435,16.265578231,106.666666666
Flute,Major Scales,113.510748299,124.517006803,238.02775510200001
Flute,Sight-Reading,242.886530612,88.8830839,331.769614512
