Instrument,ScoreGroup,Start,Duration,End
Bb Clarinet,Lyrical Etude,13.931972789,80.991201814,94.92317460299999
Bb Clarinet,Technical Etude,100.124444444,33.994013605,134.118458049
Bb Clarinet,Chromatic Scale,143.406439909,14.675011337,158.081451246
Bb Clarinet,Major Scales,166.254875283,83.22031746,249.47519274299998
Bb Clarinet,Sight-Reading,258.391655328,47.55446712,305.946122448
