Instrument,ScoreGroup,Start,Duration,End
Alto Saxophone,Lyrical Etude,12.759365079,50.712380952,63.471746030999995
Alto Saxophone,Technical Etude,69.566984126,29.419682539,98.986666665
Alto Saxophone,Chromatic Scale,110.526984126,11.54031746,122.067301586
Alto Saxophone,Major Scales,129.869206349,64.528253968,194.397460317
Alto Saxophone,Sight-Reading,206.10031746,58.839365079,264.939682539
