Instrument,ScoreGroup,Start,Duration,End
Bb Clarinet,Lyrical Etude,12.445895692,84.056235828,96.50213152
Bb Clarinet,Technical Etude,103.189478458,35.201451247,138.390929705
Bb Clarinet,Chromatic Scale,144.613877551,13.560453515,158.174331066
Bb Clarinet,Major Scales,165.326077098,124.83047619,290.156553288
Bb Clarinet,Sight-Reading,295.601632653,55.79755102,351.39918367300004
