Instrument,ScoreGroup,Start,Duration,End
Flute,Lyrical Etude,34.82369,86.798234,121.62192399999999
Flute,Technical Etude,125.201233,49.215493,174.416726
Flute,Chromatic Scale,184.259825,10.737926,194.997751
Flute,Major Scales,206.630504,86.35082,292.981324
Flute,Sight-Reading,301.034768,55.479284,356.514052
