Instrument,ScoreGroup,Start,Duration,End
Trumpet,Lyrical Etude,13.061224489,31.085714285,44.146938774000006
Trumpet,Technical Etude,48.065306122,68.702040816,116.767346938
Trumpet,Chromatic Scale,124.342857142,33.175510204,157.518367346
Trumpet,Major Scales,165.61632653,107.363265306,272.979591836
Trumpet,Sight-Reading,280.55510204,86.204081632,366.759183672
