Instrument,ScoreGroup,Start,Duration,End
Bb Clarinet,Lyrical Etude,12.260136054,57.213968253,69.474104307
Bb Clarinet,Technical Etude,73.746575963,32.879455782,106.626031745
Bb Clarinet,Chromatic Scale,112.94185941,14.675011337,127.61687074700001
Bb Clarinet,Major Scales,135.604535147,122.972879818,258.577414965
Bb Clarinet,Sight-Reading,264.335963718,82.848798185,347.18476190300004
