Instrument,ScoreGroup,Start,Duration,End
Alto Saxophone,Lyrical Etude,23.04,48.535510204,71.575510204
Alto Saxophone,Technical Etude,79.899863946,65.062312925,144.962176871
Alto Saxophone,Chromatic Scale,153.025306122,12.695510204,165.72081632599998
Alto Saxophone,Major Scales,173.73170068,115.774693878,289.506394558
Alto Saxophone,Sight-Reading,297.215419501,49.133424036,346.348843537
