Instrument,ScoreGroup,Start,Duration,End
Flute,Lyrical Etude,11.689796,27.755102,39.444898
Flute,Technical Etude,43.559184,36.571429,80.13061300000001
Flute,Chromatic Scale,81.893878,14.302041,96.195919
Flute,Major Scales,98.35102,92.081633,190.43265300000002
Flute,Sight-Reading,198.791837,64.261224,263.05306099999996
