Instrument,ScoreGroup,Start,Duration,End
Alto Saxophone,Lyrical Etude,18.390204081,54.613333333,73.003537414
Alto Saxophone,Technical Etude,81.780680272,21.037278911,102.817959183
Alto Saxophone,Chromatic Scale,111.455782312,8.359183673,119.814965985
Alto Saxophone,Major Scales,128.034829931,48.065306122,176.100136053
Alto Saxophone,Sight-Reading,182.508843537,42.353197278,224.862040815
