Instrument,ScoreGroup,Start,Duration,End
Flute,Lyrical Etude,12.120816,73.978776,86.099592
Flute,Technical Etude,91.115102,58.932245,150.047347
Flute,Chromatic Scale,158.197551,13.165714,171.363265
Flute,Major Scales,181.185306,105.534694,286.72
Flute,Sight-Reading,292.153469,74.396735,366.550204
