Instrument,ScoreGroup,Start,Duration,End
Bb Clarinet,Lyrical Etude,11.261678005,73.02675737,84.288435375
Bb Clarinet,Technical Etude,87.423129252,72.097959184,159.521088436
Bb Clarinet,Chromatic Scale,163.735510204,25.286530612,189.02204081600001
Bb Clarinet,Major Scales,193.654421769,117.609070295,311.263492064
Bb Clarinet,Sight-Reading,317.648979592,87.21414966,404.863129252
