Instrument,ScoreGroup,Start,Duration,End
Flute,Lyrical Etude,13.746213,29.350023,43.096236
Flute,Technical Etude,47.925986,27.678186,75.604172
Flute,Chromatic Scale,81.176961,26.749388,107.926349
Flute,Major Scales,113.110204,104.359184,217.46938799999998
Flute,Sight-Reading,227.265306,60.081633,287.346939
