Instrument,ScoreGroup,Start,Duration,End
Bb Clarinet,Lyrical Etude,12.120816327,63.320816327,75.441632654
Bb Clarinet,Technical Etude,78.994285714,35.944489796,114.93877551
Bb Clarinet,Chromatic Scale,120.10521542,20.839909297,140.945124717
Bb Clarinet,Major Scales,146.517913832,98.10430839,244.622222222
Bb Clarinet,Sight-Reading,248.523174603,77.206349206,325.729523809
