Instrument,ScoreGroup,Start,Duration,End
Trumpet,Lyrical Etude,14.106122448,44.669387755,58.775510203
Trumpet,Technical Etude,64.783673469,26.906122448,91.689795917
Trumpet,Chromatic Scale,98.742857142,12.53877551,111.28163265200001
Trumpet,Major Scales,126.171428571,80.979591836,207.151020407
Trumpet,Sight-Reading,214.465306122,51.983673469,266.448979591
