Instrument,ScoreGroup,Start,Duration,End
Flute,Lyrical Etude,16.021768707,53.638095238,69.659863945
Flute,Technical Etude,75.697052154,21.826757369,97.52380952300001
Flute,Chromatic Scale,104.489795918,13.699773242,118.18956915999999
Flute,Major Scales,126.78095238,97.988208616,224.76916099599998
Flute,Sight-Reading,230.806349206,101.471201814,332.27755102
