Instrument,ScoreGroup,Start,Duration,End
Alto Saxophone,Lyrical Etude,10.843719,75.418413,86.26213200000001
Alto Saxophone,Technical Etude,93.344218,28.212245,121.556463
Alto Saxophone,Chromatic Scale,129.172608,10.541859,139.71446699999998
Alto Saxophone,Major Scales,145.473016,62.693878,208.166894
Alto Saxophone,Sight-Reading,215.365079,42.515737,257.880816
