Instrument,ScoreGroup,Start,Duration,End
Flute,Lyrical Etude,10.135510204,55.79755102,65.933061224
Flute,Technical Etude,71.471020408,32.705306122,104.17632653000001
Flute,Chromatic Scale,111.699591836,24.55510204,136.254693876
Flute,Major Scales,143.685079365,93.622857142,237.30793650700002
Flute,Sight-Reading,243.159365079,47.786666666,290.946031745
