Instrument,ScoreGroup,Start,Duration,End
Alto Saxophone,Lyrical Etude,9.264761904,54.45079365,63.715555554000005
Alto Saxophone,Technical Etude,65.747301587,56.238730158,121.98603174499999
Alto Saxophone,Chromatic Scale,127.024761904,43.641904761,170.666666665
Alto Saxophone,Major Scales,180.012698412,123.936507936,303.94920634799996
Alto Saxophone,Sight-Reading,308.012698412,69.404444444,377.41714285600005
