Instrument,ScoreGroup,Start,Duration,End
Bb Clarinet,Lyrical Etude,10.1239,68.731066,78.854966
Bb Clarinet,Technical Etude,83.591837,23.053061,106.644898
Bb Clarinet,Chromatic Scale,112.988299,11.981497,124.969796
Bb Clarinet,Major Scales,133.561179,114.427937,247.98911600000002
Bb Clarinet,Sight-Reading,252.447347,41.795918,294.243265
