Instrument,ScoreGroup,Start,Duration,End
Alto Saxophone,Lyrical Etude,16.18430839,72.376598639,88.56090702899999
Alto Saxophone,Technical Etude,93.878276644,54.009614512,147.887891156
Alto Saxophone,Chromatic Scale,154.505578231,21.82675737,176.33233560099998
Alto Saxophone,Major Scales,183.97170068,153.25170068,337.22340136
Alto Saxophone,Sight-Reading,341.890612245,67.361088435,409.25170068
