Instrument,ScoreGroup,Start,Duration,End
Flute,Lyrical Etude,11.363265,32.195918,43.559183
Flute,Technical Etude,49.240816,32.326531,81.56734700000001
Flute,Chromatic Scale,88.42449,24.228571,112.65306100000001
Flute,Major Scales,118.143129,88.978866,207.121995
Flute,Sight-Reading,211.394467,53.127256,264.521723
