Instrument,ScoreGroup,Start,Duration,End
Tenor Saxophone,Lyrical Etude,11.670497,75.473872,87.144369
Tenor Saxophone,Technical Etude,95.530355,68.765084,164.295439
Tenor Saxophone,Chromatic Scale,170.584928,11.74038,182.32530799999998
Tenor Saxophone,Major Scales,189.034097,98.954633,287.98873000000003
Tenor Saxophone,Sight-Reading,294.278219,39.833433,334.111652
