Instrument,ScoreGroup,Start,Duration,End
Flute,Lyrical Etude,13.931973,54.613333,68.545306
Flute,Technical Etude,75.232653,25.44907,100.681723
Flute,Chromatic Scale,110.341224,16.718367,127.059591
Flute,Major Scales,135.604535,106.811791,242.416326
Flute,Sight-Reading,247.246077,38.916644,286.16272100000003
