Instrument,ScoreGroup,Start,Duration,End
Flute,Lyrical Etude,13.165714285,94.667755102,107.83346938700001
Flute,Technical Etude,111.177142857,35.108571428,146.285714285
Flute,Chromatic Scale,151.092244897,30.511020408,181.603265305
Flute,Major Scales,186.827755102,116.610612244,303.438367346
Flute,Sight-Reading,308.871836734,45.139591836,354.01142857
