Instrument,ScoreGroup,Start,Duration,End
Flute,Lyrical Etude,22.500136054,39.65968254,62.159818594
Flute,Technical Etude,83.359637188,29.512562358,112.87219954599999
Flute,Chromatic Scale,140.968344671,12.747755102,153.716099773
Flute,Major Scales,181.905124717,102.121360544,284.026485261
Flute,Sight-Reading,299.026575964,82.105759637,381.132335601
