Instrument,ScoreGroup,Start,Duration,End
Bb Clarinet,Lyrical Etude,10.170340136,110.085804989,120.25614512499999
Bb Clarinet,Technical Etude,128.429569161,50.178321995,178.607891156
Bb Clarinet,Chromatic Scale,185.295238095,13.722993197,199.018231292
Bb Clarinet,Major Scales,204.962539683,110.735963719,315.698503402
Bb Clarinet,Sight-Reading,320.73723356,87.098049887,407.835283447
