Instrument,ScoreGroup,Start,Duration,End
Alto Saxophone,Lyrical Etude,11.900226757,59.210884353,71.11111111
Alto Saxophone,Technical Etude,79.644444444,23.510204081,103.154648525
Alto Saxophone,Chromatic Scale,112.268480725,11.377777777,123.64625850200001
Alto Saxophone,Major Scales,130.147845804,107.160090702,237.30793650600003
Alto Saxophone,Sight-Reading,242.996825396,42.666666666,285.663492062
