Instrument,ScoreGroup,Start,Duration,End
Flute,Lyrical Etude,14.326712018,58.955464853,73.282176871
Flute,Technical Etude,78.97106576,31.672018141,110.643083901
Flute,Chromatic Scale,117.655510204,16.068208617,133.723718821
Flute,Major Scales,140.41106576,79.342585034,219.753650794
Flute,Sight-Reading,228.57723356,60.279002268,288.85623582799997
