Instrument,ScoreGroup,Start,Duration,End
Flute,Lyrical Etude,13.191837,72.489796,85.681633
Flute,Technical Etude,88.685714,51.983673,140.669387
Flute,Chromatic Scale,146.285714,20.244898,166.53061200000002
Flute,Major Scales,172.538776,112.587755,285.126531
Flute,Sight-Reading,289.306122,53.55102,342.857142
