Instrument,ScoreGroup,Start,Duration,End
French Horn,Lyrical Etude,12.486075,93.766397,106.252472
French Horn,Technical Etude,113.502452,80.233103,193.735555
French Horn,Chromatic Scale,201.952197,9.666639,211.61883600000002
French Horn,Major Scales,217.902152,114.066339,331.968491
French Horn,Sight-Reading,342.601793,42.049879,384.65167199999996
