Instrument,ScoreGroup,Start,Duration,End
Trumpet,Lyrical Etude,17.965948,70.269544,88.235492
Trumpet,Technical Etude,100.376304,15.819845,116.196149
Trumpet,Chromatic Scale,127.601153,12.140811,139.741964
Trumpet,Major Scales,149.307452,89.032616,238.34006800000003
Trumpet,Sight-Reading,244.962329,47.827438,292.789767
