Instrument,ScoreGroup,Start,Duration,End
Alto Saxophone,Lyrical Etude,10.44898,73.700136,84.149116
Alto Saxophone,Technical Etude,89.721905,28.328345,118.05025
Alto Saxophone,Chromatic Scale,125.318095,12.631655,137.94975
Alto Saxophone,Major Scales,144.869297,72.980317,217.84961399999997
Alto Saxophone,Sight-Reading,225.09424,44.837732,269.93197200000003
