Instrument,ScoreGroup,Start,Duration,End
Bb Clarinet,Lyrical Etude,8.870023,65.898231,74.768254
Bb Clarinet,Technical Etude,81.66458,80.364263,162.028843
Bb Clarinet,Chromatic Scale,168.623311,18.158005,186.781316
Bb Clarinet,Major Scales,194.281361,112.338141,306.619502
Bb Clarinet,Sight-Reading,312.44771,56.44771,368.89541999999994
