Instrument,ScoreGroup,Start,Duration,End
Flute,Lyrical Etude,16.068209,63.251156,79.319365
Flute,Technical Etude,87.678549,30.55746,118.236009
Flute,Chromatic Scale,127.80263,29.442902,157.245532
Flute,Major Scales,167.369433,120.836644,288.206077
Flute,Sight-Reading,299.351655,56.47093,355.822585
