Instrument,ScoreGroup,Start,Duration,End
Xylophone,Mallet Etude,12.701315,74.698594,87.399909
Snare Drum,Snare Etude,94.319456,115.797914,210.11737
Timpani,Timpani Etude,219.730431,37.685986,257.416417
Xylophone,Chromatic Scale,268.213696,5.31737,273.531066
Xylophone,Major Scales,288.113197,91.765261,379.878458
Xylophone,Sight-Reading,387.680363,36.432109,424.112472
Snare Drum,Sight-Reading,430.33542,29.164263,459.499683
