Instrument,ScoreGroup,Start,Duration,End
Flute,Lyrical Etude,12.399455782,65.201632653,77.60108843500001
Flute,Technical Etude,86.447891156,39.427482993,125.875374149
Flute,Chromatic Scale,140.329795918,11.911836735,152.241632653
Flute,Major Scales,163.282721088,99.474285714,262.757006802
Flute,Sight-Reading,270.83755102,48.483265306,319.320816326
