Instrument,ScoreGroup,Start,Duration,End
Alto Saxophone,Lyrical Etude,12.469115646,50.642721088,63.111836734
Alto Saxophone,Technical Etude,68.916825397,64.179954649,133.096780046
Alto Saxophone,Chromatic Scale,139.859591837,8.933877551,148.793469388
Alto Saxophone,Major Scales,154.760997732,100.890702948,255.65170067999998
Alto Saxophone,Sight-Reading,262.199727891,44.9538322,307.15356009100003
