Instrument,ScoreGroup,Start,Duration,End
Bb Clarinet,Lyrical Etude,14.367347,126.955102,141.322449
Bb Clarinet,Technical Etude,149.420408,55.118367,204.53877500000002
Bb Clarinet,Chromatic Scale,216.816327,11.493878,228.310205
Bb Clarinet,Major Scales,235.102041,111.281633,346.38367400000004
Bb Clarinet,Sight-Reading,354.481633,56.163265,410.644898
