Instrument,ScoreGroup,Start,Duration,End
Bb Clarinet,Lyrical Etude,14.367347,73.534694,87.902041
Bb Clarinet,Technical Etude,94.82449,37.289796,132.114286
Bb Clarinet,Chromatic Scale,141.453061,22.138776,163.591837
Bb Clarinet,Major Scales,172.669388,96.914286,269.583674
Bb Clarinet,Sight-Reading,274.088345,67.059229,341.147574
