Instrument,ScoreGroup,Start,Duration,End
Bb Clarinet,Lyrical Etude,15.696689,78.042268,93.738957
Bb Clarinet,Technical Etude,105.186395,95.294694,200.481089
Bb Clarinet,Chromatic Scale,210.651429,19.388662,230.04009100000002
Bb Clarinet,Major Scales,237.563356,97.29161,334.854966
Bb Clarinet,Sight-Reading,341.240454,45.696871,386.937325
