Instrument,ScoreGroup,Start,Duration,End
Bb Clarinet,Lyrical Etude,12.445895692,32.879455782,45.325351474
Bb Clarinet,Technical Etude,50.155102041,45.511111111,95.666213152
Bb Clarinet,Chromatic Scale,104.025396825,17.647165533,121.672562358
Bb Clarinet,Major Scales,129.102947846,95.851972789,224.954920635
Bb Clarinet,Sight-Reading,230.527709751,65.015873016,295.543582767
