Instrument,ScoreGroup,Start,Duration,End
Alto Saxophone,Lyrical Etude,13.862312925,201.247346938,215.109659863
Alto Saxophone,Technical Etude,220.473469387,73.909115646,294.382585033
Alto Saxophone,Chromatic Scale,300.651972789,14.698231292,315.350204081
Alto Saxophone,Major Scales,320.574693877,118.700408163,439.27510204000004
Alto Saxophone,Sight-Reading,445.196190476,66.107210884,511.30340136
