Instrument,ScoreGroup,Start,Duration,End
Xylophone,Mallet Etude,14.164172,39.450703,53.614875
Snare Drum,Snare Etude,60.255782,48.065306,108.321088
Timpani,Timpani Etude,117.098231,49.922902,167.021133
Xylophone,Chromatic Scale,174.08,8.684263,182.764263
Xylophone,Major Scales,190.844807,105.163175,296.00798199999997
Xylophone,Sight-Reading,302.30059,33.181315,335.481905
Snare Drum,Sight-Reading,348.810159,40.70458,389.514739
