Instrument,ScoreGroup,Start,Duration,End
Flute,Lyrical Etude,19.690521542,55.356371882,75.04689342399999
Flute,Technical Etude,80.062403628,22.662675737,102.725079365
Flute,Chromatic Scale,109.783945578,22.4769161,132.260861678
Flute,Major Scales,138.019410431,104.582675737,242.60208616800003
Flute,Sight-Reading,248.546394558,54.799092971,303.345487529
