Instrument,ScoreGroup,Start,Duration,End
Alto Saxophone,Lyrical Etude,9.752380952,60.987210884,70.739591836
Alto Saxophone,Technical Etude,75.441632653,58.61877551,134.060408163
Alto Saxophone,Chromatic Scale,142.907210884,11.389387755,154.296598639
Alto Saxophone,Major Scales,161.819863946,70.704761905,232.524625851
Alto Saxophone,Sight-Reading,237.853605442,49.110204082,286.963809524
