Instrument,ScoreGroup,Start,Duration,End
Flute,Lyrical Etude,10.158730159,68.38276644,78.541496599
Flute,Technical Etude,84.520634921,48.123356009,132.64399093
Flute,Chromatic Scale,139.493877551,16.195918367,155.689795918
Flute,Major Scales,164.257959184,117.028571429,281.28653061299997
Flute,Sight-Reading,287.06829932,74.536054422,361.604353742
