Instrument,ScoreGroup,Start,Duration,End
Bb Clarinet,Lyrical Etude,10.774059,92.879819,103.65387799999999
Bb Clarinet,Technical Etude,111.270023,63.715556,174.985579
Bb Clarinet,Chromatic Scale,182.601723,17.832925,200.43464799999998
Bb Clarinet,Major Scales,206.936236,115.542494,322.47873000000004
Bb Clarinet,Sight-Reading,327.86576,65.387392,393.253152
