Instrument,ScoreGroup,Start,Duration,End
Alto Saxophone,Lyrical Etude,19.861333333,76.821333333,96.682666666
Alto Saxophone,Technical Etude,105.898666667,33.536,139.434666667
Alto Saxophone,Chromatic Scale,147.968,8.192,156.16
Alto Saxophone,Major Scales,165.418666667,82.432,247.85066666699998
Alto Saxophone,Sight-Reading,254.762666667,42.410666667,297.173333334
