Instrument,ScoreGroup,Start,Duration,End
Bb Clarinet,Lyrical Etude,9.264761905,31.248253968,40.513015873
Bb Clarinet,Technical Etude,45.673650794,26.412698413,72.086349207
Bb Clarinet,Chromatic Scale,79.888253968,15.36,95.248253968
Bb Clarinet,Major Scales,101.720816327,81.502040816,183.222857143
Bb Clarinet,Sight-Reading,187.036734694,39.183673469,226.220408163
