Instrument,ScoreGroup,Start,Duration,End
Bb Clarinet,Lyrical Etude,11.834431,145.783427,157.61785799999998
Bb Clarinet,Technical Etude,167.043511,78.547105,245.590616
Bb Clarinet,Chromatic Scale,258.158153,23.249943,281.408096
Bb Clarinet,Major Scales,292.090502,114.364585,406.45508700000005
Bb Clarinet,Sight-Reading,423.421262,76.661975,500.083237
