Instrument,ScoreGroup,Start,Duration,End
Alto Saxophone,Lyrical Etude,5.921088435,53.173696145,59.09478458
Alto Saxophone,Technical Etude,63.158276643,29.257142857,92.4154195
Alto Saxophone,Chromatic Scale,97.523809523,11.377777777,108.9015873
Alto Saxophone,Major Scales,114.009977324,66.873469387,180.883446711
Alto Saxophone,Sight-Reading,186.92063492,44.698412698,231.619047618
