Instrument,ScoreGroup,Start,Duration,End
Bb Clarinet,Lyrical Etude,14.860771,78.019048,92.879819
Bb Clarinet,Technical Etude,96.223492,22.662676,118.886168
Bb Clarinet,Chromatic Scale,124.273197,15.789569,140.062766
Bb Clarinet,Major Scales,145.635556,78.576327,224.211883
Bb Clarinet,Sight-Reading,230.15619,44.768073,274.924263
