Instrument,ScoreGroup,Start,Duration,End
Flute,Lyrical Etude,10.58829932,70.217142857,80.805442177
Flute,Technical Etude,85.542312925,38.452244898,123.99455782300001
Flute,Chromatic Scale,130.960544218,10.309659864,141.270204082
Flute,Major Scales,147.400272109,97.523809524,244.92408163300001
Flute,Sight-Reading,249.103673469,44.303673469,293.407346938
