Instrument,ScoreGroup,Start,Duration,End
Bb Clarinet,Lyrical Etude,11.363265,96.783673,108.14693799999999
Bb Clarinet,Technical Etude,114.285714,33.697959,147.983673
Bb Clarinet,Chromatic Scale,156.212245,12.669388,168.881633
Bb Clarinet,Major Scales,176.065306,107.885714,283.95101999999997
Bb Clarinet,Sight-Reading,290.873469,40.881633,331.755102
