Instrument,ScoreGroup,Start,Duration,End
Xylophone,Mallet Etude,15.743129,97.24517,112.988299
Snare Drum,Snare Etude,123.808798,47.740227,171.549025
Timpani,Timpani Etude,178.050612,50.247982,228.298594
Xylophone,Chromatic Scale,235.45034,7.976054,243.42639400000002
Xylophone,Major Scales,249.103673,79.040726,328.144399
Xylophone,Sight-Reading,333.995828,59.071565,393.06739300000004
Snare Drum,Sight-Reading,398.953651,24.462222,423.415873
