Instrument,ScoreGroup,Start,Duration,End
Bb Clarinet,Lyrical Etude,23.893333333,66.432290249,90.325623582
Bb Clarinet,Technical Etude,103.39845805,43.212335601,146.610793651
Bb Clarinet,Chromatic Scale,157.779591837,19.040362812,176.819954649
Bb Clarinet,Major Scales,185.66675737,121.858321995,307.525079365
Bb Clarinet,Sight-Reading,313.4461678,50.85170068,364.29786848000003
