Instrument,ScoreGroup,Start,Duration,End
Bb Clarinet,Lyrical Etude,9.012245,57.795918,66.80816300000001
Bb Clarinet,Technical Etude,71.771429,48.522449,120.293878
Bb Clarinet,Chromatic Scale,129.893878,11.297959,141.191837
Bb Clarinet,Major Scales,146.808163,102.661224,249.469387
Bb Clarinet,Sight-Reading,255.216327,37.22449,292.44081700000004
