Instrument,ScoreGroup,Start,Duration,End
Xylophone,Mallet Etude,9.534694,45.97551,55.510204
Snare Drum,Snare Etude,61.126531,59.428571,120.555102
Timpani,Timpani Etude,125.387755,54.465306,179.853061
Xylophone,Chromatic Scale,187.95102,12.538776,200.489796
Xylophone,Major Scales,206.367347,105.012245,311.379592
Xylophone,Sight-Reading,319.477551,53.812245,373.289796
Snare Drum,Sight-Reading,378.77551,26.514286,405.289796
