Instrument,ScoreGroup,Start,Duration,End
Bb Clarinet,Lyrical Etude,13.374693878,71.517460317,84.892154195
Bb Clarinet,Technical Etude,94.737414966,54.427573696,149.164988662
Bb Clarinet,Chromatic Scale,156.223854875,16.346848073,172.570702948
Bb Clarinet,Major Scales,180.186848073,97.152290249,277.339138322
Bb Clarinet,Sight-Reading,282.7261678,67.802267574,350.52843537399997
