Instrument,ScoreGroup,Start,Duration,End
Flute,Lyrical Etude,10.710204,78.106122,88.816326
Flute,Technical Etude,93.779592,28.212245,121.99183699999999
Flute,Chromatic Scale,128.261224,15.15102,143.412244
Flute,Major Scales,150.204082,112.326531,262.530613
Flute,Sight-Reading,275.069388,52.506122,327.57551
