Instrument,ScoreGroup,Start,Duration,End
Alto Saxophone,Lyrical Etude,10.100680272,86.378231292,96.478911564
Alto Saxophone,Technical Etude,100.426303854,61.300680272,161.726984126
Alto Saxophone,Chromatic Scale,168.228571428,11.261678004,179.490249432
Alto Saxophone,Major Scales,184.830839002,79.992743764,264.823582766
Alto Saxophone,Sight-Reading,269.235374149,43.653514739,312.888888888
