Instrument,ScoreGroup,Start,Duration,End
Bb Clarinet,Lyrical Etude,17.110204081,53.942857142,71.053061223
Bb Clarinet,Technical Etude,77.322448979,38.530612244,115.853061223
Bb Clarinet,Chromatic Scale,121.208163265,16.718367346,137.926530611
Bb Clarinet,Major Scales,145.371428571,86.334693877,231.706122448
Bb Clarinet,Sight-Reading,236.669387755,58.644897959,295.314285714
