Instrument,ScoreGroup,Start,Duration,End
Alto Saxophone,Lyrical Etude,12.608435,62.786757,75.39519200000001
Alto Saxophone,Technical Etude,79.644444,35.75873,115.40317399999999
Alto Saxophone,Chromatic Scale,123.808798,38.359365,162.168163
Alto Saxophone,Major Scales,173.522721,86.238912,259.76163299999996
Alto Saxophone,Sight-Reading,265.868481,56.749569,322.61805
