Instrument,ScoreGroup,Start,Duration,End
Flute,Lyrical Etude,9.659501,60.929161,70.588662
Flute,Technical Etude,74.675374,22.476916,97.15229000000001
Flute,Chromatic Scale,103.653878,10.959819,114.613697
Flute,Major Scales,120.743764,98.266848,219.01061199999998
Flute,Sight-Reading,222.911565,40.681361,263.592926
