Instrument,ScoreGroup,Start,Duration,End
Flute,Lyrical Etude,11.807346939,28.943673469,40.751020408
Flute,Technical Etude,50.834285714,21.786122449,72.62040816300001
Flute,Chromatic Scale,84.062040816,13.583673469,97.64571428500001
Flute,Major Scales,108.408163265,56.894693878,165.30285714299998
Flute,Sight-Reading,174.219319728,51.896598639,226.11591836699998
