Instrument,ScoreGroup,Start,Duration,End
Flute,Lyrical Etude,16.764807256,37.755646259,54.520453515
Flute,Technical Etude,61.44,30.023401361,91.463401361
Flute,Chromatic Scale,99.683265306,17.18276644,116.866031746
Flute,Major Scales,123.553378685,91.440181406,214.993560091
Flute,Sight-Reading,222.865124717,58.816145125,281.681269842
