Instrument,ScoreGroup,Start,Duration,End
Alto Saxophone,Lyrical Etude,12.329795918,70.217142857,82.546938775
Alto Saxophone,Technical Etude,86.726530612,38.661224489,125.38775510100001
Alto Saxophone,Chromatic Scale,131.239183673,9.822040816,141.061224489
Alto Saxophone,Major Scales,146.912653061,92.786938775,239.69959183599997
Alto Saxophone,Sight-Reading,244.088163265,51.408979591,295.497142856
