Instrument,ScoreGroup,Start,Duration,End
Flute,Lyrical Etude,13.072834467,63.274376417,76.34721088399999
Flute,Technical Etude,82.26829932,22.407256236,104.67555555599999
Flute,Chromatic Scale,112.802539683,14.953650794,127.756190477
Flute,Major Scales,137.099319728,122.819047619,259.918367347
Flute,Sight-Reading,267.728979592,75.636099773,343.365079365
