Instrument,ScoreGroup,Start,Duration,End
Flute,Lyrical Etude,12.53877551,55.309931973,67.848707483
Flute,Technical Etude,72.446258503,23.266394558,95.712653061
Flute,Chromatic Scale,102.957278912,13.792653061,116.749931973
Flute,Major Scales,123.576598639,119.118367347,242.694965986
Flute,Sight-Reading,246.735238095,46.532789116,293.268027211
