Instrument,ScoreGroup,Start,Duration,End
Xylophone,Mallet Etude,14.767891,32.322177,47.090068
Snare Drum,Snare Etude,54.056054,78.390567,132.446621
Timpani,Timpani Etude,142.570522,56.47093,199.04145200000002
Xylophone,Chromatic Scale,207.400635,10.1239,217.524535
Xylophone,Major Scales,222.955102,96.653061,319.608163
Xylophone,Sight-Reading,325.093878,86.204082,411.29796
Snare Drum,Sight-Reading,417.763265,45.64898,463.412245
