Instrument,ScoreGroup,Start,Duration,End
Bb Clarinet,Lyrical Etude,10.187755102,117.551020408,127.73877551
Bb Clarinet,Technical Etude,136.097959183,99.787755102,235.885714285
Bb Clarinet,Chromatic Scale,245.574240362,17.647165532,263.221405894
Bb Clarinet,Major Scales,271.766349206,114.613696145,386.380045351
Bb Clarinet,Sight-Reading,394.553469387,67.244988662,461.79845804900003
