Instrument,ScoreGroup,Start,Duration,End
Trumpet,Lyrical Etude,19.220681,58.240593,77.461274
Trumpet,Technical Etude,86.332358,18.899265,105.231623
Trumpet,Chromatic Scale,119.502497,12.342377,131.844874
Trumpet,Major Scales,141.873056,76.36846,218.241516
Trumpet,Sight-Reading,228.269697,77.911257,306.18095400000004
