Instrument,ScoreGroup,Start,Duration,End
Alto Saxophone,Lyrical Etude,13.873922902,69.137414965,83.01133786700001
Alto Saxophone,Technical Etude,91.312471655,36.165079365,127.47755101999999
Alto Saxophone,Chromatic Scale,134.675736961,16.602267573,151.27800453400002
Alto Saxophone,Major Scales,159.346938775,79.586394557,238.93333333200002
Alto Saxophone,Sight-Reading,246.18956916,56.192290249,302.381859409
