Instrument,ScoreGroup,Start,Duration,End
Alto Saxophone,Lyrical Etude,11.029478458,55.727891156,66.757369614
Alto Saxophone,Technical Etude,70.704761904,47.310657596,118.0154195
Alto Saxophone,Chromatic Scale,123.646258503,29.837641723,153.483900226
Alto Saxophone,Major Scales,160.624036281,112.268480725,272.892517006
Alto Saxophone,Sight-Reading,279.103854875,68.498866213,347.602721088
