Instrument,ScoreGroup,Start,Duration,End
Bb Clarinet,Lyrical Etude,16.409976,106.924728,123.334704
Bb Clarinet,Technical Etude,131.799578,35.641576,167.44115399999998
Bb Clarinet,Chromatic Scale,175.906028,12.029032,187.93506
Bb Clarinet,Major Scales,199.073052,104.25161,303.324662
Bb Clarinet,Sight-Reading,311.344017,40.542293,351.88631
