Instrument,ScoreGroup,Start,Duration,End
Flute,Lyrical Etude,11.49968254,25.031111111,36.530793651
Flute,Technical Etude,42.747936508,21.820952381,64.56888888900001
Flute,Chromatic Scale,72.248888889,13.328253968,85.577142857
Flute,Major Scales,94.447165533,64.08707483,158.534240363
Flute,Sight-Reading,164.455328798,46.497959184,210.953287982
