Instrument,ScoreGroup,Start,Duration,End
Bb Clarinet,Lyrical Etude,17.502041,91.167347,108.669388
Bb Clarinet,Technical Etude,114.416327,75.232653,189.64898
Bb Clarinet,Chromatic Scale,198.269388,21.681633,219.951021
Bb Clarinet,Major Scales,235.102041,78.367347,313.469388
Bb Clarinet,Sight-Reading,364.831927,116.285533,481.11746
