Instrument,ScoreGroup,Start,Duration,End
Flute,Lyrical Etude,12.074376,27.678186,39.752562
Flute,Technical Etude,44.995918,28.604082,73.6
Flute,Chromatic Scale,79.934694,12.146939,92.081633
Flute,Major Scales,99.567166,63.901315,163.468481
Flute,Sight-Reading,168.298231,37.616327,205.914558
