Instrument,ScoreGroup,Start,Duration,End
Bb Clarinet,Lyrical Etude,16.21574,106.880101,123.095841
Bb Clarinet,Technical Etude,128.847237,49.845428,178.692665
Bb Clarinet,Chromatic Scale,184.923344,12.461357,197.38470099999998
Bb Clarinet,Major Scales,206.97036,112.152214,319.122574
Bb Clarinet,Sight-Reading,326.791102,55.596824,382.387926
