Instrument,ScoreGroup,Start,Duration,End
Bb Clarinet,Lyrical Etude,13.322449,65.306122,78.62857100000001
Bb Clarinet,Technical Etude,85.420408,24.293878,109.71428599999999
Bb Clarinet,Chromatic Scale,117.028571,14.889796,131.918367
Bb Clarinet,Major Scales,139.232653,73.142857,212.37551000000002
Bb Clarinet,Sight-Reading,219.95102,68.963265,288.914285
