Instrument,ScoreGroup,Start,Duration,End
Alto Saxophone,Lyrical Etude,11.377777777,55.263492063,66.64126984
Alto Saxophone,Technical Etude,71.029841269,41.691428571,112.72126984
Alto Saxophone,Chromatic Scale,118.491428571,17.31047619,135.801904761
Alto Saxophone,Major Scales,141.734603174,76.881269841,218.615873015
Alto Saxophone,Sight-Reading,223.817142857,79.806984126,303.624126983
