Instrument,ScoreGroup,Start,Duration,End
Bb Clarinet,Lyrical Etude,10.959818594,78.947845804,89.907664398
Bb Clarinet,Technical Etude,94.551655328,33.994013605,128.545668933
Bb Clarinet,Chromatic Scale,134.861496598,13.18893424,148.050430838
Bb Clarinet,Major Scales,154.180498866,121.115283446,275.29578231200003
Bb Clarinet,Sight-Reading,281.797369614,65.38739229,347.18476190399997
