Instrument,ScoreGroup,Start,Duration,End
Trumpet,Lyrical Etude,12.27755102,44.146938775,56.424489795
Trumpet,Technical Etude,63.47755102,25.07755102,88.55510204000001
Trumpet,Chromatic Scale,95.085714285,11.75510204,106.84081632499999
Trumpet,Major Scales,111.804081632,82.024489795,193.82857142699999
Trumpet,Sight-Reading,197.224489795,45.453061224,242.67755101900002
