Instrument,ScoreGroup,Start,Duration,End
Oboe,Lyrical Etude,12.329795918,53.707755102,66.03755102
Oboe,Technical Etude,75.650612244,38.661224489,114.311836733
Oboe,Chromatic Scale,120.790204081,12.53877551,133.328979591
Oboe,Major Scales,139.807346938,71.262040816,211.069387754
Oboe,Sight-Reading,216.084897959,56.424489795,272.509387754
