Instrument,ScoreGroup,Start,Duration,End
Flute,Lyrical Etude,13.374693878,47.925986395,61.300680273000005
Flute,Technical Etude,68.823945578,22.43047619,91.25442176799999
Flute,Chromatic Scale,101.982040816,31.764897959,133.746938775
Flute,Major Scales,141.548843537,114.102857143,255.65170068
Flute,Sight-Reading,264.28952381,33.297414966,297.586938776
