Instrument,ScoreGroup,Start,Duration,End
Bb Clarinet,Lyrical Etude,14.930430839,112.384580499,127.31501133799999
Bb Clarinet,Technical Etude,134.164897959,37.546666667,171.71156462599998
Bb Clarinet,Chromatic Scale,179.977868481,11.354557823,191.332426304
Bb Clarinet,Major Scales,199.923809524,96.478911565,296.402721089
Bb Clarinet,Sight-Reading,304.274285714,76.045351474,380.319637188
