Instrument,ScoreGroup,Start,Duration,End
Flute,Lyrical Etude,14.164172336,47.136507937,61.300680273
Flute,Technical Etude,65.967891156,51.432199546,117.400090702
Flute,Chromatic Scale,127.941950113,22.175056689,150.117006802
Flute,Major Scales,161.880816327,106.24,268.120816327
Flute,Sight-Reading,279.771428571,65.253877551,345.025306122
