Instrument,ScoreGroup,Start,Duration,End
Flute,Lyrical Etude,21.199818594,54.775873016,75.97569161
Flute,Technical Etude,81.176961451,32.763356009,113.94031745999999
Flute,Chromatic Scale,120.209705215,28.514104308,148.723809523
Flute,Major Scales,155.713015873,98.568707483,254.281723356
Flute,Sight-Reading,258.623854875,54.14893424,312.772789115
