Instrument,ScoreGroup,Start,Duration,End
Bb Clarinet,Lyrical Etude,13.839093,55.913651,69.752744
Bb Clarinet,Technical Etude,75.418413,26.006349,101.424762
Bb Clarinet,Chromatic Scale,110.619864,27.028027,137.64789100000002
Bb Clarinet,Major Scales,148.114286,90.644898,238.759184
Bb Clarinet,Sight-Reading,246.922449,40.555102,287.477551
