Instrument,ScoreGroup,Start,Duration,End
Flute,Lyrical Etude,10.54185941,58.885804989,69.42766439900001
Flute,Technical Etude,74.257414966,33.994013605,108.25142857099999
Flute,Chromatic Scale,115.46122449,11.877006803,127.338231293
Flute,Major Scales,134.443537415,91.312471655,225.75600907
Flute,Sight-Reading,233.685623583,48.20462585,281.890249433
