Instrument,ScoreGroup,Start,Duration,End
Bb Clarinet,Lyrical Etude,13.374693877,162.168163265,175.542857142
Bb Clarinet,Technical Etude,183.530521541,58.142766439,241.67328798
Bb Clarinet,Chromatic Scale,250.961269841,16.161088435,267.122358276
Bb Clarinet,Major Scales,275.48154195,118.514648526,393.99619047600004
Bb Clarinet,Sight-Reading,398.825941043,61.300680272,460.126621315
