Instrument,ScoreGroup,Start,Duration,End
Flute,Lyrical Etude,12.608435374,86.796190476,99.40462585
Flute,Technical Etude,106.672471655,48.994104308,155.66657596299999
Flute,Chromatic Scale,164.350839002,18.575963719,182.926802721
Flute,Major Scales,192.156734694,120.790204082,312.946938776
Flute,Sight-Reading,348.630204082,69.590204082,418.220408164
