Instrument,ScoreGroup,Start,Duration,End
Bb Clarinet,Lyrical Etude,10.100680272,51.54829932,61.648979591999996
Bb Clarinet,Technical Etude,68.545306122,33.622494331,102.167800453
Bb Clarinet,Chromatic Scale,109.598185941,13.374693878,122.972879819
Bb Clarinet,Major Scales,130.542585034,105.04707483,235.589659864
Bb Clarinet,Sight-Reading,240.187210884,55.449251701,295.636462585
