Instrument,ScoreGroup,Start,Duration,End
Flute,Lyrical Etude,12.051156,44.512653,56.563809
Flute,Technical Etude,60.604082,44.025034,104.629116
Flute,Chromatic Scale,110.480544,15.046531,125.527075
Flute,Major Scales,132.562721,63.878095,196.440816
Flute,Sight-Reading,204.382041,72.585578,276.967619
