Instrument,ScoreGroup,Start,Duration,End
Xylophone,Mallet Etude,14.257052,99.567166,113.824218
Snare Drum,Snare Etude,127.96517,115.310295,243.275465
Timpani,Timpani Etude,250.612971,50.689161,301.302132
Xylophone,Chromatic Scale,313.399728,6.455147,319.854875
Xylophone,Major Scales,326.217143,77.067029,403.284172
Xylophone,Sight-Reading,411.248617,43.769615,455.018232
Snare Drum,Sight-Reading,460.96254,30.046621,491.009161
