Instrument,ScoreGroup,Start,Duration,End
Flute,Lyrical Etude,12.260136054,70.495782312,82.755918366
Flute,Technical Etude,88.607346938,49.458503401,138.065850339
Flute,Chromatic Scale,146.146394557,26.888707482,173.035102039
Flute,Major Scales,180.256507936,122.554920634,302.81142857
Flute,Sight-Reading,307.037460317,54.125714285,361.163174602
