Instrument,ScoreGroup,Start,Duration,End
Bb Clarinet,Lyrical Etude,13.844898,85.55102,99.395918
Bb Clarinet,Technical Etude,105.273469,37.355102,142.62857100000002
Bb Clarinet,Chromatic Scale,154.122449,12.277551,166.39999999999998
Bb Clarinet,Major Scales,175.542857,106.579592,282.122449
Bb Clarinet,Sight-Reading,286.955102,44.538776,331.493878
