Instrument,ScoreGroup,Start,Duration,End
Bb Clarinet,Lyrical Etude,14.675011,60.836281,75.511292
Bb Clarinet,Technical Etude,82.477279,26.749388,109.22666699999999
Bb Clarinet,Chromatic Scale,120.000726,25.170431,145.171157
Bb Clarinet,Major Scales,154.383673,85.812245,240.195918
Bb Clarinet,Sight-Reading,249.208163,93.779592,342.987755
