Instrument,ScoreGroup,Start,Duration,End
Bb Clarinet,Lyrical Etude,14.140952,70.310023,84.450975
Bb Clarinet,Technical Etude,91.625941,73.746576,165.37251700000002
Bb Clarinet,Chromatic Scale,175.333878,16.346848,191.680726
Bb Clarinet,Major Scales,201.525986,79.458685,280.984671
Bb Clarinet,Sight-Reading,288.925896,33.622494,322.54839000000004
