Instrument,ScoreGroup,Start,Duration,End
Flute,Lyrical Etude,14.106122449,74.292244898,88.398367347
Flute,Technical Etude,96.478911565,44.930612245,141.40952381
Flute,Chromatic Scale,152.380952381,14.338321995,166.719274376
Flute,Major Scales,176.355555556,109.226666667,285.58222222300003
Flute,Sight-Reading,293.035827664,54.334693878,347.370521542
