Instrument,ScoreGroup,Start,Duration,End
Flute,Lyrical Etude,8.405624,41.238639,49.644262999999995
Flute,Technical Etude,53.916735,41.563719,95.48045400000001
Flute,Chromatic Scale,101.796281,15.18585,116.982131
Flute,Major Scales,121.811882,88.235828,210.04771
Flute,Sight-Reading,214.645261,44.257234,258.902495
