Instrument,ScoreGroup,Start,Duration,End
Alto Saxophone,Lyrical Etude,12.027936507,46.973968253,59.00190476
Alto Saxophone,Technical Etude,63.065396825,27.631746031,90.697142856
Alto Saxophone,Chromatic Scale,97.523809523,12.19047619,109.714285713
Alto Saxophone,Major Scales,115.565714285,59.326984126,174.892698411
Alto Saxophone,Sight-Reading,180.419047619,50.387301587,230.806349206
