Instrument,ScoreGroup,Start,Duration,End
Bb Clarinet,Lyrical Etude,12.669387755,55.379591836,68.048979591
Bb Clarinet,Technical Etude,72.359183673,36.310204081,108.66938775400001
Bb Clarinet,Chromatic Scale,114.15510204,14.106122448,128.261224488
Bb Clarinet,Major Scales,135.41877551,99.195646258,234.614421768
Bb Clarinet,Sight-Reading,239.444172335,56.842448979,296.286621314
