Instrument,ScoreGroup,Start,Duration,End
Bb Clarinet,Lyrical Etude,18.808163265,50.93877551,69.746938775
Bb Clarinet,Technical Etude,74.971428571,37.35510204,112.32653061100001
Bb Clarinet,Chromatic Scale,120.946938775,13.844897959,134.79183673400001
Bb Clarinet,Major Scales,146.285714285,120.946938775,267.23265306
Bb Clarinet,Sight-Reading,271.934693877,66.220408163,338.15510204
