Instrument,ScoreGroup,Start,Duration,End
Bb Clarinet,Lyrical Etude,15.650249,69.358005,85.00825400000001
Bb Clarinet,Technical Etude,91.045442,116.215873,207.261315
Bb Clarinet,Chromatic Scale,215.06322,18.552744,233.615964
Bb Clarinet,Major Scales,241.371429,88.421587,329.793016
Bb Clarinet,Sight-Reading,336.596463,69.079365,405.675828
