Instrument,ScoreGroup,Start,Duration,End
Alto Saxophone,Lyrical Etude,14.210612,59.559184,73.769796
Alto Saxophone,Technical Etude,82.10576,26.238549,108.34430900000001
Alto Saxophone,Chromatic Scale,118.212789,8.452063,126.664852
Alto Saxophone,Major Scales,136.626213,84.450975,221.077188
Alto Saxophone,Sight-Reading,228.298594,34.876372,263.17496600000004
