Instrument,ScoreGroup,Start,Duration,End
Flute,Lyrical Etude,11.459047619,58.920634921,70.37968254
Flute,Technical Etude,76.741950113,40.286621315,117.02857142799999
Flute,Chromatic Scale,125.039455782,13.119274376,138.158730158
Flute,Major Scales,145.821315193,95.317913832,241.13922902500002
Flute,Sight-Reading,246.189569161,38.48707483,284.676643991
