Instrument,ScoreGroup,Start,Duration,End
Flute,Lyrical Etude,8.515918,38.034286,46.550204
Flute,Technical Etude,50.834286,42.213878,93.048164
Flute,Chromatic Scale,98.638367,13.217959,111.856326
Flute,Major Scales,117.65551,63.947755,181.60326500000002
Flute,Sight-Reading,186.566531,45.818776,232.385307
