Instrument,ScoreGroup,Start,Duration,End
Flute,Lyrical Etude,12.353015873,46.347029478,58.700045351
Flute,Technical Etude,67.08244898,33.274195011,100.356643991
Flute,Chromatic Scale,111.246802721,13.653333333,124.900136054
Flute,Major Scales,132.609160998,98.266848073,230.876009071
Flute,Sight-Reading,232.733605442,45.847800454,278.581405896
