Instrument,ScoreGroup,Start,Duration,End
Flute,Lyrical Etude,6.501587302,95.573333333,102.074920635
Flute,Technical Etude,105.650793651,52.987936508,158.638730159
Flute,Chromatic Scale,164.815238095,24.706031746,189.52126984100002
Flute,Major Scales,196.022857143,105.000634921,301.02349206400004
Flute,Sight-Reading,305.574603175,52.987936508,358.562539683
