Instrument,ScoreGroup,Start,Duration,End
Flute,Lyrical Etude,13.688163265,58.305306122,71.993469387
Flute,Technical Etude,77.949387755,25.07755102,103.026938775
Flute,Chromatic Scale,114.311836734,26.226938775,140.538775509
Flute,Major Scales,147.26095238,83.22031746,230.48126983999998
Flute,Sight-Reading,236.657777777,88.259047619,324.91682539600004
