Instrument,ScoreGroup,Start,Duration,End
Flute,Lyrical Etude,14.117732426,45.418231292,59.535963718000005
Flute,Technical Etude,66.501950113,29.907301587,96.4092517
Flute,Chromatic Scale,109.598185941,20.43356009,130.031746031
Flute,Major Scales,140.155646258,55.4492517,195.60489795799998
Flute,Sight-Reading,200.620408163,49.179863945,249.800272108
