Instrument,ScoreGroup,Start,Duration,End
Flute,Lyrical Etude,9.682721,41.586939,51.26966
Flute,Technical Etude,55.518912,40.472381,95.991293
Flute,Chromatic Scale,102.051701,47.717007,149.768708
Flute,Major Scales,155.271837,100.937143,256.20898
Flute,Sight-Reading,259.413333,81.153741,340.56707400000005
