Instrument,ScoreGroup,Start,Duration,End
Bb Clarinet,Lyrical Etude,13.003175,63.715556,76.718731
Bb Clarinet,Technical Etude,83.406077,24.891791,108.297868
Bb Clarinet,Chromatic Scale,117.86449,15.13941,133.00390000000002
Bb Clarinet,Major Scales,140.155646,59.721723,199.877369
Bb Clarinet,Sight-Reading,206.471837,36.223129,242.694966
