Instrument,ScoreGroup,Start,Duration,End
Bb Clarinet,Lyrical Etude,16.261036,120.636057,136.89709299999998
Bb Clarinet,Technical Etude,145.067662,40.372226,185.439888
Bb Clarinet,Chromatic Scale,194.571701,19.22487,213.796571
Bb Clarinet,Major Scales,221.96714,117.271705,339.23884499999997
Bb Clarinet,Sight-Reading,347.409415,35.566009,382.97542400000003
