Instrument,ScoreGroup,Start,Duration,End
Alto Saxophone,Lyrical Etude,12.004717,76.99737,89.002087
Alto Saxophone,Technical Etude,95.457234,56.19229,151.64952399999999
Alto Saxophone,Chromatic Scale,159.869388,18.459864,178.329252
Alto Saxophone,Major Scales,186.549116,120.163265,306.712381
Alto Saxophone,Sight-Reading,314.258866,64.714014,378.97288000000003
