Instrument,ScoreGroup,Start,Duration,End
Bb Clarinet,Lyrical Etude,22.360816327,135.511655329,157.87247165600002
Bb Clarinet,Technical Etude,167.508752834,58.119546485,225.628299319
Bb Clarinet,Chromatic Scale,235.17170068,13.630113379,248.80181405899998
Bb Clarinet,Major Scales,256.441179138,107.810249433,364.251428571
Bb Clarinet,Sight-Reading,373.794829932,103.119818594,476.914648526
