Instrument,ScoreGroup,Start,Duration,End
Bb Clarinet,Lyrical Etude,11.633197279,74.930793651,86.56399093
Bb Clarinet,Technical Etude,93.46031746,39.706122449,133.166439909
Bb Clarinet,Chromatic Scale,140.503945578,12.631655329,153.13560090700003
Bb Clarinet,Major Scales,159.335328798,113.174058957,272.50938775500003
Bb Clarinet,Sight-Reading,278.662675737,45.395011338,324.057687075
