Instrument,ScoreGroup,Start,Duration,End
Bb Clarinet,Lyrical Etude,16.532607709,53.684535147,70.217142856
Bb Clarinet,Technical Etude,76.532970521,25.634829931,102.167800452
Bb Clarinet,Chromatic Scale,106.811791383,11.517097505,118.328888888
Bb Clarinet,Major Scales,128.359909297,91.76526077,220.125170067
Bb Clarinet,Sight-Reading,223.468843537,52.384217687,275.853061224
