Instrument,ScoreGroup,Start,Duration,End
Flute,Lyrical Etude,8.173424036,54.868752834,63.04217687
Flute,Technical Etude,67.523628118,34.922811791,102.446439909
Flute,Chromatic Scale,106.022312925,28.885623583,134.907936508
Flute,Major Scales,139.784126984,77.531428571,217.315555555
Flute,Sight-Reading,221.936326531,66.664489796,288.60081632699996
