Instrument,ScoreGroup,Start,Duration,End
Bb Clarinet,Lyrical Etude,11.052698412,43.281995464,54.334693875999996
Bb Clarinet,Technical Etude,59.257324263,32.136417233,91.393741496
Bb Clarinet,Chromatic Scale,99.288526077,14.582131519,113.870657596
Bb Clarinet,Major Scales,120.465124716,110.712743764,231.17786848
Bb Clarinet,Sight-Reading,240.837369614,63.808435374,304.645804988
