Instrument,ScoreGroup,Start,Duration,End
Alto Saxophone,Lyrical Etude,11.146666667,49.066666667,60.213333334
Alto Saxophone,Technical Etude,67.669333333,66.901333333,134.570666666
Alto Saxophone,Chromatic Scale,140.784,9.312,150.096
Alto Saxophone,Major Scales,156.8,100.586666667,257.386666667
Alto Saxophone,Sight-Reading,264.213333333,53.973333333,318.18666666599995
