Instrument,ScoreGroup,Start,Duration,End
Bb Clarinet,Lyrical Etude,10.959818594,68.359546485,79.319365079
Bb Clarinet,Technical Etude,87.307029478,38.26648526,125.573514738
Bb Clarinet,Chromatic Scale,132.446621315,15.418049886,147.864671201
Bb Clarinet,Major Scales,155.109297052,128.731428571,283.840725623
Bb Clarinet,Sight-Reading,291.456870748,63.901315192,355.35818594
