Instrument,ScoreGroup,Start,Duration,End
Xylophone,Mallet Etude,9.845261,49.597823,59.443084
Snare Drum,Snare Etude,63.158277,55.542132,118.70040900000001
Timpani,Timpani Etude,121.301043,69.845624,191.146667
Xylophone,Chromatic Scale,194.6761,11.702857,206.37895699999999
Xylophone,Major Scales,212.137506,99.195646,311.333152
Xylophone,Sight-Reading,315.234104,15.41805,330.652154
Snare Drum,Sight-Reading,334.924626,28.792744,363.71736999999996
