Instrument,ScoreGroup,Start,Duration,End
Flute,Lyrical Etude,12.306575963,55.031292517,67.33786848
Flute,Technical Etude,71.517460317,27.051247165,98.56870748200001
Flute,Chromatic Scale,104.605895691,56.308390022,160.914285713
Flute,Major Scales,169.691428571,104.768435374,274.459863945
Flute,Sight-Reading,282.261768707,58.235646258,340.49741496499996
