Instrument,ScoreGroup,Start,Duration,End
Alto Saxophone,Lyrical Etude,17.995464852,45.325351473,63.320816324999996
Alto Saxophone,Technical Etude,68.03446712,20.015600907,88.05006802700001
Alto Saxophone,Chromatic Scale,95.735873015,8.823582766,104.559455781
Alto Saxophone,Major Scales,111.548662131,54.311473922,165.860136053
Alto Saxophone,Sight-Reading,170.457687071,34.574512471,205.032199542
