Instrument,ScoreGroup,Start,Duration,End
Flute,Lyrical Etude,10.031020408,80.666122449,90.697142857
Flute,Technical Etude,96.548571429,84.845714286,181.39428571500002
Flute,Chromatic Scale,187.663673469,48.483265306,236.146938775
Flute,Major Scales,243.252244898,97.384489796,340.636734694
Flute,Sight-Reading,348.577959184,96.548571429,445.126530613
