Instrument,ScoreGroup,Start,Duration,End
Bb Clarinet,Lyrical Etude,15.799245,115.342272,131.141517
Bb Clarinet,Technical Etude,141.414918,33.622039,175.036957
Bb Clarinet,Chromatic Scale,184.843384,13.075237,197.91862099999997
Bb Clarinet,Major Scales,205.390186,97.130334,302.52052000000003
Bb Clarinet,Sight-Reading,307.657221,64.909214,372.566435
