Instrument,ScoreGroup,Start,Duration,End
Xylophone,Mallet Etude,10.657959,79.156825,89.814784
Snare Drum,Snare Etude,96.966531,113.313379,210.27991
Timpani,Timpani Etude,216.456417,37.941406,254.397823
Xylophone,Chromatic Scale,262.292608,10.518639,272.811247
Xylophone,Major Scales,279.846893,98.870567,378.71746
Xylophone,Sight-Reading,384.592109,54.334694,438.926803
Snare Drum,Sight-Reading,445.42839,36.385669,481.814059
