Instrument,ScoreGroup,Start,Duration,End
Alto Saxophone,Lyrical Etude,13.374693877,87.771428571,101.146122448
Alto Saxophone,Technical Etude,108.878367346,38.870204081,147.748571427
Alto Saxophone,Chromatic Scale,157.152653061,10.657959183,167.810612244
Alto Saxophone,Major Scales,174.08,92.577959183,266.657959183
Alto Saxophone,Sight-Reading,273.763265306,49.737142857,323.500408163
