Instrument,ScoreGroup,Start,Duration,End
Bb Clarinet,Lyrical Etude,20.062040816,52.384217687,72.446258503
Bb Clarinet,Technical Etude,84.334875283,32.32217687,116.657052153
Bb Clarinet,Chromatic Scale,128.174149659,14.4892517,142.663401359
Bb Clarinet,Major Scales,155.8523356,130.031746031,285.884081631
Bb Clarinet,Sight-Reading,291.828390022,61.672199546,353.500589568
