Instrument,ScoreGroup,Start,Duration,End
Flute,Lyrical Etude,12.360679,90.760233,103.120912
Flute,Technical Etude,109.344471,90.760233,200.104704
Flute,Chromatic Scale,208.921413,12.965748,221.887161
Flute,Major Scales,230.703869,114.098579,344.802448
Flute,Sight-Reading,351.544636,60.161069,411.705705
