Instrument,ScoreGroup,Start,Duration,End
Alto Saxophone,Lyrical Etude,13.096054421,44.582312925,57.678367345999995
Alto Saxophone,Technical Etude,64.087074829,30.650340136,94.737414965
Alto Saxophone,Chromatic Scale,103.560997732,10.588299319,114.149297051
Alto Saxophone,Major Scales,122.508480725,66.873469387,189.381950112
Alto Saxophone,Sight-Reading,196.255056689,43.189115646,239.44417233500002
