Instrument,ScoreGroup,Start,Duration,End
French Horn,Lyrical Etude,21.998459,98.302735,120.301194
French Horn,Technical Etude,135.764545,89.466534,225.231079
French Horn,Chromatic Scale,237.933118,17.672402,255.60552
French Horn,Major Scales,272.173397,104.377623,376.55102
French Horn,Sight-Reading,387.044008,50.808155,437.852163
