Instrument,ScoreGroup,Start,Duration,End
Bb Clarinet,Lyrical Etude,16.346848072,99.009886621,115.356734693
Bb Clarinet,Technical Etude,123.158639455,62.786757369,185.945396824
Bb Clarinet,Chromatic Scale,194.86185941,14.117732426,208.979591836
Bb Clarinet,Major Scales,218.267573696,115.170975056,333.438548752
Bb Clarinet,Sight-Reading,346.81324263,37.894965986,384.708208616
