Instrument,ScoreGroup,Start,Duration,End
Flute,Lyrical Etude,13.931972789,85.21723356,99.149206349
Flute,Technical Etude,104.675555555,28.885623582,133.561179137
Flute,Chromatic Scale,141.177324263,14.396371882,155.573696145
Flute,Major Scales,162.79510204,101.564081632,264.359183672
Flute,Sight-Reading,269.165714285,46.811428571,315.977142856
