Instrument,ScoreGroup,Start,Duration,End
Bb Clarinet,Lyrical Etude,15.243336,86.080016,101.323352
Bb Clarinet,Technical Etude,110.841815,31.452313,142.294128
Bb Clarinet,Chromatic Scale,155.537208,11.173848,166.71105599999999
Bb Clarinet,Major Scales,174.987981,100.97848,275.966461
Bb Clarinet,Sight-Reading,285.898771,42.212315,328.111086
