Instrument,ScoreGroup,Start,Duration,End
Alto Saxophone,Lyrical Etude,15.777959183,66.873469387,82.65142857000001
Alto Saxophone,Technical Etude,88.659591836,20.688979591,109.348571427
Alto Saxophone,Chromatic Scale,115.774693877,10.083265306,125.857959183
Alto Saxophone,Major Scales,131.761632653,85.472653061,217.234285714
Alto Saxophone,Sight-Reading,223.085714285,41.691428571,264.777142856
