Instrument,ScoreGroup,Start,Duration,End
Bb Clarinet,Lyrical Etude,10.44898,64.261224,74.710204
Bb Clarinet,Technical Etude,80.457143,28.212245,108.669388
Bb Clarinet,Chromatic Scale,114.677551,15.412245,130.089796
Bb Clarinet,Major Scales,136.620408,69.355102,205.97550999999999
Bb Clarinet,Sight-Reading,210.416327,53.812245,264.228572
