Instrument,ScoreGroup,Start,Duration,End
Flute,Lyrical Etude,8.916463,31.950658,40.867121
Flute,Technical Etude,47.554467,61.857959,109.41242600000001
Flute,Chromatic Scale,117.95737,47.182948,165.140318
Flute,Major Scales,173.714286,119.640816,293.355102
Flute,Sight-Reading,299.102041,77.583673,376.68571399999996
