Instrument,ScoreGroup,Start,Duration,End
Xylophone,Mallet Etude,10.44898,38.429025,48.878005
Snare Drum,Snare Etude,53.173696,49.458503,102.632199
Timpani,Timpani Etude,108.669388,52.477098,161.14648599999998
Xylophone,Chromatic Scale,167.648073,10.681179,178.329252
Xylophone,Major Scales,183.785941,72.910658,256.696599
Xylophone,Sight-Reading,264.475283,88.816327,353.29161
Snare Drum,Sight-Reading,361.766893,27.399546,389.16643899999997
