Instrument,ScoreGroup,Start,Duration,End
Xylophone,Mallet Etude,15.493991,37.832993,53.326984
Snare Drum,Snare Etude,58.77551,77.393991,136.169501
Timpani,Timpani Etude,143.777959,65.773991,209.55195
Xylophone,Chromatic Scale,212.137506,8.063107,220.200613
Xylophone,Major Scales,226.873469,120.76,347.633469
Xylophone,Sight-Reading,351.216327,20.416009,371.63233599999995
Snare Drum,Sight-Reading,377.469388,40.63,418.099388
