Instrument,ScoreGroup,Start,Duration,End
Alto Saxophone,Lyrical Etude,13.049614512,94.429750567,107.479365079
Alto Saxophone,Technical Etude,112.599365079,42.747936508,155.347301587
Alto Saxophone,Chromatic Scale,162.173968254,13.815873016,175.98984127
Alto Saxophone,Major Scales,182.532063492,83.545396825,266.077460317
Alto Saxophone,Sight-Reading,270.10031746,84.845714286,354.946031746
