Instrument,ScoreGroup,Start,Duration,End
Flute,Lyrical Etude,17.763265306,60.325442177,78.08870748300001
Flute,Technical Etude,85.751292517,43.049795918,128.801088435
Flute,Chromatic Scale,141.734603175,12.306575964,154.04117913899998
Flute,Major Scales,167.415873016,112.802539683,280.218412699
Flute,Sight-Reading,287.660408163,49.737142857,337.39755102
