Instrument,ScoreGroup,Start,Duration,End
Bb Clarinet,Lyrical Etude,16.848979591,113.763265306,130.61224489699998
Bb Clarinet,Technical Etude,140.146938775,74.057142857,214.204081632
Bb Clarinet,Chromatic Scale,221.518367346,16.065306122,237.583673468
Bb Clarinet,Major Scales,248.81632653,125.518367346,374.334693876
Bb Clarinet,Sight-Reading,379.167346938,54.726530612,433.89387754999996
