Instrument,ScoreGroup,Start,Duration,End
Trumpet,Lyrical Etude,11.358253,55.937757,67.29601
Trumpet,Technical Etude,73.992784,17.726754,91.719538
Trumpet,Chromatic Scale,98.810239,9.060341,107.87057999999999
Trumpet,Major Scales,116.930921,101.239461,218.17038200000002
Trumpet,Sight-Reading,228.806434,84.300563,313.106997
