Instrument,ScoreGroup,Start,Duration,End
Bb Clarinet,Lyrical Etude,10.17034,66.896689,77.06702899999999
Bb Clarinet,Technical Etude,83.638277,73.746576,157.38485300000002
Bb Clarinet,Chromatic Scale,171.966984,16.857687,188.824671
Bb Clarinet,Major Scales,195.488798,72.051519,267.540317
Bb Clarinet,Sight-Reading,273.577506,42.817596,316.395102
