Instrument,ScoreGroup,Start,Duration,End
Alto Saxophone,Lyrical Etude,15.743129252,69.056145125,84.799274377
Alto Saxophone,Technical Etude,92.183219955,30.232380952,122.415600907
Alto Saxophone,Chromatic Scale,131.192743764,7.94122449,139.133968254
Alto Saxophone,Major Scales,147.771791383,82.337959184,230.109750567
Alto Saxophone,Sight-Reading,238.004535147,37.307210884,275.311746031
