Instrument,ScoreGroup,Start,Duration,End
Flute,Lyrical Etude,14.140952381,58.758095238,72.899047619
Flute,Technical Etude,78.019047619,74.118095238,152.13714285700001
Flute,Chromatic Scale,158.232380952,19.667301587,177.899682539
Flute,Major Scales,189.231020408,104.69877551,293.929795918
Flute,Sight-Reading,299.049795918,55.170612245,354.220408163
