Instrument,ScoreGroup,Start,Duration,End
Flute,Lyrical Etude,16.253968254,48.111746032,64.365714286
Flute,Technical Etude,72.655238095,23.080634921,95.735873016
Flute,Chromatic Scale,104.838095238,23.893333333,128.73142857099998
Flute,Major Scales,141.40952381,89.559365079,230.968888889
Flute,Sight-Reading,236.82031746,39.497142857,276.31746031700004
