Instrument,ScoreGroup,Start,Duration,End
Flute,Lyrical Etude,9.287981859,74.768253968,84.056235827
Flute,Technical Etude,88.293877551,31.085714285,119.379591836
Flute,Chromatic Scale,125.17877551,12.173061224,137.351836734
Flute,Major Scales,143.220680272,102.539319727,245.759999999
Flute,Sight-Reading,250.148571428,41.528888888,291.677460316
