Instrument,ScoreGroup,Start,Duration,End
Xylophone,Mallet Etude,14.024853,53.127256,67.152109
Snare Drum,Snare Etude,74.582494,72.539138,147.12163199999998
Timpani,Timpani Etude,152.163265,116.636735,268.8
Xylophone,Chromatic Scale,276.37551,11.689796,288.065306
Xylophone,Major Scales,296.097959,103.053061,399.15102
Xylophone,Sight-Reading,404.956009,127.431111,532.38712
Snare Drum,Sight-Reading,537.665306,39.444898,577.110204
