Instrument,ScoreGroup,Start,Duration,End
Flute,Lyrical Etude,12.817414966,39.288163265,52.105578231
Flute,Technical Etude,55.635011338,31.393378685,87.028390023
Flute,Chromatic Scale,93.437097506,38.266485261,131.703582767
Flute,Major Scales,138.739229025,115.28707483,254.02630385499998
Flute,Sight-Reading,260.435011338,59.4430839,319.87809523799996
