Instrument,ScoreGroup,Start,Duration,End
Alto Saxophone,Lyrical Etude,12.027936507,49.086984126,61.114920633
Alto Saxophone,Technical Etude,65.991111111,31.695238095,97.68634920599999
Alto Saxophone,Chromatic Scale,104.025396825,15.116190476,119.141587301
Alto Saxophone,Major Scales,126.293333333,74.93079365,201.22412698300002
Alto Saxophone,Sight-Reading,206.75047619,35.596190476,242.346666666
