Instrument,ScoreGroup,Start,Duration,End
French Horn,Lyrical Etude,13.78992,132.284143,146.074063
French Horn,Technical Etude,155.487542,84.721305,240.208847
French Horn,Chromatic Scale,264.981159,24.276865,289.258024
French Horn,Major Scales,302.635072,56.976316,359.611388
French Horn,Sight-Reading,370.511206,15.358833,385.870039
