Instrument,ScoreGroup,Start,Duration,End
Flute,Lyrical Etude,11.702857143,63.553015873,75.255873016
Flute,Technical Etude,80.341043084,48.239455782,128.580498866
Flute,Chromatic Scale,134.844081633,12.120816327,146.96489796
Flute,Major Scales,152.276462585,117.167891156,269.444353741
Flute,Sight-Reading,275.295782313,60.743401361,336.039183674
