Instrument,ScoreGroup,Start,Duration,End
Alto Saxophone,Lyrical Etude,15.510929705,69.474104308,84.98503401299999
Alto Saxophone,Technical Etude,91.951020408,58.003446712,149.95446712
Alto Saxophone,Chromatic Scale,157.640272109,9.311201814,166.95147392299998
Alto Saxophone,Major Scales,174.056780045,92.903038549,266.959818594
Alto Saxophone,Sight-Reading,272.4861678,60.44154195,332.92770974999996
