Instrument,ScoreGroup,Start,Duration,End
Oboe,Lyrical Etude,13.374693877,57.051428571,70.426122448
Oboe,Technical Etude,76.27755102,29.605442176,105.882993196
Oboe,Chromatic Scale,113.684897959,14.83755102,128.522448979
Oboe,Major Scales,135.883174603,86.378231292,222.261405895
Oboe,Sight-Reading,228.019954648,63.901315192,291.92126984000004
