Instrument,ScoreGroup,Start,Duration,End
Bb Clarinet,Lyrical Etude,27.167346938,136.097959183,163.265306121
Bb Clarinet,Technical Etude,176.326530612,67.657142857,243.983673469
Bb Clarinet,Chromatic Scale,255.21632653,13.583673469,268.799999999
Bb Clarinet,Major Scales,279.510204081,112.326530612,391.836734693
Bb Clarinet,Sight-Reading,400.587755102,72.097959183,472.685714285
