Instrument,ScoreGroup,Start,Duration,End
Flute,Lyrical Etude,15.46449,100.310204,115.774694
Flute,Technical Etude,121.626122,54.961633,176.587755
Flute,Chromatic Scale,179.513469,19.644082,199.15755099999998
Flute,Major Scales,204.486531,115.252245,319.73877600000003
Flute,Sight-Reading,324.336327,51.722449,376.05877599999997
