Instrument,ScoreGroup,Start,Duration,End
Flute,Lyrical Etude,10.774058956,51.083900226,61.857959181999995
Flute,Technical Etude,65.015873015,20.43356009,85.449433105
Flute,Chromatic Scale,90.650702947,14.303492063,104.95419501
Flute,Major Scales,109.412426303,105.511473922,214.923900225
Flute,Sight-Reading,218.824852607,37.709206349,256.53405895599997
