Instrument,ScoreGroup,Start,Duration,End
Alto Saxophone,Lyrical Etude,9.961360544,74.071655329,84.033015873
Alto Saxophone,Technical Etude,86.819410431,46.625668934,133.445079365
Alto Saxophone,Chromatic Scale,137.531791383,9.961360544,147.493151927
Alto Saxophone,Major Scales,151.835283447,104.884535147,256.719818594
Alto Saxophone,Sight-Reading,261.967528345,46.648888889,308.616417234
