Instrument,ScoreGroup,Start,Duration,End
Bb Clarinet,Lyrical Etude,15.970483,88.742389,104.712872
Bb Clarinet,Technical Etude,112.265416,50.507636,162.773052
Bb Clarinet,Chromatic Scale,169.853562,19.353393,189.20695500000002
Bb Clarinet,Major Scales,197.231534,123.20087,320.432404
Bb Clarinet,Sight-Reading,326.096811,49.091534,375.188345
