Instrument,ScoreGroup,Start,Duration,End
Xylophone,Mallet Etude,17.740045,54.799093,72.539138
Snare Drum,Snare Etude,78.947846,54.056054,133.0039
Timpani,Timpani Etude,139.493878,87.24898,226.742858
Xylophone,Chromatic Scale,232.292426,11.424218,243.716644
Xylophone,Major Scales,251.428571,90.644898,342.073469
Xylophone,Sight-Reading,346.813243,141.363084,488.176327
Snare Drum,Sight-Reading,493.061224,40.097959,533.159183
