Instrument,ScoreGroup,Start,Duration,End
Xylophone,Mallet Etude,10.774059,59.443084,70.217143
Snare Drum,Snare Etude,77.322449,53.485714,130.808163
Timpani,Timpani Etude,135.976054,63.808435,199.784489
Xylophone,Chromatic Scale,207.075556,13.560454,220.63601
Xylophone,Major Scales,227.395918,108.408163,335.804081
Xylophone,Sight-Reading,342.204082,58.514286,400.71836800000005
Snare Drum,Sight-Reading,407.185125,27.260227,434.445352
