Instrument,ScoreGroup,Start,Duration,End
Flute,Lyrical Etude,13.23537415,80.387482993,93.622857143
Flute,Technical Etude,100.310204082,22.848435374,123.158639456
Flute,Chromatic Scale,131.099863946,13.653333333,144.753197279
Flute,Major Scales,152.833741497,95.712653061,248.546394558
Flute,Sight-Reading,256.069659864,53.220136054,309.28979591800004
