Instrument,ScoreGroup,Start,Duration,End
Flute,Lyrical Etude,10.122449,33.110204,43.232653
Flute,Technical Etude,47.738776,23.314286,71.053062
Flute,Chromatic Scale,76.277551,65.436735,141.71428600000002
Flute,Major Scales,148.114286,75.493878,223.608164
Flute,Sight-Reading,229.227392,105.511474,334.73886600000003
