Instrument,ScoreGroup,Start,Duration,End
Flute,Lyrical Etude,8.59138322,59.675283447,68.266666667
Flute,Technical Etude,73.607256236,42.492517007,116.09977324299999
Flute,Chromatic Scale,123.762358277,12.53877551,136.301133787
Flute,Major Scales,141.873922902,101.006802721,242.880725623
Flute,Sight-Reading,248.685714286,39.241723356,287.92743764200003
