Instrument,ScoreGroup,Start,Duration,End
Bb Clarinet,Lyrical Etude,11.23845805,60.279002268,71.517460318
Bb Clarinet,Technical Etude,75.882811791,27.585306122,103.46811791299999
Bb Clarinet,Chromatic Scale,111.362902494,22.941315193,134.304217687
Bb Clarinet,Major Scales,140.109206349,104.838095238,244.947301587
Bb Clarinet,Sight-Reading,249.521632653,60.499591837,310.02122449
