Instrument,ScoreGroup,Start,Duration,End
Alto Saxophone,Lyrical Etude,15.534149659,72.306938775,87.841088434
Alto Saxophone,Technical Etude,98.220408163,25.286530612,123.50693877500001
Alto Saxophone,Chromatic Scale,133.12,16.021768707,149.141768707
Alto Saxophone,Major Scales,159.381768707,74.396734693,233.77850339999998
Alto Saxophone,Sight-Reading,241.301768707,46.811428571,288.11319727800003
