Instrument,ScoreGroup,Start,Duration,End
Bb Clarinet,Lyrical Etude,12.678095238,56.285170068,68.963265306
Bb Clarinet,Technical Etude,73.781405896,22.233106576,96.01451247199999
Bb Clarinet,Chromatic Scale,102.864399093,14.686621315,117.551020408
Bb Clarinet,Major Scales,124.342857143,71.436190476,195.77904761899998
Bb Clarinet,Sight-Reading,205.775238095,58.514285714,264.289523809
