Instrument,ScoreGroup,Start,Duration,End
Flute,Lyrical Etude,10.24,27.445986395,37.685986395
Flute,Technical Etude,41.795918367,26.192108844,67.988027211
Flute,Chromatic Scale,74.954013605,21.942857143,96.896870748
Flute,Major Scales,103.514557823,82.26829932,185.782857143
Flute,Sight-Reading,191.634285714,51.060680272,242.694965986
