Instrument,ScoreGroup,Start,Duration,End
Alto Saxophone,Lyrical Etude,10.750839002,50.573061224,61.323900226
Alto Saxophone,Technical Etude,65.457052154,18.622403628,84.079455782
Alto Saxophone,Chromatic Scale,90.395283446,9.89170068,100.286984126
Alto Saxophone,Major Scales,105.790113371,59.582403628,165.372516999
Alto Saxophone,Sight-Reading,170.898866211,38.336145124,209.23501133500002
