Instrument,ScoreGroup,Start,Duration,End
Alto Saxophone,Lyrical Etude,10.681179138,60.557641723,71.23882086100001
Alto Saxophone,Technical Etude,77.554648526,18.761723356,96.316371882
Alto Saxophone,Chromatic Scale,102.910839002,13.467573696,116.378412698
Alto Saxophone,Major Scales,121.440362811,88.932426303,210.372789114
Alto Saxophone,Sight-Reading,216.827936507,45.789750566,262.617687073
