Instrument,ScoreGroup,Start,Duration,End
Bb Clarinet,Lyrical Etude,10.40254,53.963175,64.365715
Bb Clarinet,Technical Etude,68.080907,32.972336,101.053243
Bb Clarinet,Chromatic Scale,106.718912,17.507846,124.226758
Bb Clarinet,Major Scales,129.959184,98.481633,228.44081699999998
Bb Clarinet,Sight-Reading,234.579592,72.097959,306.677551
