Instrument,ScoreGroup,Start,Duration,End
Flute,Lyrical Etude,11.598367346,40.542040816,52.140408162
Flute,Technical Etude,58.932244897,24.137142857,83.06938775399999
Flute,Chromatic Scale,90.592653061,13.897142857,104.489795918
Flute,Major Scales,110.898503401,83.173877551,194.072380952
Flute,Sight-Reading,200.063129251,46.114829931,246.177959182
