Instrument,ScoreGroup,Start,Duration,End
Bb Clarinet,Lyrical Etude,10.40254,64.179955,74.58249500000001
Bb Clarinet,Technical Etude,79.690884,23.034195,102.725079
Bb Clarinet,Chromatic Scale,110.432653,14.759184,125.191837
Bb Clarinet,Major Scales,129.753107,69.195465,198.948572
Bb Clarinet,Sight-Reading,204.89288,53.591655,258.484535
