Instrument,ScoreGroup,Start,Duration,End
Flute,Lyrical Etude,11.075918,58.305306,69.381224
Flute,Technical Etude,74.605714,26.331429,100.937143
Flute,Chromatic Scale,106.370612,16.509388,122.88
Flute,Major Scales,130.194286,109.923265,240.117551
Flute,Sight-Reading,243.670204,61.022041,304.692245
