Instrument,ScoreGroup,Start,Duration,End
Flute,Lyrical Etude,12.538776,127.582041,140.12081700000002
Flute,Technical Etude,143.36,67.186939,210.546939
Flute,Chromatic Scale,219.010612,35.317551,254.32816300000002
Flute,Major Scales,261.22449,121.208163,382.432653
Flute,Sight-Reading,388.284082,77.00898,465.293062
