Instrument,ScoreGroup,Start,Duration,End
Flute,Lyrical Etude,12.734694,26.710204,39.444898
Flute,Technical Etude,43.102041,34.481633,77.583674
Flute,Chromatic Scale,84.37551,22.465306,106.840816
Flute,Major Scales,116.244898,96.914286,213.159184
Flute,Sight-Reading,222.563265,82.02449,304.587755
