Instrument,ScoreGroup,Start,Duration,End
Alto Saxophone,Lyrical Etude,12.863854875,49.667482993,62.531337868
Alto Saxophone,Technical Etude,68.313106576,55.867210884,124.18031746
Alto Saxophone,Chromatic Scale,132.887800454,10.356099773,143.243900227
Alto Saxophone,Major Scales,151.463764172,83.963356009,235.427120181
Alto Saxophone,Sight-Reading,245.202721088,43.90893424,289.111655328
