Instrument,ScoreGroup,Start,Duration,End
Flute,Lyrical Etude,12.146939,31.738776,43.885715000000005
Flute,Technical Etude,51.2,24.555102,75.75510200000001
Flute,Chromatic Scale,81.763265,18.285714,100.048979
Flute,Major Scales,107.62449,72.097959,179.72244899999998
Flute,Sight-Reading,187.428571,41.795918,229.224489
