Instrument,ScoreGroup,Start,Duration,End
Flute,Lyrical Etude,13.49079365,86.146031746,99.636825396
Flute,Technical Etude,104.838095238,19.504761904,124.34285714199999
Flute,Chromatic Scale,131.494603174,14.466031746,145.96063492
Flute,Major Scales,154.087619047,85.495873015,239.583492062
Flute,Sight-Reading,242.996825396,40.96,283.956825396
