Instrument,ScoreGroup,Start,Duration,End
Bb Clarinet,Lyrical Etude,12.608435374,50.85170068,63.460136054
Bb Clarinet,Technical Etude,68.614965986,30.650340136,99.265306122
Bb Clarinet,Chromatic Scale,104.907755102,20.062040816,124.96979591799999
Bb Clarinet,Major Scales,129.776326531,99.056326531,228.832653062
Bb Clarinet,Sight-Reading,235.206530612,71.575510204,306.782040816
