Instrument,ScoreGroup,Start,Duration,End
Flute,Lyrical Etude,13.072834467,42.376417234,55.449251701
Flute,Technical Etude,64.017414966,31.439818594,95.45723356
Flute,Chromatic Scale,102.585759637,15.162630385,117.748390022
Flute,Major Scales,124.18031746,95.45723356,219.63755102
Flute,Sight-Reading,226.858956916,52.593197279,279.452154195
