Instrument,ScoreGroup,Start,Duration,End
Flute,Lyrical Etude,10.518639456,76.393650794,86.91229025
Flute,Technical Etude,91.068662132,66.896689342,157.965351474
Flute,Chromatic Scale,164.884897959,25.240090703,190.124988662
Flute,Major Scales,198.530612245,119.88462585,318.415238095
Flute,Sight-Reading,323.871927438,80.596462585,404.468390023
