Instrument,ScoreGroup,Start,Duration,End
Flute,Lyrical Etude,13.096054422,60.046802721,73.142857143
Flute,Technical Etude,77.740408163,22.569795918,100.310204081
Flute,Chromatic Scale,107.276190476,12.956734694,120.23292517
Flute,Major Scales,127.338231293,105.325714286,232.663945579
Flute,Sight-Reading,237.958095238,46.25414966,284.212244898
