Instrument,ScoreGroup,Start,Duration,End
Flute,Lyrical Etude,8.823583,46.381859,55.205442
Flute,Technical Etude,60.197732,46.672109,106.86984100000001
Flute,Chromatic Scale,113.139229,18.053515,131.192744
Flute,Major Scales,136.881633,79.005896,215.887529
Flute,Sight-Reading,219.95102,46.962358,266.913378
