Instrument,ScoreGroup,Start,Duration,End
Flute,Lyrical Etude,12.53877551,53.939954649,66.47873015900001
Flute,Technical Etude,70.240362812,22.685895692,92.926258504
Flute,Chromatic Scale,98.684807256,21.524897959,120.209705215
Flute,Major Scales,125.736054422,75.697052154,201.433106576
Flute,Sight-Reading,207.470294785,60.302222222,267.772517007
