Instrument,ScoreGroup,Start,Duration,End
Alto Saxophone,Lyrical Etude,10.170340136,47.670566893,57.840907029
Alto Saxophone,Technical Etude,62.717097505,22.407256235,85.12435374
Alto Saxophone,Chromatic Scale,91.81170068,11.122358276,102.934058956
Alto Saxophone,Major Scales,109.040907021,62.600997732,171.641904753
Alto Saxophone,Sight-Reading,177.005714281,58.514285714,235.519999995
