Instrument,ScoreGroup,Start,Duration,End
Flute,Lyrical Etude,14.303492063,52.662857142,66.966349205
Flute,Technical Etude,71.262040816,24.032653061,95.294693877
Flute,Chromatic Scale,101.146122448,16.718367346,117.86448979400001
Flute,Major Scales,124.342857142,115.147755102,239.490612244
Flute,Sight-Reading,244.506122448,49.946122448,294.452244896
