Instrument,ScoreGroup,Start,Duration,End
Bb Clarinet,Lyrical Etude,14.171429,56.42449,70.595919
Bb Clarinet,Technical Etude,78.432653,28.669388,107.102041
Bb Clarinet,Chromatic Scale,117.093878,16.130612,133.22449
Bb Clarinet,Major Scales,140.8,83.461224,224.26122400000003
Bb Clarinet,Sight-Reading,230.806349,69.566984,300.373333
