Instrument,ScoreGroup,Start,Duration,End
Flute,Lyrical Etude,11.563537415,48.576145125,60.139682539999995
Flute,Technical Etude,66.827029478,42.120997732,108.94802720999999
Flute,Chromatic Scale,115.031655329,16.253968254,131.28562358300002
Flute,Major Scales,136.533333333,110.608253968,247.14158730100002
Flute,Sight-Reading,253.074285714,73.061587302,326.135873016
