Instrument,ScoreGroup,Start,Duration,End
Bb Clarinet,Lyrical Etude,16.904126984,46.254149659,63.158276643
Bb Clarinet,Technical Etude,69.009705215,28.792743764,97.80244897899999
Bb Clarinet,Chromatic Scale,105.511473922,14.675011337,120.186485259
Bb Clarinet,Major Scales,129.938866213,109.133786848,239.072653061
Bb Clarinet,Sight-Reading,245.852879818,58.421405895,304.274285713
