Instrument,ScoreGroup,Start,Duration,End
Xylophone,Mallet Etude,13.699773,59.373424,73.073197
Snare Drum,Snare Etude,80.480363,43.073016,123.553379
Timpani,Timpani Etude,132.794921,58.885805,191.680726
Xylophone,Chromatic Scale,200.945488,9.218322,210.16381
Xylophone,Major Scales,219.428571,78.437007,297.865578
Xylophone,Sight-Reading,305.644263,76.091791,381.736054
Snare Drum,Sight-Reading,388.771701,41.354739,430.12644
