Instrument,ScoreGroup,Start,Duration,End
Bb Clarinet,Lyrical Etude,8.730703,80.898322,89.629025
Bb Clarinet,Technical Etude,94.171429,22.269388,116.44081700000001
Bb Clarinet,Chromatic Scale,122.906122,11.363265,134.269387
Bb Clarinet,Major Scales,140.277551,112.457143,252.734694
Bb Clarinet,Sight-Reading,256.783673,49.240816,306.024489
