Instrument,ScoreGroup,Start,Duration,End
Flute,Lyrical Etude,19.667301587,51.85015873,71.517460317
Flute,Technical Etude,79.481904761,24.706031746,104.18793650699999
Flute,Chromatic Scale,115.728253968,23.405714285,139.133968253
Flute,Major Scales,146.448253968,83.22031746,229.668571428
Flute,Sight-Reading,235.032380952,55.426031746,290.458412698
