Instrument,ScoreGroup,Start,Duration,End
Bb Clarinet,Lyrical Etude,12.979954649,112.98829932,125.96825396899999
Bb Clarinet,Technical Etude,133.491519274,59.350204082,192.84172335600002
Bb Clarinet,Chromatic Scale,201.084807256,12.399455782,213.484263038
Bb Clarinet,Major Scales,222.029206349,121.742222222,343.771428571
Bb Clarinet,Sight-Reading,350.760634921,64.830113379,415.59074830000003
