Instrument,ScoreGroup,Start,Duration,End
Flute,Lyrical Etude,14.040459,117.657476,131.697935
Flute,Technical Etude,141.581163,51.298659,192.879822
Flute,Chromatic Scale,197.586121,13.648267,211.234388
Flute,Major Scales,219.705727,104.009209,323.71493599999997
Flute,Sight-Reading,334.539423,40.474172,375.013595
