Instrument,ScoreGroup,Start,Duration,End
Alto Saxophone,Lyrical Etude,14.628571429,64.063854875,78.69242630400001
Alto Saxophone,Technical Etude,87.469569161,54.984852608,142.454421769
Alto Saxophone,Chromatic Scale,150.558185941,10.193560091,160.751746032
Alto Saxophone,Major Scales,168.600090703,98.731247166,267.331337869
Alto Saxophone,Sight-Reading,273.252426304,41.26185941,314.514285714
