Instrument,ScoreGroup,Start,Duration,End
Flute,Lyrical Etude,15.13941,40.681361,55.820771
Flute,Technical Etude,63.390476,46.625669,110.016145
Flute,Chromatic Scale,118.421769,29.489342,147.911111
Flute,Major Scales,154.830658,93.251338,248.081996
Flute,Sight-Reading,253.840544,39.473923,293.314467
