Instrument,ScoreGroup,Start,Duration,End
Flute,Lyrical Etude,61.335510204,29.466122449,90.801632653
Flute,Technical Etude,113.580408163,24.555102041,138.135510204
Flute,Chromatic Scale,147.017142857,14.001632653,161.01877551
Flute,Major Scales,174.288979592,64.365714286,238.654693878
Flute,Sight-Reading,246.804897959,61.544489796,308.349387755
