Instrument,ScoreGroup,Start,Duration,End
Flute,Lyrical Etude,12.956734694,67.918367347,80.875102041
Flute,Technical Etude,86.726530612,52.662857143,139.389387755
Flute,Chromatic Scale,146.076734694,14.628571429,160.705306123
Flute,Major Scales,167.601632653,102.608979592,270.210612245
Flute,Sight-Reading,275.226122449,54.961632653,330.187755102
