Instrument,ScoreGroup,Start,Duration,End
Alto Saxophone,Lyrical Etude,9.868480725,96.246712018,106.115192743
Alto Saxophone,Technical Etude,110.410884353,59.675283446,170.086167799
Alto Saxophone,Chromatic Scale,175.542857142,9.171882086,184.714739228
Alto Saxophone,Major Scales,190.635827664,87.190929705,277.826757369
Alto Saxophone,Sight-Reading,281.309750566,44.930612244,326.24036280999997
