Instrument,ScoreGroup,Start,Duration,End
Xylophone,Mallet Etude,14.071293,32.879456,46.950749
Snare Drum,Snare Etude,51.966259,41.517279,93.48353800000001
Timpani,Timpani Etude,100.031565,52.384218,152.415783
Xylophone,Chromatic Scale,157.849252,13.931973,171.781225
Xylophone,Major Scales,177.354014,88.885986,266.24
Xylophone,Sight-Reading,276.27102,43.885714,320.15673400000003
Snare Drum,Sight-Reading,327.122721,28.281905,355.404626
