Instrument,ScoreGroup,Start,Duration,End
Bb Clarinet,Lyrical Etude,15.25551,82.755918,98.011428
Bb Clarinet,Technical Etude,104.327256,89.861224,194.18848000000003
Bb Clarinet,Chromatic Scale,201.456327,17.322086,218.778413
Bb Clarinet,Major Scales,225.651519,94.644535,320.296054
Bb Clarinet,Sight-Reading,330.210975,52.128798,382.33977300000004
