Instrument,ScoreGroup,Start,Duration,End
Bb Clarinet,Lyrical Etude,9.334421769,56.285170068,65.619591837
Bb Clarinet,Technical Etude,68.963265306,25.495510204,94.45877551
Bb Clarinet,Chromatic Scale,100.310204082,19.853061224,120.163265306
Bb Clarinet,Major Scales,125.283265306,97.28,222.563265306
Bb Clarinet,Sight-Reading,225.071020408,64.365714286,289.436734694
