Instrument,ScoreGroup,Start,Duration,End
Flute,Lyrical Etude,14.024852608,47.577687075,61.602539683
Flute,Technical Etude,65.991111111,27.538866213,93.52997732399999
Flute,Chromatic Scale,104.257596372,20.247800454,124.505396826
Flute,Major Scales,135.024036281,92.229659864,227.253696145
Flute,Sight-Reading,235.845079365,46.323809524,282.168888889
