Instrument,ScoreGroup,Start,Duration,End
Flute,Lyrical Etude,15.255510204,40.820680272,56.076190475999994
Flute,Technical Etude,61.532879819,37.569886621,99.10276644000001
Flute,Chromatic Scale,105.674013605,18.552743764,124.226757369
Flute,Major Scales,132.678820862,110.248344671,242.927165533
Flute,Sight-Reading,248.987573696,52.709297052,301.696870748
