Instrument,ScoreGroup,Start,Duration,End
Bb Clarinet,Lyrical Etude,12.698664,103.640031,116.338695
Bb Clarinet,Technical Etude,123.437327,42.118551,165.555878
Bb Clarinet,Chromatic Scale,175.020721,12.304296,187.325017
Bb Clarinet,Major Scales,196.78986,120.203506,316.99336600000004
Bb Clarinet,Sight-Reading,324.091998,52.056636,376.148634
