Instrument,ScoreGroup,Start,Duration,End
Flute,Lyrical Etude,12.074376417,38.173605442,50.24798185900001
Flute,Technical Etude,54.613333333,30.650340136,85.263673469
Flute,Chromatic Scale,90.743582766,26.563628118,117.307210884
Flute,Major Scales,122.601360544,95.712653061,218.314013605
Flute,Sight-Reading,222.760634921,43.073015873,265.833650794
