Instrument,ScoreGroup,Start,Duration,End
Bb Clarinet,Lyrical Etude,18.808163265,122.810340136,141.618503401
Bb Clarinet,Technical Etude,150.674285714,45.650430839,196.324716553
Bb Clarinet,Chromatic Scale,205.705578231,11.23845805,216.944036281
Bb Clarinet,Major Scales,224.862040816,106.138412698,331.000453514
Bb Clarinet,Sight-Reading,336.132063492,60.046802721,396.178866213
