Instrument,ScoreGroup,Start,Duration,End
Bb Clarinet,Lyrical Etude,8.097959,83.722449,91.820408
Bb Clarinet,Technical Etude,96.783673,62.82449,159.608163
Bb Clarinet,Chromatic Scale,166.661224,13.714286,180.37551
Bb Clarinet,Major Scales,186.253061,48.587755,234.84081600000002
Bb Clarinet,Sight-Reading,244.897959,47.412245,292.310204
