Instrument,ScoreGroup,Start,Duration,End
Flute,Lyrical Etude,9.926531,84.636735,94.563266
Flute,Technical Etude,99.578776,46.811429,146.390205
Flute,Chromatic Scale,152.137143,13.792653,165.929796
Flute,Major Scales,172.617143,101.982041,274.599184
Flute,Sight-Reading,279.510204,52.140408,331.65061199999997
