Instrument,ScoreGroup,Start,Duration,End
Bb Clarinet,Lyrical Etude,12.378559,93.772775,106.15133399999999
Bb Clarinet,Technical Etude,116.109505,36.928217,153.037722
Bb Clarinet,Chromatic Scale,159.676502,12.03279,171.709292
Bb Clarinet,Major Scales,178.762996,104.975717,283.73871299999996
Bb Clarinet,Sight-Reading,289.547645,40.247607,329.795252
