Instrument,ScoreGroup,Start,Duration,End
Flute,Lyrical Etude,11.261678004,62.461678004,73.723356008
Flute,Technical Etude,77.322448979,28.67664399,105.999092969
Flute,Chromatic Scale,110.526984126,38.545124716,149.072108842
Flute,Major Scales,154.90031746,100.286984126,255.187301586
Flute,Sight-Reading,260.876190476,81.107301587,341.98349206299997
