Instrument,ScoreGroup,Start,Duration,End
Alto Saxophone,Lyrical Etude,16.857687075,58.282086168,75.13977324300001
Alto Saxophone,Technical Etude,83.638276644,31.439818594,115.078095238
Alto Saxophone,Chromatic Scale,125.341315193,13.444353741,138.785668934
Alto Saxophone,Major Scales,146.517913832,73.421496599,219.939410431
Alto Saxophone,Sight-Reading,227.160816327,60.836281179,287.997097506
