Instrument,ScoreGroup,Start,Duration,End
Flute,Lyrical Etude,9.090612245,42.318367347,51.408979592
Flute,Technical Etude,55.449251701,58.096326531,113.545578232
Flute,Chromatic Scale,118.28244898,28.42122449,146.70367347
Flute,Major Scales,152.555102041,136.672653061,289.227755102
Flute,Sight-Reading,296.472380952,62.415238095,358.887619047
