Instrument,ScoreGroup,Start,Duration,End
Bb Clarinet,Lyrical Etude,12.678095238,96.223492063,108.90158730099999
Bb Clarinet,Technical Etude,115.728253968,25.681269841,141.409523809
Bb Clarinet,Chromatic Scale,148.236190476,13.328253968,161.564444444
Bb Clarinet,Major Scales,172.292063492,95.898412698,268.19047619
Bb Clarinet,Sight-Reading,273.391746032,60.464761905,333.856507937
