Instrument,ScoreGroup,Start,Duration,End
Flute,Lyrical Etude,10.774059,28.514104,39.288163
Flute,Technical Etude,41.424399,33.158095,74.582494
Flute,Chromatic Scale,83.731156,24.148753,107.879909
Flute,Major Scales,109.714286,93.518367,203.232653
Flute,Sight-Reading,206.628571,64.522449,271.15102
