Instrument,ScoreGroup,Start,Duration,End
Flute,Lyrical Etude,9.102222,106.811791,115.914013
Flute,Technical Etude,120.685714,55.118367,175.804081
Flute,Chromatic Scale,181.289796,15.15102,196.44081599999998
Flute,Major Scales,202.710204,109.714286,312.42449
Flute,Sight-Reading,317.64898,55.640816,373.289796
