Instrument,ScoreGroup,Start,Duration,End
Flute,Lyrical Etude,11.331337868,25.634829932,36.9661678
Flute,Technical Etude,43.514195011,20.619319728,64.13351473899999
Flute,Chromatic Scale,71.656780045,12.027936508,83.684716553
Flute,Major Scales,91.904580499,60.604081633,152.508662132
Flute,Sight-Reading,158.360090703,37.198367347,195.55845805
