Instrument,ScoreGroup,Start,Duration,End
Xylophone,Mallet Etude,13.839093,63.947755,77.786848
Snare Drum,Snare Etude,86.122812,45.83619,131.959002
Timpani,Timpani Etude,139.250068,64.551474,203.80154199999998
Xylophone,Chromatic Scale,209.026032,9.566621,218.59265299999998
Xylophone,Major Scales,223.027664,78.971066,301.99872999999997
Xylophone,Sight-Reading,305.412063,36.641088,342.053151
Snare Drum,Sight-Reading,350.783855,33.994014,384.777869
