Instrument,ScoreGroup,Start,Duration,End
Bb Clarinet,Lyrical Etude,12.817415,60.464762,73.282177
Bb Clarinet,Technical Etude,78.854966,36.316009,115.170975
Bb Clarinet,Chromatic Scale,126.223673,46.904308,173.127981
Bb Clarinet,Major Scales,182.465306,108.277551,290.742857
Bb Clarinet,Sight-Reading,296.100862,73.653696,369.754558
