Instrument,ScoreGroup,Start,Duration,End
Alto Saxophone,Lyrical Etude,23.24898,92.473469,115.722449
Alto Saxophone,Technical Etude,123.820408,77.061224,200.881632
Alto Saxophone,Chromatic Scale,210.285714,17.240816,227.52653
Alto Saxophone,Major Scales,236.8,102.530612,339.33061200000003
Alto Saxophone,Sight-Reading,345.991837,49.240816,395.23265299999997
