Instrument,ScoreGroup,Start,Duration,End
Bb Clarinet,Lyrical Etude,16.300408163,82.848798186,99.149206349
Bb Clarinet,Technical Etude,110.248344671,78.994285714,189.24263038499998
Bb Clarinet,Chromatic Scale,200.736507937,23.312834467,224.049342404
Bb Clarinet,Major Scales,234.080362812,120.558004535,354.638367347
Bb Clarinet,Sight-Reading,362.068752834,58.676825397,420.745578231
