Instrument,ScoreGroup,Start,Duration,End
Alto Saxophone,Lyrical Etude,12.469115646,189.056870748,201.525986394
Alto Saxophone,Technical Etude,206.611156462,65.6892517,272.300408162
Alto Saxophone,Chromatic Scale,279.614693877,10.448979591,290.063673468
Alto Saxophone,Major Scales,296.751020408,90.209523809,386.960544217
Alto Saxophone,Sight-Reading,392.115374149,34.272653061,426.38802721
