Instrument,ScoreGroup,Start,Duration,End
Bb Clarinet,Lyrical Etude,11.88861678,66.316190476,78.20480725600001
Bb Clarinet,Technical Etude,82.477278911,30.278820861,112.756099772
Bb Clarinet,Chromatic Scale,119.257687074,12.631655328,131.889342402
Bb Clarinet,Major Scales,138.390929705,108.855147392,247.246077097
Bb Clarinet,Sight-Reading,252.633106575,78.390566893,331.02367346799997
