Instrument,ScoreGroup,Start,Duration,End
Alto Saxophone,Lyrical Etude,12.714666666,64.938666666,77.653333332
Alto Saxophone,Technical Etude,84.906666666,21.162666666,106.06933333200001
Alto Saxophone,Chromatic Scale,112.64,10.496,123.136
Alto Saxophone,Major Scales,130.986666666,87.978666666,218.965333332
Alto Saxophone,Sight-Reading,224.341333333,46.336,270.677333333
