Instrument,ScoreGroup,Start,Duration,End
Bb Clarinet,Lyrical Etude,10.579591836,58.775510204,69.35510204
Bb Clarinet,Technical Etude,74.057142857,57.991836734,132.048979591
Bb Clarinet,Chromatic Scale,138.187755102,40.620408163,178.80816326500002
Bb Clarinet,Major Scales,185.730612244,118.204081632,303.934693876
Bb Clarinet,Sight-Reading,309.551020408,137.142857142,446.69387755
