Instrument,ScoreGroup,Start,Duration,End
Oboe,Lyrical Etude,13.444353741,61.857959183,75.302312924
Oboe,Technical Etude,80.317823129,32.600816326,112.918639455
Oboe,Chromatic Scale,120.929523809,10.448979591,131.3785034
Oboe,Major Scales,138.344489795,56.076190476,194.42068027099998
Oboe,Sight-Reading,200.411428571,49.110204081,249.521632652
