Instrument,ScoreGroup,Start,Duration,End
Flute,Lyrical Etude,12.027936508,66.803809524,78.831746032
Flute,Technical Etude,85.333333333,48.599365079,133.932698412
Flute,Chromatic Scale,141.328253968,14.222222222,155.55047619
Flute,Major Scales,163.236281179,101.587301587,264.823582766
Flute,Sight-Reading,272.370068027,37.151927438,309.52199546500003
