Instrument,ScoreGroup,Start,Duration,End
Bb Clarinet,Lyrical Etude,12.260136054,106.626031746,118.8861678
Bb Clarinet,Technical Etude,123.901678004,63.901315192,187.802993196
Bb Clarinet,Chromatic Scale,194.676099773,13.374693877,208.05079365
Bb Clarinet,Major Scales,215.109659863,108.855147392,323.964807255
Bb Clarinet,Sight-Reading,328.237278911,50.526621315,378.763900226
