Instrument,ScoreGroup,Start,Duration,End
Flute,Lyrical Etude,16.021768707,87.771428571,103.79319727800001
Flute,Technical Etude,116.796371882,30.650340136,147.446712018
Flute,Chromatic Scale,158.127891156,12.770975056,170.898866212
Flute,Major Scales,180.651247165,99.613605442,280.26485260699997
Flute,Sight-Reading,287.695238095,41.56371882,329.258956915
