Instrument,ScoreGroup,Start,Duration,End
Flute,Lyrical Etude,10.21678,64.087075,74.303855
Flute,Technical Etude,78.854966,23.777234,102.63220000000001
Flute,Chromatic Scale,108.948027,13.560454,122.50848099999999
Flute,Major Scales,129.828571,104.489796,234.31836700000002
Flute,Sight-Reading,236.930612,47.15102,284.081632
