Instrument,ScoreGroup,Start,Duration,End
Flute,Lyrical Etude,13.699773243,53.347845805,67.047619048
Flute,Technical Etude,73.665306122,49.574603175,123.239909297
Flute,Chromatic Scale,133.224489796,18.343764172,151.568253968
Flute,Major Scales,160.914285714,124.017777778,284.932063492
Flute,Sight-Reading,290.690612245,49.423673469,340.114285714
