Instrument,ScoreGroup,Start,Duration,End
Bb Clarinet,Lyrical Etude,24.659591837,116.006893424,140.666485261
Bb Clarinet,Technical Etude,148.816689342,47.693786848,196.51047619
Bb Clarinet,Chromatic Scale,200.736507937,14.466031746,215.202539683
Bb Clarinet,Major Scales,229.761451247,121.324263039,351.085714286
Bb Clarinet,Sight-Reading,359.862857143,83.893696145,443.75655328799996
