Instrument,ScoreGroup,Start,Duration,End
Trumpet,Lyrical Etude,12.184543,61.624443,73.808986
Trumpet,Technical Etude,79.933154,22.58287,102.516024
Trumpet,Chromatic Scale,108.640193,13.396618,122.036811
Trumpet,Major Scales,128.160979,115.976436,244.137415
Trumpet,Sight-Reading,251.792626,53.203712,304.99633800000004
