Instrument,ScoreGroup,Start,Duration,End
Trumpet,Lyrical Etude,10.187755102,45.975510204,56.163265306
Trumpet,Technical Etude,60.865306122,26.122448979,86.987755101
Trumpet,Chromatic Scale,95.346938775,11.232653061,106.57959183599999
Trumpet,Major Scales,113.893877551,52.506122448,166.399999999
Trumpet,Sight-Reading,172.942222222,41.424399092,214.36662131399999
