Instrument,ScoreGroup,Start,Duration,End
Bb Clarinet,Lyrical Etude,13.142494331,56.540589569,69.6830839
Bb Clarinet,Technical Etude,77.833287982,37.941405896,115.774693878
Bb Clarinet,Chromatic Scale,123.158639456,16.83446712,139.993106576
Bb Clarinet,Major Scales,147.725351474,129.973696145,277.699047619
Bb Clarinet,Sight-Reading,284.386394558,58.61877551,343.005170068
