Instrument,ScoreGroup,Start,Duration,End
Alto Saxophone,Lyrical Etude,13.746213151,60.000362811,73.74657596200001
Alto Saxophone,Technical Etude,77.554648526,40.867120181,118.42176870699998
Alto Saxophone,Chromatic Scale,119.211247165,15.650249433,134.861496598
Alto Saxophone,Major Scales,139.946666666,81.92,221.86666666600001
Alto Saxophone,Sight-Reading,225.442539682,69.729523809,295.172063491
