Instrument,ScoreGroup,Start,Duration,End
Alto Saxophone,Lyrical Etude,11.928609,79.714534,91.643143
Alto Saxophone,Technical Etude,97.214588,74.143088,171.35767600000003
Alto Saxophone,Chromatic Scale,179.929131,9.857173,189.786304
Alto Saxophone,Major Scales,197.500614,92.143144,289.64375800000005
Alto Saxophone,Sight-Reading,296.500922,44.142994,340.643916
