Instrument,ScoreGroup,Start,Duration,End
Xylophone,Mallet Etude,9.659501,54.241814,63.901315
Snare Drum,Snare Etude,68.359546,68.173787,136.533333
Timpani,Timpani Etude,152.508662,56.47093,208.979592
Xylophone,Chromatic Scale,214.738141,7.616145,222.354286
Xylophone,Major Scales,227.369796,110.898503,338.268299
Xylophone,Sight-Reading,343.655329,46.997188,390.652517
Snare Drum,Sight-Reading,396.782585,27.120907,423.90349199999997
