Instrument,ScoreGroup,Start,Duration,End
Alto Saxophone,Lyrical Etude,13.992561,87.352403,101.34496399999999
Alto Saxophone,Technical Etude,107.653749,77.161289,184.81503800000002
Alto Saxophone,Chromatic Scale,193.064987,12.132278,205.19726500000002
Alto Saxophone,Major Scales,213.447215,121.322782,334.769997
Alto Saxophone,Sight-Reading,342.049363,44.161493,386.21085600000004
