Instrument,ScoreGroup,Start,Duration,End
Alto Saxophone,Lyrical Etude,11.470657596,59.187664399,70.658321995
Alto Saxophone,Technical Etude,76.115011337,45.534331065,121.649342402
Alto Saxophone,Chromatic Scale,132.609160991,19.086802721,151.695963712
Alto Saxophone,Major Scales,160.357006801,122.415600907,282.772607708
Alto Saxophone,Sight-Reading,288.647256231,63.645895691,352.293151922
