Instrument,ScoreGroup,Start,Duration,End
Alto Saxophone,Lyrical Etude,13.53723356,47.136507936,60.673741496000005
Alto Saxophone,Technical Etude,66.618049886,23.452154195,90.07020408099999
Alto Saxophone,Chromatic Scale,98.173968253,20.48,118.653968253
Alto Saxophone,Major Scales,125.898594101,79.969523809,205.86811791
Alto Saxophone,Sight-Reading,211.696326531,54.49723356,266.193560091
