Instrument,ScoreGroup,Start,Duration,End
Xylophone,Mallet Etude,16.718367,42.353197,59.071564
Snare Drum,Snare Etude,65.387392,86.192472,151.579864
Timpani,Timpani Etude,159.381769,77.276009,236.657778
Xylophone,Chromatic Scale,246.688798,9.659501,256.348299
Xylophone,Major Scales,262.292608,121.486803,383.779411
Xylophone,Sight-Reading,391.581315,79.133605,470.71492
Snare Drum,Sight-Reading,476.28771,47.925986,524.213696
