Instrument,ScoreGroup,Start,Duration,End
Flute,Lyrical Etude,15.41805,29.350023,44.768073
Flute,Technical Etude,49.412063,36.966168,86.378231
Flute,Chromatic Scale,92.879819,78.019048,170.898867
Flute,Major Scales,179.07229,124.087438,303.15972800000003
Flute,Sight-Reading,306.874921,68.359546,375.234467
