Instrument,ScoreGroup,Start,Duration,End
Flute,Lyrical Etude,14.628571429,30.360090703,44.988662132
Flute,Technical Etude,50.619501134,34.7138322,85.333333334
Flute,Chromatic Scale,95.027664399,18.634013605,113.66167800400001
Flute,Major Scales,120.465124717,92.043900227,212.50902494399998
Flute,Sight-Reading,219.846530612,49.876462585,269.722993197
