Instrument,ScoreGroup,Start,Duration,End
Bb Clarinet,Lyrical Etude,12.678095238,101.564081633,114.242176871
Bb Clarinet,Technical Etude,124.133877551,32.182857143,156.316734694
Bb Clarinet,Chromatic Scale,162.446802721,10.727619048,173.17442176900002
Bb Clarinet,Major Scales,179.304489796,118.561088435,297.86557823100003
Bb Clarinet,Sight-Reading,305.806802721,66.176870748,371.983673469
