Instrument,ScoreGroup,Start,Duration,End
Bb Clarinet,Lyrical Etude,11.518579,129.511415,141.029994
Bb Clarinet,Technical Etude,150.903062,73.757622,224.660684
Bb Clarinet,Chromatic Scale,233.372214,18.003829,251.376043
Bb Clarinet,Major Scales,262.991417,80.146078,343.137495
Bb Clarinet,Sight-Reading,358.23748,102.796056,461.033536
