Instrument,ScoreGroup,Start,Duration,End
Flute,Lyrical Etude,13.596191,113.64215,127.238341
Flute,Technical Etude,132.896871,51.398317,184.295188
Flute,Chromatic Scale,193.726071,12.260149,205.98622
Flute,Major Scales,214.94556,91.479573,306.425133
Flute,Sight-Reading,313.969839,60.8292,374.799039
