Instrument,ScoreGroup,Start,Duration,End
Xylophone,Mallet Etude,10.866939,30.093061,40.96
Snare Drum,Snare Etude,47.368707,40.681361,88.05006800000001
Timpani,Timpani Etude,94.040816,47.229388,141.270204
Xylophone,Chromatic Scale,148.51483,9.055782,157.57061199999998
Xylophone,Major Scales,165.790476,62.415238,228.205714
Xylophone,Sight-Reading,234.753741,43.328435,278.082176
Snare Drum,Sight-Reading,281.84381,25.63483,307.47864000000004
