Instrument,ScoreGroup,Start,Duration,End
Xylophone,Mallet Etude,10.541859,55.542132,66.083991
Snare Drum,Snare Etude,71.74966,43.932154,115.681814
Timpani,Timpani Etude,120.163265,56.633469,176.796734
Xylophone,Chromatic Scale,182.973243,9.218322,192.191565
Xylophone,Major Scales,199.366531,66.223311,265.589842
Xylophone,Sight-Reading,272.834467,47.856327,320.69079400000004
Snare Drum,Sight-Reading,326.310023,29.373243,355.683266
