Instrument,ScoreGroup,Start,Duration,End
French Horn,Lyrical Etude,15.997007,104.304185,120.301192
French Horn,Technical Etude,130.287763,93.762805,224.050568
French Horn,Chromatic Scale,232.92752,13.315428,246.24294799999998
French Horn,Major Scales,257.893947,116.509994,374.40394100000003
French Horn,Sight-Reading,384.945322,55.48095,440.426272
