Instrument,ScoreGroup,Start,Duration,End
Bb Clarinet,Lyrical Etude,11.517097505,104.768435374,116.285532879
Bb Clarinet,Technical Etude,121.858321995,45.511111111,167.369433106
Bb Clarinet,Chromatic Scale,175.72861678,11.702857142,187.431473922
Bb Clarinet,Major Scales,194.490340136,118.700408163,313.190748299
Bb Clarinet,Sight-Reading,320.063854875,36.408888888,356.472743763
