Instrument,ScoreGroup,Start,Duration,End
Alto Saxophone,Lyrical Etude,10.89015873,48.274285714,59.164444444
Alto Saxophone,Technical Etude,63.227936507,23.243174603,86.47111111000001
Alto Saxophone,Chromatic Scale,91.509841269,10.402539682,101.912380951
Alto Saxophone,Major Scales,107.032380952,53.638095238,160.67047619
Alto Saxophone,Sight-Reading,164.733968253,52.825396825,217.55936507799998
