Instrument,ScoreGroup,Start,Duration,End
Bb Clarinet,Lyrical Etude,10.402539683,119.466666667,129.86920635
Bb Clarinet,Technical Etude,135.233015873,46.161269841,181.394285714
Bb Clarinet,Chromatic Scale,186.595555556,13.815873016,200.411428572
Bb Clarinet,Major Scales,205.775238095,119.397006803,325.172244898
Bb Clarinet,Sight-Reading,330.32707483,59.210884354,389.537959184
