Instrument,ScoreGroup,Start,Duration,End
Flute,Lyrical Etude,15.928888889,66.316190476,82.24507936500001
Flute,Technical Etude,90.790022676,42.78276644,133.57278911600002
Flute,Chromatic Scale,143.603809524,9.787210884,153.391020408
Flute,Major Scales,165.326077098,100.310204082,265.63628118
Flute,Sight-Reading,274.52952381,54.125714286,328.655238096
