Instrument,ScoreGroup,Start,Duration,End
Flute,Lyrical Etude,14.860770975,97.05941043,111.920181405
Flute,Technical Etude,120.975963718,29.02494331,150.000907028
Flute,Chromatic Scale,157.895691609,15.557369614,173.45306122300002
Flute,Major Scales,180.883446712,116.564172335,297.447619047
Flute,Sight-Reading,303.252607709,36.223129251,339.47573696
