Instrument,ScoreGroup,Start,Duration,End
Alto Saxophone,Lyrical Etude,12.910295,88.166168,101.076463
Alto Saxophone,Technical Etude,107.41551,41.05288,148.46839
Alto Saxophone,Chromatic Scale,155.295057,39.404263,194.69932
Alto Saxophone,Major Scales,200.411429,88.305488,288.71691699999997
Alto Saxophone,Sight-Reading,299.235556,48.367166,347.60272199999997
