Instrument,ScoreGroup,Start,Duration,End
Trumpet,Lyrical Etude,10.971428571,34.742857142,45.714285712999995
Trumpet,Technical Etude,50.062222222,35.108571428,85.17079365000001
Trumpet,Chromatic Scale,90.279183673,12.863854875,103.143038548
Trumpet,Major Scales,109.714285714,61.648979591,171.363265305
Trumpet,Sight-Reading,172.604081632,53.093877551,225.697959183
