Instrument,ScoreGroup,Start,Duration,End
Bb Clarinet,Lyrical Etude,13.026394558,113.963537415,126.98993197300001
Bb Clarinet,Technical Etude,132.516281179,57.887346939,190.403628118
Bb Clarinet,Chromatic Scale,196.673015873,15.998548753,212.671564626
Bb Clarinet,Major Scales,218.964172336,112.825759637,331.78993197299997
Bb Clarinet,Sight-Reading,338.686258503,99.311746032,437.99800453499995
