Instrument,ScoreGroup,Start,Duration,End
Flute,Lyrical Etude,9.242845,107.185939,116.42878400000001
Flute,Technical Etude,122.48712,58.719254,181.206374
Flute,Chromatic Scale,190.060864,13.048723,203.109587
Flute,Major Scales,210.099975,104.389784,314.489759
Flute,Sight-Reading,319.150017,52.194892,371.344909
