Instrument,ScoreGroup,Start,Duration,End
Alto Saxophone,Lyrical Etude,10.855328798,61.939229024,72.794557822
Alto Saxophone,Technical Etude,78.135147392,36.919727891,115.054875283
Alto Saxophone,Chromatic Scale,122.48526077,19.330612244,141.815873014
Alto Saxophone,Major Scales,148.317460317,64.319274376,212.636734693
Alto Saxophone,Sight-Reading,220.995918367,99.729705215,320.725623582
