Instrument,ScoreGroup,Start,Duration,End
Flute,Lyrical Etude,11.377777777,53.80063492,65.178412697
Flute,Technical Etude,73.224126984,24.299682539,97.523809523
Flute,Chromatic Scale,103.293968253,13.328253968,116.622222221
Flute,Major Scales,123.18185941,80.57324263,203.75510204
Flute,Sight-Reading,209.095691609,46.091609977,255.187301586
