Instrument,ScoreGroup,Start,Duration,End
Trumpet,Lyrical Etude,14.889795918,43.885714285,58.775510202999996
Trumpet,Technical Etude,67.395918367,25.33877551,92.734693877
Trumpet,Chromatic Scale,101.224489795,10.579591836,111.804081631
Trumpet,Major Scales,123.036734693,106.971428571,230.00816326400002
Trumpet,Sight-Reading,239.673469387,50.41632653,290.089795917
