Instrument,ScoreGroup,Start,Duration,End
Flute,Lyrical Etude,0.638548753,44.059863946,44.698412699
Flute,Technical Etude,51.316099773,44.350113379,95.666213152
Flute,Chromatic Scale,103.502947846,12.016326531,115.519274377
Flute,Major Scales,123.065759637,92.067120181,215.132879818
Flute,Sight-Reading,222.040816327,41.743673469,263.784489796
