Instrument,ScoreGroup,Start,Duration,End
Bb Clarinet,Lyrical Etude,16.555827664,70.635102041,87.190929705
Bb Clarinet,Technical Etude,94.830294785,39.264943311,134.095238096
Bb Clarinet,Chromatic Scale,141.525623583,12.608435374,154.134058957
Bb Clarinet,Major Scales,162.19138322,101.912380952,264.103764172
Bb Clarinet,Sight-Reading,269.88553288,44.234013605,314.119546485
