Instrument,ScoreGroup,Start,Duration,End
Bb Clarinet,Lyrical Etude,12.146938775,46.106122448,58.253061223
Bb Clarinet,Technical Etude,66.220408163,40.228571428,106.44897959100001
Bb Clarinet,Chromatic Scale,114.742857142,16.848979591,131.591836733
Bb Clarinet,Major Scales,140.995918367,90.775510204,231.771428571
Bb Clarinet,Sight-Reading,239.21632653,67.657142857,306.873469387
