Instrument,ScoreGroup,Start,Duration,End
Xylophone,Mallet Etude,14.489252,77.276009,91.76526100000001
Snare Drum,Snare Etude,97.709569,63.158277,160.867846
Timpani,Timpani Etude,167.555193,97.709569,265.264762
Xylophone,Chromatic Scale,273.066667,11.145578,284.212245
Xylophone,Major Scales,292.757188,114.427937,407.18512499999997
Xylophone,Sight-Reading,419.073741,37.523447,456.59718799999996
Snare Drum,Sight-Reading,466.256689,34.179773,500.436462
