Instrument,ScoreGroup,Start,Duration,End
Flute,Lyrical Etude,12.0613,95.334824,107.396124
Flute,Technical Etude,116.062926,42.467331,158.530257
Flute,Chromatic Scale,165.463698,13.433543,178.897241
Flute,Major Scales,184.964003,97.068184,282.032187
Flute,Sight-Reading,290.698989,55.034194,345.733183
