Instrument,ScoreGroup,Start,Duration,End
Bb Clarinet,Lyrical Etude,15.934694,102.661224,118.59591800000001
Bb Clarinet,Technical Etude,128.0,41.926531,169.926531
Bb Clarinet,Chromatic Scale,177.502041,13.453061,190.95510199999998
Bb Clarinet,Major Scales,197.877551,103.57551,301.453061
Bb Clarinet,Sight-Reading,311.379592,49.893878,361.27347
