Instrument,ScoreGroup,Start,Duration,End
Xylophone,Mallet Etude,10.855329,40.460771,51.3161
Snare Drum,Snare Etude,56.19229,41.679819,97.872109
Timpani,Timpani Etude,105.012245,51.02585,156.038095
Xylophone,Chromatic Scale,161.726984,9.613787,171.340771
Xylophone,Major Scales,177.005714,73.061587,250.06730100000001
Xylophone,Sight-Reading,258.089796,57.353288,315.443084
Snare Drum,Sight-Reading,332.161451,39.590023,371.75147400000003
