Instrument,ScoreGroup,Start,Duration,End
Alto Saxophone,Lyrical Etude,10.518639456,84.427755102,94.94639455800001
Alto Saxophone,Technical Etude,99.242086168,48.90122449,148.143310658
Alto Saxophone,Chromatic Scale,153.808979592,13.258594104,167.06757369599998
Alto Saxophone,Major Scales,173.917460317,118.352108844,292.269569161
Alto Saxophone,Sight-Reading,295.868662132,68.429206349,364.297868481
