Instrument,ScoreGroup,Start,Duration,End
Flute,Lyrical Etude,12.260136,31.950658,44.210794
Flute,Technical Etude,48.065306,29.126531,77.19183699999999
Flute,Chromatic Scale,85.55102,19.983673,105.53469299999999
Flute,Major Scales,113.632653,78.236735,191.86938800000001
Flute,Sight-Reading,197.093878,48.195918,245.289796
