Instrument,ScoreGroup,Start,Duration,End
Bb Clarinet,Lyrical Etude,14.814331066,62.299138322,77.113469388
Bb Clarinet,Technical Etude,87.074829932,32.06675737,119.141587302
Bb Clarinet,Chromatic Scale,125.132335601,15.394829932,140.527165533
Bb Clarinet,Major Scales,147.30739229,127.605260771,274.912653061
Bb Clarinet,Sight-Reading,279.997823129,64.853333333,344.85115646199995
