Instrument,ScoreGroup,Start,Duration,End
Flute,Lyrical Etude,9.102222222,51.362539683,60.464761905
Flute,Technical Etude,66.641269841,53.313015873,119.954285714
Flute,Chromatic Scale,126.455873016,17.554285714,144.01015873
Flute,Major Scales,152.462222222,106.300952381,258.76317460300004
Flute,Sight-Reading,263.314285714,57.678367347,320.992653061
