Instrument,ScoreGroup,Start,Duration,End
Alto Saxophone,Lyrical Etude,17.623945578,42.237097506,59.861043084
Alto Saxophone,Technical Etude,67.500408163,27.608526077,95.10893424
Alto Saxophone,Chromatic Scale,101.958820862,14.83755102,116.79637188199999
Alto Saxophone,Major Scales,123.460498866,69.079365079,192.53986394499998
Alto Saxophone,Sight-Reading,198.948571429,55.100952381,254.04952380999998
