Instrument,ScoreGroup,Start,Duration,End
Flute,Lyrical Etude,9.287982,19.133243,28.421225
Flute,Technical Etude,33.994014,46.25415,80.248164
Flute,Chromatic Scale,86.378231,50.526621,136.904852
Flute,Major Scales,144.706757,97.52381,242.230567
Flute,Sight-Reading,247.617596,74.489615,322.107211
