Instrument,ScoreGroup,Start,Duration,End
Trumpet,Lyrical Etude,15.47,56.300655,71.770655
Trumpet,Technical Etude,79.074523,21.607278,100.68180100000001
Trumpet,Chromatic Scale,107.377014,9.129836,116.50685
Trumpet,Major Scales,123.810719,74.864654,198.675373
Trumpet,Sight-Reading,203.240291,38.040983,241.281274
