Instrument,ScoreGroup,Start,Duration,End
Flute,Lyrical Etude,15.743129252,56.424489796,72.167619048
Flute,Technical Etude,77.601088435,22.987755102,100.588843537
Flute,Chromatic Scale,108.112108844,14.071292517,122.18340136100001
Flute,Major Scales,130.12462585,106.858231293,236.982857143
Flute,Sight-Reading,244.227482993,55.309931973,299.537414966
