Instrument,ScoreGroup,Start,Duration,End
Flute,Lyrical Etude,13.653333333,77.740408163,91.393741496
Flute,Technical Etude,100.031564626,40.727800454,140.75936508
Flute,Chromatic Scale,156.966893424,12.260136054,169.22702947800002
Flute,Major Scales,183.507301587,104.513015873,288.02031746
Flute,Sight-Reading,292.896507937,43.723174603,336.61968254000004
