Instrument,ScoreGroup,Start,Duration,End
Flute,Lyrical Etude,23.219954649,57.771247166,80.99120181500001
Flute,Technical Etude,88.607346939,55.913650794,144.520997733
Flute,Chromatic Scale,159.010249433,18.575963719,177.58621315200003
Flute,Major Scales,190.775147392,144.892517007,335.66766439900005
Flute,Sight-Reading,353.129070295,79.133605442,432.262675737
