Instrument,ScoreGroup,Start,Duration,End
Bb Clarinet,Lyrical Etude,10.840816326,49.632653061,60.473469387
Bb Clarinet,Technical Etude,66.351020408,48.065306122,114.41632652999999
Bb Clarinet,Chromatic Scale,120.163265306,20.244897959,140.40816326499998
Bb Clarinet,Major Scales,147.461224489,92.212244897,239.673469386
Bb Clarinet,Sight-Reading,243.461224489,60.212244897,303.67346938599997
