Instrument,ScoreGroup,Start,Duration,End
Bb Clarinet,Lyrical Etude,10.681179138,60.000362812,70.68154195
Bb Clarinet,Technical Etude,75.789931973,24.706031746,100.495963719
Bb Clarinet,Chromatic Scale,105.604353741,19.040362812,124.644716553
Bb Clarinet,Major Scales,130.403265306,94.040816327,224.444081633
Bb Clarinet,Sight-Reading,229.564081633,57.991836735,287.555918368
