Instrument,ScoreGroup,Start,Duration,End
Flute,Lyrical Etude,10.077460317,56.726349206,66.803809523
Flute,Technical Etude,71.517460317,21.617777778,93.135238095
Flute,Chromatic Scale,100.937142857,18.854603175,119.79174603199999
Flute,Major Scales,125.480634921,113.127619048,238.608253969
Flute,Sight-Reading,244.45968254,43.723174603,288.182857143
