Instrument,ScoreGroup,Start,Duration,End
Alto Saxophone,Lyrical Etude,9.914920634,58.107936507,68.022857141
Alto Saxophone,Technical Etude,72.411428571,24.38095238,96.792380951
Alto Saxophone,Chromatic Scale,101.587301587,9.996190476,111.583492063
Alto Saxophone,Major Scales,116.947301587,90.209523809,207.156825396
Alto Saxophone,Sight-Reading,211.626666666,47.949206349,259.575873015
