Instrument,ScoreGroup,Start,Duration,End
Flute,Lyrical Etude,8.724898,51.09551,59.820408
Flute,Technical Etude,63.111837,74.13551,137.247347
Flute,Chromatic Scale,143.046531,81.397551,224.44408199999998
Flute,Major Scales,230.661224,123.611429,354.272653
Flute,Sight-Reading,357.616327,64.940408,422.556735
