Instrument,ScoreGroup,Start,Duration,End
Bb Clarinet,Lyrical Etude,10.866938776,97.593469388,108.460408164
Bb Clarinet,Technical Etude,115.356734694,35.526530612,150.883265306
Bb Clarinet,Chromatic Scale,157.779591837,13.792653061,171.572244898
Bb Clarinet,Major Scales,176.657414966,135.697414966,312.35482993200003
Bb Clarinet,Sight-Reading,318.74031746,93.785396825,412.52571428500005
