Instrument,ScoreGroup,Start,Duration,End
Flute,Lyrical Etude,11.145578,93.808617,104.954195
Flute,Technical Etude,110.155465,50.898141,161.053606
Flute,Chromatic Scale,166.997914,16.161088,183.15900200000002
Flute,Major Scales,189.103311,109.412426,298.515737
Flute,Sight-Reading,303.531247,47.740227,351.271474
