Instrument,ScoreGroup,Start,Duration,End
Flute,Lyrical Etude,21.106938776,48.622585034,69.72952380999999
Flute,Technical Etude,75.511292517,21.315918367,96.827210884
Flute,Chromatic Scale,104.733605442,13.862312925,118.595918367
Flute,Major Scales,123.541768707,100.437913832,223.979682539
Flute,Sight-Reading,229.22739229,44.895782313,274.123174603
