Instrument,ScoreGroup,Start,Duration,End
Bb Clarinet,Lyrical Etude,8.359183673,96.223492063,104.582675736
Bb Clarinet,Technical Etude,111.673469387,47.934693877,159.60816326399998
Bb Clarinet,Chromatic Scale,167.183673469,10.318367346,177.50204081500002
Bb Clarinet,Major Scales,183.118367346,85.028571428,268.14693877400003
Bb Clarinet,Sight-Reading,274.808163265,36.179591836,310.987755101
