Instrument,ScoreGroup,Start,Duration,End
Flute,Lyrical Etude,10.565079365,60.78984127,71.354920635
Flute,Technical Etude,78.019047619,54.532063492,132.551111111
Flute,Chromatic Scale,141.490793651,16.66031746,158.15111111099998
Flute,Major Scales,166.069115646,103.375238095,269.444353741
Flute,Sight-Reading,275.586031746,50.468571429,326.054603175
