Instrument,ScoreGroup,Start,Duration,End
Flute,Lyrical Etude,15.78956916,109.969705215,125.759274375
Flute,Technical Etude,132.818140589,33.065215419,165.883356008
Flute,Chromatic Scale,174.242539682,21.919637188,196.16217687
Flute,Major Scales,202.292244897,121.858321995,324.150566892
Flute,Sight-Reading,335.481904761,83.963356009,419.44526077
