Instrument,ScoreGroup,Start,Duration,End
Flute,Lyrical Etude,17.275646,119.536327,136.811973
Flute,Technical Etude,142.756281,49.040544,191.796825
Flute,Chromatic Scale,197.741134,21.455238,219.196372
Flute,Major Scales,227.555556,117.028571,344.58412699999997
Flute,Sight-Reading,349.228118,55.077732,404.30584999999996
