Instrument,ScoreGroup,Start,Duration,End
Flute,Lyrical Etude,9.659501134,55.727891156,65.38739229
Flute,Technical Etude,71.33170068,40.495600907,111.827301587
Flute,Chromatic Scale,118.8861678,12.817414966,131.70358276599998
Flute,Major Scales,138.76244898,109.040907029,247.80335600899997
Flute,Sight-Reading,251.890068027,41.61015873,293.500226757
