Instrument,ScoreGroup,Start,Duration,End
Alto Saxophone,Lyrical Etude,12.445895692,58.79292517,71.238820862
Alto Saxophone,Technical Etude,76.207891156,55.100952381,131.308843537
Alto Saxophone,Chromatic Scale,138.344489796,8.173424036,146.517913832
Alto Saxophone,Major Scales,152.903401361,104.954195011,257.857596372
Alto Saxophone,Sight-Reading,263.314285714,51.525079365,314.839365079
