Instrument,ScoreGroup,Start,Duration,End
Flute,Lyrical Etude,11.0993,117.724185,128.823485
Flute,Technical Etude,135.26824,40.81678,176.08502
Flute,Chromatic Scale,183.389075,16.756362,200.145437
Flute,Major Scales,214.323897,81.633559,295.957456
Flute,Sight-Reading,302.402211,39.098178,341.50038900000004
