Instrument,ScoreGroup,Start,Duration,End
Bb Clarinet,Lyrical Etude,14.106122448,132.702040816,146.808163264
Bb Clarinet,Technical Etude,154.906122448,51.330612244,206.236734692
Bb Clarinet,Chromatic Scale,214.073469387,12.27755102,226.351020407
Bb Clarinet,Major Scales,235.232653061,108.01632653,343.248979591
Bb Clarinet,Sight-Reading,349.648979591,45.583673469,395.23265306
