Instrument,ScoreGroup,Start,Duration,End
Xylophone,Mallet Etude,14.367347,45.061224,59.428571000000005
Snare Drum,Snare Etude,66.808163,47.608163,114.416326
Timpani,Timpani Etude,121.765442,70.774422,192.539864
Xylophone,Chromatic Scale,199.967347,8.620408,208.587755
Xylophone,Major Scales,216.874376,73.467937,290.342313
Xylophone,Sight-Reading,297.679819,70.402902,368.082721
Snare Drum,Sight-Reading,376.534785,33.854694,410.389479
