Instrument,ScoreGroup,Start,Duration,End
Alto Saxophone,Lyrical Etude,20.619319727,108.808707482,129.428027209
Alto Saxophone,Technical Etude,145.31047619,64.365714285,209.676190475
Alto Saxophone,Chromatic Scale,222.075646258,8.498503401,230.574149659
Alto Saxophone,Major Scales,246.038639455,72.028299319,318.066938774
Alto Saxophone,Sight-Reading,326.147482993,76.347210884,402.494693877
