Instrument,ScoreGroup,Start,Duration,End
Flute,Lyrical Etude,10.321269841,47.867936507,58.189206348
Flute,Technical Etude,65.747301587,23.324444444,89.071746031
Flute,Chromatic Scale,95.654603174,16.822857142,112.477460316
Flute,Major Scales,120.372244897,92.229659863,212.60190476
Flute,Sight-Reading,218.174693877,40.124081632,258.298775509
