Instrument,ScoreGroup,Start,Duration,End
Flute,Lyrical Etude,11.888617,31.207619,43.096236000000005
Flute,Technical Etude,50.340862,25.72771,76.068572
Flute,Chromatic Scale,84.149116,31.207619,115.35673500000001
Flute,Major Scales,123.036735,92.473469,215.510204
Flute,Sight-Reading,220.961088,41.331519,262.292607
