Instrument,ScoreGroup,Start,Duration,End
Alto Saxophone,Lyrical Etude,15.046530612,32.136417233,47.182947845
Alto Saxophone,Technical Etude,60.279002267,24.334512471,84.613514738
Alto Saxophone,Chromatic Scale,96.223492063,30.836099773,127.059591836
Alto Saxophone,Major Scales,135.627755102,123.506938775,259.134693877
Alto Saxophone,Sight-Reading,263.105306122,66.03755102,329.142857142
