Instrument,ScoreGroup,Start,Duration,End
Bb Clarinet,Lyrical Etude,12.260136,66.78059,79.040726
Bb Clarinet,Technical Etude,85.616327,20.440816,106.057143
Bb Clarinet,Chromatic Scale,112.130612,13.257143,125.387755
Bb Clarinet,Major Scales,131.395918,106.579592,237.97550999999999
Bb Clarinet,Sight-Reading,241.893878,45.191837,287.085715
