Instrument,ScoreGroup,Start,Duration,End
Bb Clarinet,Lyrical Etude,9.926531,93.126531,103.053062
Bb Clarinet,Technical Etude,108.016327,36.832653,144.84898
Bb Clarinet,Chromatic Scale,151.24898,12.930612,164.17959199999999
Bb Clarinet,Major Scales,169.534694,102.4,271.93469400000004
Bb Clarinet,Sight-Reading,275.591837,40.097959,315.689796
