Instrument,ScoreGroup,Start,Duration,End
Flute,Lyrical Etude,16.079818594,50.561451247,66.641269841
Flute,Technical Etude,76.045351474,49.400453515,125.44580498900001
Flute,Chromatic Scale,135.46521542,14.860770975,150.325986395
Flute,Major Scales,159.637188209,109.133786848,268.770975057
Flute,Sight-Reading,282.168888889,51.525079365,333.693968254
