Instrument,ScoreGroup,Start,Duration,End
Flute,Lyrical Etude,18.808163,28.734694,47.542857
Flute,Technical Etude,53.028571,29.779592,82.80816300000001
Flute,Chromatic Scale,91.95102,41.534694,133.485714
Flute,Major Scales,152.816327,99.526531,252.342858
Flute,Sight-Reading,258.35102,66.35102,324.70204
