Instrument,ScoreGroup,Start,Duration,End
Flute,Lyrical Etude,12.701315193,46.184489796,58.885804989
Flute,Technical Etude,67.825487528,25.518730159,93.344217687
Flute,Chromatic Scale,102.144580499,16.741587302,118.886167801
Flute,Major Scales,126.804172336,134.559637188,261.363809524
Flute,Sight-Reading,265.142857143,62.772244898,327.915102041
