Instrument,ScoreGroup,Start,Duration,End
Trumpet,Lyrical Etude,10.10875,58.112081,68.220831
Trumpet,Technical Etude,71.713906,19.688246,91.402152
Trumpet,Chromatic Scale,98.705856,10.79678,109.502636
Trumpet,Major Scales,116.171236,83.833821,200.005057
Trumpet,Sight-Reading,203.498133,49.855719,253.353852
