Instrument,ScoreGroup,Start,Duration,End
Alto Saxophone,Lyrical Etude,11.818956916,56.888888889,68.707845805
Alto Saxophone,Technical Etude,74.512834467,25.193650794,99.70648526100001
Alto Saxophone,Chromatic Scale,105.39537415,11.331337868,116.726712018
Alto Saxophone,Major Scales,122.856780045,55.402811791,178.259591836
Alto Saxophone,Sight-Reading,181.998004535,42.329977324,224.327981859
