Instrument,ScoreGroup,Start,Duration,End
Flute,Lyrical Etude,20.317460317,51.2,71.517460317
Flute,Technical Etude,81.153741496,22.639455782,103.793197278
Flute,Chromatic Scale,115.287074829,11.609977324,126.897052153
Flute,Major Scales,139.180408163,98.429387755,237.609795918
Flute,Sight-Reading,244.297142857,45.766530612,290.06367346900004
