Instrument,ScoreGroup,Start,Duration,End
Bb Clarinet,Lyrical Etude,10.840816,83.461224,94.30204
Bb Clarinet,Technical Etude,100.963265,78.367347,179.330612
Bb Clarinet,Chromatic Scale,185.991837,21.812245,207.804082
Bb Clarinet,Major Scales,217.896054,124.273197,342.169251
Bb Clarinet,Sight-Reading,348.856599,83.777596,432.63419500000003
