Instrument,ScoreGroup,Start,Duration,End
Bb Clarinet,Lyrical Etude,6.130068,69.288345,75.418413
Bb Clarinet,Technical Etude,79.319365,26.192109,105.511474
Bb Clarinet,Chromatic Scale,115.356735,18.018685,133.37542
Bb Clarinet,Major Scales,138.39093,89.350385,227.741315
Bb Clarinet,Sight-Reading,234.614422,54.241814,288.85623599999997
