Instrument,ScoreGroup,Start,Duration,End
Alto Saxophone,Lyrical Etude,17.809705,84.033016,101.84272100000001
Alto Saxophone,Technical Etude,111.618322,23.614694,135.23301600000002
Alto Saxophone,Chromatic Scale,145.171156,9.659501,154.830657
Alto Saxophone,Major Scales,164.02576,55.193832,219.21959199999998
Alto Saxophone,Sight-Reading,229.761451,44.953832,274.715283
