Instrument,ScoreGroup,Start,Duration,End
Flute,Lyrical Etude,12.515556,56.48254,68.998096
Flute,Technical Etude,76.231111,32.182857,108.413968
Flute,Chromatic Scale,114.834286,17.310476,132.14476200000001
Flute,Major Scales,138.40254,122.311111,260.71365099999997
Flute,Sight-Reading,265.183492,60.546032,325.72952399999997
