Instrument,ScoreGroup,Start,Duration,End
Bb Clarinet,Lyrical Etude,9.380862,72.399819,81.78068099999999
Bb Clarinet,Technical Etude,87.21415,81.339501,168.553651
Bb Clarinet,Chromatic Scale,176.007256,17.298866,193.30612200000002
Bb Clarinet,Major Scales,199.389751,90.302404,289.69215499999996
Bb Clarinet,Sight-Reading,295.961542,45.139592,341.101134
