Instrument,ScoreGroup,Start,Duration,End
Flute,Lyrical Etude,11.029478458,49.806802721,60.836281179
Flute,Technical Etude,65.480272108,23.103854875,88.58412698299999
Flute,Chromatic Scale,98.568707482,19.272562358,117.84126984
Flute,Major Scales,125.619954648,63.39047619,189.010430838
Flute,Sight-Reading,195.279818594,43.305215419,238.585034013
