Instrument,ScoreGroup,Start,Duration,End
Bb Clarinet,Lyrical Etude,12.399455782,51.130340136,63.529795918000005
Bb Clarinet,Technical Etude,69.102585034,49.458503401,118.561088435
Bb Clarinet,Chromatic Scale,125.945034014,25.913469388,151.858503402
Bb Clarinet,Major Scales,162.168163265,83.731156463,245.89931972800002
Bb Clarinet,Sight-Reading,251.472108844,53.220136054,304.692244898
