Instrument,ScoreGroup,Start,Duration,End
Bb Clarinet,Lyrical Etude,6.873107,95.480454,102.353561
Bb Clarinet,Technical Etude,102.53932,26.935147,129.474467
Bb Clarinet,Chromatic Scale,130.031746,16.904127,146.935873
Bb Clarinet,Major Scales,147.121633,112.7561,259.87773300000003
Bb Clarinet,Sight-Reading,260.806531,40.681361,301.487892
