Instrument,ScoreGroup,Start,Duration,End
Bb Clarinet,Lyrical Etude,12.277551,97.959184,110.236735
Bb Clarinet,Technical Etude,118.595918,41.795918,160.391836
Bb Clarinet,Chromatic Scale,172.408163,14.106122,186.514285
Bb Clarinet,Major Scales,193.044898,116.767347,309.81224499999996
Bb Clarinet,Sight-Reading,316.081633,51.461224,367.542857
