Instrument,ScoreGroup,Start,Duration,End
Alto Saxophone,Lyrical Etude,8.103764172,49.922902494,58.026666666
Alto Saxophone,Technical Etude,60.859501134,40.077641723,100.937142857
Alto Saxophone,Chromatic Scale,105.859773243,28.839183673,134.69895691600001
Alto Saxophone,Major Scales,138.553469388,96.084172336,234.637641724
Alto Saxophone,Sight-Reading,238.352834467,55.426031746,293.778866213
