Instrument,ScoreGroup,Start,Duration,End
Bb Clarinet,Lyrical Etude,13.18893424,51.269659864,64.458594104
Bb Clarinet,Technical Etude,70.774421769,25.913469388,96.687891157
Bb Clarinet,Chromatic Scale,103.235918367,13.374693878,116.610612245
Bb Clarinet,Major Scales,123.297959184,67.152108844,190.450068028
Bb Clarinet,Sight-Reading,195.186938776,40.820680272,236.007619048
