Instrument,ScoreGroup,Start,Duration,End
Flute,Lyrical Etude,11.215238,35.178231,46.393468999999996
Flute,Technical Etude,51.757279,48.622585,100.379864
Flute,Chromatic Scale,105.604354,29.744762,135.349116
Flute,Major Scales,141.339864,81.502041,222.841905
Flute,Sight-Reading,228.066395,55.240272,283.306667
