Instrument,ScoreGroup,Start,Duration,End
Bb Clarinet,Lyrical Etude,13.746213,77.276009,91.022222
Bb Clarinet,Technical Etude,100.495964,49.597823,150.093787
Bb Clarinet,Chromatic Scale,156.223855,15.23229,171.456145
Bb Clarinet,Major Scales,179.815329,108.855147,288.670476
Bb Clarinet,Sight-Reading,295.172063,68.173787,363.34585
