Instrument,ScoreGroup,Start,Duration,End
Flute,Lyrical Etude,10.170340136,27.585306122,37.755646258
Flute,Technical Etude,41.052879819,24.845351474,65.898231293
Flute,Chromatic Scale,72.585578231,20.340680272,92.926258503
Flute,Major Scales,104.211156463,74.605714286,178.81687074899997
Flute,Sight-Reading,181.603265306,47.438367347,229.041632653
