Instrument,ScoreGroup,Start,Duration,End
Flute,Lyrical Etude,15.603809523,57.945396825,73.549206348
Flute,Technical Etude,78.344126984,23.73079365,102.074920634
Flute,Chromatic Scale,108.332698412,17.879365079,126.212063491
Flute,Major Scales,132.12154195,75.813151927,207.934693877
Flute,Sight-Reading,213.275283446,46.672108843,259.947392289
