Instrument,ScoreGroup,Start,Duration,End
Alto Saxophone,Lyrical Etude,9.996190476,45.511111111,55.507301587
Alto Saxophone,Technical Etude,59.733333333,38.928253968,98.661587301
Alto Saxophone,Chromatic Scale,104.919365079,19.829841269,124.749206348
Alto Saxophone,Major Scales,131.575873015,87.608888888,219.184761903
Alto Saxophone,Sight-Reading,222.923174603,44.129523809,267.052698412
