Instrument,ScoreGroup,Start,Duration,End
Trumpet,Lyrical Etude,11.75510204,41.534693877,53.289795917000006
Trumpet,Technical Etude,56.685714285,26.644897959,83.33061224400001
Trumpet,Chromatic Scale,88.293877551,11.493877551,99.78775510199999
Trumpet,Major Scales,104.881632653,83.461224489,188.342857142
Trumpet,Sight-Reading,193.175510204,85.159183673,278.334693877
