Instrument,ScoreGroup,Start,Duration,End
Flute,Lyrical Etude,21.826757,69.938503,91.76526
Flute,Technical Etude,115.542494,53.498776,169.04127
Flute,Chromatic Scale,184.645079,19.876281,204.52136000000002
Flute,Major Scales,212.694785,96.595011,309.289796
Flute,Sight-Reading,315.977143,48.111746,364.088889
