Instrument,ScoreGroup,Start,Duration,End
Bb Clarinet,Lyrical Etude,11.363265,102.008163,113.371428
Bb Clarinet,Technical Etude,120.032653,43.102041,163.134694
Bb Clarinet,Chromatic Scale,174.106122,12.016327,186.122449
Bb Clarinet,Major Scales,201.665306,115.461224,317.12653
Bb Clarinet,Sight-Reading,322.089796,44.277551,366.367347
