Instrument,ScoreGroup,Start,Duration,End
Flute,Lyrical Etude,12.84063492,62.09015873,74.93079365
Flute,Technical Etude,78.831746031,34.783492063,113.61523809399999
Flute,Chromatic Scale,115.24063492,24.706031746,139.946666666
Flute,Major Scales,140.596825396,101.262222222,241.85904761800003
Flute,Sight-Reading,242.834285714,78.019047619,320.853333333
