Instrument,ScoreGroup,Start,Duration,End
Flute,Lyrical Etude,10.58829932,108.112108844,118.70040816400001
Flute,Technical Etude,122.044081633,134.582857143,256.62693877600003
Flute,Chromatic Scale,261.433469388,42.840816327,304.274285715
Flute,Major Scales,315.14122449,123.924897959,439.06612244900003
Flute,Sight-Reading,441.782857143,96.339591837,538.12244898
