Instrument,ScoreGroup,Start,Duration,End
Alto Saxophone,Lyrical Etude,9.427301587,49.737142857,59.164444444000004
Alto Saxophone,Technical Etude,62.902857142,29.094603174,91.997460316
Alto Saxophone,Chromatic Scale,98.824126984,15.116190476,113.94031746
Alto Saxophone,Major Scales,119.954285714,43.56063492,163.514920634
Alto Saxophone,Sight-Reading,165.627936507,43.235555555,208.86349206199998
