Instrument,ScoreGroup,Start,Duration,End
Xylophone,Mallet Etude,14.558912,53.638095,68.197007
Snare Drum,Snare Etude,75.859592,111.130703,186.990295
Timpani,Timpani Etude,194.74576,38.336145,233.081905
Xylophone,Chromatic Scale,240.51229,6.548027,247.060317
Xylophone,Major Scales,253.701224,92.09034,345.791564
Xylophone,Sight-Reading,354.499048,90.000544,444.499592
Snare Drum,Sight-Reading,450.58322,55.681451,506.26467099999996
