Instrument,ScoreGroup,Start,Duration,End
Trumpet,Lyrical Etude,11.88861678,41.61015873,53.49877551
Trumpet,Technical Etude,59.559183673,23.771428571,83.33061224400001
Trumpet,Chromatic Scale,90.906122448,10.710204081,101.616326529
Trumpet,Major Scales,107.885714285,93.257142857,201.14285714200003
Trumpet,Sight-Reading,205.583673469,36.832653061,242.41632653
