Instrument,ScoreGroup,Start,Duration,End
Flute,Lyrical Etude,15.116190476,51.687619047,66.803809523
Flute,Technical Etude,77.043809523,23.08063492,100.12444444299999
Flute,Chromatic Scale,110.852063492,14.466031746,125.318095238
Flute,Major Scales,136.37079365,104.187936507,240.558730157
Flute,Sight-Reading,250.473650793,54.45079365,304.92444444299997
