Instrument,ScoreGroup,Start,Duration,End
Bb Clarinet,Lyrical Etude,13.815873016,136.208253968,150.02412698400002
Bb Clarinet,Technical Etude,159.869387755,42.26031746,202.129705215
Bb Clarinet,Chromatic Scale,213.971882086,15.092970522,229.064852608
Bb Clarinet,Major Scales,237.307936508,125.805714286,363.113650794
Bb Clarinet,Sight-Reading,369.127619048,58.514285714,427.64190476199997
