Instrument,ScoreGroup,Start,Duration,End
Bb Clarinet,Lyrical Etude,9.705941043,112.105941043,121.811882086
Bb Clarinet,Technical Etude,126.432653061,70.193922902,196.626575963
Bb Clarinet,Chromatic Scale,198.971791383,19.899501134,218.871292517
Bb Clarinet,Major Scales,225.396099773,117.864489796,343.260589569
Bb Clarinet,Sight-Reading,348.949478458,89.420045351,438.369523809
