Instrument,ScoreGroup,Start,Duration,End
Alto Saxophone,Lyrical Etude,16.462947845,42.237097505,58.700045349999996
Alto Saxophone,Technical Etude,68.150566893,20.456780045,88.607346938
Alto Saxophone,Chromatic Scale,98.917006802,9.334421768,108.25142857
Alto Saxophone,Major Scales,118.746848071,57.817687074,176.564535145
Alto Saxophone,Sight-Reading,182.555283441,39.845442176,222.400725617
