Instrument,ScoreGroup,Start,Duration,End
Bb Clarinet,Lyrical Etude,17.298866213,58.282086168,75.580952381
Bb Clarinet,Technical Etude,82.430839002,40.170521542,122.601360544
Bb Clarinet,Chromatic Scale,129.567346939,14.280272109,143.847619048
Bb Clarinet,Major Scales,150.581405896,81.734240363,232.315646259
Bb Clarinet,Sight-Reading,238.120634921,49.342403628,287.463038549
