Instrument,ScoreGroup,Start,Duration,End
Bb Clarinet,Lyrical Etude,9.822040816,81.107301587,90.92934240299999
Bb Clarinet,Technical Etude,96.525351474,47.159727891,143.685079365
Bb Clarinet,Chromatic Scale,150.906485261,13.514013605,164.420498866
Bb Clarinet,Major Scales,169.644988662,120.8830839,290.52807256200003
Bb Clarinet,Sight-Reading,294.986303855,50.317641723,345.303945578
