Instrument,ScoreGroup,Start,Duration,End
Flute,Lyrical Etude,11.633197279,53.84707483,65.480272109
Flute,Technical Etude,70.356462585,41.795918367,112.152380952
Flute,Chromatic Scale,119.01968254,13.206349206,132.22603174600002
Flute,Major Scales,137.926530612,101.703401361,239.629931973
Flute,Sight-Reading,246.038639456,73.653696145,319.69233560099997
