Instrument,ScoreGroup,Start,Duration,End
Alto Saxophone,Lyrical Etude,17.00861678,64.841723356,81.850340136
Alto Saxophone,Technical Etude,88.409977324,22.871655328,111.281632652
Alto Saxophone,Chromatic Scale,117.667120181,13.815873015,131.482993196
Alto Saxophone,Major Scales,140.53877551,90.499773242,231.038548752
Alto Saxophone,Sight-Reading,239.978231292,49.342403628,289.32063492
