Instrument,ScoreGroup,Start,Duration,End
Flute,Lyrical Etude,19.040362812,73.375056689,92.415419501
Flute,Technical Etude,98.45260771,50.619501134,149.07210884399998
Flute,Chromatic Scale,158.824489796,19.969160998,178.793650794
Flute,Major Scales,192.26122449,115.63537415,307.89659864
Flute,Sight-Reading,314.862585034,52.477097506,367.33968254
