Instrument,ScoreGroup,Start,Duration,End
Bb Clarinet,Lyrical Etude,16.950566893,105.581133787,122.53170068
Bb Clarinet,Technical Etude,127.709750567,33.761814059,161.471564626
Bb Clarinet,Chromatic Scale,168.530430839,10.379319728,178.909750567
Bb Clarinet,Major Scales,184.575419501,81.734240363,266.30965986399997
Bb Clarinet,Sight-Reading,271.464489796,66.432290249,337.896780045
