Instrument,ScoreGroup,Start,Duration,End
Alto Saxophone,Lyrical Etude,9.055782312,82.430839002,91.486621314
Alto Saxophone,Technical Etude,97.291609977,60.604081632,157.89569160899998
Alto Saxophone,Chromatic Scale,164.397278911,12.306575963,176.703854874
Alto Saxophone,Major Scales,184.018140589,98.452607709,282.470748298
Alto Saxophone,Sight-Reading,287.346938775,72.794557823,360.141496598
