Instrument,ScoreGroup,Start,Duration,End
Alto Saxophone,Lyrical Etude,14.071293,66.68771,80.75900299999999
Alto Saxophone,Technical Etude,88.096508,24.775692,112.87219999999999
Alto Saxophone,Chromatic Scale,120.232925,10.07746,130.310385
Alto Saxophone,Major Scales,137.601451,99.358186,236.959637
Alto Saxophone,Sight-Reading,246.085079,71.006621,317.0917
