Instrument,ScoreGroup,Start,Duration,End
Flute,Lyrical Etude,16.718367347,55.170612245,71.888979592
Flute,Technical Etude,78.947845805,21.548117914,100.495963719
Flute,Chromatic Scale,111.455782313,14.860770975,126.316553288
Flute,Major Scales,133.375419501,100.310204082,233.685623583
Flute,Sight-Reading,239.629931973,47.368707483,286.998639456
