Instrument,ScoreGroup,Start,Duration,End
Bb Clarinet,Lyrical Etude,18.483084,74.489615,92.972699
Bb Clarinet,Technical Etude,97.697959,35.526531,133.22449
Bb Clarinet,Chromatic Scale,140.473469,15.216327,155.689796
Bb Clarinet,Major Scales,163.265306,102.922449,266.18775500000004
Bb Clarinet,Sight-Reading,271.766349,32.972336,304.738685
