Instrument,ScoreGroup,Start,Duration,End
Xylophone,Mallet Etude,11.232653,56.032653,67.26530600000001
Snare Drum,Snare Etude,73.273469,84.506122,157.779591
Timpani,Timpani Etude,162.911202,133.0039,295.915102
Xylophone,Chromatic Scale,301.95229,9.102222,311.054512
Xylophone,Major Scales,324.707846,109.783946,434.49179200000003
Xylophone,Sight-Reading,442.386576,55.263492,497.650068
Snare Drum,Sight-Reading,515.668753,45.232472,560.9012250000001
