Instrument,ScoreGroup,Start,Duration,End
Bb Clarinet,Lyrical Etude,9.845260771,56.238730159,66.08399093
Bb Clarinet,Technical Etude,72.840997732,32.600816327,105.441814059
Bb Clarinet,Chromatic Scale,114.079637188,9.89170068,123.971337868
Bb Clarinet,Major Scales,132.539501134,95.016054422,227.555555556
Bb Clarinet,Sight-Reading,237.447256236,53.521995465,290.96925170099996
