Instrument,ScoreGroup,Start,Duration,End
Trumpet,Lyrical Etude,14.4892517,36.780408163,51.269659863
Trumpet,Technical Etude,55.356371882,23.405714285,78.76208616699999
Trumpet,Chromatic Scale,85.449433106,11.88861678,97.338049886
Trumpet,Major Scales,102.539319727,87.678548752,190.217868479
Trumpet,Sight-Reading,196.16217687,44.953832199,241.116009069
