Instrument,ScoreGroup,Start,Duration,End
Bb Clarinet,Lyrical Etude,13.322449,88.816327,102.13877600000001
Bb Clarinet,Technical Etude,107.62449,54.857143,162.481633
Bb Clarinet,Chromatic Scale,169.534694,11.232653,180.767347
Bb Clarinet,Major Scales,188.865306,103.183673,292.04897900000003
Bb Clarinet,Sight-Reading,299.62449,55.640816,355.265306
