Instrument,ScoreGroup,Start,Duration,End
Flute,Lyrical Etude,11.145578,44.025034,55.170612
Flute,Technical Etude,59.071565,44.025034,103.096599
Flute,Chromatic Scale,108.669388,19.783401,128.452789
Flute,Major Scales,133.468299,117.86449,251.332789
Flute,Sight-Reading,262.478367,52.384218,314.86258499999997
