Instrument,ScoreGroup,Start,Duration,End
Flute,Lyrical Etude,12.074376,38.359365,50.433741
Flute,Technical Etude,57.678367,46.25415,103.932517
Flute,Chromatic Scale,111.548662,30.371701,141.920363
Flute,Major Scales,148.70059,111.641542,260.342132
Flute,Sight-Reading,266.657959,59.257324,325.915283
