Instrument,ScoreGroup,Start,Duration,End
Trumpet,Lyrical Etude,8.916462585,46.068390022,54.984852607
Trumpet,Technical Etude,59.4430839,28.978503401,88.421587301
Trumpet,Chromatic Scale,93.622857142,12.260136054,105.882993196
Trumpet,Major Scales,113.763265306,61.257142857,175.02040816299998
Trumpet,Sight-Reading,180.506122448,53.812244897,234.318367345
