Instrument,ScoreGroup,Start,Duration,End
Bb Clarinet,Lyrical Etude,12.074376417,78.390566893,90.46494331
Bb Clarinet,Technical Etude,95.294693878,46.25414966,141.548843538
Bb Clarinet,Chromatic Scale,148.050430839,16.346848073,164.397278912
Bb Clarinet,Major Scales,170.109387755,125.945034014,296.054421769
Bb Clarinet,Sight-Reading,301.348571429,61.718639456,363.067210885
