Instrument,ScoreGroup,Start,Duration,End
Bb Clarinet,Lyrical Etude,12.667633,103.121379,115.789012
Bb Clarinet,Technical Etude,122.773329,32.867372,155.640701
Bb Clarinet,Chromatic Scale,161.803333,11.50358,173.306913
Bb Clarinet,Major Scales,181.523756,104.764748,286.288504
Bb Clarinet,Sight-Reading,291.21861,36.154109,327.372719
