Instrument,ScoreGroup,Start,Duration,End
Bb Clarinet,Lyrical Etude,15.88244898,49.110204082,64.992653062
Bb Clarinet,Technical Etude,69.172244898,21.803537415,90.975782313
Bb Clarinet,Chromatic Scale,100.519183673,13.862312925,114.381496598
Bb Clarinet,Major Scales,121.835102041,85.786122449,207.62122449
Bb Clarinet,Sight-Reading,212.114285714,56.633469388,268.747755102
