Instrument,ScoreGroup,Start,Duration,End
Bb Clarinet,Lyrical Etude,11.331337868,101.05324263,112.384580498
Bb Clarinet,Technical Etude,116.657052154,22.105396825,138.762448979
Bb Clarinet,Chromatic Scale,145.635555556,11.145578231,156.78113378700002
Bb Clarinet,Major Scales,161.982403628,95.480453515,257.46285714299995
Bb Clarinet,Sight-Reading,259.320453515,40.30984127,299.630294785
