Instrument,ScoreGroup,Start,Duration,End
Flute,Lyrical Etude,11.145578231,83.034557823,94.180136054
Flute,Technical Etude,97.895328798,28.792743764,126.688072562
Flute,Chromatic Scale,130.960544217,15.78956916,146.750113377
Flute,Major Scales,152.508662131,93.80861678,246.317278911
Flute,Sight-Reading,250.775510204,50.340861678,301.116371882
