Instrument,ScoreGroup,Start,Duration,End
Oboe,Lyrical Etude,15.217232,113.236606,128.453838
Oboe,Technical Etude,139.165408,66.819799,205.985207
Oboe,Chromatic Scale,212.106105,12.241795,224.3479
Oboe,Major Scales,233.019172,108.645933,341.665105
Oboe,Sight-Reading,345.745703,61.719051,407.46475399999997
