Instrument,ScoreGroup,Start,Duration,End
Alto Saxophone,Lyrical Etude,13.119274376,74.187755102,87.307029478
Alto Saxophone,Technical Etude,93.2861678,44.466213151,137.752380951
Alto Saxophone,Chromatic Scale,145.00861678,23.045804988,168.054421768
Alto Saxophone,Major Scales,174.73015873,85.101133786,259.831292516
Alto Saxophone,Sight-Reading,266.623129251,61.474829931,328.097959182
