Instrument,ScoreGroup,Start,Duration,End
Flute,Lyrical Etude,10.402539683,40.681360544,51.083900227
Flute,Technical Etude,54.891972789,31.02185941,85.913832199
Flute,Chromatic Scale,91.951020408,28.792743764,120.743764172
Flute,Major Scales,127.013151927,116.680272109,243.693424036
Flute,Sight-Reading,246.10829932,38.800544218,284.908843538
