Instrument,ScoreGroup,Start,Duration,End
Bb Clarinet,Lyrical Etude,10.54185941,48.947664399,59.489523809
Bb Clarinet,Technical Etude,64.760453515,27.329886621,92.090340136
Bb Clarinet,Chromatic Scale,98.475827664,12.2369161,110.712743764
Bb Clarinet,Major Scales,117.098231293,96.177052154,213.275283447
Bb Clarinet,Sight-Reading,218.12244898,45.395011338,263.517460318
