Instrument,ScoreGroup,Start,Duration,End
Alto Saxophone,Lyrical Etude,11.261259,70.183072,81.44433099999999
Alto Saxophone,Technical Etude,91.034564,60.156919,151.191483
Alto Saxophone,Chromatic Scale,154.24292,12.205752,166.448672
Alto Saxophone,Major Scales,171.243789,106.364407,277.608196
Alto Saxophone,Sight-Reading,285.01883,62.772437,347.79126699999995
