Instrument,ScoreGroup,Start,Duration,End
Bb Clarinet,Lyrical Etude,13.328253968,47.461587302,60.78984127
Bb Clarinet,Technical Etude,65.584761905,33.808253968,99.393015873
Bb Clarinet,Chromatic Scale,104.106666667,16.66031746,120.766984127
Bb Clarinet,Major Scales,125.968253968,86.064761905,212.033015873
Bb Clarinet,Sight-Reading,219.591111111,44.210793651,263.801904762
