Instrument,ScoreGroup,Start,Duration,End
Oboe,Lyrical Etude,13.119274376,51.896598639,65.015873015
Oboe,Technical Etude,70.124263038,45.975510204,116.099773242
Oboe,Chromatic Scale,125.968253968,16.602267573,142.570521541
Oboe,Major Scales,151.974603174,71.28526077,223.25986394400002
Oboe,Sight-Reading,229.064852607,85.797732426,314.862585033
