Instrument,ScoreGroup,Start,Duration,End
Flute,Lyrical Etude,12.63746,41.12254,53.760000000000005
Flute,Technical Etude,58.920635,48.193016,107.113651
Flute,Chromatic Scale,112.965079,24.624762,137.589841
Flute,Major Scales,144.091429,89.315556,233.40698500000002
Flute,Sight-Reading,236.820317,54.328889,291.149206
