Instrument,ScoreGroup,Start,Duration,End
Flute,Lyrical Etude,10.448979592,57.910566893,68.35954648500001
Flute,Technical Etude,77.763628118,23.196734694,100.960362812
Flute,Chromatic Scale,106.99755102,17.48462585,124.48217687
Flute,Major Scales,130.396734694,124.017777778,254.414512472
Flute,Sight-Reading,258.194285714,47.72861678,305.92290249399997
