Instrument,ScoreGroup,Start,Duration,End
Bb Clarinet,Lyrical Etude,14.889795918,51.134693877,66.024489795
Bb Clarinet,Technical Etude,72.81632653,52.897959183,125.714285713
Bb Clarinet,Chromatic Scale,133.61632653,21.746938775,155.363265305
Bb Clarinet,Major Scales,163.918367346,97.893877551,261.812244897
Bb Clarinet,Sight-Reading,269.518367346,97.044897959,366.56326530499996
