Instrument,ScoreGroup,Start,Duration,End
Bb Clarinet,Lyrical Etude,13.769433107,83.243537415,97.012970522
Bb Clarinet,Technical Etude,110.735963719,57.771247166,168.507210885
Bb Clarinet,Chromatic Scale,181.719365079,13.467573696,195.186938775
Bb Clarinet,Major Scales,202.431564626,73.525986395,275.95755102100003
Bb Clarinet,Sight-Reading,290.351020408,92.342857143,382.693877551
