Instrument,ScoreGroup,Start,Duration,End
Oboe,Lyrical Etude,12.422675736,60.139682539,72.562358275
Oboe,Technical Etude,78.135147392,29.489342403,107.62448979499999
Oboe,Chromatic Scale,115.635374149,10.448979591,126.08435374
Oboe,Major Scales,134.907936507,63.04217687,197.95011337699998
Oboe,Sight-Reading,205.380498866,39.473922902,244.854421768
