Instrument,ScoreGroup,Start,Duration,End
Xylophone,Mallet Etude,11.238458,38.359365,49.597823
Snare Drum,Snare Etude,55.669841,47.484807,103.15464800000001
Timpani,Timpani Etude,108.657778,60.627302,169.28508
Xylophone,Chromatic Scale,174.24254,9.020952,183.26349199999999
Xylophone,Major Scales,186.839365,61.60254,248.441905
Xylophone,Sight-Reading,255.349841,62.496508,317.846349
Snare Drum,Sight-Reading,324.429206,27.144127,351.57333300000005
