Instrument,ScoreGroup,Start,Duration,End
Bb Clarinet,Lyrical Etude,12.167256,70.960181,83.127437
Bb Clarinet,Technical Etude,88.700227,32.415057,121.115284
Bb Clarinet,Chromatic Scale,128.267029,16.439728,144.706757
Bb Clarinet,Major Scales,151.902041,100.702041,252.604082
Bb Clarinet,Sight-Reading,259.526531,68.310204,327.836735
