Instrument,ScoreGroup,Start,Duration,End
Trumpet,Lyrical Etude,17.022163,57.063621,74.08578399999999
Trumpet,Technical Etude,79.901185,21.444291,101.34547599999999
Trumpet,Chromatic Scale,111.88589,12.357727,124.243617
Trumpet,Major Scales,134.784031,100.679128,235.46315900000002
Trumpet,Sight-Reading,240.915098,47.977057,288.892155
