Instrument,ScoreGroup,Start,Duration,End
Bb Clarinet,Lyrical Etude,9.473741,74.187755,83.661496
Bb Clarinet,Technical Etude,90.348844,101.726621,192.075465
Bb Clarinet,Chromatic Scale,198.577052,24.961451,223.53850300000002
Bb Clarinet,Major Scales,229.831111,119.582766,349.413877
Bb Clarinet,Sight-Reading,354.011429,52.152018,406.163447
