Instrument,ScoreGroup,Start,Duration,End
Bb Clarinet,Lyrical Etude,12.120816327,95.851972789,107.972789116
Bb Clarinet,Technical Etude,116.192653061,37.755646259,153.94829932
Bb Clarinet,Chromatic Scale,162.028843537,13.096054422,175.124897959
Bb Clarinet,Major Scales,184.32,102.817959184,287.137959184
Bb Clarinet,Sight-Reading,291.213061224,58.409795918,349.622857142
