Instrument,ScoreGroup,Start,Duration,End
Xylophone,Mallet Etude,10.4722,51.826939,62.299139000000004
Snare Drum,Snare Etude,71.145941,50.898141,122.044082
Timpani,Timpani Etude,129.428027,1.021678,130.449705
Xylophone,Chromatic Scale,143.49932,11.493878,154.993198
Xylophone,Major Scales,160.078367,66.107211,226.185578
Xylophone,Sight-Reading,244.924082,65.944671,310.86875299999997
Snare Drum,Sight-Reading,316.441542,43.258776,359.70031800000004
