Instrument,ScoreGroup,Start,Duration,End
Flute,Lyrical Etude,11.517098,83.963356,95.48045400000001
Flute,Technical Etude,101.424762,39.381043,140.805805
Flute,Chromatic Scale,148.979229,17.089887,166.069116
Flute,Major Scales,172.384943,104.025397,276.41034
Flute,Sight-Reading,281.983129,56.842449,338.825578
