Instrument,ScoreGroup,Start,Duration,End
Xylophone,Mallet Etude,12.817415,43.839274,56.656689
Snare Drum,Snare Etude,63.715556,94.365896,158.081452
Timpani,Timpani Etude,166.997914,111.455782,278.45369600000004
Xylophone,Chromatic Scale,284.583764,8.080544,292.66430799999995
Xylophone,Major Scales,296.359184,111.542857,407.90204100000005
Xylophone,Sight-Reading,414.563265,26.77551,441.338775
Snare Drum,Sight-Reading,449.502041,31.934694,481.436735
