Instrument,ScoreGroup,Start,Duration,End
Flute,Lyrical Etude,11.981497,57.190748,69.172245
Flute,Technical Etude,74.257415,30.023401,104.28081599999999
Flute,Chromatic Scale,111.177143,14.489252,125.666395
Flute,Major Scales,131.239184,120.093605,251.332789
Flute,Sight-Reading,257.741497,55.449252,313.190749
