Instrument,ScoreGroup,Start,Duration,End
Alto Saxophone,Lyrical Etude,13.699773242,58.630385487,72.330158729
Alto Saxophone,Technical Etude,79.238095238,25.309750566,104.547845804
Alto Saxophone,Chromatic Scale,114.06802721,8.881632653,122.949659863
Alto Saxophone,Major Scales,129.30031746,72.492698412,201.793015872
Alto Saxophone,Sight-Reading,209.838730158,32.264126984,242.102857142
