Instrument,ScoreGroup,Start,Duration,End
Xylophone,Mallet Etude,10.588299,32.113197,42.701496
Snare Drum,Snare Etude,46.532789,45.511111,92.04390000000001
Timpani,Timpani Etude,95.387574,49.597823,144.985397
Xylophone,Chromatic Scale,145.914195,9.938141,155.852336
Xylophone,Major Scales,164.118639,74.025215,238.143854
Xylophone,Sight-Reading,241.951927,40.216961,282.16888800000004
Snare Drum,Sight-Reading,285.326803,28.421224,313.748027
