Instrument,ScoreGroup,Start,Duration,End
Flute,Lyrical Etude,10.309659864,56.563809524,66.873469388
Flute,Technical Etude,72.02829932,56.076190476,128.104489796
Flute,Chromatic Scale,135.279455782,15.394829932,150.674285714
Flute,Major Scales,158.476190476,120.92952381,279.40571428600003
Flute,Sight-Reading,284.003265306,62.066938776,346.07020408200003
