Instrument,ScoreGroup,Start,Duration,End
Bb Clarinet,Lyrical Etude,10.54185941,66.08399093,76.62585034
Bb Clarinet,Technical Etude,80.201723356,48.181405896,128.383129252
Bb Clarinet,Chromatic Scale,133.630839002,12.53877551,146.16961451199998
Bb Clarinet,Major Scales,152.137142857,110.944943311,263.082086168
Bb Clarinet,Sight-Reading,268.608435374,54.868752834,323.47718820800003
