Instrument,ScoreGroup,Start,Duration,End
Bb Clarinet,Lyrical Etude,9.868480726,72.353378685,82.221859411
Bb Clarinet,Technical Etude,90.000544218,42.353197279,132.353741497
Bb Clarinet,Chromatic Scale,142.895600907,10.193560091,153.08916099799998
Bb Clarinet,Major Scales,167.555192744,121.324263039,288.879455783
Bb Clarinet,Sight-Reading,295.729342404,65.689251701,361.418594105
