Instrument,ScoreGroup,Start,Duration,End
Flute,Lyrical Etude,13.479183673,26.853877551,40.333061224
Flute,Technical Etude,47.856326531,21.524897959,69.38122449
Flute,Chromatic Scale,79.09877551,12.852244898,91.95102040799999
Flute,Major Scales,98.951836735,70.008163265,168.95999999999998
Flute,Sight-Reading,174.497959184,57.991836735,232.489795919
