Instrument,ScoreGroup,Start,Duration,End
French Horn,Lyrical Etude,10.099611,114.760187,124.859798
French Horn,Technical Etude,139.87515,32.712016,172.587166
French Horn,Chromatic Scale,183.312417,24.668078,207.98049500000002
French Horn,Major Scales,214.415646,121.195338,335.61098400000003
French Horn,Sight-Reading,339.901084,85.802009,425.703093
