Instrument,ScoreGroup,Start,Duration,End
Alto Saxophone,Lyrical Etude,9.566621315,93.251337868,102.817959183
Alto Saxophone,Technical Etude,107.86829932,58.096326531,165.964625851
Alto Saxophone,Chromatic Scale,177.179863946,28.038095238,205.21795918400002
Alto Saxophone,Major Scales,211.313197279,112.326530612,323.639727891
Alto Saxophone,Sight-Reading,327.993469388,85.890612245,413.884081633
