Instrument,ScoreGroup,Start,Duration,End
Flute,Lyrical Etude,13.514013605,50.085442177,63.599455782
Flute,Technical Etude,70.217142857,49.922902494,120.140045351
Flute,Chromatic Scale,129.520907029,26.540408163,156.061315192
Flute,Major Scales,166.069115646,123.135419501,289.204535147
Flute,Sight-Reading,300.234013605,81.223401361,381.457414966
