Instrument,ScoreGroup,Start,Duration,End
Flute,Lyrical Etude,14.210612,70.960181,85.170793
Flute,Technical Etude,89.814785,46.439909,136.254694
Flute,Chromatic Scale,142.663401,15.975329,158.63872999999998
Flute,Major Scales,166.440635,114.706576,281.14721099999997
Flute,Sight-Reading,286.255601,59.350204,345.60580500000003
