Instrument,ScoreGroup,Start,Duration,End
Alto Saxophone,Lyrical Etude,18.924263038,68.03446712,86.95873015800001
Alto Saxophone,Technical Etude,95.085714285,25.658049886,120.743764171
Alto Saxophone,Chromatic Scale,128.754648526,11.958276643,140.71292516900002
Alto Saxophone,Major Scales,148.723809523,67.918367346,216.642176869
Alto Saxophone,Sight-Reading,223.840362811,54.79909297,278.639455781
