Instrument,ScoreGroup,Start,Duration,End
Trumpet,Lyrical Etude,10.774058956,49.412063492,60.186122448
Trumpet,Technical Etude,63.529795918,24.148752834,87.678548752
Trumpet,Chromatic Scale,92.473469387,8.751020408,101.224489795
Trumpet,Major Scales,107.232653061,54.726530612,161.95918367299998
Trumpet,Sight-Reading,168.359183673,39.836734693,208.195918366
