Instrument,ScoreGroup,Start,Duration,End
Alto Saxophone,Lyrical Etude,13.688163265,43.676734693,57.364897958
Alto Saxophone,Technical Etude,61.857959183,27.689795918,89.547755101
Alto Saxophone,Chromatic Scale,97.071020408,9.090612244,106.161632652
Alto Saxophone,Major Scales,113.057959183,59.245714285,172.303673468
Alto Saxophone,Sight-Reading,176.587755102,56.111020408,232.69877551
