Instrument,ScoreGroup,Start,Duration,End
Bb Clarinet,Lyrical Etude,11.284898,80.155283,91.440181
Bb Clarinet,Technical Etude,99.242086,100.472744,199.71483
Bb Clarinet,Chromatic Scale,209.583311,20.57288,230.156191
Bb Clarinet,Major Scales,239.537052,89.536145,329.073197
Bb Clarinet,Sight-Reading,338.988118,108.878367,447.866485
