Instrument,ScoreGroup,Start,Duration,End
Flute,Lyrical Etude,16.079818594,47.25260771,63.332426303999995
Flute,Technical Etude,70.310022676,48.297505669,118.607528345
Flute,Chromatic Scale,125.666394558,17.089886621,142.75628117899998
Flute,Major Scales,151.092244898,115.983673469,267.075918367
Flute,Sight-Reading,272.416507937,59.164444444,331.580952381
