Instrument,ScoreGroup,Start,Duration,End
Bb Clarinet,Lyrical Etude,16.532608,93.065578,109.598186
Bb Clarinet,Technical Etude,116.796372,21.083719,137.880091
Bb Clarinet,Chromatic Scale,145.960635,10.07746,156.038095
Bb Clarinet,Major Scales,166.008163,102.008163,268.016326
Bb Clarinet,Sight-Reading,273.959184,46.82449,320.783674
