Instrument,ScoreGroup,Start,Duration,End
Bb Clarinet,Lyrical Etude,18.599184,83.591837,102.191021
Bb Clarinet,Technical Etude,114.544036,101.355102,215.899138
Bb Clarinet,Chromatic Scale,224.072562,20.61932,244.691882
Bb Clarinet,Major Scales,252.493787,93.320998,345.81478500000003
Bb Clarinet,Sight-Reading,415.706848,46.16127,461.868118
