Instrument,ScoreGroup,Start,Duration,End
Xylophone,Mallet Etude,18.02449,44.538776,62.563266
Snare Drum,Snare Etude,70.661224,47.673469,118.334693
Timpani,Timpani Etude,125.387755,71.314286,196.702041
Xylophone,Chromatic Scale,204.70712,7.383946,212.091066
Xylophone,Major Scales,219.689796,81.240816,300.930612
Xylophone,Sight-Reading,307.853061,42.579592,350.432653
Snare Drum,Sight-Reading,356.963265,42.710204,399.67346899999995
