Instrument,ScoreGroup,Start,Duration,End
Flute,Lyrical Etude,14.698231293,54.520453515,69.218684808
Flute,Technical Etude,77.32244898,21.640997732,98.963446712
Flute,Chromatic Scale,107.369070295,19.690521542,127.059591837
Flute,Major Scales,135.256235828,134.214240363,269.470476191
Flute,Sight-Reading,277.556825397,72.762630385,350.319455782
