Instrument,ScoreGroup,Start,Duration,End
Bb Clarinet,Lyrical Etude,11.168798,71.65678,82.825578
Bb Clarinet,Technical Etude,88.816327,83.243537,172.059864
Bb Clarinet,Chromatic Scale,178.700771,14.094512,192.795283
Bb Clarinet,Major Scales,200.597188,84.172336,284.769524
Bb Clarinet,Sight-Reading,290.690612,46.11483,336.80544199999997
