Instrument,ScoreGroup,Start,Duration,End
Flute,Lyrical Etude,14.303492,48.390385,62.693877
Flute,Technical Etude,72.260499,21.362358,93.622857
Flute,Chromatic Scale,103.096599,14.489252,117.58585099999999
Flute,Major Scales,126.873832,102.725079,229.598911
Flute,Sight-Reading,236.843537,41.238639,278.082176
