Instrument,ScoreGroup,Start,Duration,End
Flute,Lyrical Etude,11.633197279,62.902857143,74.53605442199999
Flute,Technical Etude,80.57324263,48.645804989,129.21904761899998
Flute,Chromatic Scale,137.520181406,19.040362812,156.56054421800002
Flute,Major Scales,166.069115646,139.691247166,305.76036281200004
Flute,Sight-Reading,312.772789116,55.84399093,368.61678004600003
