Instrument,ScoreGroup,Start,Duration,End
Flute,Lyrical Etude,11.633197279,63.970975057,75.60417233599999
Flute,Technical Etude,80.967981859,33.901133787,114.86911564600001
Flute,Chromatic Scale,125.016235828,11.563537415,136.579773243
Flute,Major Scales,144.474557823,104.118276644,248.592834467
Flute,Sight-Reading,253.306485261,55.240272109,308.54675737
