Instrument,ScoreGroup,Start,Duration,End
Flute,Lyrical Etude,17.554285714,26.192108844,43.746394558
Flute,Technical Etude,52.569977324,25.913469388,78.483446712
Flute,Chromatic Scale,87.121269841,23.405714286,110.52698412699999
Flute,Major Scales,120.650884354,76.068571429,196.719455783
Flute,Sight-Reading,204.335600907,39.381043084,243.716643991
