Instrument,ScoreGroup,Start,Duration,End
Xylophone,Mallet Etude,13.049615,25.63483,38.684445
Snare Drum,Snare Etude,46.625669,64.087075,110.712744
Timpani,Timpani Etude,116.506122,44.473469,160.979591
Xylophone,Chromatic Scale,170.132608,6.478367,176.610975
Xylophone,Major Scales,183.902041,108.112109,292.01415
Xylophone,Sight-Reading,297.958458,66.50195,364.46040800000003
Snare Drum,Sight-Reading,370.451156,38.127166,408.578322
