Instrument,ScoreGroup,Start,Duration,End
Flute,Lyrical Etude,7.418776,40.75102,48.169796
Flute,Technical Etude,51.09551,39.392653,90.488163
Flute,Chromatic Scale,95.817143,15.56898,111.386123
Flute,Major Scales,116.924082,70.635102,187.55918400000002
Flute,Sight-Reading,191.843265,42.422857,234.266122
