Instrument,ScoreGroup,Start,Duration,End
Flute,Lyrical Etude,19.319002267,53.49877551,72.817777777
Flute,Technical Etude,81.734240362,24.148752834,105.882993196
Flute,Chromatic Scale,114.799455782,13.18893424,127.98839002199999
Flute,Major Scales,135.790294784,99.567165532,235.35746031600002
Flute,Sight-Reading,243.71664399,45.325351473,289.041995463
