Instrument,ScoreGroup,Start,Duration,End
Bb Clarinet,Lyrical Etude,14.210612,76.347211,90.557823
Bb Clarinet,Technical Etude,95.085714,32.522449,127.60816299999999
Bb Clarinet,Chromatic Scale,135.640816,14.889796,150.530612
Bb Clarinet,Major Scales,160.496327,102.1678,262.664127
Bb Clarinet,Sight-Reading,269.537234,57.399728,326.936962
