Instrument,ScoreGroup,Start,Duration,End
Alto Saxophone,Lyrical Etude,11.702857143,77.601088435,89.303945578
Alto Saxophone,Technical Etude,95.294693878,37.732426304,133.027120182
Alto Saxophone,Chromatic Scale,139.435827664,7.639365079,147.07519274299997
Alto Saxophone,Major Scales,153.391020408,71.517460317,224.908480725
Alto Saxophone,Sight-Reading,230.249070295,42.980136054,273.229206349
