Instrument,ScoreGroup,Start,Duration,End
Flute,Lyrical Etude,14.466789,118.236679,132.703468
Flute,Technical Etude,137.3954,51.611249,189.00664899999998
Flute,Chromatic Scale,194.636966,14.075795,208.712761
Flute,Major Scales,215.281466,98.999759,314.281225
Flute,Sight-Reading,324.603474,48.79609,373.399564
