Instrument,ScoreGroup,Start,Duration,End
Bb Clarinet,Lyrical Etude,8.75102,82.416327,91.16734699999999
Bb Clarinet,Technical Etude,97.697959,37.093878,134.791837
Bb Clarinet,Chromatic Scale,141.453061,11.755102,153.20816299999998
Bb Clarinet,Major Scales,161.044898,101.746939,262.791837
Bb Clarinet,Sight-Reading,266.44898,50.285714,316.734694
