Instrument,ScoreGroup,Start,Duration,End
Flute,Lyrical Etude,12.515555555,99.474285714,111.98984126900001
Flute,Technical Etude,117.353650793,33.645714285,150.99936507799998
Flute,Chromatic Scale,156.20063492,12.19047619,168.39111111
Flute,Major Scales,174.892698412,116.54095238,291.433650792
Flute,Sight-Reading,294.034285714,41.772698412,335.80698412600003
