Instrument,ScoreGroup,Start,Duration,End
Flute,Lyrical Etude,8.637823129,33.041995465,41.679818594
Flute,Technical Etude,46.741768707,30.302040816,77.043809523
Flute,Chromatic Scale,82.175419501,11.772517007,93.947936508
Flute,Major Scales,99.613605442,109.365986395,208.979591837
Flute,Sight-Reading,212.509024943,42.26031746,254.769342403
