Instrument,ScoreGroup,Start,Duration,End
Flute,Lyrical Etude,11.689796,35.2,46.889796000000004
Flute,Technical Etude,51.787755,30.040816,81.828571
Flute,Chromatic Scale,87.902041,41.077551,128.979592
Flute,Major Scales,135.706122,91.689796,227.395918
Flute,Sight-Reading,232.489796,78.497959,310.987755
