Instrument,ScoreGroup,Start,Duration,End
Bb Clarinet,Lyrical Etude,12.146938775,46.759183673,58.906122448000005
Bb Clarinet,Technical Etude,64.522448979,42.971428571,107.49387755000001
Bb Clarinet,Chromatic Scale,114.41632653,23.379591836,137.795918366
Bb Clarinet,Major Scales,145.110204081,88.424489795,233.534693876
Bb Clarinet,Sight-Reading,237.975510204,59.036734693,297.01224489699996
