Instrument,ScoreGroup,Start,Duration,End
Alto Saxophone,Lyrical Etude,13.514013605,34.36553288,47.879546485000006
Alto Saxophone,Technical Etude,55.263492063,70.402902494,125.666394557
Alto Saxophone,Chromatic Scale,134.373877551,12.434285714,146.808163265
Alto Saxophone,Major Scales,155.480816327,89.303945578,244.784761905
Alto Saxophone,Sight-Reading,255.593650794,63.146666667,318.740317461
