Instrument,ScoreGroup,Start,Duration,End
Alto Saxophone,Lyrical Etude,16.832,185.621333333,202.453333333
Alto Saxophone,Technical Etude,218.901333333,51.093333333,269.994666666
Alto Saxophone,Chromatic Scale,279.637333333,11.562666666,291.199999999
Alto Saxophone,Major Scales,300.8,110.208,411.00800000000004
Alto Saxophone,Sight-Reading,421.098666666,52.778666666,473.877333332
