Instrument,ScoreGroup,Start,Duration,End
Alto Saxophone,Lyrical Etude,16.718367347,155.852335601,172.570702948
Alto Saxophone,Technical Etude,178.37569161,127.129251701,305.504943311
Alto Saxophone,Chromatic Scale,311.426031746,16.161088435,327.587120181
Alto Saxophone,Major Scales,356.977777778,74.118095238,431.09587301600004
Alto Saxophone,Sight-Reading,465.066666667,79.299047619,544.365714286
