Instrument,ScoreGroup,Start,Duration,End
Flute,Lyrical Etude,10.517814,101.64544,112.163254
Flute,Technical Etude,116.01711,75.150183,191.167293
Flute,Chromatic Scale,197.911541,7.225979,205.13752
Flute,Major Scales,211.400035,83.821358,295.22139300000003
Flute,Sight-Reading,301.483909,82.857894,384.34180299999997
