Instrument,ScoreGroup,Start,Duration,End
Bb Clarinet,Lyrical Etude,15.464489796,58.119546485,73.584036281
Bb Clarinet,Technical Etude,81.711020408,33.297414966,115.00843537399999
Bb Clarinet,Chromatic Scale,120.836643991,15.88244898,136.719092971
Bb Clarinet,Major Scales,142.291882086,119.942675737,262.234557823
Bb Clarinet,Sight-Reading,267.424217687,61.753469388,329.177687075
