Instrument,ScoreGroup,Start,Duration,End
Bb Clarinet,Lyrical Etude,12.817414965,47.368707482,60.186122446999995
Bb Clarinet,Technical Etude,66.316190476,45.511111111,111.827301587
Bb Clarinet,Chromatic Scale,122.044081632,19.319002267,141.363083899
Bb Clarinet,Major Scales,150.836825396,101.424761904,252.26158729999997
Bb Clarinet,Sight-Reading,266.936598639,51.641179138,318.577777777
