Instrument,ScoreGroup,Start,Duration,End
Trumpet,Lyrical Etude,15.738551,73.965205,89.703756
Trumpet,Technical Etude,97.602953,17.593665,115.196618
Trumpet,Chromatic Scale,125.250141,11.130686,136.380827
Trumpet,Major Scales,143.920969,85.814,229.734969
Trumpet,Sight-Reading,235.838894,48.831398,284.670292
