Instrument,ScoreGroup,Start,Duration,End
Alto Saxophone,Lyrical Etude,10.565079365,46.439909297,57.004988662
Alto Saxophone,Technical Etude,62.113378684,36.687528344,98.800907028
Alto Saxophone,Chromatic Scale,104.605895691,10.100680272,114.706575963
Alto Saxophone,Major Scales,120.279365079,61.300680272,181.580045351
Alto Saxophone,Sight-Reading,185.295238095,35.642630385,220.93786848
