Instrument,ScoreGroup,Start,Duration,End
Flute,Lyrical Etude,27.167347,45.743311,72.910658
Flute,Technical Etude,78.947846,26.470748,105.418594
Flute,Chromatic Scale,112.152381,16.486168,128.638549
Flute,Major Scales,135.836735,106.347392,242.184127
Flute,Sight-Reading,248.221315,50.387302,298.608617
