Instrument,ScoreGroup,Start,Duration,End
Flute,Lyrical Etude,11.331337868,78.111927438,89.443265306
Flute,Technical Etude,95.15537415,50.642721088,145.798095238
Flute,Chromatic Scale,153.94829932,16.579047619,170.52734693899998
Flute,Major Scales,180.581587302,114.59047619,295.172063492
Flute,Sight-Reading,301.766530612,81.26984127,383.036371882
