Instrument,ScoreGroup,Start,Duration,End
Bb Clarinet,Lyrical Etude,14.367347,143.15102,157.51836699999998
Bb Clarinet,Technical Etude,164.571429,46.759184,211.330613
Bb Clarinet,Chromatic Scale,219.428571,15.673469,235.10204000000002
Bb Clarinet,Major Scales,242.416327,117.812245,360.228572
Bb Clarinet,Sight-Reading,364.669388,66.612245,431.28163300000006
