Instrument,ScoreGroup,Start,Duration,End
Alto Saxophone,Lyrical Etude,10.031020408,177.841632653,187.872653061
Alto Saxophone,Technical Etude,191.843265306,51.548299319,243.391564625
Alto Saxophone,Chromatic Scale,250.218231292,9.404081632,259.622312924
Alto Saxophone,Major Scales,263.41877551,82.546938775,345.965714285
Alto Saxophone,Sight-Reading,349.622857142,39.172063492,388.794920634
