Instrument,ScoreGroup,Start,Duration,End
Xylophone,Mallet Etude,22.073469,48.195918,70.269387
Snare Drum,Snare Etude,78.628571,106.840816,185.46938699999998
Timpani,Timpani Etude,192.522449,61.387755,253.910204
Xylophone,Chromatic Scale,262.791837,9.926531,272.718368
Xylophone,Major Scales,284.473469,100.04898,384.52244900000005
Xylophone,Sight-Reading,403.591837,77.583673,481.17551000000003
Snare Drum,Sight-Reading,495.281633,61.126531,556.4081639999999
