Instrument,ScoreGroup,Start,Duration,End
Alto Saxophone,Lyrical Etude,12.979954649,78.88399093,91.86394557899999
Alto Saxophone,Technical Etude,96.246712018,28.908843537,125.15555555499999
Alto Saxophone,Chromatic Scale,131.802267574,15.151020408,146.953287982
Alto Saxophone,Major Scales,152.468027211,74.971428571,227.43945578199998
Alto Saxophone,Sight-Reading,232.373696145,38.370975057,270.744671202
