Instrument,ScoreGroup,Start,Duration,End
Bb Clarinet,Lyrical Etude,11.261678005,85.56553288,96.827210885
Bb Clarinet,Technical Etude,101.471201814,35.642630385,137.113832199
Bb Clarinet,Chromatic Scale,142.802721088,12.306575964,155.109297052
Bb Clarinet,Major Scales,161.88952381,110.062585034,271.952108844
Bb Clarinet,Sight-Reading,276.13170068,42.213877551,318.345578231
