Instrument,ScoreGroup,Start,Duration,End
Alto Saxophone,Lyrical Etude,11.331338,93.901497,105.23283500000001
Alto Saxophone,Technical Etude,109.737506,22.569796,132.307302
Alto Saxophone,Chromatic Scale,140.341406,9.636281,149.977687
Alto Saxophone,Major Scales,156.456054,51.33932,207.79537399999998
Alto Saxophone,Sight-Reading,212.253605,34.388753,246.642358
