Instrument,ScoreGroup,Start,Duration,End
Flute,Lyrical Etude,20.247800454,72.260498866,92.50829932
Flute,Technical Etude,101.982040816,37.407346939,139.389387755
Flute,Chromatic Scale,153.356190476,11.418412698,164.774603174
Flute,Major Scales,174.706938776,84.334875283,259.041814059
Flute,Sight-Reading,271.36,40.019591837,311.379591837
