Instrument,ScoreGroup,Start,Duration,End
Trumpet,Lyrical Etude,17.931488,50.57019,68.501678
Trumpet,Technical Etude,75.289623,19.345643,94.635266
Trumpet,Chromatic Scale,104.817184,8.484931,113.302115
Trumpet,Major Scales,124.162827,98.085805,222.248632
Trumpet,Sight-Reading,230.394167,40.048876,270.443043
