Instrument,ScoreGroup,Start,Duration,End
Flute,Lyrical Etude,9.752380952,56.981768707,66.734149659
Flute,Technical Etude,70.913741497,23.545034014,94.458775511
Flute,Chromatic Scale,99.613605442,12.678095238,112.29170067999999
Flute,Major Scales,118.700408163,122.322721088,241.023129251
Flute,Sight-Reading,245.202721088,37.894965986,283.097687074
