Instrument,ScoreGroup,Start,Duration,End
Flute,Lyrical Etude,10.309659864,50.712380952,61.022040816
Flute,Technical Etude,66.409070295,73.096417234,139.505487529
Flute,Chromatic Scale,146.285714286,15.88244898,162.168163266
Flute,Major Scales,168.878730159,125.805714286,294.684444445
Flute,Sight-Reading,300.582312925,103.212698413,403.795011338
