Instrument,ScoreGroup,Start,Duration,End
Flute,Lyrical Etude,3.715192744,50.503401361,54.218594105
Flute,Technical Etude,63.216326531,44.355918367,107.57224489800001
Flute,Chromatic Scale,117.106938776,10.579591837,127.686530613
Flute,Major Scales,138.344489796,115.774693878,254.119183674
Flute,Sight-Reading,265.038367347,43.624489796,308.662857143
