Instrument,ScoreGroup,Start,Duration,End
Trumpet,Lyrical Etude,11.788953,59.603029,71.391982
Trumpet,Technical Etude,80.009287,19.747992,99.757279
Trumpet,Chromatic Scale,108.01553,6.462979,114.478509
Trumpet,Major Scales,124.891087,103.76672,228.657807
Trumpet,Sight-Reading,234.761731,52.421941,287.183672
