Instrument,ScoreGroup,Start,Duration,End
Flute,Lyrical Etude,16.4861678,89.396825396,105.882993196
Flute,Technical Etude,114.706575963,19.736961451,134.443537414
Flute,Chromatic Scale,142.222222222,9.102222222,151.324444444
Flute,Major Scales,158.801269841,71.354920634,230.156190475
Flute,Sight-Reading,237.145396825,41.122539682,278.267936507
