Instrument,ScoreGroup,Start,Duration,End
Flute,Lyrical Etude,17.647165533,74.149659864,91.79682539699999
Flute,Technical Etude,106.637641723,50.271201814,156.908843537
Flute,Chromatic Scale,172.117913832,12.654875283,184.772789115
Flute,Major Scales,195.86031746,123.855238095,319.71555555500004
Flute,Sight-Reading,329.038367347,66.56,395.598367347
