Instrument,ScoreGroup,Start,Duration,End
Alto Saxophone,Lyrical Etude,12.167256235,81.827120181,93.994376416
Alto Saxophone,Technical Etude,98.824126984,63.251156462,162.07528344600001
Alto Saxophone,Chromatic Scale,169.412789115,8.730702947,178.143492062
Alto Saxophone,Major Scales,185.388117913,87.957188208,273.345306121
Alto Saxophone,Sight-Reading,277.989297052,44.86095238,322.850249432
