Instrument,ScoreGroup,Start,Duration,End
Flute,Lyrical Etude,14.767891156,33.436734694,48.20462585
Flute,Technical Etude,56.84244898,26.540408163,83.382857143
Flute,Chromatic Scale,91.533061224,51.060680272,142.593741496
Flute,Major Scales,151.823673469,109.609795918,261.433469387
Flute,Sight-Reading,268.434285714,53.812244898,322.246530612
