Instrument,ScoreGroup,Start,Duration,End
Bb Clarinet,Lyrical Etude,40.124081633,484.832653061,524.956734694
Bb Clarinet,Technical Etude,546.133333333,104.768435374,650.901768707
Bb Clarinet,Chromatic Scale,668.734693878,49.040544218,717.7752380960001
Bb Clarinet,Major Scales,737.837278912,446.937687075,1184.774965987
Bb Clarinet,Sight-Reading,1198.149659864,201.734965986,1399.8846258499998
