Instrument,ScoreGroup,Start,Duration,End
Bb Clarinet,Lyrical Etude,57.957006803,542.41814059,600.375147393
Bb Clarinet,Technical Etude,622.666303855,151.579863946,774.246167801
Bb Clarinet,Chromatic Scale,799.509478458,69.845623583,869.355102041
Bb Clarinet,Major Scales,907.993106576,490.405442177,1398.398548753
Bb Clarinet,Sight-Reading,1420.689705215,294.243265306,1714.932970521
