Instrument,ScoreGroup,Start,Duration,End
Xylophone,Mallet Etude,27.776,108.906667,136.682667
Snare Drum,Snare Etude,144.789333,46.698667,191.488
Timpani,Timpani Etude,198.549333,62.336,260.885333
Xylophone,Chromatic Scale,271.872,11.029333,282.901333
Xylophone,Major Scales,291.114667,83.818667,374.933334
Xylophone,Sight-Reading,382.613333,57.856,440.469333
Snare Drum,Sight-Reading,448.106667,32.789333,480.896
