Instrument,ScoreGroup,Start,Duration,End
Bb Clarinet,Lyrical Etude,16.326530612,47.020408163,63.346938775
Bb Clarinet,Technical Etude,72.097959183,51.069387755,123.16734693800001
Bb Clarinet,Chromatic Scale,134.530612244,15.281632653,149.812244897
Bb Clarinet,Major Scales,163.004081632,116.897959183,279.902040815
Bb Clarinet,Sight-Reading,292.702040816,64.783673469,357.48571428500003
