Instrument,ScoreGroup,Start,Duration,End
Bb Clarinet,Lyrical Etude,15.301950113,63.924535147,79.22648526
Bb Clarinet,Technical Etude,84.474195011,35.271111111,119.74530612200002
Bb Clarinet,Chromatic Scale,128.313469388,16.091428571,144.40489795899998
Bb Clarinet,Major Scales,151.881723356,145.850340136,297.732063492
Bb Clarinet,Sight-Reading,301.917460317,60.708571429,362.626031746
