Instrument,ScoreGroup,Start,Duration,End
Bb Clarinet,Lyrical Etude,11.885714285,49.502040816,61.387755100999996
Bb Clarinet,Technical Etude,65.697959183,31.608163265,97.306122448
Bb Clarinet,Chromatic Scale,103.706122448,14.236734693,117.942857141
Bb Clarinet,Major Scales,123.689795918,109.061224489,232.751020407
Bb Clarinet,Sight-Reading,237.975510204,52.114285714,290.089795918
