Instrument,ScoreGroup,Start,Duration,End
Alto Saxophone,Lyrical Etude,21.176598639,203.406802721,224.58340135999998
Alto Saxophone,Technical Etude,230.713469387,50.15510204,280.868571427
Alto Saxophone,Chromatic Scale,286.441360544,9.752380952,296.19374149600003
Alto Saxophone,Major Scales,302.602448979,91.742040816,394.34448979499996
Alto Saxophone,Sight-Reading,398.524081632,28.630204081,427.154285713
