Instrument,ScoreGroup,Start,Duration,End
Bb Clarinet,Lyrical Etude,34.829931973,101.703401361,136.53333333400002
Bb Clarinet,Technical Etude,143.592199546,33.06521542,176.65741496599998
Bb Clarinet,Chromatic Scale,185.202358277,11.145578231,196.347936508
Bb Clarinet,Major Scales,208.236553288,95.480453515,303.717006803
Bb Clarinet,Sight-Reading,311.518911565,55.356371882,366.875283447
