Instrument,ScoreGroup,Start,Duration,End
Trumpet,Lyrical Etude,10.710204081,50.93877551,61.648979591
Trumpet,Technical Etude,66.351020408,32.914285714,99.265306122
Trumpet,Chromatic Scale,107.363265306,13.583673469,120.946938775
Trumpet,Major Scales,129.306122448,59.297959183,188.60408163099999
Trumpet,Sight-Reading,194.612244897,37.093877551,231.706122448
