Instrument,ScoreGroup,Start,Duration,End
Flute,Lyrical Etude,10.100680272,70.472562358,80.57324263000001
Flute,Technical Etude,83.243537414,23.684353741,106.927891155
Flute,Chromatic Scale,110.062585034,24.7292517,134.791836734
Flute,Major Scales,135.883174603,98.336507936,234.219682539
Flute,Sight-Reading,238.12063492,53.80063492,291.92126984
