Instrument,ScoreGroup,Start,Duration,End
Alto Saxophone,Lyrical Etude,24.148752834,43.978594104,68.127346938
Alto Saxophone,Technical Etude,76.161451247,19.945941043,96.10739229
Alto Saxophone,Chromatic Scale,104.350476191,8.707482993,113.057959184
Alto Saxophone,Major Scales,119.768526071,65.108752834,184.877278905
Alto Saxophone,Sight-Reading,193.143582761,37.128707482,230.27229024300001
