Instrument,ScoreGroup,Start,Duration,End
French Horn,Lyrical Etude,9.871392,100.743557,110.614949
French Horn,Technical Etude,120.578598,106.832453,227.411051
French Horn,Chromatic Scale,233.499947,11.624257,245.124204
French Horn,Major Scales,255.087852,120.117318,375.20517
French Horn,Sight-Reading,383.50821,57.014211,440.522421
