Instrument,ScoreGroup,Start,Duration,End
Flute,Lyrical Etude,13.978413,50.874921,64.853334
Flute,Technical Etude,70.217143,27.144127,97.36126999999999
Flute,Chromatic Scale,103.862857,15.928889,119.791746
Flute,Major Scales,125.155556,112.152381,237.307937
Flute,Sight-Reading,242.671746,75.418413,318.090159
