Instrument,ScoreGroup,Start,Duration,End
Alto Saxophone,Lyrical Etude,18.947482993,44.21079365,63.158276643
Alto Saxophone,Technical Etude,70.960181405,48.297505668,119.257687073
Alto Saxophone,Chromatic Scale,124.83047619,35.66585034,160.49632653
Alto Saxophone,Major Scales,167.183673469,64.644353741,231.82802721000002
Alto Saxophone,Sight-Reading,238.515374149,48.297505668,286.812879817
