Instrument,ScoreGroup,Start,Duration,End
Bb Clarinet,Lyrical Etude,14.942040816,55.693061224,70.63510203999999
Bb Clarinet,Technical Etude,77.531428571,26.12244898,103.65387755100001
Bb Clarinet,Chromatic Scale,110.132244898,14.210612245,124.342857143
Bb Clarinet,Major Scales,131.076643991,96.362811791,227.43945578199998
Bb Clarinet,Sight-Reading,230.690249433,61.648979592,292.339229025
