Instrument,ScoreGroup,Start,Duration,End
Bb Clarinet,Lyrical Etude,14.257052154,144.404897959,158.66195011300002
Bb Clarinet,Technical Etude,163.584580499,57.051428571,220.63600907
Bb Clarinet,Chromatic Scale,229.715011338,16.18430839,245.89931972800002
Bb Clarinet,Major Scales,253.747664399,120.813424036,374.561088435
Bb Clarinet,Sight-Reading,385.428027211,58.583945578,444.011972789
