Instrument,ScoreGroup,Start,Duration,End
Flute,Lyrical Etude,14.036463,47.090068,61.126531
Flute,Technical Etude,65.236463,29.013333,94.249796
Flute,Chromatic Scale,100.194104,20.43356,120.627664
Flute,Major Scales,127.361451,107.50839,234.869841
Flute,Sight-Reading,240.094331,40.98322,281.077551
