Instrument,ScoreGroup,Start,Duration,End
Bb Clarinet,Lyrical Etude,7.894785,51.26966,59.164445
Bb Clarinet,Technical Etude,62.043719,29.721542,91.76526100000001
Bb Clarinet,Chromatic Scale,97.616689,13.096054,110.71274299999999
Bb Clarinet,Major Scales,115.722449,85.159184,200.881633
Bb Clarinet,Sight-Reading,205.061224,44.016327,249.077551
