Instrument,ScoreGroup,Start,Duration,End
Alto Saxophone,Lyrical Etude,12.956734694,66.153650794,79.110385488
Alto Saxophone,Technical Etude,85.008253968,44.651972789,129.660226757
Alto Saxophone,Chromatic Scale,138.228390023,8.823582766,147.051972789
Alto Saxophone,Major Scales,153.158820862,82.198639456,235.357460318
Alto Saxophone,Sight-Reading,239.955011338,73.235736961,313.190748299
