Instrument,ScoreGroup,Start,Duration,End
Flute,Lyrical Etude,17.502041,84.37551,101.87755100000001
Flute,Technical Etude,107.102041,41.534694,148.636735
Flute,Chromatic Scale,155.428571,13.061224,168.48979500000002
Flute,Major Scales,174.759184,82.808163,257.567347
Flute,Sight-Reading,272.195918,43.363265,315.559183
