Instrument,ScoreGroup,Start,Duration,End
Flute,Lyrical Etude,12.678095238,45.696870748,58.374965986
Flute,Technical Etude,64.08707483,22.987755102,87.074829932
Flute,Chromatic Scale,95.294693878,17.275646259,112.570340137
Flute,Major Scales,118.003809524,125.52707483,243.53088435400002
Flute,Sight-Reading,248.825034014,64.644353741,313.469387755
