Instrument,ScoreGroup,Start,Duration,End
Bb Clarinet,Lyrical Etude,10.971429,45.714286,56.685715
Bb Clarinet,Technical Etude,62.302041,43.232653,105.534694
Bb Clarinet,Chromatic Scale,111.934694,15.934694,127.86938799999999
Bb Clarinet,Major Scales,134.008163,75.232653,209.240816
Bb Clarinet,Sight-Reading,214.204082,47.542857,261.746939
