Instrument,ScoreGroup,Start,Duration,End
Flute,Lyrical Etude,12.190476,60.778231,72.968707
Flute,Technical Etude,75.929252,44.466213,120.395465
Flute,Chromatic Scale,125.271655,24.264853,149.536508
Flute,Major Scales,153.4839,111.571882,265.055782
Flute,Sight-Reading,268.306576,38.545125,306.851701
