Instrument,ScoreGroup,Start,Duration,End
Trumpet,Lyrical Etude,13.374693877,52.755736961,66.130430838
Trumpet,Technical Etude,71.703219954,33.808253968,105.51147392200001
Trumpet,Chromatic Scale,114.056417233,18.947482993,133.003900226
Trumpet,Major Scales,140.805804988,55.727891156,196.533696144
Trumpet,Sight-Reading,206.564716553,46.439909297,253.00462585000002
