Instrument,ScoreGroup,Start,Duration,End
Bb Clarinet,Lyrical Etude,13.003174603,52.19845805,65.201632653
Bb Clarinet,Technical Etude,69.938503401,38.080725624,108.01922902500002
Bb Clarinet,Chromatic Scale,114.706575964,18.761723356,133.46829932
Bb Clarinet,Major Scales,141.084444444,123.205079365,264.289523809
Bb Clarinet,Sight-Reading,271.278730159,59.814603175,331.093333334
