Instrument,ScoreGroup,Start,Duration,End
Bb Clarinet,Lyrical Etude,7.987664399,117.214331066,125.201995465
Bb Clarinet,Technical Etude,131.541043084,39.822222222,171.363265306
Bb Clarinet,Chromatic Scale,178.793650794,14.303492063,193.097142857
Bb Clarinet,Major Scales,199.923809524,114.915555556,314.83936508
Bb Clarinet,Sight-Reading,321.340952381,55.751111111,377.092063492
