Instrument,ScoreGroup,Start,Duration,End
Flute,Lyrical Etude,10.657959184,58.235646259,68.893605443
Flute,Technical Etude,73.6769161,33.622494331,107.299410431
Flute,Chromatic Scale,116.378412698,25.588390023,141.966802721
Flute,Major Scales,148.073650794,113.452698413,261.526349207
Flute,Sight-Reading,267.052698413,39.566802721,306.61950113399996
