Instrument,ScoreGroup,Start,Duration,End
Flute,Lyrical Etude,14.466031746,33.71537415,48.181405896
Flute,Technical Etude,53.986394558,35.990929705,89.977324263
Flute,Chromatic Scale,99.265306122,16.904126984,116.169433106
Flute,Major Scales,126.386213152,115.426394558,241.81260771
Flute,Sight-Reading,247.269297052,35.31755102,282.586848072
