Instrument,ScoreGroup,Start,Duration,End
Bb Clarinet,Lyrical Etude,11.88861678,111.827301587,123.715918367
Bb Clarinet,Technical Etude,129.102947846,41.981678005,171.084625851
Bb Clarinet,Chromatic Scale,177.400453515,16.718367347,194.118820862
Bb Clarinet,Major Scales,199.877369615,141.177324263,341.05469387799997
Bb Clarinet,Sight-Reading,346.441723356,64.830113379,411.271836735
