Instrument,ScoreGroup,Start,Duration,End
Bb Clarinet,Lyrical Etude,14.303492,84.613515,98.91700700000001
Bb Clarinet,Technical Etude,105.325714,34.365533,139.691247
Bb Clarinet,Chromatic Scale,147.307392,12.910295,160.21768699999998
Bb Clarinet,Major Scales,168.669751,103.746757,272.416508
Bb Clarinet,Sight-Reading,281.42585,54.799093,336.22494300000005
