Instrument,ScoreGroup,Start,Duration,End
Alto Saxophone,Lyrical Etude,18.668843537,71.33170068,90.000544217
Alto Saxophone,Technical Etude,103.746757369,21.176598639,124.923356008
Alto Saxophone,Chromatic Scale,133.932698412,12.260136054,146.19283446600002
Alto Saxophone,Major Scales,157.988571428,54.613333333,212.60190476100001
Alto Saxophone,Sight-Reading,219.93941043,56.006530612,275.945941042
