Instrument,ScoreGroup,Start,Duration,End
Bb Clarinet,Lyrical Etude,13.844898,104.097959,117.942857
Bb Clarinet,Technical Etude,128.653061,31.869388,160.522449
Bb Clarinet,Chromatic Scale,170.579592,11.755102,182.33469399999998
Bb Clarinet,Major Scales,191.085714,105.795918,296.88163199999997
Bb Clarinet,Sight-Reading,303.542857,60.342857,363.885714
