Instrument,ScoreGroup,Start,Duration,End
Bb Clarinet,Lyrical Etude,10.588299319,124.087437641,134.67573696
Bb Clarinet,Technical Etude,141.920362811,63.436916099,205.35727891
Bb Clarinet,Chromatic Scale,211.765986394,15.046530612,226.812517006
Bb Clarinet,Major Scales,233.778503401,109.691065759,343.46956916
Bb Clarinet,Sight-Reading,349.878276643,45.511111111,395.389387754
