Instrument,ScoreGroup,Start,Duration,End
Bb Clarinet,Lyrical Etude,12.445896,120.743764,133.18966
Bb Clarinet,Technical Etude,140.620045,111.270023,251.89006799999999
Bb Clarinet,Chromatic Scale,260.249252,36.966168,297.21542
Bb Clarinet,Major Scales,305.946122,65.573152,371.519274
Bb Clarinet,Sight-Reading,382.664853,114.799456,497.464309
