Instrument,ScoreGroup,Start,Duration,End
Bb Clarinet,Lyrical Etude,15.673469,85.289796,100.96326499999999
Bb Clarinet,Technical Etude,107.102041,46.367347,153.469388
Bb Clarinet,Chromatic Scale,162.089796,13.714286,175.804082
Bb Clarinet,Major Scales,184.45932,125.201995,309.661315
Bb Clarinet,Sight-Reading,314.676825,67.430748,382.107573
