Instrument,ScoreGroup,Start,Duration,End
Flute,Lyrical Etude,11.702857142,51.85015873,63.553015871999996
Flute,Technical Etude,67.941587301,36.083809523,104.025396824
Flute,Chromatic Scale,108.739047619,15.441269841,124.18031746
Flute,Major Scales,130.194285714,62.902857142,193.097142856
Flute,Sight-Reading,198.46095238,49.737142857,248.19809523700002
