Instrument,ScoreGroup,Start,Duration,End
Flute,Lyrical Etude,17.763265,59.559184,77.322449
Flute,Technical Etude,84.506122,25.469388,109.97551
Flute,Chromatic Scale,119.640816,14.889796,134.530612
Flute,Major Scales,148.42195,104.025397,252.447347
Flute,Sight-Reading,261.36381,52.755737,314.119547
