Instrument,ScoreGroup,Start,Duration,End
Alto Saxophone,Lyrical Etude,13.049614512,56.74956916,69.799183672
Alto Saxophone,Technical Etude,77.043809523,21.594557823,98.638367346
Alto Saxophone,Chromatic Scale,105.790113378,20.526439909,126.316553287
Alto Saxophone,Major Scales,134.350657596,79.319365079,213.67002267499998
Alto Saxophone,Sight-Reading,221.657687074,45.232471655,266.890158729
