Instrument,ScoreGroup,Start,Duration,End
French Horn,Lyrical Etude,14.686444,84.553168,99.239612
French Horn,Technical Etude,110.95481,83.025099,193.979909
French Horn,Chromatic Scale,205.695107,7.640347,213.335454
French Horn,Major Scales,228.10679,111.039703,339.14649299999996
French Horn,Sight-Reading,347.805552,57.557277,405.362829
