Instrument,ScoreGroup,Start,Duration,End
Flute,Lyrical Etude,13.142494331,54.706213152,67.848707483
Flute,Technical Etude,71.285260771,27.329886621,98.615147392
Flute,Chromatic Scale,105.232834467,28.490884354,133.723718821
Flute,Major Scales,140.573605442,79.830204082,220.403809524
Flute,Sight-Reading,225.28,51.617959184,276.897959184
