Instrument,ScoreGroup,Start,Duration,End
Flute,Lyrical Etude,13.699773242,89.861224489,103.56099773099999
Flute,Technical Etude,112.384580498,31.579138321,143.963718819
Flute,Chromatic Scale,153.483900226,18.343764172,171.827664398
Flute,Major Scales,184.134240362,95.898412698,280.03265306000003
Flute,Sight-Reading,283.980045351,61.068480725,345.04852607600003
