Instrument,ScoreGroup,Start,Duration,End
Trumpet,Lyrical Etude,9.665306122,36.832653061,46.497959183000006
Trumpet,Technical Etude,50.024489795,21.159183673,71.183673468
Trumpet,Chromatic Scale,77.453061224,11.232653061,88.68571428499999
Trumpet,Major Scales,95.47755102,98.481632653,193.959183673
Trumpet,Sight-Reading,198.922448979,52.897959183,251.82040816199998
