Instrument,ScoreGroup,Start,Duration,End
Flute,Lyrical Etude,12.970667,63.146667,76.117334
Flute,Technical Etude,79.701333,31.914667,111.61600000000001
Flute,Chromatic Scale,117.76,16.725333,134.485333
Flute,Major Scales,139.264,83.797333,223.061333
Flute,Sight-Reading,227.84,47.786667,275.626667
