Instrument,ScoreGroup,Start,Duration,End
Flute,Lyrical Etude,14.303492063,103.096598639,117.400090702
Flute,Technical Etude,121.115283446,26.749387755,147.86467120100002
Flute,Chromatic Scale,155.295056689,14.303492063,169.598548752
Flute,Major Scales,177.586213151,106.811791383,284.398004534
Flute,Sight-Reading,291.271111111,43.096235827,334.36734693799997
