Instrument,ScoreGroup,Start,Duration,End
Flute,Lyrical Etude,15.209070295,47.136507937,62.345578231999994
Flute,Technical Etude,67.802267574,35.642630385,103.444897959
Flute,Chromatic Scale,108.460408163,14.001632653,122.462040816
Flute,Major Scales,129.869206349,73.224126984,203.09333333299998
Flute,Sight-Reading,208.457142857,56.726349206,265.183492063
