Instrument,ScoreGroup,Start,Duration,End
Alto Saxophone,Lyrical Etude,13.096054421,67.430748299,80.52680272
Alto Saxophone,Technical Etude,87.399909297,23.034195011,110.434104308
Alto Saxophone,Chromatic Scale,116.842811791,10.588299319,127.43111111
Alto Saxophone,Major Scales,133.932698412,62.693877551,196.626575963
Alto Saxophone,Sight-Reading,201.827845804,50.433741496,252.2615873
