Instrument,ScoreGroup,Start,Duration,End
Trumpet,Lyrical Etude,16.195918367,45.714285714,61.910204081
Trumpet,Technical Etude,69.746938775,27.951020408,97.69795918300001
Trumpet,Chromatic Scale,107.363265306,11.232653061,118.595918367
Trumpet,Major Scales,125.910204081,107.624489795,233.534693876
Trumpet,Sight-Reading,240.848979591,69.224489795,310.073469386
