Instrument,ScoreGroup,Start,Duration,End
Xylophone,Mallet Etude,15.216327,43.62449,58.840817
Snare Drum,Snare Etude,67.330612,47.346939,114.677551
Timpani,Timpani Etude,123.297959,82.808163,206.106122
Xylophone,Chromatic Scale,213.942857,11.689796,225.632653
Xylophone,Major Scales,235.363265,89.730612,325.093877
Xylophone,Sight-Reading,331.102041,50.35102,381.453061
Snare Drum,Sight-Reading,388.179592,26.383673,414.563265
