Instrument,ScoreGroup,Start,Duration,End
Bb Clarinet,Lyrical Etude,12.033822,111.081436,123.115258
Bb Clarinet,Technical Etude,133.718486,47.966984,181.68547
Bb Clarinet,Chromatic Scale,190.773951,16.1573,206.931251
Bb Clarinet,Major Scales,218.54431,108.556858,327.10116800000003
Bb Clarinet,Sight-Reading,341.743721,59.580043,401.323764
