Instrument,ScoreGroup,Start,Duration,End
Flute,Lyrical Etude,10.58829932,46.997188209,57.585487529000005
Flute,Technical Etude,62.972517007,21.362358277,84.33487528399999
Flute,Chromatic Scale,91.207981859,13.746213152,104.954195011
Flute,Major Scales,111.827301587,112.756099773,224.58340135999998
Flute,Sight-Reading,230.899229025,39.195283447,270.094512472
