Instrument,ScoreGroup,Start,Duration,End
Bb Clarinet,Lyrical Etude,11.702857143,104.884535147,116.58739229
Bb Clarinet,Technical Etude,124.482176871,80.317823129,204.8
Bb Clarinet,Chromatic Scale,212.253605442,15.023310658,227.2769161
Bb Clarinet,Major Scales,235.612879819,117.121451247,352.734331066
Bb Clarinet,Sight-Reading,359.212698413,90.836462585,450.049160998
