Instrument,ScoreGroup,Start,Duration,End
Oboe,Lyrical Etude,16.202523,125.123787,141.32630999999998
Oboe,Technical Etude,147.373184,55.352159,202.725343
Oboe,Chromatic Scale,208.307073,13.489181,221.796254
Oboe,Major Scales,228.773417,85.121387,313.894804
Oboe,Sight-Reading,319.01139,51.165861,370.177251
