Instrument,ScoreGroup,Start,Duration,End
Xylophone,Mallet Etude,17.879365,83.406077,101.28544199999999
Snare Drum,Snare Etude,108.948027,47.136508,156.084535
Timpani,Timpani Etude,162.771882,69.311565,232.083447
Xylophone,Chromatic Scale,240.81415,11.517098,252.33124800000002
Xylophone,Major Scales,262.594467,97.36127,359.955737
Xylophone,Sight-Reading,367.177143,46.834649,414.011792
Snare Drum,Sight-Reading,420.490159,31.091519,451.581678
