Instrument,ScoreGroup,Start,Duration,End
Flute,Lyrical Etude,12.770975056,57.585487528,70.356462584
Flute,Technical Etude,76.858049886,24.148752834,101.00680272
Flute,Chromatic Scale,107.740589569,18.808163265,126.548752834
Flute,Major Scales,133.514739229,104.721995464,238.23673469300002
Flute,Sight-Reading,243.345124716,52.477097505,295.822222221
