Instrument,ScoreGroup,Start,Duration,End
Flute,Lyrical Etude,13.583673,114.753016,128.336689
Flute,Technical Etude,134.025578,43.467755,177.493333
Flute,Chromatic Scale,184.18068,14.741769,198.922449
Flute,Major Scales,204.538776,113.371429,317.910205
Flute,Sight-Reading,324.963265,53.942857,378.906122
