Instrument,ScoreGroup,Start,Duration,End
Bb Clarinet,Lyrical Etude,8.730703,69.845624,78.576327
Bb Clarinet,Technical Etude,83.498957,26.377868,109.876825
Bb Clarinet,Chromatic Scale,116.842812,17.740045,134.582857
Bb Clarinet,Major Scales,139.885714,88.685714,228.57142800000003
Bb Clarinet,Sight-Reading,232.489796,48.979592,281.469388
