Instrument,ScoreGroup,Start,Duration,End
Alto Saxophone,Lyrical Etude,12.515555555,44.001814058,56.517369613
Alto Saxophone,Technical Etude,64.435374149,26.331428571,90.76680272
Alto Saxophone,Chromatic Scale,100.031564621,57.515827664,157.547392285
Alto Saxophone,Major Scales,165.767256231,118.468208616,284.235464847
Alto Saxophone,Sight-Reading,302.463129251,70.310022675,372.77315192599997
