Instrument,ScoreGroup,Start,Duration,End
Alto Saxophone,Lyrical Etude,14.83755102,257.857596371,272.695147391
Alto Saxophone,Technical Etude,289.111655321,90.441723356,379.553378677
Alto Saxophone,Chromatic Scale,391.093696141,49.086984126,440.180680267
Alto Saxophone,Major Scales,450.118820861,117.167891156,567.286712017
Alto Saxophone,Sight-Reading,574.972517001,139.226848072,714.1993650730001
