Instrument,ScoreGroup,Start,Duration,End
Xylophone,Mallet Etude,15.412245,39.967347,55.379591999999995
Snare Drum,Snare Etude,65.044898,53.028571,118.073469
Timpani,Timpani Etude,123.036735,63.738776,186.775511
Xylophone,Chromatic Scale,194.612245,10.44898,205.061225
Xylophone,Major Scales,212.897959,69.22449,282.12244899999996
Xylophone,Sight-Reading,287.608163,52.767347,340.37550999999996
Snare Drum,Sight-Reading,345.338776,28.212245,373.551021
