Instrument,ScoreGroup,Start,Duration,End
Alto Saxophone,Lyrical Etude,15.627029478,44.60553288,60.232562357999996
Alto Saxophone,Technical Etude,66.966349206,29.953741497,96.920090703
Alto Saxophone,Chromatic Scale,104.466575964,15.325170068,119.791746032
Alto Saxophone,Major Scales,127.384671202,69.938503401,197.323174603
Alto Saxophone,Sight-Reading,204.776780045,57.655147392,262.431927437
