Instrument,ScoreGroup,Start,Duration,End
Alto Saxophone,Lyrical Etude,11.772517007,62.101768707,73.874285714
Alto Saxophone,Technical Etude,80.692244898,31.895510204,112.587755102
Alto Saxophone,Chromatic Scale,122.827755102,9.665306122,132.493061224
Alto Saxophone,Major Scales,140.991564626,97.245170068,238.236734694
Alto Saxophone,Sight-Reading,244.506122449,55.960090703,300.466213152
