Instrument,ScoreGroup,Start,Duration,End
Alto Saxophone,Lyrical Etude,15.290340136,46.358639455,61.648979591
Alto Saxophone,Technical Etude,68.963265306,22.395646258,91.358911564
Alto Saxophone,Chromatic Scale,100.832653061,11.006258503,111.838911564
Alto Saxophone,Major Scales,123.332789111,63.04217687,186.374965981
Alto Saxophone,Sight-Reading,194.037551021,47.577687074,241.61523809500002
