Instrument,ScoreGroup,Start,Duration,End
Bb Clarinet,Lyrical Etude,13.467573696,115.63537415,129.102947846
Bb Clarinet,Technical Etude,135.604535147,45.975510204,181.58004535100002
Bb Clarinet,Chromatic Scale,188.081632653,15.325170068,203.40680272100002
Bb Clarinet,Major Scales,210.837188209,123.994557823,334.831746032
Bb Clarinet,Sight-Reading,339.940136054,78.019047619,417.959183673
