Instrument,ScoreGroup,Start,Duration,End
Oboe,Lyrical Etude,8.452063492,64.69079365,73.142857142
Oboe,Technical Etude,78.019047619,28.281904761,106.30095238000001
Oboe,Chromatic Scale,110.201904761,9.752380952,119.95428571299999
Oboe,Major Scales,121.904761904,88.746666666,210.65142857
Oboe,Sight-Reading,211.951746031,46.161269841,258.113015872
