Instrument,ScoreGroup,Start,Duration,End
Flute,Lyrical Etude,11.911836734,49.946122448,61.857959181999995
Flute,Technical Etude,64.783673469,23.196734693,87.98040816199999
Flute,Chromatic Scale,93.831836734,16.091428571,109.923265305
Flute,Major Scales,113.893877551,113.057959183,226.95183673399998
Flute,Sight-Reading,231.340408163,42.213877551,273.554285714
