Instrument,ScoreGroup,Start,Duration,End
Bb Clarinet,Lyrical Etude,9.287982,79.319365,88.607347
Bb Clarinet,Technical Etude,94.644535,34.551293,129.195828
Bb Clarinet,Chromatic Scale,136.811973,15.41805,152.230023
Bb Clarinet,Major Scales,159.753288,121.115283,280.868571
Bb Clarinet,Sight-Reading,285.976961,55.263492,341.240453
