Instrument,ScoreGroup,Start,Duration,End
Bb Clarinet,Lyrical Etude,12.678095238,103.537777778,116.215873016
Bb Clarinet,Technical Etude,123.506938776,49.133424036,172.640362812
Bb Clarinet,Chromatic Scale,180.070748299,14.071292517,194.142040816
Bb Clarinet,Major Scales,201.897505669,117.028571429,318.926077098
Bb Clarinet,Sight-Reading,326.054603175,48.785124717,374.83972789200004
