Instrument,ScoreGroup,Start,Duration,End
Xylophone,Mallet Etude,12.146939,52.37551,64.522449
Snare Drum,Snare Etude,69.616327,53.812245,123.428572
Timpani,Timpani Etude,131.134694,79.020408,210.155102
Xylophone,Chromatic Scale,214.595918,12.146939,226.74285700000001
Xylophone,Major Scales,235.102041,89.6,324.702041
Xylophone,Sight-Reading,332.016327,57.861224,389.877551
Snare Drum,Sight-Reading,395.62449,31.738776,427.36326599999995
