Instrument,ScoreGroup,Start,Duration,End
Flute,Lyrical Etude,14.140952381,33.877913832,48.018866212999995
Flute,Technical Etude,53.405895692,30.998639456,84.40453514800001
Flute,Chromatic Scale,91.904580499,12.353015873,104.25759637200001
Flute,Major Scales,112.33814059,105.720453515,218.058594105
Flute,Sight-Reading,222.354285714,43.351655329,265.705941043
