Instrument,ScoreGroup,Start,Duration,End
Flute,Lyrical Etude,11.755102,31.608163,43.363265
Flute,Technical Etude,47.020408,36.04898,83.069388
Flute,Chromatic Scale,89.469388,21.028571,110.497959
Flute,Major Scales,120.42449,95.608163,216.032653
Flute,Sight-Reading,222.432653,53.028571,275.461224
