Instrument,ScoreGroup,Start,Duration,End
Flute,Lyrical Etude,13.328254,46.32381,59.652064
Flute,Technical Etude,71.273651,47.705397,118.979048
Flute,Chromatic Scale,125.561905,18.448254,144.010159
Flute,Major Scales,151.324444,79.969524,231.293968
Flute,Sight-Reading,237.145397,48.843175,285.988572
