Instrument,ScoreGroup,Start,Duration,End
Flute,Lyrical Etude,9.116734694,40.054421769,49.171156463
Flute,Technical Etude,54.009614512,25.031111111,79.040725623
Flute,Chromatic Scale,84.985034014,15.18585034,100.170884354
Flute,Major Scales,105.465034014,80.526802721,185.991836735
Flute,Sight-Reading,190.902857143,39.00952381,229.912380953
