Instrument,ScoreGroup,Start,Duration,End
Bb Clarinet,Lyrical Etude,11.493877551,75.337142857,86.831020408
Bb Clarinet,Technical Etude,89.965714286,37.302857143,127.26857142899999
Bb Clarinet,Chromatic Scale,132.702040816,14.210612245,146.912653061
Bb Clarinet,Major Scales,151.974603175,112.965079365,264.93968254
Bb Clarinet,Sight-Reading,269.026394558,68.68462585,337.71102040799997
