Instrument,ScoreGroup,Start,Duration,End
Alto Saxophone,Lyrical Etude,14.001632653,184.111020408,198.112653061
Alto Saxophone,Technical Etude,205.217959183,52.732517006,257.950476189
Alto Saxophone,Chromatic Scale,266.936598639,11.493877551,278.43047619000004
Alto Saxophone,Major Scales,286.162721088,90.975782312,377.1385034
Alto Saxophone,Sight-Reading,384.313469387,32.252517006,416.565986393
