Instrument,ScoreGroup,Start,Duration,End
Alto Saxophone,Lyrical Etude,10.216780045,44.9538322,55.170612245
Alto Saxophone,Technical Etude,57.771247166,27.863945578,85.635192744
Alto Saxophone,Chromatic Scale,90.836462585,11.88861678,102.725079365
Alto Saxophone,Major Scales,107.972789116,77.670748299,185.643537415
Alto Saxophone,Sight-Reading,193.21324263,47.391927438,240.605170068
