Instrument,ScoreGroup,Start,Duration,End
Flute,Lyrical Etude,12.260136054,44.303673469,56.563809523
Flute,Technical Etude,59.628843537,37.059047619,96.687891156
Flute,Chromatic Scale,103.003718821,46.068390023,149.072108844
Flute,Major Scales,154.644897959,97.80244898,252.447346939
Flute,Sight-Reading,256.534058957,46.625668934,303.159727891
