Instrument,ScoreGroup,Start,Duration,End
Alto Saxophone,Lyrical Etude,10.309659864,59.059954649,69.369614513
Alto Saxophone,Technical Etude,73.984580499,26.615873016,100.600453515
Alto Saxophone,Chromatic Scale,111.020408163,8.85260771,119.873015873
Alto Saxophone,Major Scales,126.374603175,63.47755102,189.852154195
Alto Saxophone,Sight-Reading,195.86031746,45.946485261,241.806802721
