Instrument,ScoreGroup,Start,Duration,End
Flute,Lyrical Etude,11.493878,124.212245,135.706123
Flute,Technical Etude,142.497959,55.24898,197.746939
Flute,Chromatic Scale,205.322449,15.15102,220.473469
Flute,Major Scales,226.742857,134.661224,361.404081
Flute,Sight-Reading,366.367347,55.24898,421.616327
