Instrument,ScoreGroup,Start,Duration,End
Flute,Lyrical Etude,17.010087,114.26872,131.278807
Flute,Technical Etude,142.02202,51.274426,193.296446
Flute,Chromatic Scale,203.551331,12.208197,215.75952800000002
Flute,Major Scales,225.526085,96.688917,322.215002
Flute,Sight-Reading,330.028247,57.622688,387.650935
