Instrument,ScoreGroup,Start,Duration,End
Alto Saxophone,Lyrical Etude,11.087528344,58.92063492,70.008163264
Alto Saxophone,Technical Etude,72.852607709,17.937414965,90.790022674
Alto Saxophone,Chromatic Scale,94.853514739,11.319727891,106.17324263
Alto Saxophone,Major Scales,111.978231292,76.219501133,188.197732425
Alto Saxophone,Sight-Reading,192.145124716,43.189115646,235.334240362
