Instrument,ScoreGroup,Start,Duration,End
Bb Clarinet,Lyrical Etude,15.151020408,95.869387755,111.02040816300001
Bb Clarinet,Technical Etude,116.506122448,57.991836734,174.497959182
Bb Clarinet,Chromatic Scale,181.551020408,13.844897959,195.395918367
Bb Clarinet,Major Scales,203.493877551,116.506122448,319.999999999
Bb Clarinet,Sight-Reading,326.269387755,41.534693877,367.804081632
