Instrument,ScoreGroup,Start,Duration,End
Alto Saxophone,Lyrical Etude,23.118367,56.685714,79.804081
Alto Saxophone,Technical Etude,89.338776,58.644898,147.983674
Alto Saxophone,Chromatic Scale,162.35102,10.187755,172.53877500000002
Alto Saxophone,Major Scales,185.730612,77.453061,263.183673
Alto Saxophone,Sight-Reading,273.371429,42.579592,315.95102099999997
