Instrument,ScoreGroup,Start,Duration,End
Bb Clarinet,Lyrical Etude,8.962902494,101.331882086,110.29478458
Bb Clarinet,Technical Etude,115.403174603,48.622585034,164.025759637
Bb Clarinet,Chromatic Scale,170.062947846,11.377777778,181.44072562399998
Bb Clarinet,Major Scales,187.26893424,105.023854875,292.292789115
Bb Clarinet,Sight-Reading,297.656598639,70.217142857,367.873741496
