Instrument,ScoreGroup,Start,Duration,End
Bb Clarinet,Lyrical Etude,16.718367346,125.573514739,142.291882085
Bb Clarinet,Technical Etude,152.322902494,66.316190476,218.63909297
Bb Clarinet,Chromatic Scale,229.970430839,13.931972789,243.902403628
Bb Clarinet,Major Scales,255.047981859,122.044081632,377.092063491
Bb Clarinet,Sight-Reading,385.637006802,53.127256235,438.764263037
