Instrument,ScoreGroup,Start,Duration,End
Bb Clarinet,Lyrical Etude,9.84526077,58.700045351,68.545306121
Bb Clarinet,Technical Etude,73.9323356,28.606984126,102.539319726
Bb Clarinet,Chromatic Scale,107.926349206,12.817414965,120.743764171
Bb Clarinet,Major Scales,127.245351473,108.669387755,235.914739228
Bb Clarinet,Sight-Reading,239.815691609,53.870294784,293.685986393
