Instrument,ScoreGroup,Start,Duration,End
Alto Saxophone,Lyrical Etude,12.016326531,39.392653061,51.408979591999994
Alto Saxophone,Technical Etude,58.026666667,61.44,119.466666667
Alto Saxophone,Chromatic Scale,134.414512472,7.691609977,142.10612244900003
Alto Saxophone,Major Scales,149.443628118,80.712562358,230.156190476
Alto Saxophone,Sight-Reading,236.413968254,58.026666667,294.44063492099997
