Instrument,ScoreGroup,Start,Duration,End
Alto Saxophone,Lyrical Etude,14.837551,74.210975,89.04852600000001
Alto Saxophone,Technical Etude,95.271474,26.238549,121.51002299999999
Alto Saxophone,Chromatic Scale,130.194286,8.568163,138.762449
Alto Saxophone,Major Scales,147.957551,98.429388,246.38693899999998
Alto Saxophone,Sight-Reading,254.583583,48.994104,303.577687
