Instrument,ScoreGroup,Start,Duration,End
Flute,Lyrical Etude,10.292244898,55.013877551,65.306122449
Flute,Technical Etude,70.896326531,62.955102041,133.851428572
Flute,Chromatic Scale,143.516734694,15.203265306,158.72
Flute,Major Scales,166.069115646,149.908027211,315.977142857
Flute,Sight-Reading,321.015873016,77.856507937,398.872380953
