Instrument,ScoreGroup,Start,Duration,End
Flute,Lyrical Etude,15.15102,74.710204,89.861224
Flute,Technical Etude,96.130612,23.510204,119.640816
Flute,Chromatic Scale,125.64898,13.583673,139.232653
Flute,Major Scales,145.763265,95.085714,240.84897899999999
Flute,Sight-Reading,245.812245,54.595918,300.408163
