Instrument,ScoreGroup,Start,Duration,End
Flute,Lyrical Etude,11.807347,68.754286,80.561633
Flute,Technical Etude,83.278367,44.982857,128.261224
Flute,Chromatic Scale,134.739592,13.635918,148.37551
Flute,Major Scales,155.167347,112.74449,267.911837
Flute,Sight-Reading,273.084082,63.268571,336.35265300000003
