Instrument,ScoreGroup,Start,Duration,End
Flute,Lyrical Etude,10.116437,109.350192,119.46662900000001
Flute,Technical Etude,125.490157,43.554737,169.044894
Flute,Chromatic Scale,177.848511,19.460627,197.309138
Flute,Major Scales,203.332666,111.666933,314.999599
Flute,Sight-Reading,319.633082,49.578265,369.211347
