Instrument,ScoreGroup,Start,Duration,End
Flute,Lyrical Etude,10.588299,26.006349,36.594648
Flute,Technical Etude,41.238639,27.028027,68.266666
Flute,Chromatic Scale,74.582494,29.535782,104.118276
Flute,Major Scales,108.930612,86.465306,195.395918
Flute,Sight-Reading,201.665306,70.008163,271.67346899999995
