Instrument,ScoreGroup,Start,Duration,End
Alto Saxophone,Lyrical Etude,13.165714286,44.251428571,57.417142857
Alto Saxophone,Technical Etude,63.042176871,61.509659864,124.551836735
Alto Saxophone,Chromatic Scale,133.201269841,10.24,143.441269841
Alto Saxophone,Major Scales,149.490068027,114.520816327,264.01088435400004
Alto Saxophone,Sight-Reading,271.116190476,67.523628118,338.63981859399996
