Instrument,ScoreGroup,Start,Duration,End
Flute,Lyrical Etude,8.126984127,53.939954649,62.066938776
Flute,Technical Etude,68.104126984,26.633287982,94.737414966
Flute,Chromatic Scale,100.078004535,17.205986395,117.28399093
Flute,Major Scales,122.57814059,77.833287982,200.411428572
Flute,Sight-Reading,204.591020408,72.306938776,276.897959184
