Instrument,ScoreGroup,Start,Duration,End
Xylophone,Mallet Etude,12.515556,68.963265,81.47882100000001
Snare Drum,Snare Etude,87.28381,44.048254,131.332064
Timpani,Timpani Etude,137.206712,86.494331,223.70104300000003
Xylophone,Chromatic Scale,230.876009,9.589841,240.46585000000002
Xylophone,Major Scales,247.501497,75.836372,323.337869
Xylophone,Sight-Reading,334.971066,193.677642,528.6487079999999
Snare Drum,Sight-Reading,535.359274,41.749478,577.108752
