Instrument,ScoreGroup,Start,Duration,End
Xylophone,Mallet Etude,19.069388,36.37551,55.444897999999995
Snare Drum,Snare Etude,63.622676,73.467937,137.09061300000002
Timpani,Timpani Etude,144.428118,57.399728,201.82784600000002
Xylophone,Chromatic Scale,212.555465,14.535692,227.091157
Xylophone,Major Scales,236.408163,85.159184,321.567347
Xylophone,Sight-Reading,330.710204,81.110204,411.820408
Snare Drum,Sight-Reading,420.702041,54.857143,475.559184
