Instrument,ScoreGroup,Start,Duration,End
Alto Saxophone,Lyrical Etude,12.770975056,46.788208616,59.559183671999996
Alto Saxophone,Technical Etude,65.015873015,25.658049886,90.673922901
Alto Saxophone,Chromatic Scale,97.872108843,9.636281179,107.508390022
Alto Saxophone,Major Scales,112.848979591,52.825396825,165.674376416
Alto Saxophone,Sight-Reading,170.666666666,32.507936507,203.17460317299998
