Instrument,ScoreGroup,Start,Duration,End
Alto Saxophone,Lyrical Etude,11.006258503,69.520544217,80.52680271999999
Alto Saxophone,Technical Etude,86.378231292,39.148843537,125.52707482899999
Alto Saxophone,Chromatic Scale,131.239183673,12.260136054,143.499319727
Alto Saxophone,Major Scales,149.490068027,100.031564625,249.521632652
Alto Saxophone,Sight-Reading,253.561904761,60.464761904,314.026666665
