Instrument,ScoreGroup,Start,Duration,End
Flute,Lyrical Etude,18.250884353,73.003537414,91.254421767
Flute,Technical Etude,97.523809523,50.573061224,148.096870747
Flute,Chromatic Scale,160.357006802,21.873197278,182.23020408
Flute,Major Scales,187.988752834,120.743764172,308.73251700599997
Flute,Sight-Reading,323.593287981,57.771247165,381.364535146
