Instrument,ScoreGroup,Start,Duration,End
Trumpet,Lyrical Etude,10.579591836,47.151020408,57.730612244
Trumpet,Technical Etude,66.220408163,25.208163265,91.428571428
Trumpet,Chromatic Scale,99.657142857,10.187755102,109.844897959
Trumpet,Major Scales,117.681632653,101.093877551,218.775510204
Trumpet,Sight-Reading,224.522448979,50.41632653,274.938775509
