Instrument,ScoreGroup,Start,Duration,End
Xylophone,Mallet Etude,10.866939,41.795918,52.662857
Snare Drum,Snare Etude,59.820408,97.697959,157.518367
Timpani,Timpani Etude,164.211519,149.536508,313.748027
Xylophone,Chromatic Scale,322.47873,9.102222,331.58095199999997
Xylophone,Major Scales,337.632653,94.040816,431.673469
Xylophone,Sight-Reading,439.902041,73.534694,513.436735
Snare Drum,Sight-Reading,520.312744,51.919819,572.2325629999999
