Instrument,ScoreGroup,Start,Duration,End
Alto Saxophone,Lyrical Etude,14.419591836,73.560816326,87.98040816199999
Alto Saxophone,Technical Etude,93.622857142,105.430204081,199.053061223
Alto Saxophone,Chromatic Scale,206.785306122,9.508571428,216.29387755000002
Alto Saxophone,Major Scales,224.339591836,96.444081632,320.783673468
Alto Saxophone,Sight-Reading,327.15755102,57.887346938,385.04489795800004
