Instrument,ScoreGroup,Start,Duration,End
Alto Saxophone,Lyrical Etude,12.353015873,88.537687075,100.890702948
Alto Saxophone,Technical Etude,108.669387755,42.167437642,150.836825397
Alto Saxophone,Chromatic Scale,158.336870748,10.100680272,168.43755102
Alto Saxophone,Major Scales,175.032018141,110.225124717,285.257142858
Alto Saxophone,Sight-Reading,291.689070295,68.638185941,360.32725623600004
