Instrument,ScoreGroup,Start,Duration,End
Alto Saxophone,Lyrical Etude,10.866938775,62.850612244,73.717551019
Alto Saxophone,Technical Etude,77.740408163,55.327346938,133.067755101
Alto Saxophone,Chromatic Scale,140.329795918,27.63755102,167.967346938
Alto Saxophone,Major Scales,175.960816326,99.213061224,275.17387755000004
Alto Saxophone,Sight-Reading,280.55510204,78.158367346,358.71346938600004
