Instrument,ScoreGroup,Start,Duration,End
Flute,Lyrical Etude,13.328254,28.281905,41.610158999999996
Flute,Technical Etude,47.804082,62.955102,110.759184
Flute,Chromatic Scale,118.857143,52.114286,170.971429
Flute,Major Scales,179.461224,129.567347,309.028571
Flute,Sight-Reading,316.081633,101.093878,417.17551100000003
