Instrument,ScoreGroup,Start,Duration,End
Flute,Lyrical Etude,22.291156462,58.049886621,80.341043083
Flute,Technical Etude,85.913832199,32.740136054,118.65396825299999
Flute,Chromatic Scale,127.013151927,17.647165532,144.660317459
Flute,Major Scales,153.716099773,105.186394557,258.90249432999997
Flute,Sight-Reading,264.010884353,45.046712018,309.057596371
