Instrument,ScoreGroup,Start,Duration,End
Alto Saxophone,Lyrical Etude,12.373333333,58.88,71.253333333
Alto Saxophone,Technical Etude,76.544,23.722666666,100.26666666599999
Alto Saxophone,Chromatic Scale,108.885333333,12.373333333,121.25866666600001
Alto Saxophone,Major Scales,127.061333333,69.546666666,196.607999999
Alto Saxophone,Sight-Reading,202.325333333,73.216,275.541333333
