Instrument,ScoreGroup,Start,Duration,End
Bb Clarinet,Lyrical Etude,14.883991,84.497415,99.381406
Bb Clarinet,Technical Etude,108.228209,59.466304,167.694513
Bb Clarinet,Chromatic Scale,177.005714,11.865397,188.871111
Bb Clarinet,Major Scales,197.137415,63.390476,260.527891
Bb Clarinet,Sight-Reading,270.651791,35.96771,306.619501
