Instrument,ScoreGroup,Start,Duration,End
Alto Saxophone,Lyrical Etude,14.210612244,91.428571428,105.639183672
Alto Saxophone,Technical Etude,111.673469387,74.187755102,185.861224489
Alto Saxophone,Chromatic Scale,193.306122448,11.102040816,204.408163264
Alto Saxophone,Major Scales,210.285714285,104.620408163,314.906122448
Alto Saxophone,Sight-Reading,318.95510204,62.563265306,381.518367346
