Instrument,ScoreGroup,Start,Duration,End
Bb Clarinet,Lyrical Etude,8.382404,81.6878,90.07020399999999
Bb Clarinet,Technical Etude,94.714195,59.977143,154.691338
Bb Clarinet,Chromatic Scale,160.914286,14.024853,174.939139
Bb Clarinet,Major Scales,181.231746,79.110385,260.342131
Bb Clarinet,Sight-Reading,268.538776,32.438277,300.97705299999996
