Instrument,ScoreGroup,Start,Duration,End
Alto Saxophone,Lyrical Etude,11.331337868,49.597823129,60.929160997
Alto Saxophone,Technical Etude,63.529795918,28.792743764,92.322539682
Alto Saxophone,Chromatic Scale,103.468117913,10.588299319,114.056417232
Alto Saxophone,Major Scales,121.301043083,44.21079365,165.511836733
Alto Saxophone,Sight-Reading,170.527346938,53.684535147,224.21188208499998
