Instrument,ScoreGroup,Start,Duration,End
Flute,Lyrical Etude,10.884353741,57.353287982,68.237641723
Flute,Technical Etude,71.608888889,27.904580499,99.513469388
Flute,Chromatic Scale,107.657142857,26.394557823,134.05170068
Flute,Major Scales,142.767891156,151.944126984,294.71201814
Flute,Sight-Reading,300.45170068,92.710748299,393.162448979
