Instrument,ScoreGroup,Start,Duration,End
Alto Saxophone,Lyrical Etude,13.096054422,45.882630385,58.978684807
Alto Saxophone,Technical Etude,65.851791383,27.538866213,93.39065759600001
Alto Saxophone,Chromatic Scale,99.334965986,9.055782313,108.390748299
Alto Saxophone,Major Scales,113.708117914,59.048344671,172.756462585
Alto Saxophone,Sight-Reading,177.609433107,56.79600907,234.405442177
