Instrument,ScoreGroup,Start,Duration,End
Alto Saxophone,Lyrical Etude,10.797278912,39.381043084,50.178321995999994
Alto Saxophone,Technical Etude,53.684535147,26.540408163,80.22494331
Alto Saxophone,Chromatic Scale,87.56244898,11.609977324,99.172426304
Alto Saxophone,Major Scales,104.814875283,72.840997732,177.655873015
Alto Saxophone,Sight-Reading,183.600181406,43.792834467,227.393015873
