Instrument,ScoreGroup,Start,Duration,End
Flute,Lyrical Etude,9.752381,56.28517,66.03755100000001
Flute,Technical Etude,71.88898,27.167347,99.05632700000001
Flute,Chromatic Scale,104.071837,17.554286,121.626123
Flute,Major Scales,126.641633,108.390748,235.032381
Flute,Sight-Reading,239.211973,61.30068,300.512653
