Instrument,ScoreGroup,Start,Duration,End
Flute,Lyrical Etude,11.377778,113.452698,124.830476
Flute,Technical Etude,129.381587,48.436825,177.818412
Flute,Chromatic Scale,183.019683,14.628571,197.64825399999998
Flute,Major Scales,203.824762,101.424762,305.249524
Flute,Sight-Reading,311.426032,38.034286,349.46031800000003
