Instrument,ScoreGroup,Start,Duration,End
Flute,Lyrical Etude,13.746213151,82.477278911,96.22349206199999
Flute,Technical Etude,100.588843537,23.127074829,123.71591836600001
Flute,Chromatic Scale,130.612244897,10.727619047,141.339863944
Flute,Major Scales,156.966893424,120.18648526,277.153378684
Flute,Sight-Reading,281.983129251,49.597823129,331.58095238
