Instrument,ScoreGroup,Start,Duration,End
Trumpet,Lyrical Etude,14.641976,59.627955,74.269931
Trumpet,Technical Etude,83.412884,26.63382,110.046704
Trumpet,Chromatic Scale,121.574775,12.72063,134.29540500000002
Trumpet,Major Scales,139.463161,98.584885,238.048046
Trumpet,Sight-Reading,245.600921,68.770908,314.371829
