Instrument,ScoreGroup,Start,Duration,End
Bb Clarinet,Lyrical Etude,14.001632653,53.289795918,67.291428571
Bb Clarinet,Technical Etude,73.142857143,70.217142857,143.36
Bb Clarinet,Chromatic Scale,150.047346939,22.569795918,172.617142857
Bb Clarinet,Major Scales,181.394285714,114.93877551,296.333061224
Bb Clarinet,Sight-Reading,301.766530612,76.486530612,378.253061224
