Instrument,ScoreGroup,Start,Duration,End
Flute,Lyrical Etude,11.609977324,58.909024943,70.519002267
Flute,Technical Etude,75.650612245,20.874739229,96.525351474
Flute,Chromatic Scale,104.280816327,14.88399093,119.16480725699999
Flute,Major Scales,127.732970522,68.568526077,196.30149659900002
Flute,Sight-Reading,203.012063492,49.133424036,252.14548752800002
