Instrument,ScoreGroup,Start,Duration,End
Alto Saxophone,Lyrical Etude,10.866938775,53.638095238,64.505034013
Alto Saxophone,Technical Etude,69.659863945,29.396462585,99.05632652999999
Alto Saxophone,Chromatic Scale,105.047074829,15.18585034,120.232925169
Alto Saxophone,Major Scales,126.502312925,70.217142857,196.719455782
Alto Saxophone,Sight-Reading,201.177687074,43.607074829,244.784761903
