Instrument,ScoreGroup,Start,Duration,End
Bb Clarinet,Lyrical Etude,14.930431,63.042177,77.97260800000001
Bb Clarinet,Technical Etude,83.382857,94.064036,177.446893
Bb Clarinet,Chromatic Scale,184.36644,25.890249,210.25668900000002
Bb Clarinet,Major Scales,218.105034,91.509841,309.614875
Bb Clarinet,Sight-Reading,316.580862,64.783673,381.36453500000005
