Instrument,ScoreGroup,Start,Duration,End
Flute,Lyrical Etude,8.858412698,62.415238095,71.273650793
Flute,Technical Etude,76.474920635,59.895873016,136.370793651
Flute,Chromatic Scale,143.36,18.076734694,161.43673469400002
Flute,Major Scales,167.601632653,119.257687075,286.859319728
Flute,Sight-Reading,290.36553288,50.735600907,341.101133787
