Instrument,ScoreGroup,Start,Duration,End
Flute,Lyrical Etude,12.051156463,55.518911565,67.57006802800001
Flute,Technical Etude,74.361904762,56.482539683,130.844444445
Flute,Chromatic Scale,138.135510204,19.992380952,158.127891156
Flute,Major Scales,164.675918367,106.858231293,271.53414966
Flute,Sight-Reading,280.589931973,63.39047619,343.980408163
