Instrument,ScoreGroup,Start,Duration,End
Alto Saxophone,Lyrical Etude,11.517098,110.387664,121.904762
Alto Saxophone,Technical Etude,128.05805,78.924626,206.98267600000003
Alto Saxophone,Chromatic Scale,220.38059,20.52644,240.90703000000002
Alto Saxophone,Major Scales,248.801814,99.776145,348.577959
Alto Saxophone,Sight-Reading,358.725079,81.6878,440.412879
