Instrument,ScoreGroup,Start,Duration,End
Bb Clarinet,Lyrical Etude,38.638004535,413.129433107,451.767437642
Bb Clarinet,Technical Etude,474.058594104,227.369795918,701.428390022
Bb Clarinet,Chromatic Scale,731.149931973,72.817777778,803.967709751
Bb Clarinet,Major Scales,835.175328798,465.142131519,1300.317460317
Bb Clarinet,Sight-Reading,1337.469387755,252.633106576,1590.1024943310001
