Instrument,ScoreGroup,Start,Duration,End
Flute,Lyrical Etude,20.967619,46.32381,67.291429
Flute,Technical Etude,77.856508,40.309841,118.166349
Flute,Chromatic Scale,130.031746,23.893333,153.92507899999998
Flute,Major Scales,162.052063,87.446349,249.498412
Flute,Sight-Reading,254.537143,44.860952,299.398095
