Instrument,ScoreGroup,Start,Duration,End
Xylophone,Mallet Etude,15.51093,40.84,56.350930000000005
Snare Drum,Snare Etude,61.022041,83.098005,144.120046
Timpani,Timpani Etude,149.257868,61.316009,210.573877
Xylophone,Chromatic Scale,220.04,8.751995,228.791995
Xylophone,Major Scales,236.936417,105.183991,342.120408
Xylophone,Sight-Reading,350.342676,38.373991,388.716667
Snare Drum,Sight-Reading,395.575147,64.387007,459.962154
