Instrument,ScoreGroup,Start,Duration,End
Alto Saxophone,Lyrical Etude,14.048072562,63.924535147,77.972607709
Alto Saxophone,Technical Etude,83.289977324,72.074739229,155.364716553
Alto Saxophone,Chromatic Scale,161.239365079,14.860770975,176.10013605400002
Alto Saxophone,Major Scales,182.485623583,122.020861678,304.506485261
Alto Saxophone,Sight-Reading,309.336235828,56.726349206,366.062585034
