Instrument,ScoreGroup,Start,Duration,End
Flute,Lyrical Etude,8.933877551,27.585306122,36.519183673
Flute,Technical Etude,41.848163265,42.004897959,83.85306122399999
Flute,Chromatic Scale,90.070204082,22.883265306,112.953469388
Flute,Major Scales,119.88462585,103.932517007,223.81714285700002
Flute,Sight-Reading,229.041632653,52.523537415,281.565170068
