Instrument,ScoreGroup,Start,Duration,End
Xylophone,Mallet Etude,15.23229,40.681361,55.913651
Snare Drum,Snare Etude,63.715556,73.746576,137.462132
Timpani,Timpani Etude,144.335238,50.155102,194.49034
Xylophone,Chromatic Scale,202.849524,11.145578,213.995102
Xylophone,Major Scales,222.040816,99.265306,321.306122
Xylophone,Sight-Reading,329.926531,41.534694,371.461225
Snare Drum,Sight-Reading,379.820408,40.228571,420.048979
