Instrument,ScoreGroup,Start,Duration,End
Flute,Lyrical Etude,8.672653061,51.617959183,60.290612244
Flute,Technical Etude,63.843265306,26.749387755,90.592653061
Flute,Chromatic Scale,97.28,17.65877551,114.93877551
Flute,Major Scales,121.626122448,79.09877551,200.72489795799999
Flute,Sight-Reading,205.740408163,41.168979591,246.90938775400002
