Instrument,ScoreGroup,Start,Duration,End
Bb Clarinet,Lyrical Etude,15.151020408,65.567346938,80.71836734600001
Bb Clarinet,Technical Etude,87.248979591,31.608163265,118.857142856
Bb Clarinet,Chromatic Scale,127.21632653,12.53877551,139.75510204
Bb Clarinet,Major Scales,149.681632653,120.424489795,270.106122448
Bb Clarinet,Sight-Reading,274.285714285,47.804081632,322.089795917
