Instrument,ScoreGroup,Start,Duration,End
Bb Clarinet,Lyrical Etude,13.978412698,110.201904762,124.18031746
Bb Clarinet,Technical Etude,130.681904762,26.006349206,156.688253968
Bb Clarinet,Chromatic Scale,165.465396825,13.003174603,178.468571428
Bb Clarinet,Major Scales,184.645079365,110.526984127,295.172063492
Bb Clarinet,Sight-Reading,301.023492063,64.690793651,365.71428571399997
