Instrument,ScoreGroup,Start,Duration,End
Flute,Lyrical Etude,12.53877551,50.085442177,62.624217687
Flute,Technical Etude,68.707845805,21.710657596,90.41850340100001
Flute,Chromatic Scale,95.387573696,13.18893424,108.576507936
Flute,Major Scales,113.359818594,104.536235828,217.89605442200002
Flute,Sight-Reading,221.63446712,55.751111111,277.385578231
