Instrument,ScoreGroup,Start,Duration,End
Alto Saxophone,Lyrical Etude,13.374693877,177.319183673,190.69387755
Alto Saxophone,Technical Etude,195.918367346,45.662040816,241.580408162
Alto Saxophone,Chromatic Scale,248.999183673,9.613061224,258.612244897
Alto Saxophone,Major Scales,265.090612244,99.787755102,364.878367346
Alto Saxophone,Sight-Reading,370.834285714,31.242448979,402.076734693
