Instrument,ScoreGroup,Start,Duration,End
Alto Saxophone,Lyrical Etude,14.582131519,67.268208617,81.850340136
Alto Saxophone,Technical Etude,89.420045351,54.49723356,143.91727891099998
Alto Saxophone,Chromatic Scale,150.929705215,9.264761905,160.19446712
Alto Saxophone,Major Scales,167.462312925,101.09968254,268.561995465
Alto Saxophone,Sight-Reading,277.269478458,58.816145125,336.085623583
