Instrument,ScoreGroup,Start,Duration,End
Bb Clarinet,Lyrical Etude,15.603809523,59.907482993,75.511292516
Bb Clarinet,Technical Etude,80.341043083,29.164263038,109.505306121
Bb Clarinet,Chromatic Scale,117.028571428,12.53877551,129.56734693800001
Bb Clarinet,Major Scales,135.233015873,104.025396825,239.258412698
Bb Clarinet,Sight-Reading,246.874557823,40.681360544,287.555918367
