Instrument,ScoreGroup,Start,Duration,End
Bb Clarinet,Lyrical Etude,13.188934,56.935329,70.124263
Bb Clarinet,Technical Etude,77.926168,32.972336,110.898504
Bb Clarinet,Chromatic Scale,120.000726,20.154921,140.155647
Bb Clarinet,Major Scales,149.629388,122.229841,271.859229
Bb Clarinet,Sight-Reading,278.639456,51.826939,330.466395
