Instrument,ScoreGroup,Start,Duration,End
Oboe,Lyrical Etude,13.88415,91.583648,105.467798
Oboe,Technical Etude,113.229124,102.449505,215.678629
Oboe,Chromatic Scale,218.265737,5.691639,223.957376
Oboe,Major Scales,226.027064,126.250905,352.277969
Oboe,Sight-Reading,356.417342,54.329283,410.746625
