Instrument,ScoreGroup,Start,Duration,End
Bb Clarinet,Lyrical Etude,12.260136,95.294694,107.55483000000001
Bb Clarinet,Technical Etude,113.684898,32.322177,146.00707500000001
Bb Clarinet,Chromatic Scale,152.694422,26.563628,179.25805
Bb Clarinet,Major Scales,190.217868,80.433923,270.651791
Bb Clarinet,Sight-Reading,277.896417,40.86712,318.763537
