Instrument,ScoreGroup,Start,Duration,End
Flute,Lyrical Etude,12.353015873,66.455510204,78.80852607700001
Flute,Technical Etude,84.079455782,23.336054422,107.415510204
Flute,Chromatic Scale,113.150839002,16.671927438,129.82276644
Flute,Major Scales,136.254693878,94.992834467,231.247528345
Flute,Sight-Reading,235.845079365,42.562176871,278.407256236
