Instrument,ScoreGroup,Start,Duration,End
Alto Saxophone,Lyrical Etude,15.766349206,48.658140589,64.424489795
Alto Saxophone,Technical Etude,71.102040816,20.767346938,91.869387754
Alto Saxophone,Chromatic Scale,100.473469381,10.530612244,111.004081625
Alto Saxophone,Major Scales,119.118367341,70.857142857,189.975510198
Alto Saxophone,Sight-Reading,196.669387751,41.35510204,238.02448979099998
