Instrument,ScoreGroup,Start,Duration,End
Flute,Lyrical Etude,11.435827664,52.535147392,63.970975056
Flute,Technical Etude,69.775963719,44.175963719,113.95192743800001
Flute,Chromatic Scale,122.183401361,11.598367347,133.781768708
Flute,Major Scales,140.71292517,104.211156463,244.92408163300001
Flute,Sight-Reading,249.846712018,58.14276644,307.989478458
