Instrument,ScoreGroup,Start,Duration,End
Bb Clarinet,Lyrical Etude,11.563537415,54.334693878,65.89823129300001
Bb Clarinet,Technical Etude,71.192380952,23.405714286,94.59809523799998
Bb Clarinet,Chromatic Scale,102.817959184,13.653333333,116.47129251700001
Bb Clarinet,Major Scales,123.297959184,79.133605442,202.431564626
Bb Clarinet,Sight-Reading,208.840272109,59.210884354,268.051156463
