Instrument,ScoreGroup,Start,Duration,End
Flute,Lyrical Etude,11.377778,43.885714,55.263492
Flute,Technical Etude,59.814603,41.285079,101.099682
Flute,Chromatic Scale,107.60127,16.416508,124.01777799999999
Flute,Major Scales,132.95746,97.686349,230.643809
Flute,Sight-Reading,234.707302,60.952381,295.659683
