Instrument,ScoreGroup,Start,Duration,End
Bb Clarinet,Lyrical Etude,14.117732426,78.947845804,93.06557823
Bb Clarinet,Technical Etude,100.681723356,28.606984126,129.288707482
Bb Clarinet,Chromatic Scale,138.762448979,14.303492063,153.065941042
Bb Clarinet,Major Scales,161.425124716,108.112108843,269.537233559
Bb Clarinet,Sight-Reading,274.924263038,45.696870748,320.621133786
