Instrument,ScoreGroup,Start,Duration,End
Bb Clarinet,Lyrical Etude,10.100680272,114.242176871,124.342857143
Bb Clarinet,Technical Etude,129.509297052,45.278911565,174.788208617
Bb Clarinet,Chromatic Scale,180.477097506,15.383219955,195.860317461
Bb Clarinet,Major Scales,202.199365079,124.342857143,326.54222222199996
Bb Clarinet,Sight-Reading,332.27755102,77.32244898,409.59999999999997
