Instrument,ScoreGroup,Start,Duration,End
Trumpet,Lyrical Etude,12.27755102,39.967346938,52.244897957999996
Trumpet,Technical Etude,58.514285714,23.510204081,82.02448979500001
Trumpet,Chromatic Scale,89.33877551,11.493877551,100.832653061
Trumpet,Major Scales,109.714285714,100.832653061,210.546938775
Trumpet,Sight-Reading,217.6,42.840816326,260.440816326
