Instrument,ScoreGroup,Start,Duration,End
Xylophone,Mallet Etude,19.527982,75.998912,95.526894
Snare Drum,Snare Etude,105.070295,116.076553,221.146848
Timpani,Timpani Etude,230.759909,38.545125,269.305034
Xylophone,Chromatic Scale,279.684354,6.037188,285.721542
Xylophone,Major Scales,293.430567,89.675465,383.106032
Xylophone,Sight-Reading,390.211338,27.190567,417.401905
Snare Drum,Sight-Reading,423.787392,28.792744,452.58013600000004
