Instrument,ScoreGroup,Start,Duration,End
Bb Clarinet,Lyrical Etude,15.046531,101.239002,116.285533
Bb Clarinet,Technical Etude,123.530159,65.201633,188.73179199999998
Bb Clarinet,Chromatic Scale,201.177687,16.904127,218.08181399999998
Bb Clarinet,Major Scales,227.555556,121.672562,349.228118
Bb Clarinet,Sight-Reading,356.472744,62.786757,419.259501
