Instrument,ScoreGroup,Start,Duration,End
Bb Clarinet,Lyrical Etude,13.931972789,80.433922902,94.365895691
Bb Clarinet,Technical Etude,100.310204081,30.464580498,130.774784579
Bb Clarinet,Chromatic Scale,138.01941043,15.78956916,153.80897958999998
Bb Clarinet,Major Scales,161.239365079,105.511473922,266.75083900100003
Bb Clarinet,Sight-Reading,272.13786848,48.297505668,320.435374148
