Instrument,ScoreGroup,Start,Duration,End
Flute,Lyrical Etude,10.541175,105.706604,116.247779
Flute,Technical Etude,122.439797,51.747584,174.18738100000002
Flute,Chromatic Scale,185.244558,12.384037,197.62859500000002
Flute,Major Scales,205.589762,96.418576,302.008338
Flute,Sight-Reading,309.969505,41.132695,351.10220000000004
