Instrument,ScoreGroup,Start,Duration,End
Alto Saxophone,Lyrical Etude,10.623129251,67.6861678,78.309297051
Alto Saxophone,Technical Etude,84.404535147,17.240816326,101.645351473
Alto Saxophone,Chromatic Scale,108.553287981,8.823582766,117.376870747
Alto Saxophone,Major Scales,123.297959183,95.492063492,218.790022675
Alto Saxophone,Sight-Reading,225.349659863,52.651247165,278.00090702800003
