Instrument,ScoreGroup,Start,Duration,End
Flute,Lyrical Etude,11.822274,95.994032,107.816306
Flute,Technical Etude,117.58561,41.200978,158.786588
Flute,Chromatic Scale,168.980644,11.893066,180.87371000000002
Flute,Major Scales,183.846977,98.967298,282.814275
Flute,Sight-Reading,286.637046,49.696025,336.333071
