Instrument,ScoreGroup,Start,Duration,End
Flute,Lyrical Etude,12.167256236,63.181496599,75.348752835
Flute,Technical Etude,80.61968254,31.346938776,111.966621316
Flute,Chromatic Scale,118.421768707,34.156553288,152.578321995
Flute,Major Scales,160.078367347,84.613514739,244.69188208600002
Flute,Sight-Reading,250.961269841,79.57478458,330.536054421
