Instrument,ScoreGroup,Start,Duration,End
Flute,Lyrical Etude,11.702857142,52.012698412,63.715555554
Flute,Technical Etude,66.873469387,25.820589569,92.69405895599999
Flute,Chromatic Scale,97.895328798,15.78956916,113.684897958
Flute,Major Scales,120.743764172,94.737414965,215.481179137
Flute,Sight-Reading,222.540045351,46.068390022,268.608435373
