Instrument,ScoreGroup,Start,Duration,End
Alto Saxophone,Lyrical Etude,10.681179138,72.167619047,82.848798185
Alto Saxophone,Technical Etude,87.121269841,77.090249433,164.211519274
Alto Saxophone,Chromatic Scale,169.598548752,10.216780045,179.815328797
Alto Saxophone,Major Scales,184.459319727,97.523809523,281.98312925
Alto Saxophone,Sight-Reading,285.187482993,45.836190476,331.023673469
