Instrument,ScoreGroup,Start,Duration,End
Bb Clarinet,Lyrical Etude,13.746213151,97.523809523,111.27002267399999
Bb Clarinet,Technical Etude,119.722086167,69.474104308,189.19619047499998
Bb Clarinet,Chromatic Scale,197.276734693,13.653333333,210.93006802600001
Bb Clarinet,Major Scales,217.431655328,115.078095238,332.509750566
Bb Clarinet,Sight-Reading,340.497414965,50.80526077,391.30267573500004
