Instrument,ScoreGroup,Start,Duration,End
Flute,Lyrical Etude,12.910294785,26.192108844,39.102403629
Flute,Technical Etude,44.675192744,30.928979592,75.604172336
Flute,Chromatic Scale,83.591836735,25.913469388,109.505306123
Flute,Major Scales,117.678730159,93.251337868,210.930068027
Flute,Sight-Reading,217.431655329,57.49260771,274.924263039
