Instrument,ScoreGroup,Start,Duration,End
Bb Clarinet,Lyrical Etude,12.8,76.27755102,89.07755102
Bb Clarinet,Technical Etude,95.47755102,70.530612244,166.00816326400002
Bb Clarinet,Chromatic Scale,173.191836734,11.493877551,184.685714285
Bb Clarinet,Major Scales,192.539863945,76.254331065,268.79419501
Bb Clarinet,Sight-Reading,276.596099773,126.223673469,402.819773242
