Instrument,ScoreGroup,Start,Duration,End
Flute,Lyrical Etude,10.634739229,47.113287982,57.748027211
Flute,Technical Etude,62.78675737,26.261768707,89.04852607699999
Flute,Chromatic Scale,95.666213152,20.294240363,115.960453515
Flute,Major Scales,122.996099773,139.505487528,262.501587301
Flute,Sight-Reading,267.215238095,78.05968254,345.274920635
