Instrument,ScoreGroup,Start,Duration,End
Bb Clarinet,Lyrical Etude,40.124081633,463.656054422,503.780136055
Bb Clarinet,Technical Etude,526.071292517,89.16462585,615.235918367
Bb Clarinet,Chromatic Scale,648.672653061,43.467755102,692.140408163
Bb Clarinet,Major Scales,723.348027211,366.68952381,1090.0375510210001
Bb Clarinet,Sight-Reading,1114.557823129,143.777959184,1258.335782313
