Instrument,ScoreGroup,Start,Duration,End
Xylophone,Mallet Etude,15.696689,49.783583,65.480272
Snare Drum,Snare Etude,70.588662,88.421587,159.010249
Timpani,Timpani Etude,164.702041,95.085714,259.787755
Xylophone,Chromatic Scale,265.311202,8.823583,274.13478499999997
Xylophone,Major Scales,283.689796,88.032653,371.722449
Xylophone,Sight-Reading,376.816327,45.453061,422.269388
Snare Drum,Sight-Reading,425.853968,34.040454,459.894422
