Instrument,ScoreGroup,Start,Duration,End
Flute,Lyrical Etude,13.560454,72.446259,86.00671299999999
Flute,Technical Etude,91.858141,42.167438,134.025579
Flute,Chromatic Scale,141.548844,11.981497,153.530341
Flute,Major Scales,161.053605,99.567166,260.620771
Flute,Sight-Reading,266.0078,48.390385,314.39818499999996
