Instrument,ScoreGroup,Start,Duration,End
Xylophone,Mallet Etude,13.583673,55.771429,69.355102
Snare Drum,Snare Etude,87.902041,71.57551,159.477551
Timpani,Timpani Etude,177.586213,55.727891,233.314104
Xylophone,Chromatic Scale,242.677551,7.477551,250.155102
Xylophone,Major Scales,258.612245,104.359184,362.97142899999994
Xylophone,Sight-Reading,370.742857,21.355102,392.097959
Snare Drum,Sight-Reading,402.285714,27.559184,429.844898
