Instrument,ScoreGroup,Start,Duration,End
Bb Clarinet,Lyrical Etude,12.074376417,102.910839002,114.985215419
Bb Clarinet,Technical Etude,121.486802721,75.975691609,197.46249433
Bb Clarinet,Chromatic Scale,203.406802721,14.117732426,217.524535147
Bb Clarinet,Major Scales,225.326439909,121.301043083,346.62748299199995
Bb Clarinet,Sight-Reading,352.200272108,39.566802721,391.76707482899997
