Instrument,ScoreGroup,Start,Duration,End
Flute,Lyrical Etude,16.253968254,52.012698413,68.26666666700001
Flute,Technical Etude,74.419954649,32.740136054,107.16009070300001
Flute,Chromatic Scale,114.358276644,23.103854875,137.462131519
Flute,Major Scales,146.425034014,88.189387755,234.614421769
Flute,Sight-Reading,235.990204082,39.079183673,275.069387755
