Instrument,ScoreGroup,Start,Duration,End
Bb Clarinet,Lyrical Etude,12.840634921,47.461587302,60.302222223
Bb Clarinet,Technical Etude,66.316190476,43.723174603,110.03936507899999
Bb Clarinet,Chromatic Scale,116.540952381,16.904126984,133.445079365
Bb Clarinet,Major Scales,142.663401361,80.805442177,223.46884353800002
Bb Clarinet,Sight-Reading,230.156190476,46.811428571,276.967619047
