Instrument,ScoreGroup,Start,Duration,End
Flute,Lyrical Etude,16.370068,35.99093,52.360997999999995
Flute,Technical Etude,66.292971,44.698413,110.991384
Flute,Chromatic Scale,118.886168,16.718367,135.604535
Flute,Major Scales,142.454422,72.678458,215.13288
Flute,Sight-Reading,220.35737,42.492517,262.849887
