Instrument,ScoreGroup,Start,Duration,End
Alto Saxophone,Lyrical Etude,14.733061224,67.970612245,82.703673469
Alto Saxophone,Technical Etude,87.928163265,34.168163265,122.09632653
Alto Saxophone,Chromatic Scale,130.716734694,12.930612245,143.647346939
Alto Saxophone,Major Scales,149.49877551,96.365714286,245.864489796
Alto Saxophone,Sight-Reading,250.697142857,61.544489796,312.241632653
