Instrument,ScoreGroup,Start,Duration,End
Bb Clarinet,Lyrical Etude,11.377777778,58.026666667,69.404444445
Bb Clarinet,Technical Etude,73.224126984,26.087619048,99.311746032
Bb Clarinet,Chromatic Scale,105.975873016,17.473015873,123.44888888899999
Bb Clarinet,Major Scales,129.219047619,84.683174603,213.902222222
Bb Clarinet,Sight-Reading,217.060136054,88.607346939,305.667482993
