Instrument,ScoreGroup,Start,Duration,End
Bb Clarinet,Lyrical Etude,11.102041,99.395918,110.497959
Bb Clarinet,Technical Etude,115.853061,47.020408,162.873469
Bb Clarinet,Chromatic Scale,169.142857,14.759184,183.902041
Bb Clarinet,Major Scales,190.040816,113.371429,303.412245
Bb Clarinet,Sight-Reading,309.028571,56.946939,365.97551
