Instrument,ScoreGroup,Start,Duration,End
Flute,Lyrical Etude,12.016327,118.073469,130.089796
Flute,Technical Etude,134.791837,60.081633,194.87347
Flute,Chromatic Scale,203.232653,16.195918,219.428571
Flute,Major Scales,227.265306,94.040816,321.306122
Flute,Sight-Reading,326.751202,65.573152,392.32435399999997
