Instrument,ScoreGroup,Start,Duration,End
Flute,Lyrical Etude,12.074376,50.898141,62.972517
Flute,Technical Etude,70.217143,21.919637,92.13677999999999
Flute,Chromatic Scale,100.124444,14.303492,114.427936
Flute,Major Scales,120.743764,91.579501,212.323265
Flute,Sight-Reading,218.453333,39.938322,258.391655
