Instrument,ScoreGroup,Start,Duration,End
Bb Clarinet,Lyrical Etude,12.260136,74.861134,87.12127000000001
Bb Clarinet,Technical Etude,90.836463,21.733878,112.570341
Bb Clarinet,Chromatic Scale,119.257687,12.074376,131.332063
Bb Clarinet,Major Scales,137.462132,65.015873,202.478005
Bb Clarinet,Sight-Reading,207.865034,43.653515,251.518549
