Instrument,ScoreGroup,Start,Duration,End
Bb Clarinet,Lyrical Etude,10.58829932,100.031564626,110.61986394600001
Bb Clarinet,Technical Etude,113.684897959,55.170612245,168.85551020399998
Bb Clarinet,Chromatic Scale,174.149659864,21.455238095,195.604897959
Bb Clarinet,Major Scales,200.899047619,69.38122449,270.28027210899995
Bb Clarinet,Sight-Reading,276.13170068,73.560816327,349.692517007
