Instrument,ScoreGroup,Start,Duration,End
Flute,Lyrical Etude,12.469115646,38.243265306,50.712380952
Flute,Technical Etude,55.356371882,28.560544218,83.9169161
Flute,Chromatic Scale,90.325623583,14.953650794,105.279274377
Flute,Major Scales,111.618321995,113.29015873,224.908480725
Flute,Sight-Reading,229.389931973,57.864126984,287.254058957
