Instrument,ScoreGroup,Start,Duration,End
Alto Saxophone,Lyrical Etude,10.448979591,49.423673469,59.872653060000005
Alto Saxophone,Technical Etude,64.261224489,22.77877551,87.039999999
Alto Saxophone,Chromatic Scale,92.055510204,11.911836734,103.967346938
Alto Saxophone,Major Scales,110.863673469,68.33632653,179.199999999
Alto Saxophone,Sight-Reading,181.916734693,60.91755102,242.83428571299999
