Instrument,ScoreGroup,Start,Duration,End
Alto Saxophone,Lyrical Etude,19.118730159,63.288888889,82.407619048
Alto Saxophone,Technical Etude,90.189206349,38.359365079,128.548571428
Alto Saxophone,Chromatic Scale,137.386666667,7.334603175,144.721269842
Alto Saxophone,Major Scales,153.843809524,89.782857143,243.626666667
Alto Saxophone,Sight-Reading,251.48952381,39.639365079,291.128888889
