Instrument,ScoreGroup,Start,Duration,End
Alto Saxophone,Lyrical Etude,19.853061224,76.858049886,96.71111111
Alto Saxophone,Technical Etude,111.107482993,53.289795918,164.397278911
Alto Saxophone,Chromatic Scale,178.67755102,10.100680272,188.77823129200002
Alto Saxophone,Major Scales,204.8,104.605895691,309.405895691
Alto Saxophone,Sight-Reading,323.6861678,58.049886621,381.736054421
