Instrument,ScoreGroup,Start,Duration,End
Alto Saxophone,Lyrical Etude,10.774058956,47.740226757,58.514285713
Alto Saxophone,Technical Etude,63.065396825,23.939773242,87.005170067
Alto Saxophone,Chromatic Scale,94.222222222,17.904761904,112.126984126
Alto Saxophone,Major Scales,118.730158731,56.995555555,175.725714286
Alto Saxophone,Sight-Reading,180.720907021,38.289705215,219.010612236
