Instrument,ScoreGroup,Start,Duration,End
Bb Clarinet,Lyrical Etude,14.889795918,49.240816326,64.130612244
Bb Clarinet,Technical Etude,70.530612244,24.946938775,95.477551019
Bb Clarinet,Chromatic Scale,101.35510204,10.579591836,111.93469387600001
Bb Clarinet,Major Scales,118.726530612,96.653061224,215.379591836
Bb Clarinet,Sight-Reading,220.604081632,59.820408163,280.424489795
