Instrument,ScoreGroup,Start,Duration,End
French Horn,Lyrical Etude,17.196329,42.154426,59.350755
French Horn,Technical Etude,66.175757,59.016196,125.19195300000001
French Horn,Chromatic Scale,148.878725,14.854417,163.73314200000002
French Horn,Major Scales,176.981676,90.330912,267.312588
French Horn,Sight-Reading,272.531707,47.373545,319.90525199999996
