Instrument,ScoreGroup,Start,Duration,End
Flute,Lyrical Etude,17.020226757,52.50031746,69.520544217
Flute,Technical Etude,76.509750567,20.944399093,97.45414966
Flute,Chromatic Scale,105.372154195,14.2338322,119.60598639499999
Flute,Major Scales,127.361451247,123.251519274,250.61297052100002
Flute,Sight-Reading,258.34521542,60.627301587,318.97251700699996
