Instrument,ScoreGroup,Start,Duration,End
Trumpet,Lyrical Etude,8.173424036,55.356371882,63.529795918
Trumpet,Technical Etude,66.351020408,28.473469387,94.824489795
Trumpet,Chromatic Scale,99.787755102,10.187755102,109.975510204
Trumpet,Major Scales,115.330612244,54.073469387,169.404081631
Trumpet,Sight-Reading,174.106122448,54.595918367,228.702040815
