Instrument,ScoreGroup,Start,Duration,End
Flute,Lyrical Etude,14.860770975,115.728253968,130.589024943
Flute,Technical Etude,137.833650793,21.919637188,159.753287981
Flute,Chromatic Scale,164.211519274,13.560453514,177.771972788
Flute,Major Scales,182.97324263,91.76526077,274.7385034
Flute,Sight-Reading,279.568253968,29.350022675,308.918276643
