Instrument,ScoreGroup,Start,Duration,End
Bb Clarinet,Lyrical Etude,14.930430839,119.745306122,134.675736961
Bb Clarinet,Technical Etude,141.525623583,51.943038549,193.468662132
Bb Clarinet,Chromatic Scale,200.411428571,14.048072562,214.45950113299997
Bb Clarinet,Major Scales,221.379047619,111.943401361,333.32244898
Bb Clarinet,Sight-Reading,339.9169161,58.862585034,398.779501134
