Instrument,ScoreGroup,Start,Duration,End
Xylophone,Mallet Etude,18.622404,29.489342,48.111746
Snare Drum,Snare Etude,55.510204,69.616327,125.126531
Timpani,Timpani Etude,131.265306,59.167347,190.43265300000002
Xylophone,Chromatic Scale,198.251973,8.916463,207.16843599999999
Xylophone,Major Scales,245.295601,54.984853,300.280454
Xylophone,Sight-Reading,308.639637,59.535964,368.175601
Snare Drum,Sight-Reading,377.370703,45.139592,422.510295
