Instrument,ScoreGroup,Start,Duration,End
Bb Clarinet,Lyrical Etude,2.972154195,25.820589569,28.792743764
Bb Clarinet,Technical Etude,30.093061224,7.058866213,37.151927437
Bb Clarinet,Chromatic Scale,38.545124717,3.157913832,41.703038549
Bb Clarinet,Major Scales,43.374875283,26.563628118,69.938503401
Bb Clarinet,Sight-Reading,71.053061224,8.173424036,79.22648526
