Instrument,ScoreGroup,Start,Duration,End
Flute,Lyrical Etude,8.289524,34.946032,43.235556
Flute,Technical Etude,49.737143,47.461587,97.19873000000001
Flute,Chromatic Scale,105.813333,28.119365,133.932698
Flute,Major Scales,143.847619,80.619683,224.46730200000002
Flute,Sight-Reading,231.131429,38.846984,269.978413
