Instrument,ScoreGroup,Start,Duration,End
Alto Saxophone,Lyrical Etude,18.4830839,50.526621315,69.009705215
Alto Saxophone,Technical Etude,79.133605442,60.743401361,139.877006803
Alto Saxophone,Chromatic Scale,151.579863946,10.959818594,162.53968254
Alto Saxophone,Major Scales,176.750294785,110.34122449,287.091519275
Alto Saxophone,Sight-Reading,295.264943311,61.300680272,356.56562358300005
