Instrument,ScoreGroup,Start,Duration,End
Flute,Lyrical Etude,13.490793651,63.39047619,76.881269841
Flute,Technical Etude,82.407619048,27.631746032,110.03936508
Flute,Chromatic Scale,116.053333333,18.041904762,134.095238095
Flute,Major Scales,139.296507937,117.841269841,257.137777778
Flute,Sight-Reading,266.727619048,77.206349206,343.933968254
