Instrument,ScoreGroup,Start,Duration,End
Bb Clarinet,Lyrical Etude,14.396371882,108.669387755,123.065759637
Bb Clarinet,Technical Etude,127.941950113,26.006349206,153.948299319
Bb Clarinet,Chromatic Scale,161.146485261,11.145578231,172.292063492
Bb Clarinet,Major Scales,178.097052154,95.201814059,273.298866213
Bb Clarinet,Sight-Reading,276.085260771,56.656689342,332.741950113
