Instrument,ScoreGroup,Start,Duration,End
Alto Saxophone,Lyrical Etude,15.650249,59.071565,74.721814
Alto Saxophone,Technical Etude,82.384399,32.995556,115.379955
Alto Saxophone,Chromatic Scale,124.435737,18.575964,143.01170100000002
Alto Saxophone,Major Scales,149.327528,88.328707,237.65623499999998
Alto Saxophone,Sight-Reading,246.410159,43.630295,290.040454
