Instrument,ScoreGroup,Start,Duration,End
Flute,Lyrical Etude,13.165714,62.577778,75.743492
Flute,Technical Etude,80.619683,61.114921,141.734604
Flute,Chromatic Scale,145.635556,20.805079,166.44063500000001
Flute,Major Scales,172.129524,125.968254,298.097778
Flute,Sight-Reading,301.511111,58.676825,360.18793600000004
