Instrument,ScoreGroup,Start,Duration,End
Flute,Lyrical Etude,11.981496599,58.79292517,70.774421769
Flute,Technical Etude,77.183129252,20.201360544,97.384489796
Flute,Chromatic Scale,106.161632653,9.89170068,116.053333333
Flute,Major Scales,122.044081633,86.796190476,208.840272109
Flute,Sight-Reading,217.060136054,41.935238095,258.995374149
