Instrument,ScoreGroup,Start,Duration,End
Bb Clarinet,Lyrical Etude,9.659501134,47.275827664,56.935328798
Bb Clarinet,Technical Etude,61.765079365,27.492426304,89.257505669
Bb Clarinet,Chromatic Scale,95.480453515,25.727709751,121.20816326599999
Bb Clarinet,Major Scales,126.780952381,102.678639456,229.459591837
Bb Clarinet,Sight-Reading,239.769251701,104.907755102,344.677006803
