Instrument,ScoreGroup,Start,Duration,End
Bb Clarinet,Lyrical Etude,12.53877551,98.522267574,111.061043084
Bb Clarinet,Technical Etude,116.726712018,46.114829932,162.84154195
Bb Clarinet,Chromatic Scale,169.48244898,12.654875283,182.13732426299998
Bb Clarinet,Major Scales,190.241088435,101.540861678,291.781950113
Bb Clarinet,Sight-Reading,299.723174603,81.502040816,381.22521541900005
