Instrument,ScoreGroup,Start,Duration,End
Xylophone,Mallet Etude,11.377778,30.51102,41.888797999999994
Snare Drum,Snare Etude,47.368707,66.40907,113.777777
Timpani,Timpani Etude,118.008163,53.681633,171.689796
Xylophone,Chromatic Scale,178.445351,6.942766,185.388117
Xylophone,Major Scales,190.171429,95.216327,285.38775599999997
Xylophone,Sight-Reading,290.873469,56.555102,347.428571
Snare Drum,Sight-Reading,353.828571,52.114286,405.942857
