Instrument,ScoreGroup,Start,Duration,End
Oboe,Lyrical Etude,14.214832,104.824456,119.039288
Oboe,Technical Etude,128.092309,56.224027,184.316336
Oboe,Chromatic Scale,194.322307,8.576546,202.898853
Oboe,Major Scales,214.334248,111.971578,326.305826
Oboe,Sight-Reading,333.929423,45.741581,379.671004
