Instrument,ScoreGroup,Start,Duration,End
Alto Saxophone,Lyrical Etude,17.252426304,65.224852608,82.477278912
Alto Saxophone,Technical Etude,92.113560091,55.704671202,147.818231293
Alto Saxophone,Chromatic Scale,158.89414966,9.752380952,168.64653061200002
Alto Saxophone,Major Scales,178.398911565,97.152290249,275.551201814
Alto Saxophone,Sight-Reading,287.741678005,62.624217687,350.365895692
