Instrument,ScoreGroup,Start,Duration,End
Flute,Lyrical Etude,11.86572,108.643356,120.509076
Flute,Technical Etude,127.916577,34.979868,162.896445
Flute,Chromatic Scale,170.303947,10.699724,181.003671
Flute,Major Scales,189.234229,74.075015,263.309244
Flute,Sight-Reading,274.832024,52.675566,327.50759
