Instrument,ScoreGroup,Start,Duration,End
Flute,Lyrical Etude,12.678095238,42.016507937,54.694603175
Flute,Technical Etude,59.652063492,32.101587302,91.75365079400001
Flute,Chromatic Scale,97.605079365,18.448253968,116.053333333
Flute,Major Scales,121.788662132,94.50521542,216.293877552
Flute,Sight-Reading,221.779591837,47.908571429,269.688163266
