Instrument,ScoreGroup,Start,Duration,End
Xylophone,Mallet Etude,6.037188,30.371701,36.408889
Snare Drum,Snare Etude,42.318367,77.583673,119.90204
Timpani,Timpani Etude,125.257143,50.808163,176.065306
Xylophone,Chromatic Scale,183.118367,6.82449,189.942857
Xylophone,Major Scales,196.832653,98.220408,295.053061
Xylophone,Sight-Reading,301.580771,46.997188,348.577959
Snare Drum,Sight-Reading,358.980499,39.473923,398.454422
