Instrument,ScoreGroup,Start,Duration,End
Flute,Lyrical Etude,10.402539682,54.532063492,64.934603174
Flute,Technical Etude,68.998095238,26.331428571,95.32952380900001
Flute,Chromatic Scale,100.855873015,22.918095238,123.77396825299999
Flute,Major Scales,130.12462585,91.533061224,221.657687074
Flute,Sight-Reading,225.837278911,52.941496598,278.778775509
