Instrument,ScoreGroup,Start,Duration,End
Xylophone,Mallet Etude,10.49542,40.216961,50.71238099999999
Snare Drum,Snare Etude,59.428571,45.518367,104.94693799999999
Timpani,Timpani Etude,111.734422,70.588662,182.323084
Xylophone,Chromatic Scale,187.461224,8.522449,195.98367299999998
Xylophone,Major Scales,201.920726,65.666032,267.58675800000003
Xylophone,Sight-Reading,273.345306,71.331701,344.677007
Snare Drum,Sight-Reading,349.692517,25.54195,375.234467
