Instrument,ScoreGroup,Start,Duration,End
Flute,Lyrical Etude,13.374693877,57.678367346,71.053061223
Flute,Technical Etude,79.412244897,22.987755102,102.39999999899999
Flute,Chromatic Scale,108.669387755,12.120816326,120.790204081
Flute,Major Scales,127.059591836,89.443265306,216.50285714199998
Flute,Sight-Reading,220.264489795,43.467755102,263.732244897
