Instrument,ScoreGroup,Start,Duration,End
Xylophone,Mallet Etude,16.723991,38.233991,54.957982
Snare Drum,Snare Etude,64.737234,80.219002,144.956236
Timpani,Timpani Etude,152.555102,55.280998,207.8361
Xylophone,Chromatic Scale,216.549297,6.048005,222.59730199999998
Xylophone,Major Scales,231.363628,100.1,331.46362799999997
Xylophone,Sight-Reading,335.296145,45.953991,381.250136
Snare Drum,Sight-Reading,384.708209,48.125011,432.83322
