Instrument,ScoreGroup,Start,Duration,End
Flute,Lyrical Etude,15.66068,98.641027,114.301707
Flute,Technical Etude,123.655598,45.068745,168.724343
Flute,Chromatic Scale,177.653057,12.755305,190.40836199999998
Flute,Major Scales,198.061546,95.66479,293.726336
Flute,Sight-Reading,301.379518,36.990385,338.369903
