Instrument,ScoreGroup,Start,Duration,End
Alto Saxophone,Lyrical Etude,15.499319728,42.43446712,57.933786848
Alto Saxophone,Technical Etude,70.786031746,66.885079365,137.67111111100002
Alto Saxophone,Chromatic Scale,146.703673469,9.148662132,155.852335601
Alto Saxophone,Major Scales,168.298231293,106.440272109,274.738503402
Alto Saxophone,Sight-Reading,282.435918367,47.647346939,330.083265306
