Instrument,ScoreGroup,Start,Duration,End
Flute,Lyrical Etude,11.702857143,34.690612245,46.393469388
Flute,Technical Etude,50.85170068,29.117823129,79.96952380900001
Flute,Chromatic Scale,87.492789116,39.079183673,126.571972789
Flute,Major Scales,134.42031746,95.573333333,229.993650793
Flute,Sight-Reading,234.707301587,74.199365079,308.906666666
