Instrument,ScoreGroup,Start,Duration,End
Flute,Lyrical Etude,11.424217687,66.316190476,77.740408163
Flute,Technical Etude,82.059319728,51.408979592,133.46829932
Flute,Chromatic Scale,138.669569161,17.18276644,155.852335601
Flute,Major Scales,162.725442177,124.273197279,286.998639456
Flute,Sight-Reading,291.456870748,68.73106576,360.187936508
