Instrument,ScoreGroup,Start,Duration,End
Alto Saxophone,Lyrical Etude,10.495419501,174.056780045,184.552199546
Alto Saxophone,Technical Etude,190.682267573,52.012698412,242.69496598499998
Alto Saxophone,Chromatic Scale,247.524716553,9.84526077,257.369977323
Alto Saxophone,Major Scales,263.053061224,96.914285714,359.967346938
Alto Saxophone,Sight-Reading,363.624489795,21.028571428,384.653061223
