Instrument,ScoreGroup,Start,Duration,End
Alto Saxophone,Lyrical Etude,15.568979591,80.666122448,96.235102039
Alto Saxophone,Technical Etude,106.370612244,56.842448979,163.213061223
Alto Saxophone,Chromatic Scale,170.840816326,11.702857142,182.543673468
Alto Saxophone,Major Scales,190.484897959,84.741224489,275.226122448
Alto Saxophone,Sight-Reading,280.868571428,39.91510204,320.783673468
