Instrument,ScoreGroup,Start,Duration,End
Bb Clarinet,Lyrical Etude,17.240816,72.881633,90.12244899999999
Bb Clarinet,Technical Etude,100.702041,28.081633,128.783674
Bb Clarinet,Chromatic Scale,141.583673,14.889796,156.473469
Bb Clarinet,Major Scales,165.511837,121.672562,287.184399
Bb Clarinet,Sight-Reading,295.079184,44.396553,339.475737
