Instrument,ScoreGroup,Start,Duration,End
Bb Clarinet,Lyrical Etude,27.840725624,96.200272109,124.040997733
Bb Clarinet,Technical Etude,131.494603175,42.701496599,174.196099774
Bb Clarinet,Chromatic Scale,181.858684807,11.23845805,193.097142857
Bb Clarinet,Major Scales,202.45478458,93.135238095,295.590022675
Bb Clarinet,Sight-Reading,303.275827664,43.026575964,346.30240362800004
