Instrument,ScoreGroup,Start,Duration,End
Bb Clarinet,Lyrical Etude,14.83755102,64.783673469,79.62122448899999
Bb Clarinet,Technical Etude,86.831020408,33.436734694,120.267755102
Bb Clarinet,Chromatic Scale,126.780952381,20.897959184,147.67891156500002
Bb Clarinet,Major Scales,153.6,104.721995465,258.321995465
Bb Clarinet,Sight-Reading,264.59138322,65.944671202,330.536054422
