Instrument,ScoreGroup,Start,Duration,End
Bb Clarinet,Lyrical Etude,13.931972789,54.056054421,67.98802721
Bb Clarinet,Technical Etude,73.189297052,44.953832199,118.143129251
Bb Clarinet,Chromatic Scale,124.83047619,16.532607709,141.363083899
Bb Clarinet,Major Scales,148.421950113,75.789931972,224.211882085
Bb Clarinet,Sight-Reading,230.713469387,52.012698412,282.726167799
