Instrument,ScoreGroup,Start,Duration,End
Alto Saxophone,Lyrical Etude,16.277188209,56.610249433,72.887437642
Alto Saxophone,Technical Etude,76.904489796,46.230929705,123.135419501
Alto Saxophone,Chromatic Scale,129.219047619,9.264761905,138.483809524
Alto Saxophone,Major Scales,144.544217687,102.376780045,246.92099773200002
Alto Saxophone,Sight-Reading,251.634648526,41.238639456,292.873287982
