Instrument,ScoreGroup,Start,Duration,End
Oboe,Lyrical Etude,11.88861678,55.356371882,67.244988662
Oboe,Technical Etude,74.118095238,40.309841269,114.427936507
Oboe,Chromatic Scale,124.087437641,16.161088435,140.248526076
Oboe,Major Scales,151.765623582,83.591836734,235.357460316
Oboe,Sight-Reading,243.159365079,60.74340136,303.902766439
