Instrument,ScoreGroup,Start,Duration,End
Xylophone,Mallet Etude,13.444354,58.096327,71.540681
Snare Drum,Snare Etude,78.181587,44.326893,122.50847999999999
Timpani,Timpani Etude,128.313469,60.534422,188.847891
Xylophone,Chromatic Scale,197.299955,12.678095,209.97805000000002
Xylophone,Major Scales,217.524535,136.719093,354.24362799999994
Xylophone,Sight-Reading,362.417052,119.118367,481.53541900000005
Snare Drum,Sight-Reading,488.478186,38.498685,526.976871
