Instrument,ScoreGroup,Start,Duration,End
Alto Saxophone,Lyrical Etude,15.580589569,44.048253968,59.628843536999995
Alto Saxophone,Technical Etude,65.549931973,48.390385488,113.940317461
Alto Saxophone,Chromatic Scale,120.627664399,7.24462585,127.872290249
Alto Saxophone,Major Scales,133.143219955,92.183219955,225.32643991
Alto Saxophone,Sight-Reading,234.86984127,46.114829932,280.984671202
