Instrument,ScoreGroup,Start,Duration,End
Alto Saxophone,Lyrical Etude,18.390204081,105.325714285,123.71591836600001
Alto Saxophone,Technical Etude,128.174149659,67.616507936,195.790657595
Alto Saxophone,Chromatic Scale,202.292244897,11.145578231,213.437823128
Alto Saxophone,Major Scales,218.824852607,98.824126984,317.648979591
Alto Saxophone,Sight-Reading,321.735691609,50.15510204,371.890793649
