Instrument,ScoreGroup,Start,Duration,End
Bb Clarinet,Lyrical Etude,11.377777778,46.114829932,57.49260771
Bb Clarinet,Technical Etude,65.689251701,29.303582766,94.99283446700001
Bb Clarinet,Chromatic Scale,99.985124717,14.767891156,114.75301587300001
Bb Clarinet,Major Scales,122.53170068,102.121360544,224.653061224
Bb Clarinet,Sight-Reading,232.907755102,50.67755102,283.585306122
