Instrument,ScoreGroup,Start,Duration,End
Bb Clarinet,Lyrical Etude,11.493877551,80.457142857,91.95102040799999
Bb Clarinet,Technical Etude,99.134693877,46.889795918,146.024489795
Bb Clarinet,Chromatic Scale,152.415782312,12.167256235,164.583038547
Bb Clarinet,Major Scales,169.505668934,99.195646258,268.701315192
Bb Clarinet,Sight-Reading,276.503219954,45.696870748,322.20009070199995
