Instrument,ScoreGroup,Start,Duration,End
Bb Clarinet,Lyrical Etude,17.240816326,60.865306122,78.10612244800001
Bb Clarinet,Technical Etude,92.212244897,36.048979591,128.261224488
Bb Clarinet,Chromatic Scale,141.061224489,14.367346938,155.428571427
Bb Clarinet,Major Scales,166.13877551,118.857142857,284.995918367
Bb Clarinet,Sight-Reading,294.661224489,57.208163265,351.869387754
