Instrument,ScoreGroup,Start,Duration,End
Trumpet,Lyrical Etude,13.055484,62.114199,75.16968299999999
Trumpet,Technical Etude,78.620472,20.359654,98.98012600000001
Trumpet,Chromatic Scale,101.395679,11.732682,113.128361
Trumpet,Major Scales,121.065175,109.044927,230.11010199999998
Trumpet,Sight-Reading,235.631364,38.648835,274.280199
