Instrument,ScoreGroup,Start,Duration,End
Flute,Lyrical Etude,14.117732,138.39093,152.508662
Flute,Technical Etude,158.54585,59.907483,218.453333
Flute,Chromatic Scale,225.605079,15.60381,241.208889
Flute,Major Scales,248.546395,87.678549,336.224944
Flute,Sight-Reading,342.262132,55.913651,398.175783
