Instrument,ScoreGroup,Start,Duration,End
Flute,Lyrical Etude,13.041255,115.18425,128.225505
Flute,Technical Etude,133.57161,60.265177,193.836787
Flute,Chromatic Scale,202.098949,13.122256,215.221205
Flute,Major Scales,225.427404,110.324155,335.751559
Flute,Sight-Reading,341.583674,45.198883,386.782557
