Instrument,ScoreGroup,Start,Duration,End
Flute,Lyrical Etude,12.956734693,75.093333333,88.050068026
Flute,Technical Etude,93.901496598,67.291428571,161.19292516899998
Flute,Chromatic Scale,167.462312925,19.644081632,187.106394557
Flute,Major Scales,193.793741496,95.434013605,289.227755101
Flute,Sight-Reading,295.357823129,44.164353741,339.52217687
