Instrument,ScoreGroup,Start,Duration,End
Alto Saxophone,Lyrical Etude,14.512471655,60.133877551,74.646349206
Alto Saxophone,Technical Etude,84.601904762,32.142222222,116.744126984
Alto Saxophone,Chromatic Scale,123.408253968,9.224126984,132.632380952
Alto Saxophone,Major Scales,140.068571429,92.241269841,232.30984127
Alto Saxophone,Sight-Reading,241.005714286,54.613333333,295.619047619
