Instrument,ScoreGroup,Start,Duration,End
Bb Clarinet,Lyrical Etude,10.959819,63.715556,74.675375
Bb Clarinet,Technical Etude,79.319365,25.44907,104.76843500000001
Bb Clarinet,Chromatic Scale,112.38458,15.789569,128.174149
Bb Clarinet,Major Scales,135.790295,77.276009,213.066304
Bb Clarinet,Sight-Reading,219.010612,43.839274,262.849886
