Instrument,ScoreGroup,Start,Duration,End
Alto Saxophone,Lyrical Etude,13.467573696,45.348571429,58.816145125000006
Alto Saxophone,Technical Etude,64.110294785,42.538956916,106.649251701
Alto Saxophone,Chromatic Scale,114.056417234,8.359183673,122.415600907
Alto Saxophone,Major Scales,130.194285714,100.194104308,230.38839002199998
Alto Saxophone,Sight-Reading,237.493696145,49.597823129,287.091519274
