Instrument,ScoreGroup,Start,Duration,End
Flute,Lyrical Etude,12.669388,83.2,95.869388
Flute,Technical Etude,101.355102,48.326531,149.681633
Flute,Chromatic Scale,159.738776,15.412245,175.15102100000001
Flute,Major Scales,181.115646,106.440272,287.555918
Flute,Sight-Reading,290.713832,59.814603,350.528435
