Instrument,ScoreGroup,Start,Duration,End
Bb Clarinet,Lyrical Etude,11.493878,80.195918,91.689796
Bb Clarinet,Technical Etude,100.310204,26.644898,126.955102
Bb Clarinet,Chromatic Scale,135.314286,17.763265,153.077551
Bb Clarinet,Major Scales,159.608163,80.195918,239.804081
Bb Clarinet,Sight-Reading,244.506122,44.669388,289.17551000000003
