Instrument,ScoreGroup,Start,Duration,End
Bb Clarinet,Lyrical Etude,12.051156463,50.503401361,62.554557824
Bb Clarinet,Technical Etude,66.176870748,24.241632653,90.418503401
Bb Clarinet,Chromatic Scale,96.130612245,17.205986395,113.33659863999999
Bb Clarinet,Major Scales,119.536326531,96.339591837,215.875918368
Bb Clarinet,Sight-Reading,221.204897959,71.15755102,292.36244897899996
