Instrument,ScoreGroup,Start,Duration,End
Alto Saxophone,Lyrical Etude,15.557369614,65.480272108,81.03764172199999
Alto Saxophone,Technical Etude,86.146031746,39.706122448,125.85215419400001
Alto Saxophone,Chromatic Scale,129.102947845,10.448979591,139.551927436
Alto Saxophone,Major Scales,146.517913832,85.681632653,232.19954648499998
Alto Saxophone,Sight-Reading,237.075736961,38.080725623,275.156462584
