Instrument,ScoreGroup,Start,Duration,End
Xylophone,Mallet Etude,15.52254,34.295873,49.818413
Snare Drum,Snare Etude,57.620317,45.99873,103.619047
Timpani,Timpani Etude,110.852063,46.648889,157.50095199999998
Xylophone,Chromatic Scale,166.846984,6.989206,173.83619
Xylophone,Major Scales,182.450794,70.542222,252.993016
Xylophone,Sight-Reading,263.801905,72.248889,336.050794
Snare Drum,Sight-Reading,341.902222,31.370159,373.272381
