Instrument,ScoreGroup,Start,Duration,End
Bb Clarinet,Lyrical Etude,13.281814,67.152109,80.433923
Bb Clarinet,Technical Etude,88.793107,25.82059,114.613697
Bb Clarinet,Chromatic Scale,125.852154,16.161088,142.013242
Bb Clarinet,Major Scales,150.929705,78.669206,229.59891100000002
Bb Clarinet,Sight-Reading,236.843537,22.987755,259.831292
