Instrument,ScoreGroup,Start,Duration,End
Alto Saxophone,Lyrical Etude,9.93814059,74.060045351,83.998185941
Alto Saxophone,Technical Etude,87.829478458,29.663492063,117.49297052099999
Alto Saxophone,Chromatic Scale,125.271655329,9.636281179,134.907936508
Alto Saxophone,Major Scales,140.945124717,54.624943311,195.570068028
Alto Saxophone,Sight-Reading,199.575510204,43.014965986,242.59047619
