Instrument,ScoreGroup,Start,Duration,End
Flute,Lyrical Etude,11.493878,32.130612,43.62449
Flute,Technical Etude,48.326531,27.428571,75.75510200000001
Flute,Chromatic Scale,82.477279,16.718367,99.195646
Flute,Major Scales,105.511474,83.591837,189.10331100000002
Flute,Sight-Reading,195.790658,41.610159,237.40081700000002
