Instrument,ScoreGroup,Start,Duration,End
Bb Clarinet,Lyrical Etude,13.746213151,70.588662131,84.33487528200001
Bb Clarinet,Technical Etude,85.449433106,85.077913832,170.527346938
Bb Clarinet,Chromatic Scale,171.08462585,15.046530612,186.131156462
Bb Clarinet,Major Scales,191.332426303,119.443446712,310.775873015
Bb Clarinet,Sight-Reading,317.277460317,124.83047619,442.10793650700003
