Instrument,ScoreGroup,Start,Duration,End
Flute,Lyrical Etude,10.4722,54.636553,65.10875300000001
Flute,Technical Etude,70.356463,31.230839,101.58730200000001
Flute,Chromatic Scale,108.785488,16.486168,125.27165600000001
Flute,Major Scales,132.237642,101.006803,233.24444499999998
Flute,Sight-Reading,238.120635,43.421315,281.54195
