Instrument,ScoreGroup,Start,Duration,End
Alto Saxophone,Lyrical Etude,12.074376417,57.585487528,69.659863945
Alto Saxophone,Technical Etude,76.45170068,32.565986395,109.017687075
Alto Saxophone,Chromatic Scale,116.610612245,11.946666667,128.557278912
Alto Saxophone,Major Scales,137.195102041,76.382040816,213.577142857
Alto Saxophone,Sight-Reading,220.125170068,48.37877551,268.50394557799996
