Instrument,ScoreGroup,Start,Duration,End
Alto Saxophone,Lyrical Etude,11.749297052,39.00952381,50.75882086199999
Alto Saxophone,Technical Etude,58.514285714,68.347936508,126.86222222200001
Alto Saxophone,Chromatic Scale,135.140136054,9.578231293,144.718367347
Alto Saxophone,Major Scales,152.090702948,108.204988662,260.29569161
Alto Saxophone,Sight-Reading,266.936598639,61.765079365,328.70167800400003
