Instrument,ScoreGroup,Start,Duration,End
Flute,Lyrical Etude,9.102222222,32.600816327,41.703038549
Flute,Technical Etude,46.718548753,26.749387755,73.46793650800001
Flute,Chromatic Scale,79.992743764,27.980045351,107.972789115
Flute,Major Scales,113.429478458,84.288435374,197.71791383200002
Flute,Sight-Reading,200.968707483,53.289795918,254.258503401
