Instrument,ScoreGroup,Start,Duration,End
Bb Clarinet,Lyrical Etude,9.404081633,115.449614512,124.853696145
Bb Clarinet,Technical Etude,129.776326531,53.568435374,183.34476190499998
Bb Clarinet,Chromatic Scale,190.61260771,18.715283447,209.32789115699998
Bb Clarinet,Major Scales,215.597278912,123.646258503,339.243537415
Bb Clarinet,Sight-Reading,346.85968254,54.84553288,401.70521542
