Instrument,ScoreGroup,Start,Duration,End
Bb Clarinet,Lyrical Etude,9.520181406,48.134965986,57.655147391999996
Bb Clarinet,Technical Etude,62.949297052,34.876371882,97.82566893399999
Bb Clarinet,Chromatic Scale,104.373696145,15.18585034,119.559546485
Bb Clarinet,Major Scales,126.52553288,116.726712018,243.25224489800001
Bb Clarinet,Sight-Reading,247.896235828,98.644172336,346.540408164
