Instrument,ScoreGroup,Start,Duration,End
Alto Saxophone,Lyrical Etude,11.84217687,44.442993197,56.285170066999996
Alto Saxophone,Technical Etude,61.857959183,24.102312925,85.960272108
Alto Saxophone,Chromatic Scale,95.689433106,13.49079365,109.180226756
Alto Saxophone,Major Scales,117.330430831,56.052970521,173.383401352
Alto Saxophone,Sight-Reading,179.768888881,55.008072562,234.776961443
