Instrument,ScoreGroup,Start,Duration,End
Alto Saxophone,Lyrical Etude,13.409523809,191.634285714,205.043809523
Alto Saxophone,Technical Etude,211.789206349,61.358730158,273.147936507
Alto Saxophone,Chromatic Scale,279.812063492,10.24,290.052063492
Alto Saxophone,Major Scales,296.472380952,89.315555555,385.787936507
Alto Saxophone,Sight-Reading,390.339047619,38.44063492,428.77968253899996
