Instrument,ScoreGroup,Start,Duration,End
Bb Clarinet,Lyrical Etude,19.365442,107.67093,127.036372
Bb Clarinet,Technical Etude,148.44517,242.973605,391.418775
Bb Clarinet,Chromatic Scale,424.92517,20.874739,445.79990899999996
Bb Clarinet,Major Scales,448.655964,132.260862,580.916826
Bb Clarinet,Sight-Reading,584.701678,133.2361,717.937778
