Instrument,ScoreGroup,Start,Duration,End
Bb Clarinet,Lyrical Etude,11.145578,64.644354,75.78993200000001
Bb Clarinet,Technical Etude,79.505125,35.108571,114.613696
Bb Clarinet,Chromatic Scale,121.301043,23.034195,144.335238
Bb Clarinet,Major Scales,151.579864,79.690884,231.27074799999997
Bb Clarinet,Sight-Reading,235.72898,43.467755,279.196735
