Instrument,ScoreGroup,Start,Duration,End
Bb Clarinet,Lyrical Etude,13.910204,93.583673,107.493877
Bb Clarinet,Technical Etude,121.273469,40.75102,162.02448900000002
Bb Clarinet,Chromatic Scale,170.840816,13.518367,184.359183
Bb Clarinet,Major Scales,193.567347,104.032653,297.6
Bb Clarinet,Sight-Reading,305.632653,53.289796,358.92244900000003
