Instrument,ScoreGroup,Start,Duration,End
Alto Saxophone,Lyrical Etude,21.037278912,62.972517007,84.009795919
Alto Saxophone,Technical Etude,89.559365079,42.655056689,132.214421768
Alto Saxophone,Chromatic Scale,139.877006803,16.462947846,156.339954649
Alto Saxophone,Major Scales,163.468480726,86.262131519,249.73061224499997
Alto Saxophone,Sight-Reading,255.628480726,77.415328798,333.043809524
