Instrument,ScoreGroup,Start,Duration,End
Flute,Lyrical Etude,10.58829932,30.37170068,40.96
Flute,Technical Etude,46.114829932,25.216870748,71.33170068
Flute,Chromatic Scale,79.830204082,16.439727891,96.269931973
Flute,Major Scales,104.071836735,61.579319728,165.651156463
Flute,Sight-Reading,171.920544218,44.721632653,216.642176871
