Instrument,ScoreGroup,Start,Duration,End
Flute,Lyrical Etude,10.170340136,53.220136054,63.39047619
Flute,Technical Etude,67.012789116,23.823673469,90.83646258499999
Flute,Chromatic Scale,96.687891156,17.693605442,114.38149659800001
Flute,Major Scales,118.979047619,113.127619048,232.106666667
Flute,Sight-Reading,236.564897959,38.452244898,275.017142857
