Instrument,ScoreGroup,Start,Duration,End
Flute,Lyrical Etude,10.58829932,37.244807256,47.833106576000006
Flute,Technical Etude,52.384217687,34.644172336,87.028390023
Flute,Chromatic Scale,92.694058957,18.111564626,110.805623583
Flute,Major Scales,111.455782313,60.046802721,171.502585034
Flute,Sight-Reading,175.542857143,44.617142857,220.16
