Instrument,ScoreGroup,Start,Duration,End
Flute,Lyrical Etude,18.320544218,49.55138322,67.871927438
Flute,Technical Etude,88.119727891,52.616417234,140.736145125
Flute,Chromatic Scale,152.183582766,21.223038549,173.406621315
Flute,Major Scales,186.688435374,121.068843537,307.757278911
Flute,Sight-Reading,323.523628118,69.079365079,392.602993197
