Instrument,ScoreGroup,Start,Duration,End
Alto Saxophone,Lyrical Etude,11.563537415,44.228208617,55.791746032
Alto Saxophone,Technical Etude,60.383492063,27.916190476,88.299682539
Alto Saxophone,Chromatic Scale,92.566349206,8.736507937,101.302857143
Alto Saxophone,Major Scales,106.463492063,78.547301587,185.01079365
Alto Saxophone,Sight-Reading,189.236825397,37.627936508,226.864761905
