Instrument,ScoreGroup,Start,Duration,End
Alto Saxophone,Lyrical Etude,5.363809523,65.991111111,71.354920634
Alto Saxophone,Technical Etude,76.068571428,35.921269841,111.989841269
Alto Saxophone,Chromatic Scale,117.678730158,8.614603174,126.29333333199999
Alto Saxophone,Major Scales,131.494603174,78.994285714,210.488888888
Alto Saxophone,Sight-Reading,216.177777777,48.761904761,264.939682538
