Instrument,ScoreGroup,Start,Duration,End
Flute,Lyrical Etude,12.353015873,47.275827664,59.628843536999995
Flute,Technical Etude,63.065396825,26.37786848,89.443265305
Flute,Chromatic Scale,95.016054421,39.659682539,134.67573696
Flute,Major Scales,141.177324263,106.440272108,247.617596371
Flute,Sight-Reading,250.961269841,44.21079365,295.172063491
