Instrument,ScoreGroup,Start,Duration,End
Flute,Lyrical Etude,10.681179138,57.121088435,67.802267573
Flute,Technical Etude,70.820861678,42.26031746,113.08117913800001
Flute,Chromatic Scale,120.511564626,10.913378685,131.424943311
Flute,Major Scales,138.623129252,83.824036281,222.44716553300003
Flute,Sight-Reading,226.394557823,39.00952381,265.40408163300003
