Instrument,ScoreGroup,Start,Duration,End
Alto Saxophone,Lyrical Etude,11.88861678,137.647891156,149.536507936
Alto Saxophone,Technical Etude,155.666575963,62.04371882,217.71029478300002
Alto Saxophone,Chromatic Scale,222.911564625,10.158730158,233.070294783
Alto Saxophone,Major Scales,239.629931972,80.39909297,320.029024942
Alto Saxophone,Sight-Reading,323.744217687,32.9723356,356.716553287
