Instrument,ScoreGroup,Start,Duration,End
Trumpet,Lyrical Etude,14.367346938,43.75510204,58.122448977999994
Trumpet,Technical Etude,64.914285714,30.95510204,95.869387754
Trumpet,Chromatic Scale,104.620408163,12.146938775,116.76734693799999
Trumpet,Major Scales,126.040816326,65.436734693,191.477551019
Trumpet,Sight-Reading,199.575510204,58.514285714,258.089795918
