Instrument,ScoreGroup,Start,Duration,End
Xylophone,Mallet Etude,11.238458,43.119456,54.357914
Snare Drum,Snare Etude,72.074739,58.909025,130.983764
Timpani,Timpani Etude,142.059683,64.667574,206.727257
Xylophone,Chromatic Scale,220.21805,12.167256,232.385306
Xylophone,Major Scales,239.722812,122.136961,361.859773
Xylophone,Sight-Reading,367.293243,46.486349,413.77959200000004
Snare Drum,Sight-Reading,421.326077,37.105488,458.431565
