Instrument,ScoreGroup,Start,Duration,End
Bb Clarinet,Lyrical Etude,12.004716553,111.757641723,123.762358276
Bb Clarinet,Technical Etude,128.290249433,56.215510204,184.505759637
Bb Clarinet,Chromatic Scale,192.191564626,12.167256236,204.35882086200002
Bb Clarinet,Major Scales,215.434739229,104.675555556,320.110294785
Bb Clarinet,Sight-Reading,327.285260771,81.989659864,409.27492063500006
