Instrument,ScoreGroup,Start,Duration,End
Bb Clarinet,Lyrical Etude,10.448979591,67.657142857,78.106122448
Bb Clarinet,Technical Etude,88.55510204,28.212244897,116.767346937
Bb Clarinet,Chromatic Scale,128.391836734,12.146938775,140.538775509
Bb Clarinet,Major Scales,149.028571428,104.881632653,253.910204081
Bb Clarinet,Sight-Reading,261.61632653,47.934693877,309.551020407
