Instrument,ScoreGroup,Start,Duration,End
Alto Saxophone,Lyrical Etude,12.631655328,54.706213151,67.33786847900001
Alto Saxophone,Technical Etude,72.817777777,21.176598639,93.99437641600001
Alto Saxophone,Chromatic Scale,100.449523809,12.445895691,112.8954195
Alto Saxophone,Major Scales,119.768526077,99.427845804,219.196371881
Alto Saxophone,Sight-Reading,226.220408163,50.561451247,276.78185941
