Instrument,ScoreGroup,Start,Duration,End
Flute,Lyrical Etude,12.53877551,60.580861678,73.119637188
Flute,Technical Etude,78.111927438,25.658049887,103.769977325
Flute,Chromatic Scale,112.407800454,17.438185941,129.845986395
Flute,Major Scales,137.972970522,81.734240363,219.707210885
Flute,Sight-Reading,225.488979592,48.25106576,273.740045352
