Instrument,ScoreGroup,Start,Duration,End
Alto Saxophone,Lyrical Etude,13.397914,64.690794,78.088708
Alto Saxophone,Technical Etude,84.056236,23.661134,107.71737
Alto Saxophone,Chromatic Scale,120.581224,9.380862,129.962086
Alto Saxophone,Major Scales,142.036463,75.325533,217.36199599999998
Alto Saxophone,Sight-Reading,224.583401,52.430658,277.01405900000003
