Instrument,ScoreGroup,Start,Duration,End
Flute,Lyrical Etude,10.274829932,29.837641723,40.112471655
Flute,Technical Etude,44.756462585,24.497052154,69.253514739
Flute,Chromatic Scale,76.335600907,22.233106576,98.568707483
Flute,Major Scales,108.611337868,68.5569161,177.168253968
Flute,Sight-Reading,182.682993197,41.679818594,224.362811791
