Instrument,ScoreGroup,Start,Duration,End
Alto Saxophone,Lyrical Etude,18.494693878,60.865306122,79.36
Alto Saxophone,Technical Etude,88.398367347,39.810612245,128.208979592
Alto Saxophone,Chromatic Scale,138.396734694,7.627755102,146.024489796
Alto Saxophone,Major Scales,146.337959184,76.016326531,222.354285715
Alto Saxophone,Sight-Reading,229.459591837,39.758367347,269.217959184
