Instrument,ScoreGroup,Start,Duration,End
Bb Clarinet,Lyrical Etude,13.18893424,112.152380952,125.341315192
Bb Clarinet,Technical Etude,132.12154195,54.009614512,186.13115646199998
Bb Clarinet,Chromatic Scale,194.676099773,12.933514739,207.609614512
Bb Clarinet,Major Scales,214.250521542,109.900045351,324.150566893
Bb Clarinet,Sight-Reading,328.933877551,72.632018141,401.565895692
