Instrument,ScoreGroup,Start,Duration,End
Trumpet,Lyrical Etude,17.461405895,45.139591836,62.600997731
Trumpet,Technical Etude,66.501950113,30.464580498,96.96653061100001
Trumpet,Chromatic Scale,104.396916099,18.390204081,122.78712017999999
Trumpet,Major Scales,129.102947845,102.725079365,231.82802721
Trumpet,Sight-Reading,236.286258503,49.597823129,285.884081632
