Instrument,ScoreGroup,Start,Duration,End
Alto Saxophone,Lyrical Etude,12.306575963,50.480181405,62.786757368
Alto Saxophone,Technical Etude,67.128888888,19.388662131,86.51755101900001
Alto Saxophone,Chromatic Scale,92.229659863,10.983038548,103.21269841099999
Alto Saxophone,Major Scales,108.042448971,60.232562358,168.275011329
Alto Saxophone,Sight-Reading,174.753378681,46.672108843,221.42548752399998
