Instrument,ScoreGroup,Start,Duration,End
Alto Saxophone,Lyrical Etude,13.839093,100.658503,114.497596
Alto Saxophone,Technical Etude,120.325805,36.896508,157.22231299999999
Alto Saxophone,Chromatic Scale,164.815238,14.907211,179.72244899999998
Alto Saxophone,Major Scales,186.943855,82.802358,269.746213
Alto Saxophone,Sight-Reading,276.781859,71.285261,348.06712
