Instrument,ScoreGroup,Start,Duration,End
Xylophone,Mallet Etude,15.696689,43.003356,58.700044999999996
Snare Drum,Snare Etude,63.901315,67.244989,131.146304
Timpani,Timpani Etude,138.01941,60.186122,198.205532
Xylophone,Chromatic Scale,204.89288,11.331338,216.22421799999998
Xylophone,Major Scales,224.397642,82.663039,307.060681
Xylophone,Sight-Reading,316.534422,163.096961,479.631383
Snare Drum,Sight-Reading,486.690249,43.467755,530.158004
