Instrument,ScoreGroup,Start,Duration,End
Alto Saxophone,Lyrical Etude,13.844897959,45.714285714,59.559183673
Alto Saxophone,Technical Etude,68.022857143,69.810793651,137.833650794
Alto Saxophone,Chromatic Scale,145.960634921,8.544943311,154.505578232
Alto Saxophone,Major Scales,161.88952381,69.810793651,231.700317461
Alto Saxophone,Sight-Reading,240.605170068,44.860952381,285.466122449
