Instrument,ScoreGroup,Start,Duration,End
Flute,Lyrical Etude,10.808888889,56.157460317,66.966349206
Flute,Technical Etude,72.167619048,39.00952381,111.177142858
Flute,Chromatic Scale,118.166349206,19.586031746,137.752380952
Flute,Major Scales,143.638639456,76.904489796,220.54312925199997
Flute,Sight-Reading,224.386031746,45.511111111,269.897142857
