Instrument,ScoreGroup,Start,Duration,End
Alto Saxophone,Lyrical Etude,14.953650793,45.975510204,60.929160997000004
Alto Saxophone,Technical Etude,65.480272108,29.257142857,94.737414965
Alto Saxophone,Chromatic Scale,102.539319727,10.588299319,113.127619046
Alto Saxophone,Major Scales,119.629206349,90.743582766,210.372789115
Alto Saxophone,Sight-Reading,216.038458049,57.306848072,273.345306121
