Instrument,ScoreGroup,Start,Duration,End
Flute,Lyrical Etude,13.844898,97.697959,111.542857
Flute,Technical Etude,118.073469,21.420408,139.493877
Flute,Chromatic Scale,147.330612,13.061224,160.391836
Flute,Major Scales,168.228571,112.065306,280.293877
Flute,Sight-Reading,286.040816,39.444898,325.48571400000003
