Instrument,ScoreGroup,Start,Duration,End
Flute,Lyrical Etude,11.702857143,48.576145125,60.279002268
Flute,Technical Etude,65.758911565,27.213786848,92.972698413
Flute,Chromatic Scale,100.4030839,21.269478458,121.672562358
Flute,Major Scales,127.709750567,78.762086168,206.471836735
Flute,Sight-Reading,213.344943311,38.916643991,252.261587302
