Instrument,ScoreGroup,Start,Duration,End
Bb Clarinet,Lyrical Etude,12.538776,111.673469,124.212245
Bb Clarinet,Technical Etude,135.183673,44.538776,179.72244899999998
Bb Clarinet,Chromatic Scale,189.64898,12.538776,202.187756
Bb Clarinet,Major Scales,210.651429,110.526984,321.178413
Bb Clarinet,Sight-Reading,325.636644,74.118095,399.754739
