Instrument,ScoreGroup,Start,Duration,End
Xylophone,Mallet Etude,9.566621,55.727891,65.294512
Snare Drum,Snare Etude,70.124263,63.158277,133.28253999999998
Timpani,Timpani Etude,139.226848,41.888798,181.115646
Xylophone,Chromatic Scale,188.081633,6.501587,194.58322
Xylophone,Major Scales,198.791837,91.428571,290.220408
Xylophone,Sight-Reading,296.489796,37.877551,334.367347
Snare Drum,Sight-Reading,342.204082,23.510204,365.714286
