Instrument,ScoreGroup,Start,Duration,End
Xylophone,Mallet Etude,22.755556,33.483175,56.238731
Snare Drum,Snare Etude,62.415238,46.973968,109.389206
Timpani,Timpani Etude,112.47746,48.274286,160.751746
Xylophone,Chromatic Scale,166.603175,11.540317,178.14349199999998
Xylophone,Major Scales,189.846349,78.019048,267.86539700000003
Xylophone,Sight-Reading,274.204444,39.172063,313.376507
Snare Drum,Sight-Reading,326.4,23.55585,349.95585
