Instrument,ScoreGroup,Start,Duration,End
Flute,Lyrical Etude,14.4892517,66.130430839,80.619682539
Flute,Technical Etude,87.307029478,24.334512471,111.641541949
Flute,Chromatic Scale,121.115283446,14.675011337,135.790294783
Flute,Major Scales,144.892517006,97.523809523,242.416326529
Flute,Sight-Reading,250.775510204,35.66585034,286.441360544
