Instrument,ScoreGroup,Start,Duration,End
Alto Saxophone,Lyrical Etude,14.262857143,47.438367347,61.70122449
Alto Saxophone,Technical Etude,68.68462585,58.583945578,127.268571428
Alto Saxophone,Chromatic Scale,133.979138322,8.59138322,142.57052154200002
Alto Saxophone,Major Scales,147.911111111,99.636825397,247.547936508
Alto Saxophone,Sight-Reading,253.65478458,47.275827664,300.93061224400003
