Instrument,ScoreGroup,Start,Duration,End
Flute,Lyrical Etude,11.726077098,55.263492063,66.989569161
Flute,Technical Etude,72.562358277,36.339229025,108.901587302
Flute,Chromatic Scale,117.492970522,35.990929705,153.483900227
Flute,Major Scales,160.751746032,86.471111111,247.222857143
Flute,Sight-Reading,252.261587302,55.751111111,308.012698413
