Instrument,ScoreGroup,Start,Duration,End
Xylophone,Mallet Etude,19.330612,47.934694,67.265306
Snare Drum,Snare Etude,71.706122,89.861224,161.567346
Timpani,Timpani Etude,166.4,89.6,256.0
Xylophone,Chromatic Scale,261.410249,8.916463,270.32671200000004
Xylophone,Major Scales,275.722449,84.767347,360.48979599999996
Xylophone,Sight-Reading,365.061224,48.195918,413.257142
Snare Drum,Sight-Reading,417.076825,38.266485,455.34331
