Instrument,ScoreGroup,Start,Duration,End
Xylophone,Mallet Etude,12.631655,35.294331,47.925986
Snare Drum,Snare Etude,61.30068,58.885805,120.186485
Timpani,Timpani Etude,124.087438,62.415238,186.502676
Xylophone,Chromatic Scale,194.49034,8.544943,203.035283
Xylophone,Major Scales,210.279909,66.50195,276.781859
Xylophone,Sight-Reading,284.026485,67.244989,351.271474
Snare Drum,Sight-Reading,356.472744,39.752562,396.225306
