Instrument,ScoreGroup,Start,Duration,End
Xylophone,Mallet Etude,14.303492,70.960181,85.26367300000001
Snare Drum,Snare Etude,91.765261,76.347211,168.112472
Timpani,Timpani Etude,172.942222,71.331701,244.27392299999997
Xylophone,Chromatic Scale,252.633107,10.774059,263.407166
Xylophone,Major Scales,272.195918,124.342857,396.538775
Xylophone,Sight-Reading,402.808163,53.55102,456.359183
Snare Drum,Sight-Reading,462.628571,56.685714,519.314285
