Instrument,ScoreGroup,Start,Duration,End
Flute,Lyrical Etude,15.046530612,108.669387755,123.715918367
Flute,Technical Etude,127.686530612,25.913469387,153.599999999
Flute,Chromatic Scale,160.078367346,12.747755102,172.82612244799998
Flute,Major Scales,182.857142857,94.876734693,277.73387755
Flute,Sight-Reading,281.704489795,37.198367346,318.90285714099997
