Instrument,ScoreGroup,Start,Duration,End
Alto Saxophone,Lyrical Etude,11.702857143,61.886984127,73.58984127
Alto Saxophone,Technical Etude,79.278730159,34.255238095,113.533968254
Alto Saxophone,Chromatic Scale,116.987936508,9.508571429,126.496507937
Alto Saxophone,Major Scales,128.243809524,101.424761905,229.668571429
Alto Saxophone,Sight-Reading,230.440634921,59.814603175,290.25523809599997
