Instrument,ScoreGroup,Start,Duration,End
Trumpet,Lyrical Etude,16.713388,68.354345,85.06773299999999
Trumpet,Technical Etude,103.895876,22.921217,126.817093
Trumpet,Chromatic Scale,143.189391,9.004764,152.194155
Trumpet,Major Scales,171.431606,93.731407,265.163013
Trumpet,Sight-Reading,288.493538,37.246978,325.740516
