Instrument,ScoreGroup,Start,Duration,End
Flute,Lyrical Etude,9.19510204,82.895238095,92.09034013499999
Flute,Technical Etude,95.155374149,29.257142857,124.412517006
Flute,Chromatic Scale,130.681904761,12.817414965,143.499319726
Flute,Major Scales,148.236190476,106.022312925,254.25850340099998
Flute,Sight-Reading,257.323537414,56.563809523,313.88734693699996
