Instrument,ScoreGroup,Start,Duration,End
Bb Clarinet,Lyrical Etude,13.975510204,57.33877551,71.314285714
Bb Clarinet,Technical Etude,77.322448979,39.706122448,117.028571427
Bb Clarinet,Chromatic Scale,125.126530612,19.069387755,144.195918367
Bb Clarinet,Major Scales,152.685714285,102.530612244,255.21632652899999
Bb Clarinet,Sight-Reading,261.224489795,56.81632653,318.04081632500004
