Instrument,ScoreGroup,Start,Duration,End
Flute,Lyrical Etude,17.461406,28.235465,45.696871
Flute,Technical Etude,58.700045,29.350023,88.05006800000001
Flute,Chromatic Scale,97.33805,20.43356,117.77161
Flute,Major Scales,128.17415,83.220317,211.394467
Flute,Sight-Reading,224.026122,53.498776,277.524898
