Instrument,ScoreGroup,Start,Duration,End
Bb Clarinet,Lyrical Etude,47.55446712,374.491428571,422.04589569099994
Bb Clarinet,Technical Etude,435.420589569,99.567165533,534.987755102
Bb Clarinet,Chromatic Scale,560.25106576,47.55446712,607.80553288
Bb Clarinet,Major Scales,633.068843537,395.296507937,1028.365351474
Bb Clarinet,Sight-Reading,1046.198276644,160.496326531,1206.694603175
