Instrument,ScoreGroup,Start,Duration,End
Xylophone,Mallet Etude,10.710204,85.159184,95.869388
Snare Drum,Snare Etude,97.959184,66.089796,164.04898
Timpani,Timpani Etude,169.142857,60.995918,230.138775
Xylophone,Chromatic Scale,236.277551,7.183673,243.461224
Xylophone,Major Scales,247.640816,102.791837,350.432653
Xylophone,Sight-Reading,355.657143,123.428571,479.08571400000005
Snare Drum,Sight-Reading,485.093878,29.257143,514.3510210000001
