Instrument,ScoreGroup,Start,Duration,End
Trumpet,Lyrical Etude,14.367346938,45.714285714,60.081632651999996
Trumpet,Technical Etude,66.612244897,28.212244897,94.824489794
Trumpet,Chromatic Scale,102.13877551,11.232653061,113.371428571
Trumpet,Major Scales,121.730612244,105.534693877,227.26530612099998
Trumpet,Sight-Reading,233.273469387,63.47755102,296.751020407
