Instrument,ScoreGroup,Start,Duration,End
Flute,Lyrical Etude,10.913378685,44.860952381,55.774331065999995
Flute,Technical Etude,61.207800454,35.712290249,96.920090703
Flute,Chromatic Scale,102.237460317,13.630113379,115.867573696
Flute,Major Scales,122.996099773,104.280816327,227.2769161
Flute,Sight-Reading,232.431746032,70.101043084,302.532789116
