Instrument,ScoreGroup,Start,Duration,End
Xylophone,Mallet Etude,9.195102,57.422948,66.61805
Snare Drum,Snare Etude,73.932336,41.981678,115.91401400000001
Timpani,Timpani Etude,122.69424,54.334694,177.028934
Xylophone,Chromatic Scale,186.316916,8.173424,194.49034
Xylophone,Major Scales,200.364989,67.662948,268.027937
Xylophone,Sight-Reading,274.436644,46.579229,321.015873
Snare Drum,Sight-Reading,326.240363,32.949116,359.189479
