Instrument,ScoreGroup,Start,Duration,End
Flute,Lyrical Etude,11.215238095,29.663492063,40.878730157999996
Flute,Technical Etude,46.73015873,35.677460317,82.407619047
Flute,Chromatic Scale,91.022222222,30.801269841,121.823492063
Flute,Major Scales,129.137777778,72.899047619,202.03682539699997
Flute,Sight-Reading,210.57015873,62.984126984,273.554285714
