Instrument,ScoreGroup,Start,Duration,End
Bb Clarinet,Lyrical Etude,10.588299319,65.573151927,76.161451246
Bb Clarinet,Technical Etude,82.848798185,30.093061224,112.941859409
Bb Clarinet,Chromatic Scale,121.301043083,13.746213151,135.047256234
Bb Clarinet,Major Scales,144.149478458,109.783945578,253.93342403600002
Bb Clarinet,Sight-Reading,261.178049886,37.709206349,298.887256235
