Instrument,ScoreGroup,Start,Duration,End
Bb Clarinet,Lyrical Etude,11.702857143,97.245170068,108.948027211
Bb Clarinet,Technical Etude,114.799455782,23.12707483,137.926530612
Bb Clarinet,Chromatic Scale,143.034920635,13.978412698,157.013333333
Bb Clarinet,Major Scales,163.027301587,94.923174603,257.95047619
Bb Clarinet,Sight-Reading,262.176507937,45.186031746,307.362539683
