Instrument,ScoreGroup,Start,Duration,End
Alto Saxophone,Lyrical Etude,16.137868481,43.769614512,59.907482993
Alto Saxophone,Technical Etude,65.422222222,55.751111111,121.173333333
Alto Saxophone,Chromatic Scale,127.802630385,8.126984127,135.929614512
Alto Saxophone,Major Scales,142.524081633,94.145306122,236.669387755
Alto Saxophone,Sight-Reading,242.729795918,72.20244898,314.932244898
