Instrument,ScoreGroup,Start,Duration,End
Alto Saxophone,Lyrical Etude,11.493877551,78.22802721,89.72190476099999
Alto Saxophone,Technical Etude,95.991292517,49.249523809,145.24081632600002
Alto Saxophone,Chromatic Scale,151.370884353,40.124081632,191.49496598500002
Alto Saxophone,Major Scales,198.112653061,122.18340136,320.296054421
Alto Saxophone,Sight-Reading,324.823945578,83.940136054,408.764081632
