Instrument,ScoreGroup,Start,Duration,End
Xylophone,Mallet Etude,11.888617,63.901315,75.789932
Snare Drum,Snare Etude,83.220317,80.991202,164.211519
Timpani,Timpani Etude,172.384943,75.046893,247.43183599999998
Xylophone,Chromatic Scale,253.004626,10.40254,263.407166
Xylophone,Major Scales,271.58059,111.455782,383.036372
Xylophone,Sight-Reading,392.695873,49.040544,441.736417
Snare Drum,Sight-Reading,451.024399,32.693696,483.718095
