Instrument,ScoreGroup,Start,Duration,End
Flute,Lyrical Etude,13.040379,122.466164,135.506543
Flute,Technical Etude,144.254126,50.055615,194.30974100000003
Flute,Chromatic Scale,202.571347,14.579305,217.150652
Flute,Major Scales,224.440305,110.316743,334.757048
Flute,Sight-Reading,341.074747,44.70987,385.784617
