Instrument,ScoreGroup,Start,Duration,End
Alto Saxophone,Lyrical Etude,13.003174603,54.334693878,67.337868481
Alto Saxophone,Technical Etude,71.68,29.930521542,101.61052154200001
Alto Saxophone,Chromatic Scale,108.924807256,14.024852608,122.949659864
Alto Saxophone,Major Scales,130.240725624,74.512834467,204.753560091
Alto Saxophone,Sight-Reading,210.906848073,48.25106576,259.157913833
