Instrument,ScoreGroup,Start,Duration,End
Xylophone,Mallet Etude,18.677551,50.089796,68.767347
Snare Drum,Snare Etude,76.146939,87.640816,163.787755
Timpani,Timpani Etude,172.016327,100.702041,272.718368
Xylophone,Chromatic Scale,280.775692,6.826667,287.602359
Xylophone,Major Scales,295.357823,90.464943,385.822766
Xylophone,Sight-Reading,392.881633,38.269388,431.151021
Snare Drum,Sight-Reading,439.183673,34.481633,473.665306
