Instrument,ScoreGroup,Start,Duration,End
Xylophone,Mallet Etude,9.845261,49.969342,59.814603
Snare Drum,Snare Etude,64.830113,87.492789,152.322902
Timpani,Timpani Etude,159.346939,97.697959,257.044898
Xylophone,Chromatic Scale,264.0,3.689796,267.689796
Xylophone,Major Scales,275.722449,100.702041,376.42449
Xylophone,Sight-Reading,386.089796,34.220408,420.310204
Snare Drum,Sight-Reading,426.318367,28.342857,454.661224
