Instrument,ScoreGroup,Start,Duration,End
Bb Clarinet,Lyrical Etude,17.240816,93.322449,110.563265
Bb Clarinet,Technical Etude,122.840816,31.477551,154.318367
Bb Clarinet,Chromatic Scale,163.918367,13.518367,177.436734
Bb Clarinet,Major Scales,185.077551,95.281633,280.359184
Bb Clarinet,Sight-Reading,286.040816,40.75102,326.791836
