Instrument,ScoreGroup,Start,Duration,End
Bb Clarinet,Lyrical Etude,12.817415,73.375057,86.192472
Bb Clarinet,Technical Etude,95.108934,28.514104,123.62303800000001
Bb Clarinet,Chromatic Scale,133.09678,16.718367,149.815147
Bb Clarinet,Major Scales,159.346939,79.542857,238.889796
Bb Clarinet,Sight-Reading,248.453515,48.018866,296.47238100000004
