Instrument,ScoreGroup,Start,Duration,End
Bb Clarinet,Lyrical Etude,12.445896,53.034376,65.480272
Bb Clarinet,Technical Etude,70.960181,32.693696,103.65387700000001
Bb Clarinet,Chromatic Scale,109.133787,18.575964,127.709751
Bb Clarinet,Major Scales,134.661224,78.106122,212.767346
Bb Clarinet,Sight-Reading,221.257143,71.183673,292.44081600000004
