Instrument,ScoreGroup,Start,Duration,End
Alto Saxophone,Lyrical Etude,11.168798186,70.85569161,82.024489796
Alto Saxophone,Technical Etude,87.666938776,22.117006803,109.78394557899999
Alto Saxophone,Chromatic Scale,116.331972789,8.010884354,124.342857143
Alto Saxophone,Major Scales,130.960544218,39.775782313,170.736326531
Alto Saxophone,Sight-Reading,175.682176871,35.874829932,211.55700680299998
