Instrument,ScoreGroup,Start,Duration,End
Bb Clarinet,Lyrical Etude,18.088345,64.179955,82.26830000000001
Bb Clarinet,Technical Etude,92.926259,63.669116,156.595375
Bb Clarinet,Chromatic Scale,168.275011,13.328254,181.603265
Bb Clarinet,Major Scales,193.004263,71.88898,264.893243
Bb Clarinet,Sight-Reading,274.645624,40.518821,315.164445
