Instrument,ScoreGroup,Start,Duration,End
Flute,Lyrical Etude,12.817415,85.542313,98.35972799999999
Flute,Technical Etude,102.678639,47.786667,150.465306
Flute,Chromatic Scale,157.570612,14.628571,172.199183
Flute,Major Scales,179.583129,99.892245,279.475374
Flute,Sight-Reading,286.72,50.99102,337.71102
