Instrument,ScoreGroup,Start,Duration,End
Alto Saxophone,Lyrical Etude,17.606530612,70.890521542,88.497052154
Alto Saxophone,Technical Etude,102.341950113,27.689795918,130.031746031
Alto Saxophone,Chromatic Scale,138.187755102,7.98185941,146.169614512
Alto Saxophone,Major Scales,154.528798186,55.466666667,209.995464853
Alto Saxophone,Sight-Reading,217.77414966,41.447619048,259.221768708
