Instrument,ScoreGroup,Start,Duration,End
Bb Clarinet,Lyrical Etude,12.074376,95.108934,107.18331
Bb Clarinet,Technical Etude,117.214331,57.585488,174.799819
Bb Clarinet,Chromatic Scale,182.973243,20.2478,203.221043
Bb Clarinet,Major Scales,211.765986,122.97288,334.73886600000003
Bb Clarinet,Sight-Reading,339.754376,77.461769,417.216145
