Instrument,ScoreGroup,Start,Duration,End
Flute,Lyrical Etude,15.882449,108.948027,124.83047599999999
Flute,Technical Etude,130.960544,44.025034,174.985578
Flute,Chromatic Scale,182.787483,15.32517,198.11265300000002
Flute,Major Scales,204.242721,104.489796,308.732517
Flute,Sight-Reading,312.35483,41.795918,354.150748
