Instrument,ScoreGroup,Start,Duration,End
Flute,Lyrical Etude,10.031020408,106.811791383,116.842811791
Flute,Technical Etude,122.415600907,25.449070294,147.864671201
Flute,Chromatic Scale,153.065941043,27.678185941,180.74412698400002
Flute,Major Scales,185.782857142,122.717460317,308.50031745900003
Flute,Sight-Reading,313.539047619,50.062222222,363.601269841
