Instrument,ScoreGroup,Start,Duration,End
Flute,Lyrical Etude,8.637823,63.251156,71.888979
Flute,Technical Etude,74.954014,44.303673,119.257687
Flute,Chromatic Scale,124.969796,29.814422,154.784218
Flute,Major Scales,159.939048,90.557823,250.496871
Flute,Sight-Reading,254.537143,64.644354,319.181497
