Instrument,ScoreGroup,Start,Duration,End
Flute,Lyrical Etude,12.027936507,78.181587301,90.209523808
Flute,Technical Etude,92.972698412,24.706031746,117.67873015800001
Flute,Chromatic Scale,124.18031746,16.579047619,140.759365079
Flute,Major Scales,145.635555555,62.902857142,208.538412697
Flute,Sight-Reading,212.276825396,44.86095238,257.137777776
