Instrument,ScoreGroup,Start,Duration,End
Flute,Lyrical Etude,12.36462585,46.149659864,58.514285713999996
Flute,Technical Etude,66.118820862,30.302040816,96.42086167800001
Flute,Chromatic Scale,105.012244898,21.768707483,126.780952381
Flute,Major Scales,135.627755102,107.206530612,242.834285714
Flute,Sight-Reading,250.775510204,40.890340136,291.66585034
