Instrument,ScoreGroup,Start,Duration,End
Bb Clarinet,Lyrical Etude,17.884562,109.67097,127.555532
Bb Clarinet,Technical Etude,140.318964,38.763015,179.081979
Bb Clarinet,Chromatic Scale,188.063654,10.399833,198.46348700000001
Bb Clarinet,Major Scales,206.027002,125.74344,331.770442
Bb Clarinet,Sight-Reading,341.224836,34.981258,376.206094
