Instrument,ScoreGroup,Start,Duration,End
Flute,Lyrical Etude,9.287981859,59.4430839,68.731065759
Flute,Technical Etude,73.932335601,48.669024943,122.601360544
Flute,Chromatic Scale,128.17414966,17.83292517,146.00707483000002
Flute,Major Scales,148.979229025,122.601360544,271.580589569
Flute,Sight-Reading,274.924263039,61.300680272,336.224943311
