Instrument,ScoreGroup,Start,Duration,End
Bb Clarinet,Lyrical Etude,13.18893424,44.9538322,58.14276644
Bb Clarinet,Technical Etude,63.274376417,48.529705215,111.80408163199999
Bb Clarinet,Chromatic Scale,121.092063492,20.665759637,141.757823129
Bb Clarinet,Major Scales,153.832199546,112.732879819,266.565079365
Bb Clarinet,Sight-Reading,274.575963719,66.641269841,341.21723356
