Instrument,ScoreGroup,Start,Duration,End
Alto Saxophone,Lyrical Etude,21.73968254,65.567346939,87.30702947900001
Alto Saxophone,Technical Etude,96.130612245,49.893877551,146.024489796
Alto Saxophone,Chromatic Scale,157.80861678,12.45170068,170.26031745999998
Alto Saxophone,Major Scales,177.661678005,77.902947846,255.56462585100002
Alto Saxophone,Sight-Reading,261.398639456,42.52154195,303.920181406
