Instrument,ScoreGroup,Start,Duration,End
Flute,Lyrical Etude,12.887074829,89.396825396,102.283900225
Flute,Technical Etude,107.856689342,29.257142857,137.113832199
Flute,Chromatic Scale,144.544217687,15.325170068,159.86938775500002
Flute,Major Scales,166.254875283,122.229841269,288.484716552
Flute,Sight-Reading,293.685986394,41.424399092,335.110385486
