Instrument,ScoreGroup,Start,Duration,End
Flute,Lyrical Etude,11.517098,26.006349,37.523447000000004
Flute,Technical Etude,42.353197,25.82059,68.173787
Flute,Chromatic Scale,75.046893,15.41805,90.46494299999999
Flute,Major Scales,98.081088,75.975692,174.05678
Flute,Sight-Reading,182.787483,38.452245,221.239728
