Instrument,ScoreGroup,Start,Duration,End
Trumpet,Lyrical Etude,15.151020408,37.35510204,52.506122448
Trumpet,Technical Etude,59.036734693,26.383673469,85.420408162
Trumpet,Chromatic Scale,93.779591836,13.322448979,107.102040815
Trumpet,Major Scales,113.632653061,94.824489795,208.45714285600002
Trumpet,Sight-Reading,213.942857142,49.110204081,263.053061223
