Instrument,ScoreGroup,Start,Duration,End
Bb Clarinet,Lyrical Etude,9.311201814,72.655238095,81.966439909
Bb Clarinet,Technical Etude,87.283809524,46.161269841,133.445079365
Bb Clarinet,Chromatic Scale,139.621587302,18.065124717,157.686712019
Bb Clarinet,Major Scales,163.49170068,121.486802721,284.978503401
Bb Clarinet,Sight-Reading,289.599274376,46.997188209,336.596462585
