Instrument,ScoreGroup,Start,Duration,End
Trumpet,Lyrical Etude,15.062947,58.183057,73.246004
Trumpet,Technical Etude,79.840084,23.66111,103.501194
Trumpet,Chromatic Scale,112.034709,16.291256,128.325965
Trumpet,Major Scales,134.532157,95.8081,230.340257
Trumpet,Sight-Reading,236.934338,69.431781,306.366119
