Instrument,ScoreGroup,Start,Duration,End
Flute,Lyrical Etude,14.303492063,120.92952381,135.233015873
Flute,Technical Etude,140.434285714,20.433560091,160.867845805
Flute,Chromatic Scale,165.883356009,15.046530612,180.929886621
Flute,Major Scales,185.759637188,88.793106576,274.552743764
Flute,Sight-Reading,282.7261678,46.25414966,328.98031746
