Instrument,ScoreGroup,Start,Duration,End
Flute,Lyrical Etude,10.657959,50.155102,60.813061
Flute,Technical Etude,65.619592,28.525714,94.145306
Flute,Chromatic Scale,99.996735,18.912653,118.909388
Flute,Major Scales,126.432653,124.238367,250.67102
Flute,Sight-Reading,255.268571,84.114286,339.382857
