Instrument,ScoreGroup,Start,Duration,End
Bb Clarinet,Lyrical Etude,10.031020408,89.16462585,99.195646258
Bb Clarinet,Technical Etude,103.839637188,48.85478458,152.69442176799998
Bb Clarinet,Chromatic Scale,159.126349206,14.466031746,173.59238095199998
Bb Clarinet,Major Scales,182.206984127,123.367619048,305.574603175
Bb Clarinet,Sight-Reading,309.963174603,58.839365079,368.80253968200003
