Instrument,ScoreGroup,Start,Duration,End
French Horn,Lyrical Etude,22.665009,93.658522,116.323531
French Horn,Technical Etude,130.610424,85.721359,216.331783
French Horn,Chromatic Scale,227.972955,13.228605,241.20156
French Horn,Major Scales,250.726155,100.008252,350.73440700000003
French Horn,Sight-Reading,354.438416,66.672168,421.110584
