Instrument,ScoreGroup,Start,Duration,End
Flute,Lyrical Etude,10.077460317,49.89968254,59.977142857000004
Flute,Technical Etude,63.715555556,25.193650794,88.90920635
Flute,Chromatic Scale,95.085714286,16.416507937,111.50222222299999
Flute,Major Scales,117.191111111,111.177142857,228.368253968
Flute,Sight-Reading,231.293968254,42.585396825,273.87936507899997
