Instrument,ScoreGroup,Start,Duration,End
Alto Saxophone,Lyrical Etude,14.466031746,59.26893424,73.734965986
Alto Saxophone,Technical Etude,80.526802721,32.983945578,113.510748299
Alto Saxophone,Chromatic Scale,122.35755102,10.135510204,132.493061224
Alto Saxophone,Major Scales,139.911836735,92.752108844,232.66394557900003
Alto Saxophone,Sight-Reading,238.619863946,47.124897959,285.744761905
