Instrument,ScoreGroup,Start,Duration,End
Flute,Lyrical Etude,13.990022676,47.775056689,61.765079365000005
Flute,Technical Etude,66.176870748,34.01723356,100.194104308
Flute,Chromatic Scale,108.329795918,11.311020408,119.640816326
Flute,Major Scales,131.866122449,87.457959184,219.324081633
Flute,Sight-Reading,229.180952381,41.099319728,270.280272109
