Instrument,ScoreGroup,Start,Duration,End
Flute,Lyrical Etude,24.357732426,60.487981859,84.845714285
Flute,Technical Etude,89.913469388,21.147573696,111.06104308399999
Flute,Chromatic Scale,117.214331066,15.801179138,133.015510204
Flute,Major Scales,138.971428571,65.236462585,204.207891156
Flute,Sight-Reading,210.44244898,74.67537415,285.11782313
