Instrument,ScoreGroup,Start,Duration,End
Xylophone,Mallet Etude,21.028571,35.853061,56.881631999999996
Snare Drum,Snare Etude,67.337868,78.947846,146.28571399999998
Timpani,Timpani Etude,155.297959,95.738776,251.036735
Xylophone,Chromatic Scale,261.874649,8.219864,270.09451299999995
Xylophone,Major Scales,279.118367,100.832653,379.95101999999997
Xylophone,Sight-Reading,387.633923,31.764898,419.398821
Snare Drum,Sight-Reading,426.02449,25.795918,451.82040800000004
