Instrument,ScoreGroup,Start,Duration,End
Bb Clarinet,Lyrical Etude,11.493877551,105.674013605,117.167891156
Bb Clarinet,Technical Etude,125.759274376,42.794376417,168.553650793
Bb Clarinet,Chromatic Scale,177.354013605,10.704399093,188.058412698
Bb Clarinet,Major Scales,194.095600907,116.726712018,310.822312925
Bb Clarinet,Sight-Reading,321.549931973,58.607165533,380.157097506
