Instrument,ScoreGroup,Start,Duration,End
Flute,Lyrical Etude,11.958276644,33.695056689,45.653333333
Flute,Technical Etude,52.520634921,29.663492063,82.184126984
Flute,Chromatic Scale,88.563809524,15.116190476,103.68
Flute,Major Scales,110.933333333,108.535873016,219.469206349
Flute,Sight-Reading,221.704126984,55.974603175,277.678730159
