Instrument,ScoreGroup,Start,Duration,End
Bb Clarinet,Lyrical Etude,14.628571,99.395918,114.02448899999999
Bb Clarinet,Technical Etude,122.122449,56.555102,178.677551
Bb Clarinet,Chromatic Scale,185.077551,12.538776,197.616327
Bb Clarinet,Major Scales,203.406803,117.028571,320.435374
Bb Clarinet,Sight-Reading,330.057143,73.534694,403.591837
