Instrument,ScoreGroup,Start,Duration,End
Bb Clarinet,Lyrical Etude,10.21678,65.387392,75.604172
Bb Clarinet,Technical Etude,82.291519,26.192109,108.483628
Bb Clarinet,Chromatic Scale,114.706576,16.904127,131.610703
Bb Clarinet,Major Scales,137.740771,78.947846,216.688617
Bb Clarinet,Sight-Reading,223.097324,40.216961,263.314285
