Instrument,ScoreGroup,Start,Duration,End
Flute,Lyrical Etude,13.583673469,53.707755102,67.291428571
Flute,Technical Etude,73.351836734,23.614693877,96.966530611
Flute,Chromatic Scale,104.489795918,14.210612244,118.700408162
Flute,Major Scales,125.17877551,110.341224489,235.519999999
Flute,Sight-Reading,240.953469387,55.588571428,296.542040815
