Instrument,ScoreGroup,Start,Duration,End
Bb Clarinet,Lyrical Etude,12.817414965,71.888979591,84.70639455599999
Bb Clarinet,Technical Etude,88.978866213,67.244988662,156.223854875
Bb Clarinet,Chromatic Scale,162.911201814,24.520272108,187.431473922
Bb Clarinet,Major Scales,194.490340136,87.492789115,281.983129251
Bb Clarinet,Sight-Reading,288.113197278,88.607346938,376.720544216
