Instrument,ScoreGroup,Start,Duration,End
Alto Saxophone,Lyrical Etude,15.325170068,55.751111111,71.076281179
Alto Saxophone,Technical Etude,74.907573696,28.583764172,103.491337868
Alto Saxophone,Chromatic Scale,107.972789116,9.311201814,117.28399093
Alto Saxophone,Major Scales,123.994557823,46.648888889,170.64344671199999
Alto Saxophone,Sight-Reading,173.592380952,43.328435374,216.92081632600002
