Instrument,ScoreGroup,Start,Duration,End
Xylophone,Mallet Etude,17.240816,57.077551,74.318367
Snare Drum,Snare Etude,84.37551,63.085714,147.46122400000002
Timpani,Timpani Etude,155.820408,63.085714,218.90612199999998
Xylophone,Chromatic Scale,227.265306,8.228571,235.493877
Xylophone,Major Scales,240.979592,98.612245,339.591837
Xylophone,Sight-Reading,350.563265,62.82449,413.38775499999997
Snare Drum,Sight-Reading,421.485714,25.077551,446.563265
