Instrument,ScoreGroup,Start,Duration,End
Trumpet,Lyrical Etude,12.01632653,55.902040816,67.918367346
Trumpet,Technical Etude,73.926530612,85.942857142,159.869387754
Trumpet,Chromatic Scale,173.453061224,39.183673469,212.636734693
Trumpet,Major Scales,219.951020408,88.293877551,308.244897959
Trumpet,Sight-Reading,347.167346938,72.359183673,419.526530611
