Instrument,ScoreGroup,Start,Duration,End
Bb Clarinet,Lyrical Etude,16.300408163,97.384489796,113.684897959
Bb Clarinet,Technical Etude,121.208163265,40.751020408,161.95918367299998
Bb Clarinet,Chromatic Scale,168.855510204,15.464489796,184.32000000000002
Bb Clarinet,Major Scales,192.26122449,136.254693878,328.51591836800003
Bb Clarinet,Sight-Reading,332.486530612,74.187755102,406.674285714
