Instrument,ScoreGroup,Start,Duration,End
Flute,Lyrical Etude,10.44898,73.665306,84.114286
Flute,Technical Etude,89.338776,25.077551,114.416327
Flute,Chromatic Scale,120.685714,15.934694,136.620408
Flute,Major Scales,143.673469,109.453061,253.12653
Flute,Sight-Reading,256.783673,54.073469,310.857142
