Instrument,ScoreGroup,Start,Duration,End
Xylophone,Mallet Etude,11.958277,67.639728,79.598005
Snare Drum,Snare Etude,88.003628,114.613696,202.617324
Timpani,Timpani Etude,210.558549,41.494059,252.052608
Xylophone,Chromatic Scale,261.828209,6.385488,268.213697
Xylophone,Major Scales,276.897959,102.121361,379.01932
Xylophone,Sight-Reading,386.217506,49.017324,435.23483
Snare Drum,Sight-Reading,441.573878,29.442902,471.01678
