Instrument,ScoreGroup,Start,Duration,End
Flute,Lyrical Etude,12.399455782,50.033197279,62.432653060999996
Flute,Technical Etude,71.517460317,24.177777778,95.69523809500001
Flute,Chromatic Scale,104.780045351,16.341043084,121.12108843499999
Flute,Major Scales,131.105668934,127.428208617,258.533877551
Flute,Sight-Reading,265.613061224,54.752653061,320.36571428499997
