Instrument,ScoreGroup,Start,Duration,End
Alto Saxophone,Lyrical Etude,13.931972789,46.323809524,60.255782313
Alto Saxophone,Technical Etude,64.179954649,74.303854875,138.48380952399998
Alto Saxophone,Chromatic Scale,145.078276644,12.167256236,157.24553287999998
Alto Saxophone,Major Scales,164.815238095,123.715918367,288.531156462
Alto Saxophone,Sight-Reading,296.867120181,66.641269841,363.508390022
