Instrument,ScoreGroup,Start,Duration,End
Flute,Lyrical Etude,12.956734693,56.215510204,69.172244897
Flute,Technical Etude,77.531428571,26.749387755,104.28081632600001
Flute,Chromatic Scale,112.535510204,21.629387755,134.164897959
Flute,Major Scales,143.220680272,90.836462585,234.05714285700003
Flute,Sight-Reading,238.515374149,46.439909297,284.955283446
