Instrument,ScoreGroup,Start,Duration,End
Bb Clarinet,Lyrical Etude,12.631655328,106.99755102,119.629206348
Bb Clarinet,Technical Etude,125.201995464,57.771247165,182.973242629
Bb Clarinet,Chromatic Scale,190.775147392,11.702857142,202.478004534
Bb Clarinet,Major Scales,209.165351473,115.728253968,324.893605441
Bb Clarinet,Sight-Reading,330.775510204,37.093877551,367.869387755
