Instrument,ScoreGroup,Start,Duration,End
Flute,Lyrical Etude,12.53877551,60.371882086,72.910657596
Flute,Technical Etude,76.741950113,21.942857142,98.68480725500001
Flute,Chromatic Scale,103.909297052,14.512471655,118.421768707
Flute,Major Scales,122.949659863,74.071655328,197.02131519099999
Flute,Sight-Reading,200.736507936,48.065306122,248.80181405800002
