Instrument,ScoreGroup,Start,Duration,End
Alto Saxophone,Lyrical Etude,11.284897959,54.439183673,65.72408163200001
Alto Saxophone,Technical Etude,71.366530612,57.155918367,128.522448979
Alto Saxophone,Chromatic Scale,134.687346938,11.702857142,146.39020408
Alto Saxophone,Major Scales,152.032653061,59.768163265,211.800816326
Alto Saxophone,Sight-Reading,215.457959183,57.364897959,272.82285714200003
