Instrument,ScoreGroup,Start,Duration,End
Xylophone,Mallet Etude,11.167347,54.922449,66.089796
Snare Drum,Snare Etude,71.118367,45.910204,117.028571
Timpani,Timpani Etude,123.251519,78.762086,202.01360499999998
Xylophone,Chromatic Scale,209.072472,10.866939,219.939411
Xylophone,Major Scales,229.413152,75.046893,304.460045
Xylophone,Sight-Reading,314.305306,120.372245,434.677551
Snare Drum,Sight-Reading,440.881633,43.755102,484.63673500000004
