Instrument,ScoreGroup,Start,Duration,End
Bb Clarinet,Lyrical Etude,16.811247,70.402902,87.21414899999999
Bb Clarinet,Technical Etude,93.714286,27.755102,121.46938800000001
Bb Clarinet,Chromatic Scale,132.897959,15.216327,148.114286
Bb Clarinet,Major Scales,163.468481,119.629206,283.097687
Bb Clarinet,Sight-Reading,288.113197,50.99102,339.104217
