Instrument,ScoreGroup,Start,Duration,End
Alto Saxophone,Lyrical Etude,11.54031746,96.873650793,108.413968253
Alto Saxophone,Technical Etude,113.777777777,63.065396825,176.843174602
Alto Saxophone,Chromatic Scale,182.694603174,9.589841269,192.284444443
Alto Saxophone,Major Scales,199.273650793,97.848888888,297.12253968100003
Alto Saxophone,Sight-Reading,302.323809523,53.15047619,355.47428571300003
