Instrument,ScoreGroup,Start,Duration,End
Alto Saxophone,Lyrical Etude,15.78956916,75.9292517,91.71882086
Alto Saxophone,Technical Etude,100.542403628,47.368707482,147.91111111
Alto Saxophone,Chromatic Scale,159.521088435,11.84217687,171.363265305
Alto Saxophone,Major Scales,177.864852607,101.239002267,279.103854874
Alto Saxophone,Sight-Reading,288.159637188,76.62585034,364.785487528
