Instrument,ScoreGroup,Start,Duration,End
Oboe,Lyrical Etude,15.464489795,58.932244897,74.396734692
Oboe,Technical Etude,82.128979591,35.526530612,117.655510203
Oboe,Chromatic Scale,125.387755102,13.792653061,139.180408163
Oboe,Major Scales,145.031836734,64.156734693,209.188571427
Oboe,Sight-Reading,214.413061224,56.215510204,270.628571428
