Instrument,ScoreGroup,Start,Duration,End
Flute,Lyrical Etude,14.396371882,79.180045351,93.576417233
Flute,Technical Etude,99.381405895,37.61632653,136.997732425
Flute,Chromatic Scale,144.335238095,20.990839002,165.326077097
Flute,Major Scales,173.499501133,122.044081632,295.543582765
Flute,Sight-Reading,304.460045351,46.811428571,351.27147392200004
