Instrument,ScoreGroup,Start,Duration,End
Flute,Lyrical Etude,12.016327,78.106122,90.122449
Flute,Technical Etude,98.742857,22.987755,121.73061200000001
Flute,Chromatic Scale,128.0,12.016327,140.016327
Flute,Major Scales,147.121633,108.297868,255.419501
Flute,Sight-Reading,259.691973,42.724717,302.41669
