Instrument,ScoreGroup,Start,Duration,End
Bb Clarinet,Lyrical Etude,13.061224,75.493878,88.55510199999999
Bb Clarinet,Technical Etude,97.436735,22.987755,120.42448999999999
Bb Clarinet,Chromatic Scale,126.171429,14.106122,140.27755100000002
Bb Clarinet,Major Scales,150.987755,102.138776,253.126531
Bb Clarinet,Sight-Reading,257.044898,54.073469,311.118367
