Instrument,ScoreGroup,Start,Duration,End
Flute,Lyrical Etude,11.702857142,95.573333333,107.27619047499999
Flute,Technical Etude,111.037823129,31.625578231,142.66340136
Flute,Chromatic Scale,149.90802721,16.718367346,166.626394556
Flute,Major Scales,173.871020408,108.808707482,282.67972789
Flute,Sight-Reading,288.949115646,67.430748299,356.379863945
