Instrument,ScoreGroup,Start,Duration,End
Flute,Lyrical Etude,14.547301587,55.466666667,70.01396825399999
Flute,Technical Etude,79.075555556,54.288253968,133.363809524
Flute,Chromatic Scale,142.164172336,20.085260771,162.24943310700002
Flute,Major Scales,171.711564626,100.10122449,271.81278911600003
Flute,Sight-Reading,277.890612245,64.626938776,342.51755102100003
