Instrument,ScoreGroup,Start,Duration,End
Alto Saxophone,Lyrical Etude,16.137868481,51.525079365,67.66294784600001
Alto Saxophone,Technical Etude,78.738866213,20.712199546,99.45106575899999
Alto Saxophone,Chromatic Scale,113.359818594,7.476825397,120.836643991
Alto Saxophone,Major Scales,133.236099773,72.67845805,205.914557823
Alto Saxophone,Sight-Reading,212.671564626,40.634920635,253.30648526099998
