Instrument,ScoreGroup,Start,Duration,End
Bb Clarinet,Lyrical Etude,16.021768707,47.484807256,63.506575963
Bb Clarinet,Technical Etude,75.929251701,22.523356009,98.45260771
Bb Clarinet,Chromatic Scale,107.160090703,15.325170068,122.485260771
Bb Clarinet,Major Scales,132.585941043,91.602721088,224.188662131
Bb Clarinet,Sight-Reading,231.154648526,64.899773243,296.054421769
