Instrument,ScoreGroup,Start,Duration,End
Bb Clarinet,Lyrical Etude,12.53877551,126.316553288,138.855328798
Bb Clarinet,Technical Etude,145.3569161,31.579138322,176.936054422
Bb Clarinet,Chromatic Scale,185.295238095,15.325170068,200.620408163
Bb Clarinet,Major Scales,206.657596372,100.774603175,307.432199547
Bb Clarinet,Sight-Reading,314.398185941,74.303854875,388.702040816
