Instrument,ScoreGroup,Start,Duration,End
Trumpet,Lyrical Etude,15.557246,66.734251,82.29149699999999
Trumpet,Technical Etude,88.204659,23.652646,111.85730500000001
Trumpet,Chromatic Scale,121.149416,21.963171,143.112587
Trumpet,Major Scales,153.671804,122.064548,275.736352
Trumpet,Sight-Reading,284.183726,51.528979,335.71270499999997
