Instrument,ScoreGroup,Start,Duration,End
Flute,Lyrical Etude,9.247347,50.677551,59.924898
Flute,Technical Etude,61.857959,21.420408,83.278367
Flute,Chromatic Scale,86.308571,13.688163,99.996734
Flute,Major Scales,101.459592,97.38449,198.84408200000001
Flute,Sight-Reading,201.247347,53.394286,254.64163299999998
