Instrument,ScoreGroup,Start,Duration,End
Flute,Lyrical Etude,11.981496599,70.402902494,82.384399093
Flute,Technical Etude,90.000544218,39.218503401,129.219047619
Flute,Chromatic Scale,134.861496599,9.89170068,144.753197279
Flute,Major Scales,151.161904762,115.496054422,266.657959184
Flute,Sight-Reading,272.091428571,67.709387755,339.800816326
