Instrument,ScoreGroup,Start,Duration,End
Bb Clarinet,Lyrical Etude,11.145578,76.90449,88.050068
Bb Clarinet,Technical Etude,90.650703,23.405714,114.056417
Bb Clarinet,Chromatic Scale,120.000726,17.089887,137.090613
Bb Clarinet,Major Scales,143.22068,97.15229,240.37296999999998
Bb Clarinet,Sight-Reading,244.088163,52.198458,296.286621
