Instrument,ScoreGroup,Start,Duration,End
Alto Saxophone,Lyrical Etude,12.19047619,51.060680272,63.251156462
Alto Saxophone,Technical Etude,70.611882086,19.527981859,90.139863945
Alto Saxophone,Chromatic Scale,99.149206349,10.332879818,109.48208616699999
Alto Saxophone,Major Scales,118.003809521,74.396734693,192.40054421399998
Alto Saxophone,Sight-Reading,198.391292511,47.182947845,245.574240356
