Instrument,ScoreGroup,Start,Duration,End
Bb Clarinet,Lyrical Etude,10.58829932,98.266848073,108.85514739300001
Bb Clarinet,Technical Etude,115.542494331,39.938321995,155.480816326
Bb Clarinet,Chromatic Scale,161.982403628,14.675011338,176.65741496599998
Bb Clarinet,Major Scales,182.787482993,117.771609977,300.55909297
Bb Clarinet,Sight-Reading,304.460045351,46.811428571,351.27147392200004
