Instrument,ScoreGroup,Start,Duration,End
Bb Clarinet,Lyrical Etude,13.188934,143.5922,156.78113399999998
Bb Clarinet,Technical Etude,165.140317,50.898141,216.03845800000002
Bb Clarinet,Chromatic Scale,221.797007,16.718367,238.515374
Bb Clarinet,Major Scales,244.459683,112.013061,356.47274400000003
Bb Clarinet,Sight-Reading,362.045533,62.600998,424.646531
