Instrument,ScoreGroup,Start,Duration,End
Alto Saxophone,Lyrical Etude,17.414965986,60.186122448,77.60108843399999
Alto Saxophone,Technical Etude,83.731156462,25.07755102,108.808707482
Alto Saxophone,Chromatic Scale,115.217414965,13.931972789,129.149387754
Alto Saxophone,Major Scales,137.229931972,61.997278911,199.227210883
Alto Saxophone,Sight-Reading,203.964081632,57.539047619,261.503129251
