Instrument,ScoreGroup,Start,Duration,End
Xylophone,Mallet Etude,11.885714,42.579592,54.465306
Snare Drum,Snare Etude,58.644898,76.146939,134.791837
Timpani,Timpani Etude,139.319728,153.62322,292.942948
Xylophone,Chromatic Scale,301.97551,7.706122,309.681632
Xylophone,Major Scales,315.428571,96.391837,411.820408
Xylophone,Sight-Reading,417.436735,67.134694,484.57142899999997
Snare Drum,Sight-Reading,489.755283,36.826848,526.582131
