Instrument,ScoreGroup,Start,Duration,End
Flute,Lyrical Etude,17.13632653,48.065306122,65.201632652
Flute,Technical Etude,70.63510204,34.272653061,104.907755101
Flute,Chromatic Scale,111.804081632,17.554285714,129.358367346
Flute,Major Scales,136.254693877,121.417142857,257.671836734
Flute,Sight-Reading,266.031020408,83.800816326,349.83183673400003
