Instrument,ScoreGroup,Start,Duration,End
Xylophone,Mallet Etude,15.882449,33.158095,49.040544000000004
Snare Drum,Snare Etude,60.473469,70.922449,131.395918
Timpani,Timpani Etude,138.669569,56.56381,195.23337899999999
Xylophone,Chromatic Scale,202.942404,9.752381,212.69478500000002
Xylophone,Major Scales,220.473469,99.004082,319.477551
Xylophone,Sight-Reading,323.964807,37.059048,361.023855
Snare Drum,Sight-Reading,366.497959,29.126531,395.62449
