Instrument,ScoreGroup,Start,Duration,End
Flute,Lyrical Etude,9.19510204,48.669024943,57.864126983
Flute,Technical Etude,62.04371882,25.356190476,87.399909296
Flute,Chromatic Scale,94.923174603,16.718367346,111.64154194900001
Flute,Major Scales,118.421768707,86.378231292,204.799999999
Flute,Sight-Reading,208.863492063,55.495691609,264.359183672
