Instrument,ScoreGroup,Start,Duration,End
Flute,Lyrical Etude,12.364626,41.970068,54.334694
Flute,Technical Etude,70.356463,44.814512,115.170975
Flute,Chromatic Scale,122.311111,18.750113,141.06122399999998
Flute,Major Scales,145.821315,83.649887,229.471202
Flute,Sight-Reading,233.186395,47.949206,281.135601
