Instrument,ScoreGroup,Start,Duration,End
Flute,Lyrical Etude,8.359184,109.412426,117.77161
Flute,Technical Etude,122.044082,41.610159,163.654241
Flute,Chromatic Scale,169.04127,17.832925,186.874195
Flute,Major Scales,192.446984,115.914014,308.360998
Flute,Sight-Reading,315.048345,46.625669,361.674014
