Instrument,ScoreGroup,Start,Duration,End
Flute,Lyrical Etude,11.795736961,56.378049886,68.173786847
Flute,Technical Etude,74.675374149,29.814421768,104.48979591700001
Flute,Chromatic Scale,112.384580498,35.851609977,148.236190475
Flute,Major Scales,156.038095238,98.824126984,254.862222222
Flute,Sight-Reading,260.063492063,55.170612244,315.234104307
