Instrument,ScoreGroup,Start,Duration,End
Flute,Lyrical Etude,9.195102,43.154286,52.349388
Flute,Technical Etude,56.946939,47.438367,104.385306
Flute,Chromatic Scale,109.505306,28.212245,137.71755100000001
Flute,Major Scales,143.25551,82.12898,225.38448999999997
Flute,Sight-Reading,230.922449,55.797551,286.72
