Instrument,ScoreGroup,Start,Duration,End
Bb Clarinet,Lyrical Etude,16.763576,92.844419,109.607995
Bb Clarinet,Technical Etude,120.985987,46.877329,167.863316
Bb Clarinet,Chromatic Scale,175.600351,15.01895,190.61930099999998
Bb Clarinet,Major Scales,197.446096,110.138967,307.585063
Bb Clarinet,Sight-Reading,318.052817,45.05685,363.109667
