Instrument,ScoreGroup,Start,Duration,End
Flute,Lyrical Etude,15.510929705,46.347029478,61.857959183000006
Flute,Technical Etude,66.873469387,30.557460317,97.430929704
Flute,Chromatic Scale,104.768435374,18.4830839,123.251519274
Flute,Major Scales,132.632380952,76.904489795,209.53687074700002
Flute,Sight-Reading,215.945578231,61.022040816,276.967619047
