Instrument,ScoreGroup,Start,Duration,End
Flute,Lyrical Etude,11.726077098,47.740226757,59.466303855
Flute,Technical Etude,65.271292517,41.331519274,106.60281179100001
Flute,Chromatic Scale,114.961995465,22.314376417,137.276371882
Flute,Major Scales,144.892517007,115.890793651,260.783310658
Flute,Sight-Reading,264.962902494,52.291337868,317.254240362
