Instrument,ScoreGroup,Start,Duration,End
Flute,Lyrical Etude,13.096054422,43.978594104,57.074648526000004
Flute,Technical Etude,61.811519274,22.291156463,84.102675737
Flute,Chromatic Scale,92.276099773,12.125170068,104.401269841
Flute,Major Scales,111.647346939,100.954557823,212.601904762
Flute,Sight-Reading,219.057052154,54.216417234,273.27346938799997
