Instrument,ScoreGroup,Start,Duration,End
Flute,Lyrical Etude,11.377777778,81.92,93.297777778
Flute,Technical Etude,97.848888889,95.898412698,193.74730158699998
Flute,Chromatic Scale,202.524444444,38.034285714,240.558730158
Flute,Major Scales,248.360634921,122.22984127,370.590476191
Flute,Sight-Reading,375.23446712,78.204807256,453.43927437599996
