Instrument,ScoreGroup,Start,Duration,End
Bb Clarinet,Lyrical Etude,17.275646258,81.176961451,98.45260770899999
Bb Clarinet,Technical Etude,104.211156462,28.792743764,133.003900226
Bb Clarinet,Chromatic Scale,140.805804988,14.303492063,155.109297051
Bb Clarinet,Major Scales,162.168163265,115.542494331,277.71065759600003
Bb Clarinet,Sight-Reading,283.469206349,49.040544217,332.509750566
