Instrument,ScoreGroup,Start,Duration,End
Alto Saxophone,Lyrical Etude,15.731519274,49.226303855,64.95782312899999
Alto Saxophone,Technical Etude,72.933877551,89.443265306,162.377142857
Alto Saxophone,Chromatic Scale,170.91047619,8.614603175,179.525079365
Alto Saxophone,Major Scales,186.827755102,109.923265306,296.751020408
Alto Saxophone,Sight-Reading,302.60244898,59.036734694,361.63918367400004
