Instrument,ScoreGroup,Start,Duration,End
Xylophone,Mallet Etude,11.331338,18.297324,29.628662
Snare Drum,Snare Etude,39.938322,52.755737,92.69405900000001
Timpani,Timpani Etude,99.395918,77.714286,177.110204
Xylophone,Chromatic Scale,187.330612,8.0,195.330612
Xylophone,Major Scales,206.367347,29.910204,236.277551
Xylophone,Sight-Reading,242.677551,10.057143,252.734694
Snare Drum,Sight-Reading,258.089796,29.126531,287.216327
