Instrument,ScoreGroup,Start,Duration,End
Flute,Lyrical Etude,13.746213151,98.824126984,112.57034013500001
Flute,Technical Etude,118.700408163,25.820589569,144.520997732
Flute,Chromatic Scale,151.951383219,14.675011337,166.626394556
Flute,Major Scales,174.428299319,107.554829931,281.98312925
Flute,Sight-Reading,287.927437641,38.452244897,326.379682538
