Instrument,ScoreGroup,Start,Duration,End
Xylophone,Mallet Etude,10.3561,59.698503,70.054603
Snare Drum,Snare Etude,76.416871,47.925986,124.34285700000001
Timpani,Timpani Etude,131.239184,57.469388,188.708572
Xylophone,Chromatic Scale,195.953197,10.4722,206.42539699999998
Xylophone,Major Scales,213.019864,69.311565,282.331429
Xylophone,Sight-Reading,289.413515,84.938594,374.35210900000004
Snare Drum,Sight-Reading,384.24381,33.297415,417.541225
