Instrument,ScoreGroup,Start,Duration,End
Flute,Lyrical Etude,13.003175,47.554467,60.557642
Flute,Technical Etude,69.102585,23.034195,92.13678
Flute,Chromatic Scale,101.796281,17.089887,118.886168
Flute,Major Scales,126.688073,108.855147,235.54322000000002
Flute,Sight-Reading,240.001451,65.758912,305.760363
