Instrument,ScoreGroup,Start,Duration,End
Flute,Lyrical Etude,10.820498866,40.472380952,51.292879818
Flute,Technical Etude,56.49414966,30.650340136,87.144489796
Flute,Chromatic Scale,93.042358277,15.209070295,108.25142857200001
Flute,Major Scales,123.742040816,99.500408163,223.24244897900002
Flute,Sight-Reading,232.542040816,70.765714286,303.307755102
