Instrument,ScoreGroup,Start,Duration,End
Bb Clarinet,Lyrical Etude,12.631655,115.728254,128.35990900000002
Bb Clarinet,Technical Etude,138.39093,74.675374,213.066304
Bb Clarinet,Chromatic Scale,223.654603,22.476916,246.131519
Bb Clarinet,Major Scales,256.534059,120.000726,376.534785
Bb Clarinet,Sight-Reading,384.336689,91.022222,475.358911
