Instrument,ScoreGroup,Start,Duration,End
Alto Saxophone,Lyrical Etude,12.167256235,83.684716553,95.851972788
Alto Saxophone,Technical Etude,101.889160997,73.9323356,175.82149659700002
Alto Saxophone,Chromatic Scale,182.3230839,88.978866213,271.301950113
Alto Saxophone,Major Scales,277.43201814,119.722086167,397.154104307
Alto Saxophone,Sight-Reading,404.584489795,79.133605442,483.71809523700006
