Instrument,ScoreGroup,Start,Duration,End
Alto Saxophone,Lyrical Etude,12.353015873,165.709206349,178.062222222
Alto Saxophone,Technical Etude,182.938412698,52.50031746,235.438730158
Alto Saxophone,Chromatic Scale,239.502222222,10.565079365,250.067301587
Alto Saxophone,Major Scales,255.187301587,101.262222222,356.449523809
Alto Saxophone,Sight-Reading,360.106666666,36.815238095,396.921904761
