Instrument,ScoreGroup,Start,Duration,End
Bb Clarinet,Lyrical Etude,11.911836735,63.460136054,75.371972789
Bb Clarinet,Technical Etude,80.735782313,42.446077098,123.181859411
Bb Clarinet,Chromatic Scale,130.519365079,13.212154195,143.73151927400002
Bb Clarinet,Major Scales,151.069024943,116.889251701,267.95827664399997
Bb Clarinet,Sight-Reading,274.668843537,42.26031746,316.929160997
