Instrument,ScoreGroup,Start,Duration,End
Oboe,Lyrical Etude,13.165714285,53.638095238,66.803809523
Oboe,Technical Etude,74.28063492,33.483174603,107.76380952299999
Oboe,Chromatic Scale,116.053333333,14.628571428,130.681904761
Oboe,Major Scales,137.833650793,59.652063492,197.485714285
Oboe,Sight-Reading,205.612698412,65.991111111,271.603809523
