Instrument,ScoreGroup,Start,Duration,End
Bb Clarinet,Lyrical Etude,11.173536,72.284665,83.458201
Bb Clarinet,Technical Etude,90.948841,36.329599,127.27844
Bb Clarinet,Chromatic Scale,133.27095,13.48315,146.7541
Bb Clarinet,Major Scales,152.372079,103.370817,255.74289600000003
Bb Clarinet,Sight-Reading,263.608067,33.333343,296.94141
