Instrument,ScoreGroup,Start,Duration,End
Alto Saxophone,Lyrical Etude,16.880907,86.93551,103.816417
Alto Saxophone,Technical Etude,111.084263,35.456871,146.541134
Alto Saxophone,Chromatic Scale,157.779592,21.826757,179.60634900000002
Alto Saxophone,Major Scales,191.820045,80.805442,272.625487
Alto Saxophone,Sight-Reading,278.755556,58.049887,336.805443
