Instrument,ScoreGroup,Start,Duration,End
Bb Clarinet,Lyrical Etude,12.445896,114.056417,126.502313
Bb Clarinet,Technical Etude,132.075102,53.127256,185.202358
Bb Clarinet,Chromatic Scale,192.168345,14.489252,206.65759699999998
Bb Clarinet,Major Scales,212.973424,121.951202,334.924626
Bb Clarinet,Sight-Reading,339.382857,55.635011,395.017868
