Instrument,ScoreGroup,Start,Duration,End
Flute,Lyrical Etude,15.88244898,57.121088435,73.003537415
Flute,Technical Etude,79.412244898,43.746394558,123.158639456
Flute,Chromatic Scale,129.845986395,13.653333333,143.49931972800002
Flute,Major Scales,151.30122449,93.901496599,245.20272108900002
Flute,Sight-Reading,250.775510204,45.418231293,296.193741497
