Instrument,ScoreGroup,Start,Duration,End
Flute,Lyrical Etude,11.88861678,62.415238095,74.303854875
Flute,Technical Etude,78.785306122,56.006530612,134.791836734
Flute,Chromatic Scale,144.195918367,13.165714286,157.361632653
Flute,Major Scales,163.84,107.624489796,271.464489796
Flute,Sight-Reading,274.808163265,53.289795918,328.097959183
