Instrument,ScoreGroup,Start,Duration,End
Alto Saxophone,Lyrical Etude,12.260136054,58.44462585,70.70476190400001
Alto Saxophone,Technical Etude,77.206349206,62.496507937,139.702857143
Alto Saxophone,Chromatic Scale,146.407619048,9.264761905,155.672380953
Alto Saxophone,Major Scales,162.690612245,95.921632653,258.61224489800003
Alto Saxophone,Sight-Reading,263.801904762,60.13968254,323.941587302
