Instrument,ScoreGroup,Start,Duration,End
Bb Clarinet,Lyrical Etude,13.453061,103.967347,117.42040800000001
Bb Clarinet,Technical Etude,124.995918,47.804082,172.8
Bb Clarinet,Chromatic Scale,179.069388,14.367347,193.436735
Bb Clarinet,Major Scales,199.50585,123.901678,323.407528
Bb Clarinet,Sight-Reading,327.49424,73.560816,401.055056
