Instrument,ScoreGroup,Start,Duration,End
Alto Saxophone,Lyrical Etude,13.281814059,64.954920635,78.23673469399999
Alto Saxophone,Technical Etude,82.67755102,30.537142857,113.214693877
Alto Saxophone,Chromatic Scale,121.33877551,7.15755102,128.49632653
Alto Saxophone,Major Scales,133.851428571,67.448163265,201.29959183600002
Alto Saxophone,Sight-Reading,206.367346939,41.508571429,247.875918368
