Instrument,ScoreGroup,Start,Duration,End
Flute,Lyrical Etude,13.815873016,50.213151927,64.029024943
Flute,Technical Etude,72.446258503,44.756462585,117.202721088
Flute,Chromatic Scale,127.303401361,11.668027211,138.971428572
Flute,Major Scales,147.818231293,112.152380952,259.970612245
Flute,Sight-Reading,266.100680272,73.839455782,339.940136054
