Instrument,ScoreGroup,Start,Duration,End
Bb Clarinet,Lyrical Etude,12.19047619,101.587301587,113.777777777
Bb Clarinet,Technical Etude,125.318095238,41.285079365,166.603174603
Bb Clarinet,Chromatic Scale,175.38031746,14.791111111,190.17142857099998
Bb Clarinet,Major Scales,201.084807256,137.462131519,338.546938775
Bb Clarinet,Sight-Reading,344.026848073,74.489614512,418.516462585
