Instrument,ScoreGroup,Start,Duration,End
Bb Clarinet,Lyrical Etude,15.934693877,88.55510204,104.489795917
Bb Clarinet,Technical Etude,113.763265306,59.036734693,172.799999999
Bb Clarinet,Chromatic Scale,181.942857142,12.930612244,194.873469386
Bb Clarinet,Major Scales,203.232653061,98.481632653,301.714285714
Bb Clarinet,Sight-Reading,307.853061224,34.612244897,342.46530612099997
