Instrument,ScoreGroup,Start,Duration,End
Flute,Lyrical Etude,11.517097506,66.873469388,78.390566894
Flute,Technical Etude,86.656870748,50.387301587,137.044172335
Flute,Chromatic Scale,146.471473923,13.328253968,159.799727891
Flute,Major Scales,170.504126984,106.138412698,276.642539682
Flute,Sight-Reading,283.794285714,53.556825397,337.351111111
