Instrument,ScoreGroup,Start,Duration,End
Xylophone,Mallet Etude,12.643265,49.319184,61.962449
Snare Drum,Snare Etude,70.426122,53.394286,123.82040800000001
Timpani,Timpani Etude,128.835918,84.427755,213.26367299999998
Xylophone,Chromatic Scale,218.279184,12.852245,231.131429
Xylophone,Major Scales,237.633016,84.358095,321.991111
Xylophone,Sight-Reading,326.379683,45.348571,371.728254
Snare Drum,Sight-Reading,377.092063,34.295873,411.38793599999997
