Instrument,ScoreGroup,Start,Duration,End
Flute,Lyrical Etude,10.866938775,54.752653061,65.619591836
Flute,Technical Etude,69.381224489,24.868571428,94.249795917
Flute,Chromatic Scale,102.504489795,14.524081632,117.028571427
Flute,Major Scales,123.297959183,71.68,194.977959183
Flute,Sight-Reading,199.471020408,55.27510204,254.746122448
