Instrument,ScoreGroup,Start,Duration,End
Bb Clarinet,Lyrical Etude,17.37563,84.875753,102.251383
Bb Clarinet,Technical Etude,110.390154,33.717765,144.10791899999998
Bb Clarinet,Chromatic Scale,152.63425,11.626815,164.261065
Bb Clarinet,Major Scales,170.849594,89.91404,260.763634
Bb Clarinet,Sight-Reading,266.577042,41.856536,308.433578
