Instrument,ScoreGroup,Start,Duration,End
Alto Saxophone,Lyrical Etude,11.261678005,55.542131519,66.803809524
Alto Saxophone,Technical Etude,71.958639456,32.67047619,104.629115646
Alto Saxophone,Chromatic Scale,112.013061224,8.11537415,120.12843537399999
Alto Saxophone,Major Scales,130.12462585,89.791564626,219.916190476
Alto Saxophone,Sight-Reading,224.513741497,70.878911565,295.392653062
