Instrument,ScoreGroup,Start,Duration,End
Xylophone,Mallet Etude,10.588299,61.857959,72.446258
Snare Drum,Snare Etude,77.276009,50.526621,127.80263
Timpani,Timpani Etude,132.260862,41.238639,173.499501
Xylophone,Chromatic Scale,184.45932,8.544943,193.00426299999998
Xylophone,Major Scales,195.918367,105.795918,301.714285
Xylophone,Sight-Reading,306.503401,46.25415,352.757551
Snare Drum,Sight-Reading,357.587302,26.099229,383.686531
