Instrument,ScoreGroup,Start,Duration,End
Alto Saxophone,Lyrical Etude,11.447437641,44.373333333,55.820770974
Alto Saxophone,Technical Etude,61.416780045,22.77877551,84.195555555
Alto Saxophone,Chromatic Scale,91.742040816,10.24,101.982040816
Alto Saxophone,Major Scales,109.157006801,61.556099773,170.713106574
Alto Saxophone,Sight-Reading,180.326167801,47.50802721,227.834195011
