Instrument,ScoreGroup,Start,Duration,End
Trumpet,Lyrical Etude,15.408054,64.147818,79.555872
Trumpet,Technical Etude,88.612035,37.356671,125.968706
Trumpet,Chromatic Scale,139.93029,16.225625,156.15591500000002
Trumpet,Major Scales,165.212077,65.279839,230.491916
Trumpet,Sight-Reading,241.057439,61.129097,302.186536
