Instrument,ScoreGroup,Start,Duration,End
Flute,Lyrical Etude,9.473741497,61.300680272,70.774421769
Flute,Technical Etude,74.396734694,25.216870748,99.61360544200001
Flute,Chromatic Scale,104.907755102,18.390204082,123.29795918399999
Flute,Major Scales,129.706666667,122.183401361,251.890068028
Flute,Sight-Reading,258.020136054,41.099319728,299.119455782
