Instrument,ScoreGroup,Start,Duration,End
Alto Saxophone,Lyrical Etude,18.506666666,201.013333333,219.519999999
Alto Saxophone,Technical Etude,237.493333333,46.453333333,283.946666666
Alto Saxophone,Chromatic Scale,294.346666666,11.626666666,305.973333332
Alto Saxophone,Major Scales,317.6,91.626666666,409.226666666
Alto Saxophone,Sight-Reading,415.04,39.253333333,454.293333333
