Instrument,ScoreGroup,Start,Duration,End
Flute,Lyrical Etude,9.89170068,29.907301587,39.799002267
Flute,Technical Etude,43.514195011,28.792743764,72.30693877499999
Flute,Chromatic Scale,75.604172336,20.990839002,96.595011338
Flute,Major Scales,104.838095238,94.191746032,199.02984127
Flute,Sight-Reading,204.14984127,51.362539683,255.512380953
