Instrument,ScoreGroup,Start,Duration,End
Alto Saxophone,Lyrical Etude,15.743129252,83.313197279,99.056326531
Alto Saxophone,Technical Etude,108.6461678,41.494058957,150.140226757
Alto Saxophone,Chromatic Scale,156.734693878,11.633197279,168.367891157
Alto Saxophone,Major Scales,176.773514739,95.10893424,271.882448979
Alto Saxophone,Sight-Reading,278.291156463,60.557641723,338.848798186
