Instrument,ScoreGroup,Start,Duration,End
Bb Clarinet,Lyrical Etude,10.187755102,38.595918367,48.78367346900001
Bb Clarinet,Technical Etude,51.330612244,35.787755102,87.118367346
Bb Clarinet,Chromatic Scale,91.493877551,13.648979591,105.142857142
Bb Clarinet,Major Scales,109.648979591,64.457142857,174.106122448
Bb Clarinet,Sight-Reading,179.526530612,55.183673469,234.71020408099997
