Instrument,ScoreGroup,Start,Duration,End
Flute,Lyrical Etude,15.580589569,45.882630385,61.463219953999996
Flute,Technical Etude,69.241904762,36.617868481,105.859773243
Flute,Chromatic Scale,115.263854875,17.647165533,132.911020408
Flute,Major Scales,141.386303855,95.898412698,237.284716553
Flute,Sight-Reading,244.041723356,56.285170068,300.326893424
