Instrument,ScoreGroup,Start,Duration,End
Alto Saxophone,Lyrical Etude,15.394829932,68.963265306,84.358095238
Alto Saxophone,Technical Etude,90.836462585,32.705306122,123.54176870700002
Alto Saxophone,Chromatic Scale,130.194285714,9.961360544,140.155646258
Alto Saxophone,Major Scales,145.623945578,96.095782313,241.719727891
Alto Saxophone,Sight-Reading,247.188027211,40.263401361,287.451428572
