Instrument,ScoreGroup,Start,Duration,End
Alto Saxophone,Lyrical Etude,10.031020408,45.673650794,55.704671202
Alto Saxophone,Technical Etude,59.953922902,24.589931973,84.543854875
Alto Saxophone,Chromatic Scale,89.698684807,10.123900227,99.82258503400001
Alto Saxophone,Major Scales,108.297868481,53.313015873,161.610884354
Alto Saxophone,Sight-Reading,167.13723356,32.06675737,199.20399093
