Instrument,ScoreGroup,Start,Duration,End
Bb Clarinet,Lyrical Etude,12.817414966,112.059501134,124.8769161
Bb Clarinet,Technical Etude,130.356825397,52.732517007,183.08934240399998
Bb Clarinet,Chromatic Scale,190.101768707,13.026394558,203.12816326499998
Bb Clarinet,Major Scales,211.185487528,92.833378685,304.018866213
Bb Clarinet,Sight-Reading,312.679909297,61.672199546,374.352108843
