Instrument,ScoreGroup,Start,Duration,End
Alto Saxophone,Lyrical Etude,9.19510204,74.071655328,83.266757368
Alto Saxophone,Technical Etude,89.211065759,22.894875283,112.105941042
Alto Saxophone,Chromatic Scale,116.331972789,10.681179138,127.01315192700001
Alto Saxophone,Major Scales,131.192743764,57.213968253,188.406712017
Alto Saxophone,Sight-Reading,193.282902494,39.473922902,232.756825396
