Instrument,ScoreGroup,Start,Duration,End
Alto Saxophone,Lyrical Etude,12.515555556,45.42984127,57.945396826
Alto Saxophone,Technical Etude,65.178412698,63.309206349,128.487619047
Alto Saxophone,Chromatic Scale,137.247346939,9.508571429,146.755918368
Alto Saxophone,Major Scales,154.226938776,114.799455782,269.026394558
Alto Saxophone,Sight-Reading,277.524897959,67.395918367,344.92081632599997
