Instrument,ScoreGroup,Start,Duration,End
Flute,Lyrical Etude,10.774059,56.09941,66.873469
Flute,Technical Etude,72.074739,27.492426,99.56716499999999
Flute,Chromatic Scale,107.74059,14.489252,122.22984199999999
Flute,Major Scales,129.288707,101.053243,230.34195
Flute,Sight-Reading,235.914739,36.408889,272.323628
