Instrument,ScoreGroup,Start,Duration,End
Alto Saxophone,Lyrical Etude,10.774058957,64.864943311,75.639002268
Alto Saxophone,Technical Etude,82.546938776,47.5138322,130.06077097600001
Alto Saxophone,Chromatic Scale,137.491156463,23.161904762,160.65306122500002
Alto Saxophone,Major Scales,167.706122449,88.99047619,256.696598639
Alto Saxophone,Sight-Reading,263.140136054,56.366439909,319.506575963
