Instrument,ScoreGroup,Start,Duration,End
Flute,Lyrical Etude,15.975329,92.32254,108.297869
Flute,Technical Etude,113.684898,40.124082,153.80898000000002
Flute,Chromatic Scale,161.053605,24.706032,185.759637
Flute,Major Scales,192.075465,106.811791,298.887256
Flute,Sight-Reading,302.973968,87.492789,390.46675700000003
