Instrument,ScoreGroup,Start,Duration,End
Bb Clarinet,Lyrical Etude,11.88861678,51.826938775,63.715555555
Bb Clarinet,Technical Etude,67.709387755,62.693877551,130.40326530599998
Bb Clarinet,Chromatic Scale,138.298049886,23.870113378,162.168163264
Bb Clarinet,Major Scales,171.08462585,93.344217687,264.42884353700003
Bb Clarinet,Sight-Reading,268.794195011,67.616507936,336.410702947
