Instrument,ScoreGroup,Start,Duration,End
Bb Clarinet,Lyrical Etude,15.18585034,49.24952381,64.43537415
Bb Clarinet,Technical Etude,69.72952381,31.277278912,101.006802722
Bb Clarinet,Chromatic Scale,108.04244898,19.295782313,127.338231293
Bb Clarinet,Major Scales,135.720634921,99.497505669,235.21814059000002
Bb Clarinet,Sight-Reading,239.5138322,82.198639456,321.712471656
