Instrument,ScoreGroup,Start,Duration,End
Bb Clarinet,Lyrical Etude,11.877674,91.62777,103.505444
Bb Clarinet,Technical Etude,112.358368,42.936684,155.295052
Bb Clarinet,Chromatic Scale,161.049453,13.279387,174.32884
Bb Clarinet,Major Scales,183.624411,115.530666,299.155077
Bb Clarinet,Sight-Reading,304.024186,46.477854,350.50203999999997
