Instrument,ScoreGroup,Start,Duration,End
Bb Clarinet,Lyrical Etude,13.583673469,48.587755102,62.17142857100001
Bb Clarinet,Technical Etude,67.526530612,35.918367346,103.444897958
Bb Clarinet,Chromatic Scale,114.93877551,13.191836734,128.130612244
Bb Clarinet,Major Scales,135.575510204,101.61632653,237.191836734
Bb Clarinet,Sight-Reading,242.546938775,53.028571428,295.575510203
