Instrument,ScoreGroup,Start,Duration,End
Alto Saxophone,Lyrical Etude,13.374693877,54.241814058,67.616507935
Alto Saxophone,Technical Etude,74.396734693,56.842448979,131.239183672
Alto Saxophone,Chromatic Scale,137.276371882,12.53877551,149.815147392
Alto Saxophone,Major Scales,155.480816326,93.994376417,249.47519274299998
Alto Saxophone,Sight-Reading,255.326621315,44.117913832,299.444535147
