Instrument,ScoreGroup,Start,Duration,End
Alto Saxophone,Lyrical Etude,14.628571429,85.577142857,100.205714286
Alto Saxophone,Technical Etude,107.276190476,34.336507937,141.612698413
Alto Saxophone,Chromatic Scale,151.974603175,23.161904762,175.136507937
Alto Saxophone,Major Scales,185.701587302,82.163809524,267.865396826
Alto Saxophone,Sight-Reading,272.985396825,73.711746032,346.697142857
