Instrument,ScoreGroup,Start,Duration,End
Alto Saxophone,Lyrical Etude,16.544217687,180.883446712,197.42766439899998
Alto Saxophone,Technical Etude,207.470294784,50.213151927,257.683446711
Alto Saxophone,Chromatic Scale,268.422675736,10.971428571,279.39410430699996
Alto Saxophone,Major Scales,290.771882086,103.038548752,393.810430838
Alto Saxophone,Sight-Reading,400.428117913,44.756462585,445.184580498
