Instrument,ScoreGroup,Start,Duration,End
Flute,Lyrical Etude,10.448979592,43.490975057,53.939954649
Flute,Technical Etude,57.748027211,34.969251701,92.717278912
Flute,Chromatic Scale,98.522267574,19.806621315,118.328888889
Flute,Major Scales,123.669478458,104.466575964,228.136054422
Flute,Sight-Reading,232.129886621,45.162811791,277.292698412
