Instrument,ScoreGroup,Start,Duration,End
Alto Saxophone,Lyrical Etude,15.557369614,97.988208616,113.54557822999999
Alto Saxophone,Technical Etude,124.575056689,28.67664399,153.25170067899998
Alto Saxophone,Chromatic Scale,160.217687074,11.84217687,172.059863944
Alto Saxophone,Major Scales,180.999546485,90.325623582,271.325170067
Alto Saxophone,Sight-Reading,276.317460317,53.754195011,330.07165532799996
