Instrument,ScoreGroup,Start,Duration,End
Flute,Lyrical Etude,10.17034,62.554558,72.724898
Flute,Technical Etude,76.486531,51.40898,127.895511
Flute,Chromatic Scale,133.607619,15.743129,149.350748
Flute,Major Scales,154.505578,99.613605,254.11918300000002
Flute,Sight-Reading,257.741497,57.260408,315.00190499999997
