Instrument,ScoreGroup,Start,Duration,End
Trumpet,Lyrical Etude,14.628571428,48.587755102,63.21632653
Trumpet,Technical Etude,69.224489795,24.032653061,93.257142856
Trumpet,Chromatic Scale,102.661224489,14.889795918,117.55102040700001
Trumpet,Major Scales,125.387755102,84.636734693,210.024489795
Trumpet,Sight-Reading,217.6,49.893877551,267.49387755099997
