Instrument,ScoreGroup,Start,Duration,End
Bb Clarinet,Lyrical Etude,13.328253968,104.147301587,117.475555555
Bb Clarinet,Technical Etude,126.171428571,24.99047619,151.16190476100002
Bb Clarinet,Chromatic Scale,160.426666667,12.271746032,172.69841269900002
Bb Clarinet,Major Scales,179.931428571,109.592380952,289.523809523
Bb Clarinet,Sight-Reading,297.366349206,65.056507937,362.422857143
