Instrument,ScoreGroup,Start,Duration,End
Alto Saxophone,Lyrical Etude,12.260136054,69.706303855,81.966439909
Alto Saxophone,Technical Etude,90.650702948,40.867120181,131.517823129
Alto Saxophone,Chromatic Scale,140.294965986,7.964444444,148.25941043
Alto Saxophone,Major Scales,155.504036281,84.822494331,240.326530612
Alto Saxophone,Sight-Reading,247.362176871,61.648979592,309.011156463
