Instrument,ScoreGroup,Start,Duration,End
Flute,Lyrical Etude,9.264762,35.636825,44.901587
Flute,Technical Etude,49.127619,40.71619,89.843809
Flute,Chromatic Scale,94.435556,18.285714,112.72127
Flute,Major Scales,117.719365,62.171429,179.890794
Flute,Sight-Reading,185.498413,37.343492,222.841905
