Instrument,ScoreGroup,Start,Duration,End
Trumpet,Lyrical Etude,17.554285714,50.712380952,68.26666666599999
Trumpet,Technical Etude,73.28217687,21.455238095,94.737414965
Trumpet,Chromatic Scale,102.260680272,12.53877551,114.799455782
Trumpet,Major Scales,122.906122448,55.771428571,178.67755101900002
Trumpet,Sight-Reading,187.428571428,33.567346938,220.995918366
