Instrument,ScoreGroup,Start,Duration,End
Bb Clarinet,Lyrical Etude,12.260136054,99.195646258,111.455782312
Bb Clarinet,Technical Etude,117.492970521,55.913650793,173.406621314
Bb Clarinet,Chromatic Scale,181.394285714,13.003174603,194.397460317
Bb Clarinet,Major Scales,200.620408163,97.05941043,297.679818593
Bb Clarinet,Sight-Reading,304.738684807,38.730884353,343.46956916000005
