Instrument,ScoreGroup,Start,Duration,End
Alto Saxophone,Lyrical Etude,15.557369614,47.020408163,62.577777777
Alto Saxophone,Technical Etude,68.150566893,34.539682539,102.690249432
Alto Saxophone,Chromatic Scale,110.46893424,13.351473922,123.82040816199999
Alto Saxophone,Major Scales,131.239183673,75.546122448,206.78530612100002
Alto Saxophone,Sight-Reading,208.666122448,41.168979591,249.83510203900002
