Instrument,ScoreGroup,Start,Duration,End
Bb Clarinet,Lyrical Etude,13.374693877,43.839274376,57.213968253
Bb Clarinet,Technical Etude,63.251156462,46.161269841,109.41242630299999
Bb Clarinet,Chromatic Scale,116.006893424,13.374693877,129.381587301
Bb Clarinet,Major Scales,137.276371882,79.040725623,216.317097505
Bb Clarinet,Sight-Reading,223.468843537,57.028208616,280.497052153
