Instrument,ScoreGroup,Start,Duration,End
Bb Clarinet,Lyrical Etude,14.675011338,69.404444444,84.07945578200001
Bb Clarinet,Technical Etude,93.46031746,57.515827664,150.976145124
Bb Clarinet,Chromatic Scale,157.779591837,16.857687075,174.637278912
Bb Clarinet,Major Scales,181.32462585,114.544036281,295.868662131
Bb Clarinet,Sight-Reading,303.25260771,48.042086168,351.294693878
