Instrument,ScoreGroup,Start,Duration,End
Bb Clarinet,Lyrical Etude,11.389387755,56.006530612,67.395918367
Bb Clarinet,Technical Etude,71.053061224,45.975510204,117.028571428
Bb Clarinet,Chromatic Scale,121.939591837,15.464489796,137.404081633
Bb Clarinet,Major Scales,145.136326531,71.888979592,217.025306123
Bb Clarinet,Sight-Reading,220.891428571,44.512653061,265.404081632
