Instrument,ScoreGroup,Start,Duration,End
Xylophone,Mallet Etude,13.119274,37.639546,50.75882
Snare Drum,Snare Etude,57.887347,45.255692,103.143039
Timpani,Timpani Etude,110.387664,44.953832,155.341496
Xylophone,Chromatic Scale,163.143401,5.596009,168.73941000000002
Xylophone,Major Scales,178.027392,101.680181,279.707573
Xylophone,Sight-Reading,286.69678,31.672018,318.36879799999997
Snare Drum,Sight-Reading,325.125805,32.624036,357.749841
