Instrument,ScoreGroup,Start,Duration,End
Oboe,Lyrical Etude,15.277697,132.284729,147.562426
Oboe,Technical Etude,157.442613,65.319016,222.761629
Oboe,Chromatic Scale,228.250622,12.075784,240.326406
Oboe,Major Scales,248.559896,131.186931,379.746827
Oboe,Sight-Reading,386.333618,51.596533,437.930151
