Instrument,ScoreGroup,Start,Duration,End
Bb Clarinet,Lyrical Etude,19.591837,64.914286,84.506123
Bb Clarinet,Technical Etude,89.6,30.889796,120.489796
Bb Clarinet,Chromatic Scale,128.718367,15.412245,144.130612
Bb Clarinet,Major Scales,150.987755,84.636735,235.62448999999998
Bb Clarinet,Sight-Reading,241.828571,40.359184,282.18775500000004
