Instrument,ScoreGroup,Start,Duration,End
Alto Saxophone,Lyrical Etude,16.741587,60.232562,76.974149
Alto Saxophone,Technical Etude,86.192472,29.164263,115.35673499999999
Alto Saxophone,Chromatic Scale,125.364535,31.137959,156.502494
Alto Saxophone,Major Scales,171.734785,109.598186,281.332971
Alto Saxophone,Sight-Reading,289.227755,55.124172,344.351927
