Instrument,ScoreGroup,Start,Duration,End
Alto Saxophone,Lyrical Etude,13.467573696,66.03755102,79.505124716
Alto Saxophone,Technical Etude,88.050068027,46.532789116,134.58285714299998
Alto Saxophone,Chromatic Scale,139.226848073,16.439727891,155.666575964
Alto Saxophone,Major Scales,161.796643991,85.449433107,247.246077098
Alto Saxophone,Sight-Reading,260.063492063,78.204807256,338.268299319
