Instrument,ScoreGroup,Start,Duration,End
Flute,Lyrical Etude,11.232653,84.897959,96.130612
Flute,Technical Etude,99.787755,53.812245,153.6
Flute,Chromatic Scale,158.563265,18.155102,176.718367
Flute,Major Scales,183.530522,116.657052,300.187574
Flute,Sight-Reading,305.388844,26.192109,331.580953
