Instrument,ScoreGroup,Start,Duration,End
Alto Saxophone,Lyrical Etude,18.506303855,55.727891156,74.234195011
Alto Saxophone,Technical Etude,81.455600907,46.90430839,128.359909297
Alto Saxophone,Chromatic Scale,139.041088435,8.59138322,147.63247165500002
Alto Saxophone,Major Scales,156.54893424,84.172335601,240.72126984099998
Alto Saxophone,Sight-Reading,251.309569161,44.001814059,295.31138322000004
