Instrument,ScoreGroup,Start,Duration,End
Bb Clarinet,Lyrical Etude,11.424217687,69.474104308,80.89832199499999
Bb Clarinet,Technical Etude,88.282267574,35.108571429,123.390839003
Bb Clarinet,Chromatic Scale,128.058049887,11.958276644,140.016326531
Bb Clarinet,Major Scales,145.124716553,102.655419501,247.78013605400002
Bb Clarinet,Sight-Reading,251.936507937,40.867120181,292.803628118
