Instrument,ScoreGroup,Start,Duration,End
Flute,Lyrical Etude,10.681179138,43.374875283,54.056054421
Flute,Technical Etude,58.700045351,24.241632653,82.941678004
Flute,Chromatic Scale,88.607346939,16.439727891,105.04707483
Flute,Major Scales,111.014603175,74.118095238,185.132698413
Flute,Sight-Reading,189.846349206,46.973968254,236.82031746
