Instrument,ScoreGroup,Start,Duration,End
Flute,Lyrical Etude,9.142857,31.869388,41.012245
Flute,Technical Etude,45.97551,29.257143,75.232653
Flute,Chromatic Scale,81.893878,22.204082,104.09796
Flute,Major Scales,110.341224,80.619683,190.960907
Flute,Sight-Reading,193.933061,40.495601,234.428662
