Instrument,ScoreGroup,Start,Duration,End
Flute,Lyrical Etude,12.956734694,53.173696145,66.130430839
Flute,Technical Etude,71.215600907,30.441360544,101.656961451
Flute,Chromatic Scale,108.553287982,14.071292517,122.624580499
Flute,Major Scales,131.657142857,87.283809524,218.940952381
Flute,Sight-Reading,226.069478458,40.820680272,266.89015873
