Instrument,ScoreGroup,Start,Duration,End
Bb Clarinet,Lyrical Etude,14.367346938,60.342857142,74.71020408
Bb Clarinet,Technical Etude,83.2,34.351020408,117.551020408
Bb Clarinet,Chromatic Scale,127.21632653,18.93877551,146.15510204
Bb Clarinet,Major Scales,155.036734693,121.730612244,276.767346937
Bb Clarinet,Sight-Reading,281.6,53.681632653,335.28163265300003
