Instrument,ScoreGroup,Start,Duration,End
Bb Clarinet,Lyrical Etude,11.133968254,62.171428571,73.305396825
Bb Clarinet,Technical Etude,76.718730159,24.218412698,100.937142857
Bb Clarinet,Chromatic Scale,106.707301587,19.992380952,126.69968253900001
Bb Clarinet,Major Scales,132.214421769,92.50829932,224.722721089
Bb Clarinet,Sight-Reading,228.205714286,36.884897959,265.090612245
