Instrument,ScoreGroup,Start,Duration,End
Flute,Lyrical Etude,11.192018,46.30059,57.492608
Flute,Technical Etude,61.857959,50.526621,112.38458
Flute,Chromatic Scale,116.889252,51.26966,168.158912
Flute,Major Scales,173.778141,69.892063,243.670204
Flute,Sight-Reading,248.314195,57.771247,306.085442
