Instrument,ScoreGroup,Start,Duration,End
Flute,Lyrical Etude,10.919183673,25.86122449,36.780408163000004
Flute,Technical Etude,43.467755102,25.652244898,69.12
Flute,Chromatic Scale,74.76244898,25.652244898,100.41469387800001
Flute,Major Scales,107.04399093,89.396825397,196.440816327
Flute,Sight-Reading,201.317006803,37.500226757,238.81723356
