Instrument,ScoreGroup,Start,Duration,End
Bb Clarinet,Lyrical Etude,25.07755102,69.845623582,94.923174602
Bb Clarinet,Technical Etude,96.966530612,53.684535147,150.651065759
Bb Clarinet,Chromatic Scale,159.381768707,27.678185941,187.059954648
Bb Clarinet,Major Scales,194.304580498,122.415600907,316.720181405
Bb Clarinet,Sight-Reading,320.806893424,118.8861678,439.693061224
