Instrument,ScoreGroup,Start,Duration,End
Alto Saxophone,Lyrical Etude,9.102222222,77.833287981,86.93551020299999
Alto Saxophone,Technical Etude,90.650702947,36.223129251,126.873832198
Alto Saxophone,Chromatic Scale,131.703582766,8.730702947,140.434285713
Alto Saxophone,Major Scales,144.892517006,78.57632653,223.468843536
Alto Saxophone,Sight-Reading,229.041632653,33.994013605,263.035646258
