Instrument,ScoreGroup,Start,Duration,End
Bb Clarinet,Lyrical Etude,7.476825397,67.453968254,74.930793651
Bb Clarinet,Technical Etude,79.075555556,65.25968254,144.335238096
Bb Clarinet,Chromatic Scale,148.967619048,26.493968254,175.461587302
Bb Clarinet,Major Scales,179.362539683,89.396825397,268.75936508
Bb Clarinet,Sight-Reading,272.66031746,60.220952381,332.881269841
