Instrument,ScoreGroup,Start,Duration,End
Flute,Lyrical Etude,12.887075,41.586939,54.474014
Flute,Technical Etude,58.514286,58.792925,117.307211
Flute,Chromatic Scale,124.133878,52.662857,176.796735
Flute,Major Scales,182.439184,116.749932,299.189116
Flute,Sight-Reading,303.647347,53.220136,356.867483
