Instrument,ScoreGroup,Start,Duration,End
Flute,Lyrical Etude,9.102222222,77.531428571,86.633650793
Flute,Technical Etude,90.372063492,29.419682539,119.791746031
Flute,Chromatic Scale,125.968253968,17.066666666,143.034920634
Flute,Major Scales,148.723809523,111.014603174,259.738412697
Flute,Sight-Reading,263.801904761,46.161269841,309.963174602
