Instrument,ScoreGroup,Start,Duration,End
Flute,Lyrical Etude,12.190058,112.901204,125.091262
Flute,Technical Etude,132.454384,58.414101,190.86848500000002
Flute,Chromatic Scale,198.722482,17.180618,215.90310000000002
Flute,Major Scales,224.738847,115.355578,340.094425
Flute,Sight-Reading,348.439297,40.742609,389.181906
