Instrument,ScoreGroup,Start,Duration,End
Flute,Lyrical Etude,12.817414966,68.359546485,81.176961451
Flute,Technical Etude,88.793106576,52.569977324,141.3630839
Flute,Chromatic Scale,148.607709751,15.046530612,163.65424036299999
Flute,Major Scales,171.456145125,143.777959184,315.23410430900003
Flute,Sight-Reading,321.549931973,54.241814059,375.791746032
