Instrument,ScoreGroup,Start,Duration,End
Bb Clarinet,Lyrical Etude,9.636281179,110.434104308,120.070385487
Bb Clarinet,Technical Etude,127.616870748,53.080816327,180.697687075
Bb Clarinet,Chromatic Scale,186.525895692,12.2369161,198.762811792
Bb Clarinet,Major Scales,204.892879819,105.465034014,310.357913833
Bb Clarinet,Sight-Reading,317.323900227,58.212426304,375.53632653100004
