Instrument,ScoreGroup,Start,Duration,End
Flute,Lyrical Etude,12.120816327,52.035918367,64.156734694
Flute,Technical Etude,70.008163265,23.823673469,93.83183673399999
Flute,Chromatic Scale,101.982040816,18.18122449,120.163265306
Flute,Major Scales,127.686530612,117.864489796,245.551020408
Flute,Sight-Reading,253.074285714,55.379591837,308.453877551
