Instrument,ScoreGroup,Start,Duration,End
Bb Clarinet,Lyrical Etude,10.959819,73.375057,84.334876
Bb Clarinet,Technical Etude,89.164626,30.093061,119.257687
Bb Clarinet,Chromatic Scale,125.257143,18.938776,144.195919
Bb Clarinet,Major Scales,150.279546,101.796281,252.075827
Bb Clarinet,Sight-Reading,257.462857,46.811429,304.27428599999996
