Instrument,ScoreGroup,Start,Duration,End
Bb Clarinet,Lyrical Etude,25.077551,121.486803,146.56435399999998
Bb Clarinet,Technical Etude,169.598549,44.953832,214.552381
Bb Clarinet,Chromatic Scale,221.611247,14.860771,236.472018
Bb Clarinet,Major Scales,250.032472,124.458957,374.49142900000004
Bb Clarinet,Sight-Reading,382.664853,66.873469,449.538322
