Instrument,ScoreGroup,Start,Duration,End
Alto Saxophone,Lyrical Etude,14.257052154,68.109931973,82.366984127
Alto Saxophone,Technical Etude,89.518730159,35.555555556,125.074285715
Alto Saxophone,Chromatic Scale,131.982222222,14.05968254,146.041904762
Alto Saxophone,Major Scales,154.697142857,89.559365079,244.256507936
Alto Saxophone,Sight-Reading,250.839365079,70.704761905,321.544126984
