Instrument,ScoreGroup,Start,Duration,End
Bb Clarinet,Lyrical Etude,10.959819,64.087075,75.046894
Bb Clarinet,Technical Etude,80.805442,27.306667,108.112109
Bb Clarinet,Chromatic Scale,114.906122,13.55102,128.457142
Bb Clarinet,Major Scales,134.791837,117.289796,252.08163299999998
Bb Clarinet,Sight-Reading,253.910204,66.612245,320.522449
