Instrument,ScoreGroup,Start,Duration,End
Flute,Lyrical Etude,12.910294785,44.466213152,57.376507937
Flute,Technical Etude,64.040634921,26.447528345,90.488163266
Flute,Chromatic Scale,97.663129252,10.843718821,108.506848073
Flute,Major Scales,117.58585034,88.305487528,205.891337868
Flute,Sight-Reading,211.974965986,32.206077098,244.181043084
