Instrument,ScoreGroup,Start,Duration,End
Alto Saxophone,Lyrical Etude,7.616145125,40.61170068,48.227845805
Alto Saxophone,Technical Etude,52.54675737,28.07292517,80.61968254
Alto Saxophone,Chromatic Scale,85.9138322,10.58829932,96.50213152
Alto Saxophone,Major Scales,102.307120181,63.111836735,165.418956916
Alto Saxophone,Sight-Reading,169.714648526,55.309931973,225.024580499
