Instrument,ScoreGroup,Start,Duration,End
Bb Clarinet,Lyrical Etude,11.981497,68.173787,80.15528400000001
Bb Clarinet,Technical Etude,87.706122,27.167347,114.873469
Bb Clarinet,Chromatic Scale,123.885714,14.236735,138.122449
Bb Clarinet,Major Scales,146.677551,105.012245,251.689796
Bb Clarinet,Sight-Reading,258.020136,56.56381,314.58394599999997
