Instrument,ScoreGroup,Start,Duration,End
Xylophone,Mallet Etude,18.938776,44.669388,63.608164
Snare Drum,Snare Etude,72.75102,87.902041,160.65306099999998
Timpani,Timpani Etude,171.102041,114.155102,285.25714300000004
Xylophone,Chromatic Scale,294.707664,6.687347,301.395011
Xylophone,Major Scales,307.722449,108.669388,416.391837
Xylophone,Sight-Reading,428.277551,53.812245,482.08979600000004
Snare Drum,Sight-Reading,490.710204,40.42449,531.134694
