Instrument,ScoreGroup,Start,Duration,End
Bb Clarinet,Lyrical Etude,11.331337868,120.674104308,132.005442176
Bb Clarinet,Technical Etude,138.76244898,62.159818594,200.922267574
Bb Clarinet,Chromatic Scale,207.981133787,13.444353741,221.42548752800002
Bb Clarinet,Major Scales,228.298594104,121.88154195,350.180136054
Bb Clarinet,Sight-Reading,355.242086168,69.03292517,424.275011338
