Instrument,ScoreGroup,Start,Duration,End
Xylophone,Mallet Etude,14.171429,33.371429,47.542857999999995
Snare Drum,Snare Etude,53.591655,75.789932,129.381587
Timpani,Timpani Etude,134.334694,57.273469,191.60816300000002
Xylophone,Chromatic Scale,199.836735,8.685714,208.522449
Xylophone,Major Scales,215.24898,105.665306,320.914286
Xylophone,Sight-Reading,327.706122,58.383673,386.089795
Snare Drum,Sight-Reading,391.640816,43.820408,435.46122399999996
