Instrument,ScoreGroup,Start,Duration,End
Flute,Lyrical Etude,18.483084,52.569977,71.053061
Flute,Technical Etude,75.789932,27.678186,103.46811799999999
Flute,Chromatic Scale,110.016145,23.823673,133.83981799999998
Flute,Major Scales,141.920363,78.576327,220.49669
Flute,Sight-Reading,241.394649,41.888798,283.28344699999997
