Instrument,ScoreGroup,Start,Duration,End
Alto Saxophone,Lyrical Etude,9.473741496,40.681360544,50.15510204
Alto Saxophone,Technical Etude,54.334693877,27.678185941,82.012879818
Alto Saxophone,Chromatic Scale,88.142947845,11.795736961,99.938684806
Alto Saxophone,Major Scales,105.232834467,53.777414965,159.010249432
Alto Saxophone,Sight-Reading,163.189841269,40.402721088,203.592562357
