Instrument,ScoreGroup,Start,Duration,End
Flute,Lyrical Etude,12.277551,32.914286,45.191837
Flute,Technical Etude,51.722449,27.95102,79.673469
Flute,Chromatic Scale,87.24898,19.853061,107.102041
Flute,Major Scales,116.767347,93.518367,210.28571399999998
Flute,Sight-Reading,216.032653,51.2,267.232653
