Instrument,ScoreGroup,Start,Duration,End
Trumpet,Lyrical Etude,16.60162,62.114047,78.715667
Trumpet,Technical Etude,87.426784,23.860884,111.287668
Trumpet,Chromatic Scale,116.590086,20.452186,137.042272
Trumpet,Major Scales,143.480924,98.852233,242.33315699999997
Trumpet,Sight-Reading,250.665529,51.887954,302.55348299999997
