Instrument,ScoreGroup,Start,Duration,End
Bb Clarinet,Lyrical Etude,15.789569,94.180136,109.969705
Bb Clarinet,Technical Etude,117.58585,33.808254,151.394104
Bb Clarinet,Chromatic Scale,160.682086,10.40254,171.084626
Bb Clarinet,Major Scales,182.601723,108.483628,291.085351
Bb Clarinet,Sight-Reading,297.02966,39.566803,336.59646299999997
