Instrument,ScoreGroup,Start,Duration,End
Alto Saxophone,Lyrical Etude,25.193651,71.54068,96.734331
Alto Saxophone,Technical Etude,104.466576,26.819048,131.285624
Alto Saxophone,Chromatic Scale,140.712925,21.664218,162.37714300000002
Alto Saxophone,Major Scales,171.734785,119.838186,291.572971
Alto Saxophone,Sight-Reading,299.955374,67.059229,367.014603
