Instrument,ScoreGroup,Start,Duration,End
Bb Clarinet,Lyrical Etude,13.003174603,125.387755102,138.390929705
Bb Clarinet,Technical Etude,149.072108844,33.436734694,182.508843538
Bb Clarinet,Chromatic Scale,190.868027211,16.253968254,207.121995465
Bb Clarinet,Major Scales,216.874376417,117.492970522,334.367346939
Bb Clarinet,Sight-Reading,341.797732426,58.514285714,400.31201813999996
