Instrument,ScoreGroup,Start,Duration,End
Flute,Lyrical Etude,15.232290249,49.365623583,64.597913832
Flute,Technical Etude,69.938503401,39.148843537,109.087346938
Flute,Chromatic Scale,116.93569161,9.845260771,126.780952381
Flute,Major Scales,134.989206349,83.057777778,218.046984127
Flute,Sight-Reading,223.747482993,48.436825397,272.18430839
