Instrument,ScoreGroup,Start,Duration,End
Bb Clarinet,Lyrical Etude,13.003175,118.143129,131.14630400000001
Bb Clarinet,Technical Etude,137.647891,33.436735,171.084626
Bb Clarinet,Chromatic Scale,178.329252,10.774059,189.103311
Bb Clarinet,Major Scales,195.419138,110.155465,305.574603
Bb Clarinet,Sight-Reading,310.218594,37.523447,347.742041
