Instrument,ScoreGroup,Start,Duration,End
Bb Clarinet,Lyrical Etude,11.493878,58.253061,69.746939
Bb Clarinet,Technical Etude,75.102041,73.404082,148.506123
Bb Clarinet,Chromatic Scale,156.342857,60.342857,216.68571400000002
Bb Clarinet,Major Scales,223.608163,121.730612,345.338775
Bb Clarinet,Sight-Reading,352.130612,75.232653,427.36326499999996
