Instrument,ScoreGroup,Start,Duration,End
Flute,Lyrical Etude,12.608435,45.83619,58.444625
Flute,Technical Etude,62.484898,43.676735,106.161633
Flute,Chromatic Scale,113.684898,12.678095,126.362993
Flute,Major Scales,134.931156,66.246531,201.177687
Flute,Sight-Reading,207.168435,40.472381,247.64081599999997
