Instrument,ScoreGroup,Start,Duration,End
Bb Clarinet,Lyrical Etude,14.106122448,50.15510204,64.26122448800001
Bb Clarinet,Technical Etude,71.444897959,34.612244897,106.057142856
Bb Clarinet,Chromatic Scale,114.546938775,13.061224489,127.608163264
Bb Clarinet,Major Scales,136.881632653,71.967346938,208.848979591
Bb Clarinet,Sight-Reading,215.902040816,46.497959183,262.399999999
