Instrument,ScoreGroup,Start,Duration,End
Flute,Lyrical Etude,12.260136054,60.673741497,72.933877551
Flute,Technical Etude,79.62122449,57.330068027,136.951292517
Flute,Chromatic Scale,143.452879819,15.046530612,158.499410431
Flute,Major Scales,164.815238095,115.63537415,280.450612245
Flute,Sight-Reading,287.695238095,59.280544218,346.97578231299997
