Instrument,ScoreGroup,Start,Duration,End
Alto Saxophone,Lyrical Etude,12.53877551,77.9261678,90.46494331
Alto Saxophone,Technical Etude,97.523809523,68.266666666,165.790476189
Alto Saxophone,Chromatic Scale,172.477823129,9.287981859,181.765804988
Alto Saxophone,Major Scales,188.186122448,87.04,275.226122448
Alto Saxophone,Sight-Reading,279.928163265,34.79510204,314.72326530500004
