Instrument,ScoreGroup,Start,Duration,End
Xylophone,Mallet Etude,16.326531,45.453061,61.779591999999994
Snare Drum,Snare Etude,70.138776,48.065306,118.204082
Timpani,Timpani Etude,125.387755,65.306122,190.693877
Xylophone,Chromatic Scale,199.053061,14.236735,213.28979600000002
Xylophone,Major Scales,222.040816,84.897959,306.938775
Xylophone,Sight-Reading,317.910204,50.02449,367.93469400000004
Snare Drum,Sight-Reading,378.644898,46.628571,425.27346900000003
