Instrument,ScoreGroup,Start,Duration,End
Bb Clarinet,Lyrical Etude,11.911836735,73.97877551,85.890612245
Bb Clarinet,Technical Etude,92.577959184,38.777324263,131.35528344699998
Bb Clarinet,Chromatic Scale,139.459047619,12.770975057,152.23002267599998
Bb Clarinet,Major Scales,159.219229025,109.621405896,268.840634921
Bb Clarinet,Sight-Reading,273.18276644,47.786666667,320.96943310700004
