Instrument,ScoreGroup,Start,Duration,End
Bb Clarinet,Lyrical Etude,13.583673469,50.364081633,63.947755102
Bb Clarinet,Technical Etude,68.85877551,35.213061224,104.071836734
Bb Clarinet,Chromatic Scale,109.609795918,15.046530612,124.65632653
Bb Clarinet,Major Scales,129.683446712,103.444897959,233.128344671
Bb Clarinet,Sight-Reading,238.062585034,52.360997732,290.423582766
