Instrument,ScoreGroup,Start,Duration,End
Flute,Lyrical Etude,10.187755,74.710204,84.897959
Flute,Technical Etude,87.510204,27.689796,115.2
Flute,Chromatic Scale,119.379592,19.853061,139.232653
Flute,Major Scales,144.457143,113.893878,258.351021
Flute,Sight-Reading,262.530612,56.163265,318.69387700000004
