Instrument,ScoreGroup,Start,Duration,End
Bb Clarinet,Lyrical Etude,13.061224489,128.783673469,141.84489795800002
Bb Clarinet,Technical Etude,148.050430839,80.155283446,228.205714285
Bb Clarinet,Chromatic Scale,236.936417233,41.238639455,278.175056688
Bb Clarinet,Major Scales,284.995918367,122.383673469,407.37959183600003
Bb Clarinet,Sight-Reading,411.820408163,68.571428571,480.39183673400004
