Instrument,ScoreGroup,Start,Duration,End
Flute,Lyrical Etude,15.441269841,41.099319728,56.540589569
Flute,Technical Etude,62.78675737,32.06675737,94.85351474
Flute,Chromatic Scale,104.002176871,13.490793651,117.49297052200001
Flute,Major Scales,126.270113379,114.845895692,241.116009071
Flute,Sight-Reading,247.199637188,49.133424036,296.333061224
