Instrument,ScoreGroup,Start,Duration,End
Bb Clarinet,Lyrical Etude,19.13324263,40.356281179,59.489523809000005
Bb Clarinet,Technical Etude,68.498866213,27.863945578,96.362811791
Bb Clarinet,Chromatic Scale,106.3938322,14.53569161,120.92952381
Bb Clarinet,Major Scales,132.85877551,75.911836735,208.770612245
Bb Clarinet,Sight-Reading,218.017959184,38.504489796,256.52244898000004
