Instrument,ScoreGroup,Start,Duration,End
Bb Clarinet,Lyrical Etude,14.210612245,57.887346939,72.09795918399999
Bb Clarinet,Technical Etude,78.680816327,40.019591837,118.70040816400001
Bb Clarinet,Chromatic Scale,125.17877551,23.928163265,149.106938775
Bb Clarinet,Major Scales,155.759455782,128.034829932,283.794285714
Bb Clarinet,Sight-Reading,289.645714286,76.486530612,366.13224489799995
