Instrument,ScoreGroup,Start,Duration,End
Xylophone,Mallet Etude,11.389388,39.915102,51.30449
Snare Drum,Snare Etude,55.542132,54.427574,109.969706
Timpani,Timpani Etude,115.449615,52.755737,168.205352
Xylophone,Chromatic Scale,173.127982,9.938141,183.066123
Xylophone,Major Scales,189.28907,75.418413,264.707483
Xylophone,Sight-Reading,271.766349,69.659864,341.42621299999996
Snare Drum,Sight-Reading,347.834921,34.644172,382.47909300000003
