Instrument,ScoreGroup,Start,Duration,End
Flute,Lyrical Etude,12.434285714,42.91047619,55.344761903999995
Flute,Technical Etude,58.920634921,31.613968254,90.534603175
Flute,Chromatic Scale,96.873650794,20.398730159,117.272380953
Flute,Major Scales,122.984489796,86.413061224,209.39755102
Flute,Sight-Reading,215.144489796,50.259591837,265.404081633
