Instrument,ScoreGroup,Start,Duration,End
Flute,Lyrical Etude,8.777142857,26.656507937,35.433650794
Flute,Technical Etude,40.30984127,27.469206349,67.779047619
Flute,Chromatic Scale,72.446258503,14.953650794,87.399909297
Flute,Major Scales,92.879818594,78.390566893,171.270385487
Flute,Sight-Reading,176.843174603,35.480090703,212.323265306
