Instrument,ScoreGroup,Start,Duration,End
Oboe,Lyrical Etude,12.247836,121.27927,133.527106
Oboe,Technical Etude,144.318905,60.639635,204.95854
Oboe,Chromatic Scale,211.125282,14.389066,225.51434799999998
Oboe,Major Scales,231.167195,89.931662,321.098857
Oboe,Sight-Reading,347.307513,62.695216,410.002729
