Instrument,ScoreGroup,Start,Duration,End
Bb Clarinet,Lyrical Etude,47.55446712,448.795283447,496.349750567
Bb Clarinet,Technical Etude,518.640907029,148.607709751,667.24861678
Bb Clarinet,Chromatic Scale,689.539773243,75.789931973,765.329705216
Bb Clarinet,Major Scales,786.13478458,429.476281179,1215.611065759
Bb Clarinet,Sight-Reading,1239.38829932,329.909115646,1569.297414966
