Instrument,ScoreGroup,Start,Duration,End
Bb Clarinet,Lyrical Etude,21.449592,112.172184,133.621776
Bb Clarinet,Technical Etude,151.649448,36.055345,187.704793
Bb Clarinet,Chromatic Scale,199.222473,9.514605,208.737078
Bb Clarinet,Major Scales,222.257832,96.648355,318.906187
Bb Clarinet,Sight-Reading,327.419255,70.608384,398.027639
