Instrument,ScoreGroup,Start,Duration,End
Flute,Lyrical Etude,9.659501,41.238639,50.89814
Flute,Technical Etude,56.267755,48.065306,104.333061
Flute,Chromatic Scale,112.378776,28.577959,140.956735
Flute,Major Scales,146.755918,89.965714,236.721632
Flute,Sight-Reading,240.64,61.54449,302.18449
