Instrument,ScoreGroup,Start,Duration,End
Flute,Lyrical Etude,8.916462585,90.279183673,99.19564625800001
Flute,Technical Etude,101.842721088,26.331428571,128.174149659
Flute,Chromatic Scale,128.870748299,23.545034013,152.415782312
Flute,Major Scales,153.182040816,110.550204081,263.732244897
Flute,Sight-Reading,264.777142857,39.288163265,304.065306122
