Instrument,ScoreGroup,Start,Duration,End
Bb Clarinet,Lyrical Etude,9.984580499,98.220408163,108.204988662
Bb Clarinet,Technical Etude,112.268480726,38.196825397,150.465306123
Bb Clarinet,Chromatic Scale,154.482358277,10.959818594,165.44217687100002
Bb Clarinet,Major Scales,171.316825397,118.328888889,289.645714286
Bb Clarinet,Sight-Reading,293.929795918,48.065306122,341.99510204
