Instrument,ScoreGroup,Start,Duration,End
Bb Clarinet,Lyrical Etude,16.904126984,124.83047619,141.734603174
Bb Clarinet,Technical Etude,152.694421768,57.585487528,210.27990929600003
Bb Clarinet,Chromatic Scale,219.567891156,13.931972789,233.49986394500002
Bb Clarinet,Major Scales,242.973605442,102.910839002,345.884444444
Bb Clarinet,Sight-Reading,353.500589569,45.882630385,399.38321995399997
