Instrument,ScoreGroup,Start,Duration,End
Flute,Lyrical Etude,20.897959184,76.486530612,97.384489796
Flute,Technical Etude,105.081904762,48.518095238,153.6
Flute,Chromatic Scale,163.474285714,12.515555556,175.98984127
Flute,Major Scales,185.132698413,104.675555556,289.808253969
Flute,Sight-Reading,296.983219955,48.703854875,345.68707483
