Instrument,ScoreGroup,Start,Duration,End
Flute,Lyrical Etude,9.659501134,47.740226757,57.399727891
Flute,Technical Etude,61.672199546,29.72154195,91.393741496
Flute,Chromatic Scale,97.152290249,22.848435374,120.00072562300001
Flute,Major Scales,125.759274376,104.582675737,230.341950113
Flute,Sight-Reading,235.17170068,40.30984127,275.48154195
