Instrument,ScoreGroup,Start,Duration,End
Flute,Lyrical Etude,10.76244898,52.035918367,62.798367347
Flute,Technical Etude,65.306122449,39.183673469,104.489795918
Flute,Chromatic Scale,110.132244898,49.528163265,159.660408163
Flute,Major Scales,169.853968254,95.573333333,265.427301587
Flute,Sight-Reading,269.490793651,68.754285714,338.245079365
