Instrument,ScoreGroup,Start,Duration,End
Xylophone,Mallet Etude,14.889796,68.702041,83.591837
Snare Drum,Snare Etude,88.607347,66.68771,155.29505699999999
Timpani,Timpani Etude,160.310567,71.331701,231.642268
Xylophone,Chromatic Scale,239.629932,10.40254,250.03247199999998
Xylophone,Major Scales,255.79102,117.214331,373.005351
Xylophone,Sight-Reading,379.13542,69.659864,448.79528400000004
Snare Drum,Sight-Reading,453.996553,26.935147,480.9317
