Instrument,ScoreGroup,Start,Duration,End
Flute,Lyrical Etude,9.346031746,60.993015873,70.339047619
Flute,Technical Etude,74.646349206,56.116825397,130.76317460299998
Flute,Chromatic Scale,135.923809524,15.075555556,150.99936508000002
Flute,Major Scales,157.802811791,96.595011338,254.39782312900002
Flute,Sight-Reading,259.239183673,55.536326531,314.775510204
