Instrument,ScoreGroup,Start,Duration,End
Bb Clarinet,Lyrical Etude,11.389387755,43.78122449,55.170612245
Bb Clarinet,Technical Etude,59.872653061,38.452244898,98.324897959
Bb Clarinet,Chromatic Scale,106.370612245,25.6,131.970612245
Bb Clarinet,Major Scales,137.299591837,91.219591837,228.519183674
Bb Clarinet,Sight-Reading,233.743673469,49.005714286,282.749387755
