Instrument,ScoreGroup,Start,Duration,End
Flute,Lyrical Etude,10.483809524,65.422222222,75.906031746
Flute,Technical Etude,81.432380952,67.291428571,148.723809523
Flute,Chromatic Scale,155.794285714,13.003174603,168.797460317
Flute,Major Scales,175.682176871,103.375238095,279.057414966
Flute,Sight-Reading,282.819047619,54.19537415,337.014421769
