Instrument,ScoreGroup,Start,Duration,End
Flute,Lyrical Etude,11.95102,32.391837,44.342857
Flute,Technical Etude,49.208163,39.412245,88.620408
Flute,Chromatic Scale,92.636735,18.677551,111.31428600000001
Flute,Major Scales,113.730612,81.697959,195.42857099999998
Flute,Sight-Reading,199.57551,45.812245,245.387755
