Instrument,ScoreGroup,Start,Duration,End
Flute,Lyrical Etude,16.091428571,28.630204082,44.721632653
Flute,Technical Etude,52.871836735,33.854693878,86.726530613
Flute,Chromatic Scale,94.040816327,14.628571429,108.669387756
Flute,Major Scales,113.684897959,112.431020408,226.115918367
Flute,Sight-Reading,231.758367347,62.066938776,293.825306123
