Instrument,ScoreGroup,Start,Duration,End
Trumpet,Lyrical Etude,13.387755102,44.342857142,57.730612244
Trumpet,Technical Etude,62.95510204,29.387755102,92.342857142
Trumpet,Chromatic Scale,101.420408163,11.363265306,112.78367346900001
Trumpet,Major Scales,119.257687074,67.33786848,186.595555554
Trumpet,Sight-Reading,194.025941043,67.98802721,262.013968253
