Instrument,ScoreGroup,Start,Duration,End
Flute,Lyrical Etude,11.075918367,47.229387755,58.305306122
Flute,Technical Etude,65.567346939,45.609795918,111.177142857
Flute,Chromatic Scale,120.482539683,12.515555556,132.998095239
Flute,Major Scales,141.688163265,120.23292517,261.921088435
Flute,Sight-Reading,268.144036281,59.535963719,327.68
