Instrument,ScoreGroup,Start,Duration,End
Flute,Lyrical Etude,15.232290249,54.613333333,69.845623582
Flute,Technical Etude,73.560816327,41.052879819,114.613696146
Flute,Chromatic Scale,120.558004535,13.560453515,134.11845805
Flute,Major Scales,142.849160998,97.709569161,240.558730159
Flute,Sight-Reading,243.716643991,40.124081633,283.840725624
