Instrument,ScoreGroup,Start,Duration,End
Xylophone,Mallet Etude,18.111565,63.344036,81.455601
Snare Drum,Snare Etude,89.629025,55.263492,144.892517
Timpani,Timpani Etude,159.846168,69.474104,229.320272
Xylophone,Chromatic Scale,241.859048,13.281814,255.140862
Xylophone,Major Scales,270.094512,96.966531,367.06104300000004
Xylophone,Sight-Reading,374.862948,92.694059,467.557007
Snare Drum,Sight-Reading,474.710204,31.673469,506.383673
