Instrument,ScoreGroup,Start,Duration,End
Alto Saxophone,Lyrical Etude,15.859229025,82.964897959,98.824126984
Alto Saxophone,Technical Etude,103.514557823,40.913560091,144.428117914
Alto Saxophone,Chromatic Scale,151.022585034,10.309659864,161.332244898
Alto Saxophone,Major Scales,165.070657596,113.313378685,278.384036281
Alto Saxophone,Sight-Reading,283.887165533,74.582494331,358.469659864
