Instrument,ScoreGroup,Start,Duration,End
Bb Clarinet,Lyrical Etude,14.628571,64.876553,79.505124
Bb Clarinet,Technical Etude,88.421587,23.684354,112.105941
Bb Clarinet,Chromatic Scale,120.743764,6.501587,127.245351
Bb Clarinet,Major Scales,136.097959,100.832653,236.930612
Bb Clarinet,Sight-Reading,243.722449,51.069388,294.791837
