Instrument,ScoreGroup,Start,Duration,End
Alto Saxophone,Lyrical Etude,12.794195011,55.472471655,68.26666666599999
Alto Saxophone,Technical Etude,74.698594104,23.870113378,98.568707482
Alto Saxophone,Chromatic Scale,109.737505661,20.503219954,130.240725615
Alto Saxophone,Major Scales,141.804263031,121.208163265,263.012426296
Alto Saxophone,Sight-Reading,268.747755101,84.288435374,353.036190475
