Instrument,ScoreGroup,Start,Duration,End
French Horn,Lyrical Etude,14.473865,121.426757,135.900622
French Horn,Technical Etude,146.659955,206.732897,353.392852
French Horn,Chromatic Scale,362.615137,46.879951,409.495088
French Horn,Major Scales,419.485897,65.324521,484.810418
French Horn,Sight-Reading,510.940227,98.371044,609.311271
