Instrument,ScoreGroup,Start,Duration,End
Bb Clarinet,Lyrical Etude,10.704399,70.658322,81.362721
Bb Clarinet,Technical Etude,86.540771,117.77161,204.31238100000002
Bb Clarinet,Chromatic Scale,210.813968,34.551293,245.36526099999998
Bb Clarinet,Major Scales,254.746122,68.034467,322.780589
Bb Clarinet,Sight-Reading,329.258957,57.701587,386.960544
