Instrument,ScoreGroup,Start,Duration,End
Flute,Lyrical Etude,11.099138322,40.751020408,51.850158730000004
Flute,Technical Etude,56.401269841,35.271111111,91.672380952
Flute,Chromatic Scale,100.542403628,10.263219955,110.805623583
Flute,Major Scales,120.465124717,96.339591837,216.80471655399998
Flute,Sight-Reading,223.2830839,57.14430839,280.42739229
