Instrument,ScoreGroup,Start,Duration,End
Bb Clarinet,Lyrical Etude,18.924263039,97.848888889,116.77315192799999
Bb Clarinet,Technical Etude,125.643174603,39.799002268,165.44217687100002
Bb Clarinet,Chromatic Scale,178.932970522,10.959818594,189.89278911600002
Bb Clarinet,Major Scales,224.769160998,99.40462585,324.17378684799996
Bb Clarinet,Sight-Reading,327.633560091,52.082358277,379.71591836799996
