Instrument,ScoreGroup,Start,Duration,End
Bb Clarinet,Lyrical Etude,15.882449,58.514286,74.39673499999999
Bb Clarinet,Technical Etude,81.269841,24.891791,106.161632
Bb Clarinet,Chromatic Scale,114.520816,20.52644,135.047256
Bb Clarinet,Major Scales,143.870839,72.539138,216.40997699999997
Bb Clarinet,Sight-Reading,223.747483,54.241814,277.98929699999997
