Instrument,ScoreGroup,Start,Duration,End
Bb Clarinet,Lyrical Etude,12.515555556,62.74031746,75.255873016
Bb Clarinet,Technical Etude,77.937777778,24.706031746,102.643809524
Bb Clarinet,Chromatic Scale,106.86984127,14.70984127,121.57968254
Bb Clarinet,Major Scales,125.318095238,79.96952381,205.287619048
Bb Clarinet,Sight-Reading,210.895238095,54.206984127,265.102222222
