Instrument,ScoreGroup,Start,Duration,End
Flute,Lyrical Etude,11.702857143,46.672108844,58.374965986999996
Flute,Technical Etude,61.718639456,32.043537415,93.76217687100001
Flute,Chromatic Scale,98.220408163,32.879455782,131.099863945
Flute,Major Scales,135.558095238,95.735873016,231.293968254
Flute,Sight-Reading,239.258412698,69.404444444,308.662857142
