Instrument,ScoreGroup,Start,Duration,End
Trumpet,Lyrical Etude,12.146007,49.600043,61.74605
Trumpet,Technical Etude,66.179573,17.734093,83.913666
Trumpet,Chromatic Scale,88.347189,8.589952,96.937141
Trumpet,Major Scales,103.587426,78.417944,182.00537
Trumpet,Sight-Reading,186.438894,33.52852,219.96741400000002
