Instrument,ScoreGroup,Start,Duration,End
Alto Saxophone,Lyrical Etude,15.412244897,48.065306122,63.477551019
Alto Saxophone,Technical Etude,70.530612244,20.636734693,91.16734693699999
Alto Saxophone,Chromatic Scale,98.612244897,10.430839002,109.043083899
Alto Saxophone,Major Scales,117.420408161,59.428571428,176.848979589
Alto Saxophone,Sight-Reading,183.248979591,40.489795918,223.738775509
