Instrument,ScoreGroup,Start,Duration,End
Flute,Lyrical Etude,13.444353741,46.114829932,59.559183673
Flute,Technical Etude,64.296054422,38.034285714,102.33034013599999
Flute,Chromatic Scale,109.365986395,18.390204082,127.75619047699999
Flute,Major Scales,134.095238095,113.568798186,247.664036281
Flute,Sight-Reading,251.890068027,59.547573696,311.437641723
