Instrument,ScoreGroup,Start,Duration,End
Alto Saxophone,Lyrical Etude,22.987755102,41.377959183,64.365714285
Alto Saxophone,Technical Etude,71.888979591,36.780408163,108.66938775399998
Alto Saxophone,Chromatic Scale,114.520816326,15.882448979,130.403265305
Alto Saxophone,Major Scales,140.434285714,66.03755102,206.471836734
Alto Saxophone,Sight-Reading,211.34802721,54.056054421,265.404081631
