Instrument,ScoreGroup,Start,Duration,End
Alto Saxophone,Lyrical Etude,15.232290249,63.158276644,78.390566893
Alto Saxophone,Technical Etude,84.114285714,62.693877551,146.80816326500002
Alto Saxophone,Chromatic Scale,151.875918367,9.090612245,160.96653061199999
Alto Saxophone,Major Scales,171.316825397,114.427936508,285.744761905
Alto Saxophone,Sight-Reading,291.874829932,73.02675737,364.901587302
