Instrument,ScoreGroup,Start,Duration,End
Flute,Lyrical Etude,16.579047619,59.164444444,75.74349206299999
Flute,Technical Etude,85.495873016,21.455238095,106.951111111
Flute,Chromatic Scale,119.141587302,12.19047619,131.332063492
Flute,Major Scales,142.222222222,111.177142857,253.399365079
Flute,Sight-Reading,266.565079365,45.511111111,312.07619047599997
