Instrument,ScoreGroup,Start,Duration,End
Alto Saxophone,Lyrical Etude,11.255873015,72.492698412,83.748571427
Alto Saxophone,Technical Etude,85.17079365,21.008253968,106.179047618
Alto Saxophone,Chromatic Scale,112.193015873,10.036825396,122.22984126899999
Alto Saxophone,Major Scales,128.203174603,54.816507936,183.019682539
Alto Saxophone,Sight-Reading,190.618412698,49.452698412,240.07111110999998
