Instrument,ScoreGroup,Start,Duration,End
Bb Clarinet,Lyrical Etude,10.24,114.729795918,124.96979591799999
Bb Clarinet,Technical Etude,128.313469388,34.690612245,163.004081633
Bb Clarinet,Chromatic Scale,170.109387755,12.329795918,182.439183673
Bb Clarinet,Major Scales,188.081632653,107.69414966,295.77578231300004
Bb Clarinet,Sight-Reading,299.311020408,57.121088435,356.432108843
