Instrument,ScoreGroup,Start,Duration,End
Xylophone,Mallet Etude,15.046531,49.133424,64.17995499999999
Snare Drum,Snare Etude,69.102585,47.368707,116.471292
Timpani,Timpani Etude,327.49424,81.73424,409.22848
Xylophone,Chromatic Scale,125.387755,13.003175,138.39093
Xylophone,Major Scales,144.457143,96.261224,240.718367
Xylophone,Sight-Reading,246.595918,39.706122,286.30204000000003
Snare Drum,Sight-Reading,291.918367,30.693878,322.612245
