Instrument,ScoreGroup,Start,Duration,End
Bb Clarinet,Lyrical Etude,11.981496599,81.502040816,93.483537415
Bb Clarinet,Technical Etude,98.220408163,26.052789116,124.273197279
Bb Clarinet,Chromatic Scale,131.239183673,12.956734694,144.19591836700002
Bb Clarinet,Major Scales,150.325986395,100.170884354,250.49687074899998
Bb Clarinet,Sight-Reading,256.487619048,42.771156463,299.258775511
