Instrument,ScoreGroup,Start,Duration,End
Flute,Lyrical Etude,13.955192744,47.717006803,61.672199547
Flute,Technical Etude,73.02675737,34.063673469,107.09043083899999
Flute,Chromatic Scale,115.890793651,14.466031746,130.356825397
Flute,Major Scales,140.852244898,101.424761905,242.277006803
Flute,Sight-Reading,250.195011338,52.987936508,303.182947846
