Instrument,ScoreGroup,Start,Duration,End
Alto Saxophone,Lyrical Etude,10.332879819,47.136507937,57.469387755999996
Alto Saxophone,Technical Etude,61.323900227,37.732426304,99.056326531
Alto Saxophone,Chromatic Scale,104.513015873,22.453696145,126.966712018
Alto Saxophone,Major Scales,131.47138322,92.299319728,223.770702948
Alto Saxophone,Sight-Reading,229.180952381,92.647619048,321.828571429
