Instrument,ScoreGroup,Start,Duration,End
Flute,Lyrical Etude,15.325170068,49.063764172,64.38893424
Flute,Technical Etude,72.214058957,22.871655329,95.08571428600001
Flute,Chromatic Scale,108.762267574,25.263310658,134.02557823200002
Flute,Major Scales,143.638639456,133.514739229,277.153378685
Flute,Sight-Reading,281.704489796,65.457052154,347.16154195
