Instrument,ScoreGroup,Start,Duration,End
Alto Saxophone,Lyrical Etude,12.840634921,50.340861678,63.181496599
Alto Saxophone,Technical Etude,74.210975057,47.159727891,121.370702948
Alto Saxophone,Chromatic Scale,129.985306122,19.667301587,149.652607709
Alto Saxophone,Major Scales,157.338412698,108.506848073,265.845260771
Alto Saxophone,Sight-Reading,274.13478458,41.052879819,315.18766439899997
