Instrument,ScoreGroup,Start,Duration,End
Bb Clarinet,Lyrical Etude,12.445895691,110.155464852,122.601360543
Bb Clarinet,Technical Etude,129.102947845,50.712380952,179.81532879699998
Bb Clarinet,Chromatic Scale,182.204081632,11.624489795,193.82857142699999
Bb Clarinet,Major Scales,201.142857142,103.706122448,304.84897959
Bb Clarinet,Sight-Reading,311.640816326,53.551020408,365.191836734
