Instrument,ScoreGroup,Start,Duration,End
Alto Saxophone,Lyrical Etude,12.399455782,55.217052154,67.616507936
Alto Saxophone,Technical Etude,70.797641723,33.877913832,104.67555555499999
Alto Saxophone,Chromatic Scale,111.316462585,15.53414966,126.850612245
Alto Saxophone,Major Scales,132.841360544,90.395283447,223.236643991
Alto Saxophone,Sight-Reading,227.834195011,70.774421769,298.60861678
