Instrument,ScoreGroup,Start,Duration,End
Trumpet,Lyrical Etude,11.886769,64.686137,76.572906
Trumpet,Technical Etude,85.529448,16.254465,101.783913
Trumpet,Chromatic Scale,110.408732,8.956542,119.365274
Trumpet,Major Scales,128.321816,77.623365,205.94518100000002
Trumpet,Sight-Reading,214.569999,48.763396,263.333395
