Instrument,ScoreGroup,Start,Duration,End
Flute,Lyrical Etude,16.904126984,59.257324263,76.161451247
Flute,Technical Etude,80.433922902,31.207619047,111.64154194900001
Flute,Chromatic Scale,118.700408163,15.603809523,134.30421768600002
Flute,Major Scales,144.149478458,129.660226757,273.809705215
Flute,Sight-Reading,286.255600907,49.783582766,336.03918367299997
