Instrument,ScoreGroup,Start,Duration,End
Trumpet,Lyrical Etude,9.287981859,54.241814058,63.529795917
Trumpet,Technical Etude,69.474104308,28.978503401,98.45260770899999
Trumpet,Chromatic Scale,105.882993197,29.350022675,135.233015872
Trumpet,Major Scales,141.844897959,65.044897959,206.889795918
Trumpet,Sight-Reading,212.114285714,60.865306122,272.979591836
