Instrument,ScoreGroup,Start,Duration,End
Flute,Lyrical Etude,10.40254,49.412063,59.814603000000005
Flute,Technical Etude,61.857959,40.86712,102.725079
Flute,Chromatic Scale,110.155465,27.678186,137.833651
Flute,Major Scales,143.777959,127.98839,271.766349
Flute,Sight-Reading,274.738503,54.241814,328.98031699999996
