Instrument,ScoreGroup,Start,Duration,End
Bb Clarinet,Lyrical Etude,18.773333333,60.13968254,78.913015873
Bb Clarinet,Technical Etude,95.085714286,28.038095238,123.123809524
Bb Clarinet,Chromatic Scale,145.960634921,18.773333333,164.73396825400002
Bb Clarinet,Major Scales,184.006530612,85.681632653,269.688163265
Bb Clarinet,Sight-Reading,278.465306122,65.619591837,344.08489795900005
