Instrument,ScoreGroup,Start,Duration,End
Alto Saxophone,Lyrical Etude,13.096054422,81.232108844,94.32816326599999
Alto Saxophone,Technical Etude,100.336326531,24.816326531,125.152653062
Alto Saxophone,Chromatic Scale,131.056326531,8.829387755,139.885714286
Alto Saxophone,Major Scales,152.163265306,55.327346939,207.490612245
Alto Saxophone,Sight-Reading,212.506122449,39.235918367,251.74204081599999
