Instrument,ScoreGroup,Start,Duration,End
Flute,Lyrical Etude,13.165714286,55.936870748,69.102585034
Flute,Technical Etude,74.536054422,24.288072562,98.824126984
Flute,Chromatic Scale,105.650793651,9.24154195,114.892335601
Flute,Major Scales,123.40244898,78.994285714,202.396734694
Flute,Sight-Reading,208.979591837,58.723265306,267.70285714299996
