Instrument,ScoreGroup,Start,Duration,End
Flute,Lyrical Etude,16.904127,112.941859,129.84598599999998
Flute,Technical Etude,136.347574,24.520272,160.86784600000001
Flute,Chromatic Scale,169.412789,10.40254,179.815329
Flute,Major Scales,188.360272,85.449433,273.809705
Flute,Sight-Reading,278.639456,33.808254,312.44771
