Instrument,ScoreGroup,Start,Duration,End
Bb Clarinet,Lyrical Etude,7.836734694,59.768163265,67.604897959
Bb Clarinet,Technical Etude,72.411428571,29.570612245,101.982040816
Bb Clarinet,Chromatic Scale,107.52,13.374693878,120.894693878
Bb Clarinet,Major Scales,125.596734694,62.484897959,188.081632653
Bb Clarinet,Sight-Reading,191.73877551,40.124081633,231.862857143
