Instrument,ScoreGroup,Start,Duration,End
Xylophone,Mallet Etude,9.534694,40.634921,50.169615
Snare Drum,Snare Etude,53.534694,44.025034,97.559728
Timpani,Timpani Etude,99.520726,59.210884,158.73161
Xylophone,Chromatic Scale,161.239365,14.489252,175.72861699999999
Xylophone,Major Scales,176.471655,85.635193,262.106848
Xylophone,Sight-Reading,267.772517,45.418231,313.190748
Snare Drum,Sight-Reading,315.698503,32.507937,348.20644000000004
