Instrument,ScoreGroup,Start,Duration,End
Xylophone,Mallet Etude,9.845261,39.513991,49.359252
Snare Drum,Snare Etude,54.726531,75.742993,130.469524
Timpani,Timpani Etude,138.20517,61.957007,200.162177
Xylophone,Chromatic Scale,207.542857,9.391995,216.934852
Xylophone,Major Scales,222.040816,100.015011,322.055827
Xylophone,Sight-Reading,327.958639,42.905011,370.86365
Snare Drum,Sight-Reading,374.857143,45.216009,420.073152
