Instrument,ScoreGroup,Start,Duration,End
Flute,Lyrical Etude,15.092970522,42.840816327,57.933786849
Flute,Technical Etude,62.600997732,46.811428571,109.412426303
Flute,Chromatic Scale,117.957369615,60.186122449,178.14349206400001
Flute,Major Scales,186.874195011,90.464943311,277.339138322
Flute,Sight-Reading,282.7261678,64.458594104,347.18476190399997
