Instrument,ScoreGroup,Start,Duration,End
Alto Saxophone,Lyrical Etude,9.729161,62.809977,72.53913800000001
Alto Saxophone,Technical Etude,78.065488,30.62712,108.692608
Alto Saxophone,Chromatic Scale,117.098231,13.049615,130.147846
Alto Saxophone,Major Scales,138.576689,119.141587,257.718276
Alto Saxophone,Sight-Reading,264.010884,58.560726,322.57160999999996
