Instrument,ScoreGroup,Start,Duration,End
Alto Saxophone,Lyrical Etude,10.031020408,93.344217687,103.375238095
Alto Saxophone,Technical Etude,108.390748299,61.997278911,170.38802721
Alto Saxophone,Chromatic Scale,177.075374149,9.055782312,186.131156461
Alto Saxophone,Major Scales,192.121904761,83.034557823,275.156462584
Alto Saxophone,Sight-Reading,279.893333333,50.15510204,330.04843537299996
