Instrument,ScoreGroup,Start,Duration,End
Flute,Lyrical Etude,12.329795918,52.453877551,64.783673469
Flute,Technical Etude,70.008163265,24.659591836,94.667755101
Flute,Chromatic Scale,101.773061224,17.554285714,119.327346938
Flute,Major Scales,129.149387755,122.671020408,251.820408163
Flute,Sight-Reading,258.29877551,39.91510204,298.21387755
