Instrument,ScoreGroup,Start,Duration,End
Flute,Lyrical Etude,20.897959,30.46458,51.362539
Flute,Technical Etude,59.350204,32.879456,92.22966
Flute,Chromatic Scale,104.489796,20.34068,124.830476
Flute,Major Scales,137.534694,90.514286,228.04898
Flute,Sight-Reading,232.489796,48.326531,280.816327
