Instrument,ScoreGroup,Start,Duration,End
Alto Saxophone,Lyrical Etude,11.331337868,51.826938775,63.158276643
Alto Saxophone,Technical Etude,67.616507936,26.006349206,93.622857142
Alto Saxophone,Chromatic Scale,99.195646258,10.588299319,109.783945577
Alto Saxophone,Major Scales,114.799455782,58.142766439,172.942222221
Alto Saxophone,Sight-Reading,177.586213151,42.91047619,220.496689341
