Instrument,ScoreGroup,Start,Duration,End
Alto Saxophone,Lyrical Etude,11.865396825,60.813061224,72.678458049
Alto Saxophone,Technical Etude,82.477278912,43.003356009,125.480634921
Alto Saxophone,Chromatic Scale,135.1169161,7.662585034,142.779501134
Alto Saxophone,Major Scales,151.486984127,102.4,253.886984127
Alto Saxophone,Sight-Reading,261.781768707,47.879546485,309.661315192
