Instrument,ScoreGroup,Start,Duration,End
Bb Clarinet,Lyrical Etude,13.479183673,40.96,54.439183673
Bb Clarinet,Technical Etude,60.290612245,28.525714286,88.816326531
Bb Clarinet,Chromatic Scale,94.563265306,19.539591837,114.10285714300001
Bb Clarinet,Major Scales,120.23292517,88.050068027,208.282993197
Bb Clarinet,Sight-Reading,215.248979592,62.275918367,277.524897959
