Instrument,ScoreGroup,Start,Duration,End
Bb Clarinet,Lyrical Etude,17.83292517,52.569977324,70.402902494
Bb Clarinet,Technical Etude,79.505124716,28.978503401,108.483628117
Bb Clarinet,Chromatic Scale,114.613696145,14.303492063,128.917188208
Bb Clarinet,Major Scales,137.462131519,121.115283446,258.577414965
Bb Clarinet,Sight-Reading,262.664126984,63.158276643,325.822403627
