Instrument,ScoreGroup,Start,Duration,End
Bb Clarinet,Lyrical Etude,11.885714285,50.41632653,62.302040815
Bb Clarinet,Technical Etude,68.702040816,46.236734693,114.938775509
Bb Clarinet,Chromatic Scale,122.644897959,15.804081632,138.448979591
Bb Clarinet,Major Scales,147.2,77.844897959,225.04489795899997
Bb Clarinet,Sight-Reading,231.706122448,61.518367346,293.224489794
