Instrument,ScoreGroup,Start,Duration,End
Bb Clarinet,Lyrical Etude,13.653333333,90.279183673,103.93251700600001
Bb Clarinet,Technical Etude,109.226666667,46.25414966,155.480816327
Bb Clarinet,Chromatic Scale,163.84,23.962993197,187.802993197
Bb Clarinet,Major Scales,198.669931973,123.437278912,322.107210885
Bb Clarinet,Sight-Reading,325.450884354,50.991020408,376.441904762
