Instrument,ScoreGroup,Start,Duration,End
Flute,Lyrical Etude,10.100680272,47.658956916,57.759637188
Flute,Technical Etude,60.487981859,31.637188209,92.125170068
Flute,Chromatic Scale,99.009886621,26.284988662,125.29487528300001
Flute,Major Scales,130.380045351,81.385941043,211.765986394
Flute,Sight-Reading,220.125170068,56.888888889,277.014058957
