Instrument,ScoreGroup,Start,Duration,End
Flute,Lyrical Etude,10.187755,32.914286,43.102041
Flute,Technical Etude,46.497959,26.906122,73.404081
Flute,Chromatic Scale,79.412245,22.073469,101.485714
Flute,Major Scales,106.997551,91.022222,198.019773
Flute,Sight-Reading,201.920726,34.737052,236.657778
