Instrument,ScoreGroup,Start,Duration,End
Flute,Lyrical Etude,12.53877551,42.9569161,55.49569161
Flute,Technical Etude,60.13968254,30.650340136,90.790022676
Flute,Chromatic Scale,97.175510204,26.354648526,123.53015873000001
Flute,Major Scales,130.612244898,93.204897959,223.817142857
Flute,Sight-Reading,233.430204082,63.181496599,296.611700681
