Instrument,ScoreGroup,Start,Duration,End
Bb Clarinet,Lyrical Etude,9.427301587,91.672380952,101.099682539
Bb Clarinet,Technical Etude,104.025396825,24.706031746,128.731428571
Bb Clarinet,Chromatic Scale,133.607619048,12.353015873,145.960634921
Bb Clarinet,Major Scales,151.161904762,98.173968254,249.335873016
Bb Clarinet,Sight-Reading,251.936507937,48.436825397,300.373333334
