Instrument,ScoreGroup,Start,Duration,End
Flute,Lyrical Etude,12.225306122,32.078367347,44.303673468999996
Flute,Technical Etude,50.050612245,22.987755102,73.038367347
Flute,Chromatic Scale,81.606530612,17.449795918,99.05632653
Flute,Major Scales,107.102040816,77.531428571,184.633469387
Flute,Sight-Reading,191.634285714,50.991020408,242.62530612199998
