Instrument,ScoreGroup,Start,Duration,End
Flute,Lyrical Etude,10.727619047,57.213968253,67.9415873
Flute,Technical Etude,69.241904761,23.243174603,92.485079364
Flute,Chromatic Scale,98.499047619,14.791111111,113.29015873
Flute,Major Scales,118.979047619,107.113650793,226.092698412
Flute,Sight-Reading,230.481269841,65.015873015,295.497142856
