Instrument,ScoreGroup,Start,Duration,End
Flute,Lyrical Etude,14.396371882,123.065759637,137.462131519
Flute,Technical Etude,142.802721088,75.464852607,218.267573695
Flute,Chromatic Scale,235.914739229,22.058956916,257.97369614499996
Flute,Major Scales,263.314285714,120.511564625,383.825850339
Flute,Sight-Reading,390.095238095,71.053061224,461.148299319
