Instrument,ScoreGroup,Start,Duration,End
Bb Clarinet,Lyrical Etude,13.862312925,121.510022676,135.372335601
Bb Clarinet,Technical Etude,142.524081633,57.376507937,199.90058957000002
Bb Clarinet,Chromatic Scale,207.957913832,13.258594104,221.216507936
Bb Clarinet,Major Scales,232.710385488,111.966621315,344.677006803
Bb Clarinet,Sight-Reading,354.893786848,74.698594104,429.592380952
