Instrument,ScoreGroup,Start,Duration,End
Flute,Lyrical Etude,22.064761905,21.942857143,44.007619048
Flute,Technical Etude,53.719365079,29.988571429,83.707936508
Flute,Chromatic Scale,95.532698413,22.633650794,118.16634920700001
Flute,Major Scales,127.431111111,92.415419501,219.846530612
Flute,Sight-Reading,234.057142857,54.799092971,288.856235828
