Instrument,ScoreGroup,Start,Duration,End
Flute,Lyrical Etude,13.792653061,25.704489796,39.497142857
Flute,Technical Etude,44.791292517,22.918095238,67.709387755
Flute,Chromatic Scale,76.695510204,9.89170068,86.587210884
Flute,Major Scales,95.573333333,76.207891156,171.781224489
Flute,Sight-Reading,175.960816327,70.077823129,246.038639456
