Instrument,ScoreGroup,Start,Duration,End
Trumpet,Lyrical Etude,12.493328,61.2617,73.755028
Trumpet,Technical Etude,82.887207,17.503343,100.39055
Trumpet,Chromatic Scale,108.000699,10.273701,118.2744
Trumpet,Major Scales,124.743027,115.674266,240.417293
Trumpet,Sight-Reading,251.071502,51.749014,302.820516
