Instrument,ScoreGroup,Start,Duration,End
Bb Clarinet,Lyrical Etude,12.120816327,50.712380952,62.833197279
Bb Clarinet,Technical Etude,67.152108844,30.650340136,97.80244898
Bb Clarinet,Chromatic Scale,103.653877551,16.021768707,119.675646258
Bb Clarinet,Major Scales,124.969795918,83.591836735,208.561632653
Bb Clarinet,Sight-Reading,213.298503401,44.721632653,258.020136054
