Instrument,ScoreGroup,Start,Duration,End
Alto Saxophone,Lyrical Etude,11.563537415,52.360997732,63.924535147
Alto Saxophone,Technical Etude,67.709387755,49.992562358,117.701950113
Alto Saxophone,Chromatic Scale,124.691156463,6.803446712,131.494603175
Alto Saxophone,Major Scales,138.042630385,81.873560091,219.916190476
Alto Saxophone,Sight-Reading,227.462675737,37.709206349,265.171882086
