Instrument,ScoreGroup,Start,Duration,End
Trumpet,Lyrical Etude,12.825701,76.122268,88.947969
Trumpet,Technical Etude,95.603468,23.710215,119.31368300000001
Trumpet,Chromatic Scale,133.456618,10.815186,144.271804
Trumpet,Major Scales,156.334895,110.647669,266.98256399999997
Trumpet,Sight-Reading,276.965812,54.907866,331.87367800000004
