Instrument,ScoreGroup,Start,Duration,End
Flute,Lyrical Etude,13.722993,55.936871,69.659864
Flute,Technical Etude,73.142857,42.631837,115.77469400000001
Flute,Chromatic Scale,120.511565,13.096054,133.607619
Flute,Major Scales,138.623129,106.718912,245.342041
Flute,Sight-Reading,250.148571,41.377959,291.52653
