Instrument,ScoreGroup,Start,Duration,End
Xylophone,Mallet Etude,13.560454,58.142766,71.70322
Snare Drum,Snare Etude,79.505125,50.340862,129.845987
Timpani,Timpani Etude,139.412608,57.585488,196.998096
Xylophone,Chromatic Scale,203.755102,11.265306,215.020408
Xylophone,Major Scales,220.682449,69.474104,290.156553
Xylophone,Sight-Reading,297.273469,88.816327,386.089796
Snare Drum,Sight-Reading,396.734694,37.55102,434.285714
