Instrument,ScoreGroup,Start,Duration,End
Bb Clarinet,Lyrical Etude,12.678095238,104.513015873,117.191111111
Bb Clarinet,Technical Etude,122.88,40.797460317,163.677460317
Bb Clarinet,Chromatic Scale,170.341587302,14.303492063,184.645079365
Bb Clarinet,Major Scales,192.446984127,121.57968254,314.026666667
Bb Clarinet,Sight-Reading,320.690793651,60.78984127,381.480634921
