Instrument,ScoreGroup,Start,Duration,End
Xylophone,Mallet Etude,10.727619,42.631837,53.359455999999994
Snare Drum,Snare Etude,58.792925,45.557551,104.35047599999999
Timpani,Timpani Etude,109.783946,98.220408,208.004354
Xylophone,Chromatic Scale,212.880544,6.965986,219.84652999999997
Xylophone,Major Scales,229.320272,64.365714,293.68598599999996
Xylophone,Sight-Reading,302.32381,38.870204,341.194014
Snare Drum,Sight-Reading,347.324082,23.545034,370.86911599999996
