Instrument,ScoreGroup,Start,Duration,End
Bb Clarinet,Lyrical Etude,11.935057,68.266667,80.201724
Bb Clarinet,Technical Etude,85.658413,95.201814,180.860227
Bb Clarinet,Chromatic Scale,188.476372,13.583673,202.060045
Bb Clarinet,Major Scales,210.651429,101.842721,312.49415
Bb Clarinet,Sight-Reading,320.063855,37.732426,357.79628099999996
