Instrument,ScoreGroup,Start,Duration,End
Alto Saxophone,Lyrical Etude,11.679637188,43.328435374,55.008072562
Alto Saxophone,Technical Etude,58.746485261,32.879455782,91.625941043
Alto Saxophone,Chromatic Scale,98.684807256,15.859229025,114.544036281
Alto Saxophone,Major Scales,121.835102041,72.515918367,194.351020408
Alto Saxophone,Sight-Reading,197.85723356,80.387482993,278.244716553
