Instrument,ScoreGroup,Start,Duration,End
Flute,Lyrical Etude,13.003175,112.013061,125.01623599999999
Flute,Technical Etude,131.889342,46.439909,178.329251
Flute,Chromatic Scale,190.403628,20.062041,210.465669
Flute,Major Scales,219.567891,109.040907,328.608798
Flute,Sight-Reading,332.138231,64.087075,396.22530600000005
