Instrument,ScoreGroup,Start,Duration,End
Alto Saxophone,Lyrical Etude,11.145578231,43.746394557,54.891972788000004
Alto Saxophone,Technical Etude,58.769705215,20.874739229,79.644444444
Alto Saxophone,Chromatic Scale,86.981950113,9.427301587,96.4092517
Alto Saxophone,Major Scales,104.164716551,56.44770975,160.612426301
Alto Saxophone,Sight-Reading,168.600090701,28.583764172,197.183854873
