Instrument,ScoreGroup,Start,Duration,End
Bb Clarinet,Lyrical Etude,11.102040816,51.591836734,62.693877549999996
Bb Clarinet,Technical Etude,66.742857142,49.763265306,116.50612244800001
Bb Clarinet,Chromatic Scale,122.383673469,23.510204081,145.89387755
Bb Clarinet,Major Scales,151.510204081,96.522448979,248.03265306000003
Bb Clarinet,Sight-Reading,254.040816326,67.918367346,321.959183672
