Instrument,ScoreGroup,Start,Duration,End
Alto Saxophone,Lyrical Etude,9.171882,78.762086,87.933968
Alto Saxophone,Technical Etude,92.763719,35.73551,128.49922899999999
Alto Saxophone,Chromatic Scale,135.070476,9.775601,144.846077
Alto Saxophone,Major Scales,151.603084,74.280635,225.88371899999999
Alto Saxophone,Sight-Reading,230.876009,55.472472,286.348481
