Instrument,ScoreGroup,Start,Duration,End
Bb Clarinet,Lyrical Etude,20.805079365,68.359546485,89.16462585
Bb Clarinet,Technical Etude,93.437097505,30.836099773,124.273197278
Bb Clarinet,Chromatic Scale,131.146303854,14.117732426,145.26403628
Bb Clarinet,Major Scales,150.651065759,113.684897959,264.335963718
Bb Clarinet,Sight-Reading,267.493877551,52.012698412,319.50657596300005
