Instrument,ScoreGroup,Start,Duration,End
Bb Clarinet,Lyrical Etude,13.583673,110.497959,124.081632
Bb Clarinet,Technical Etude,132.179592,68.702041,200.88163300000002
Bb Clarinet,Chromatic Scale,208.979592,18.02449,227.00408199999998
Bb Clarinet,Major Scales,233.273469,125.387755,358.661224
Bb Clarinet,Sight-Reading,363.102041,121.730612,484.832653
