Instrument,ScoreGroup,Start,Duration,End
Bb Clarinet,Lyrical Etude,11.493878,164.310204,175.804082
Bb Clarinet,Technical Etude,182.073469,39.706122,221.77959099999998
Bb Clarinet,Chromatic Scale,229.616327,11.232653,240.84898
Bb Clarinet,Major Scales,245.289796,112.326531,357.616327
Bb Clarinet,Sight-Reading,362.057143,43.62449,405.681633
