Instrument,ScoreGroup,Start,Duration,End
Alto Saxophone,Lyrical Etude,12.53877551,177.005714285,189.544489795
Alto Saxophone,Technical Etude,194.351020408,42.213877551,236.564897959
Alto Saxophone,Chromatic Scale,242.834285714,7.941224489,250.775510203
Alto Saxophone,Major Scales,255.373061224,77.740408163,333.113469387
Alto Saxophone,Sight-Reading,336.87510204,38.661224489,375.536326529
