Instrument,ScoreGroup,Start,Duration,End
Flute,Lyrical Etude,11.842176871,28.490884354,40.333061224999994
Flute,Technical Etude,46.184489796,30.580680272,76.765170068
Flute,Chromatic Scale,86.587210884,26.470748299,113.05795918300001
Flute,Major Scales,119.88462585,83.313197279,203.197823129
Flute,Sight-Reading,211.626666667,41.30829932,252.934965987
