Instrument,ScoreGroup,Start,Duration,End
Xylophone,Mallet Etude,11.517098,36.966168,48.483266
Snare Drum,Snare Etude,53.684535,50.898141,104.58267599999999
Timpani,Timpani Etude,109.040907,54.241814,163.282721
Xylophone,Chromatic Scale,169.04127,11.517098,180.558368
Xylophone,Major Scales,185.945397,80.062404,266.00780100000003
Xylophone,Sight-Reading,274.808163,65.306122,340.114285
Snare Drum,Sight-Reading,348.473469,40.881633,389.35510200000004
