Instrument,ScoreGroup,Start,Duration,End
Trumpet,Lyrical Etude,13.583673469,60.081632653,73.665306122
Trumpet,Technical Etude,77.833287981,32.693696145,110.526984126
Trumpet,Chromatic Scale,116.657052154,20.247800453,136.904852607
Trumpet,Major Scales,143.220680272,57.028208616,200.248888888
Trumpet,Sight-Reading,207.586394557,47.090068027,254.676462584
