Instrument,ScoreGroup,Start,Duration,End
Bb Clarinet,Lyrical Etude,14.303492063,51.2,65.50349206300001
Bb Clarinet,Technical Etude,72.562358277,22.407256236,94.969614513
Bb Clarinet,Chromatic Scale,100.426303855,15.789569161,116.215873016
Bb Clarinet,Major Scales,125.968253968,89.234285714,215.202539682
Bb Clarinet,Sight-Reading,219.591111111,53.15047619,272.741587301
