Instrument,ScoreGroup,Start,Duration,End
Xylophone,Mallet Etude,17.693605,56.842449,74.53605400000001
Snare Drum,Snare Etude,80.619683,78.390567,159.01024999999998
Timpani,Timpani Etude,165.326077,131.146304,296.472381
Xylophone,Chromatic Scale,300.930612,13.560454,314.491066
Xylophone,Major Scales,322.38585,95.155374,417.541224
Xylophone,Sight-Reading,423.810612,110.062585,533.873197
Snare Drum,Sight-Reading,541.396463,39.009524,580.4059870000001
