Instrument,ScoreGroup,Start,Duration,End
Flute,Lyrical Etude,17.240816,86.204082,103.444898
Flute,Technical Etude,107.885714,22.204082,130.08979599999998
Flute,Chromatic Scale,137.665306,12.016327,149.68163299999998
Flute,Major Scales,156.212245,98.742857,254.955102
Flute,Sight-Reading,260.179592,42.318367,302.49795900000004
