Instrument,ScoreGroup,Start,Duration,End
Flute,Lyrical Etude,11.052698413,88.746666667,99.79936508
Flute,Technical Etude,103.375238095,49.737142857,153.112380952
Flute,Chromatic Scale,159.939047619,20.154920635,180.093968254
Flute,Major Scales,186.27047619,118.003809524,304.27428571400003
Flute,Sight-Reading,306.155102041,66.292970522,372.44807256300004
