Instrument,ScoreGroup,Start,Duration,End
Alto Saxophone,Lyrical Etude,15.847619047,185.132698412,200.980317459
Alto Saxophone,Technical Etude,206.506666666,70.46095238,276.967619046
Alto Saxophone,Chromatic Scale,284.119365079,14.791111111,298.91047619
Alto Saxophone,Major Scales,305.493333333,104.187936507,409.68126984
Alto Saxophone,Sight-Reading,415.613968253,38.603174603,454.217142856
