Instrument,ScoreGroup,Start,Duration,End
Flute,Lyrical Etude,9.645017,115.740203,125.38521999999999
Flute,Technical Etude,133.166074,61.760528,194.926602
Flute,Chromatic Scale,202.221153,12.643888,214.865041
Flute,Major Scales,222.159591,115.253899,337.41349
Flute,Sight-Reading,342.762827,43.767304,386.53013100000004
