Instrument,ScoreGroup,Start,Duration,End
Flute,Lyrical Etude,12.408163,27.559184,39.967347
Flute,Technical Etude,44.669388,29.64898,74.31836799999999
Flute,Chromatic Scale,79.934694,40.620408,120.55510199999999
Flute,Major Scales,125.64898,123.559184,249.208164
Flute,Sight-Reading,254.304943,75.046893,329.351836
