Instrument,ScoreGroup,Start,Duration,End
Bb Clarinet,Lyrical Etude,12.8,71.053061224,83.853061224
Bb Clarinet,Technical Etude,89.6,34.481632653,124.08163265299999
Bb Clarinet,Chromatic Scale,130.612244897,13.844897959,144.45714285600002
Bb Clarinet,Major Scales,150.987755102,104.228571428,255.21632653
Bb Clarinet,Sight-Reading,260.440816326,52.506122448,312.946938774
