Instrument,ScoreGroup,Start,Duration,End
Xylophone,Mallet Etude,11.888617,49.783583,61.672200000000004
Snare Drum,Snare Etude,68.359546,64.644354,133.0039
Timpani,Timpani Etude,142.291882,56.09941,198.391292
Xylophone,Chromatic Scale,203.592562,8.916463,212.50902499999998
Xylophone,Major Scales,219.196372,91.765261,310.961633
Xylophone,Sight-Reading,316.162902,44.953832,361.11673399999995
Snare Drum,Sight-Reading,365.203447,26.749388,391.952835
