Instrument,ScoreGroup,Start,Duration,End
Bb Clarinet,Lyrical Etude,14.236735,102.269388,116.506123
Bb Clarinet,Technical Etude,121.861224,43.232653,165.09387700000002
Bb Clarinet,Chromatic Scale,178.416327,12.930612,191.346939
Bb Clarinet,Major Scales,199.053061,76.016327,275.069388
Bb Clarinet,Sight-Reading,286.955102,46.889796,333.844898
