Instrument,ScoreGroup,Start,Duration,End
Flute,Lyrical Etude,8.881633,69.485714,78.367347
Flute,Technical Etude,82.02449,28.734694,110.759184
Flute,Chromatic Scale,115.461224,19.591837,135.053061
Flute,Major Scales,140.538776,121.469388,262.008164
Flute,Sight-Reading,265.926531,65.306122,331.232653
