Instrument,ScoreGroup,Start,Duration,End
Flute,Lyrical Etude,14.326712018,43.978594104,58.305306122000005
Flute,Technical Etude,65.155192744,26.012154195,91.167346939
Flute,Chromatic Scale,99.700680272,13.119274376,112.81995464799999
Flute,Major Scales,120.946938776,78.132244898,199.07918367399998
Flute,Sight-Reading,206.497959184,47.699591837,254.19755102099998
