Instrument,ScoreGroup,Start,Duration,End
Flute,Lyrical Etude,13.49079365,59.814603174,73.305396824
Flute,Technical Etude,77.043809523,27.144126984,104.18793650699999
Flute,Chromatic Scale,109.551746031,20.805079365,130.356825396
Flute,Major Scales,135.558095238,126.943492063,262.501587301
Flute,Sight-Reading,267.702857142,68.266666666,335.969523808
