Instrument,ScoreGroup,Start,Duration,End
Alto Saxophone,Lyrical Etude,13.531428571,45.871020408,59.402448979
Alto Saxophone,Technical Etude,67.152108844,124.273197279,191.42530612299998
Alto Saxophone,Chromatic Scale,200.15600907,10.216780045,210.37278911500002
Alto Saxophone,Major Scales,219.567891156,56.470929705,276.038820861
Alto Saxophone,Sight-Reading,277.455238095,70.542222222,347.99746031700005
