Instrument,ScoreGroup,Start,Duration,End
Flute,Lyrical Etude,15.882448979,99.474285714,115.356734693
Flute,Technical Etude,119.53632653,25.704489795,145.240816325
Flute,Chromatic Scale,151.301224489,13.583673469,164.88489795799998
Flute,Major Scales,172.826122448,76.27755102,249.103673468
Flute,Sight-Reading,254.223673469,39.079183673,293.302857142
