Instrument,ScoreGroup,Start,Duration,End
Alto Saxophone,Lyrical Etude,17.623945578,47.763446712,65.38739229
Alto Saxophone,Technical Etude,71.796099773,27.794285714,99.59038548699999
Alto Saxophone,Chromatic Scale,108.042448971,11.54031746,119.582766431
Alto Saxophone,Major Scales,128.127709751,74.373514739,202.50122449
Alto Saxophone,Sight-Reading,209.118911561,59.025124716,268.144036277
