Instrument,ScoreGroup,Start,Duration,End
Flute,Lyrical Etude,10.10068,52.802177,62.902857
Flute,Technical Etude,69.520544,25.77415,95.29469399999999
Flute,Chromatic Scale,102.748299,23.336054,126.08435300000001
Flute,Major Scales,134.443537,99.729705,234.173242
Flute,Sight-Reading,239.049433,62.113379,301.162812
