Instrument,ScoreGroup,Start,Duration,End
Flute,Lyrical Etude,10.681179138,67.570068027,78.25124716500001
Flute,Technical Etude,82.663038549,52.012698413,134.675736962
Flute,Chromatic Scale,140.480725624,16.253968254,156.734693878
Flute,Major Scales,165.674376417,101.471201814,267.145578231
Flute,Sight-Reading,270.396371882,50.387301587,320.783673469
