Instrument,ScoreGroup,Start,Duration,End
Alto Saxophone,Lyrical Etude,10.083265306,64.104489795,74.18775510100001
Alto Saxophone,Technical Etude,78.262857142,25.547755102,103.810612244
Alto Saxophone,Chromatic Scale,108.930612244,12.068571428,120.999183672
Alto Saxophone,Major Scales,126.902857142,93.884081632,220.78693877400002
Alto Saxophone,Sight-Reading,223.346938775,55.53632653,278.883265305
