Instrument,ScoreGroup,Start,Duration,End
Xylophone,Mallet Etude,12.027937,84.961814,96.989751
Snare Drum,Snare Etude,103.677098,119.931066,223.608164
Timpani,Timpani Etude,230.34195,52.778957,283.120907
Xylophone,Chromatic Scale,291.68907,5.967528,297.65659800000003
Xylophone,Major Scales,304.204626,99.985125,404.189751
Xylophone,Sight-Reading,411.620136,49.319184,460.93932
Snare Drum,Sight-Reading,469.948662,38.614785,508.563447
