Instrument,ScoreGroup,Start,Duration,End
Bb Clarinet,Lyrical Etude,10.402539683,54.938412698,65.340952381
Bb Clarinet,Technical Etude,70.217142857,51.362539683,121.57968254
Bb Clarinet,Chromatic Scale,129.544126984,20.154920635,149.699047619
Bb Clarinet,Major Scales,158.313650794,121.742222222,280.055873016
Bb Clarinet,Sight-Reading,285.094603175,61.44,346.534603175
