Instrument,ScoreGroup,Start,Duration,End
Bb Clarinet,Lyrical Etude,16.065306,51.2,67.26530600000001
Bb Clarinet,Technical Etude,74.44898,28.408163,102.85714300000001
Bb Clarinet,Chromatic Scale,112.587755,23.314286,135.902041
Bb Clarinet,Major Scales,146.02449,97.306122,243.33061199999997
Bb Clarinet,Sight-Reading,250.644898,46.563265,297.208163
