Instrument,ScoreGroup,Start,Duration,End
Flute,Lyrical Etude,35.484497,86.543238,122.027735
Flute,Technical Etude,128.929956,78.048196,206.97815200000002
Flute,Chromatic Scale,214.411313,12.211622,226.622935
Flute,Major Scales,235.117978,116.275884,351.393862
Flute,Sight-Reading,363.605484,58.934352,422.539836
