Instrument,ScoreGroup,Start,Duration,End
Alto Saxophone,Lyrical Etude,10.913378684,19.795011337,30.708390021
Alto Saxophone,Technical Etude,48.413605442,28.734693877,77.148299319
Alto Saxophone,Chromatic Scale,87.248979591,35.816780045,123.065759636
Alto Saxophone,Major Scales,134.211337868,70.240362811,204.451700679
Alto Saxophone,Sight-Reading,209.037641723,17.589115646,226.62675736900002
