Instrument,ScoreGroup,Start,Duration,End
Alto Saxophone,Lyrical Etude,19.179682539,45.348571428,64.528253967
Alto Saxophone,Technical Etude,74.93079365,26.493968253,101.42476190299999
Alto Saxophone,Chromatic Scale,109.064126984,16.904126984,125.968253968
Alto Saxophone,Major Scales,136.695873015,93.947936507,230.64380952199997
Alto Saxophone,Sight-Reading,235.194920634,41.122539682,276.317460316
