Instrument,ScoreGroup,Start,Duration,End
Trumpet,Lyrical Etude,14.407442,56.844927,71.252369
Trumpet,Technical Etude,77.97958,14.463502,92.443082
Trumpet,Chromatic Scale,109.597468,10.090815,119.68828300000001
Trumpet,Major Scales,128.770017,91.49006,220.260077
Trumpet,Sight-Reading,227.660009,40.026901,267.68691
