Instrument,ScoreGroup,Start,Duration,End
Flute,Lyrical Etude,10.774058956,82.105759637,92.87981859300001
Flute,Technical Etude,97.152290249,32.32217687,129.474467119
Flute,Chromatic Scale,134.304217687,23.034195011,157.338412698
Flute,Major Scales,162.539682539,106.626031746,269.16571428500004
Flute,Sight-Reading,273.252426303,49.412063492,322.664489795
