Instrument,ScoreGroup,Start,Duration,End
Flute,Lyrical Etude,19.941165,120.729766,140.670931
Flute,Technical Etude,151.498713,41.145571,192.644284
Flute,Chromatic Scale,203.472065,13.534727,217.006792
Flute,Major Scales,222.962072,103.405316,326.367388
Flute,Sight-Reading,338.277948,92.036145,430.31409299999996
