Instrument,ScoreGroup,Start,Duration,End
Bb Clarinet,Lyrical Etude,13.560454,76.161451,89.72190499999999
Bb Clarinet,Technical Etude,96.595011,34.922812,131.517823
Bb Clarinet,Chromatic Scale,141.363084,16.904127,158.26721099999997
Bb Clarinet,Major Scales,167.740952,108.112109,275.853061
Bb Clarinet,Sight-Reading,282.354649,54.799093,337.15374199999997
