Instrument,ScoreGroup,Start,Duration,End
Alto Saxophone,Lyrical Etude,11.795736961,38.893424036,50.689160997
Alto Saxophone,Technical Etude,53.730975056,23.637913832,77.368888888
Alto Saxophone,Chromatic Scale,83.080997732,37.26802721,120.349024942
Alto Saxophone,Major Scales,126.873832191,122.810340136,249.684172327
Alto Saxophone,Sight-Reading,255.303401361,55.495691609,310.79909297
