Instrument,ScoreGroup,Start,Duration,End
Xylophone,Mallet Etude,10.890159,46.973968,57.864126999999996
Snare Drum,Snare Etude,62.577778,48.599365,111.177143
Timpani,Timpani Etude,115.078095,53.475556,168.553651
Xylophone,Chromatic Scale,174.302041,9.012245,183.314286
Xylophone,Major Scales,190.589388,77.276009,267.86539700000003
Xylophone,Sight-Reading,274.181224,54.427574,328.608798
Snare Drum,Sight-Reading,335.110385,35.593333,370.703718
