Instrument,ScoreGroup,Start,Duration,End
Flute,Lyrical Etude,11.215238,69.648254,80.863492
Flute,Technical Etude,84.358095,36.815238,121.17333300000001
Flute,Chromatic Scale,125.561905,13.815873,139.377778
Flute,Major Scales,143.60381,106.219683,249.823493
Flute,Sight-Reading,254.699683,57.295238,311.994921
