Instrument,ScoreGroup,Start,Duration,End
Alto Saxophone,Lyrical Etude,9.357641723,46.672108843,56.029750566
Alto Saxophone,Technical Etude,60.487981859,19.179682539,79.667664398
Alto Saxophone,Chromatic Scale,87.539229024,10.820498866,98.35972788999999
Alto Saxophone,Major Scales,104.396916091,92.949478458,197.346394549
Alto Saxophone,Sight-Reading,202.478004531,34.435192743,236.91319727400003
