Instrument,ScoreGroup,Start,Duration,End
French Horn,Lyrical Etude,16.869048,96.855777,113.72482500000001
French Horn,Technical Etude,127.284633,69.25188,196.536513
French Horn,Chromatic Scale,204.769254,9.201299,213.970553
French Horn,Major Scales,234.310266,97.340056,331.650322
French Horn,Sight-Reading,338.914505,45.522215,384.43672000000004
