Instrument,ScoreGroup,Start,Duration,End
Bb Clarinet,Lyrical Etude,12.53877551,126.780952381,139.319727891
Bb Clarinet,Technical Etude,144.428117914,25.541950113,169.97006802700002
Bb Clarinet,Chromatic Scale,176.007256236,13.931972789,189.93922902499997
Bb Clarinet,Major Scales,195.047619048,107.276190476,302.323809524
Bb Clarinet,Sight-Reading,309.289795918,46.439909297,355.72970521499997
