Instrument,ScoreGroup,Start,Duration,End
Flute,Lyrical Etude,13.722993197,43.096235828,56.819229025
Flute,Technical Etude,63.483356009,31.602358277,95.085714286
Flute,Chromatic Scale,104.025396825,20.990839002,125.016235827
Flute,Major Scales,134.513197279,90.975782313,225.488979592
Flute,Sight-Reading,232.269206349,47.763446712,280.032653061
