Instrument,ScoreGroup,Start,Duration,End
Alto Saxophone,Lyrical Etude,9.247346938,180.871836734,190.119183672
Alto Saxophone,Technical Etude,198.164897959,54.177959183,252.342857142
Alto Saxophone,Chromatic Scale,259.761632653,11.493877551,271.255510204
Alto Saxophone,Major Scales,280.137142857,99.892244897,380.029387754
Alto Saxophone,Sight-Reading,385.933061224,40.542040816,426.47510204
