Instrument,ScoreGroup,Start,Duration,End
Alto Saxophone,Lyrical Etude,14.164172336,74.617324263,88.78149659900001
Alto Saxophone,Technical Etude,99.787755102,41.552108844,141.339863946
Alto Saxophone,Chromatic Scale,149.664217687,13.374693878,163.03891156499998
Alto Saxophone,Major Scales,171.850884354,53.254965986,225.10585034
Alto Saxophone,Sight-Reading,235.032380952,62.554557823,297.586938775
