Instrument,ScoreGroup,Start,Duration,End
Oboe,Lyrical Etude,12.120816326,52.80217687,64.922993196
Oboe,Technical Etude,70.704761904,38.452244897,109.157006801
Oboe,Chromatic Scale,117.376870748,13.722993197,131.099863945
Oboe,Major Scales,138.762448979,93.344217687,232.106666666
Oboe,Sight-Reading,236.007619047,46.254149659,282.261768706
