Instrument,ScoreGroup,Start,Duration,End
Flute,Lyrical Etude,10.866938776,56.79600907,67.662947846
Flute,Technical Etude,73.003537415,25.634829932,98.638367347
Flute,Chromatic Scale,106.486712018,15.256961451,121.743673469
Flute,Major Scales,128.934603175,132.493061224,261.42766439900004
Flute,Sight-Reading,269.438548753,70.687346939,340.12589569200003
