Instrument,ScoreGroup,Start,Duration,End
Flute,Lyrical Etude,12.074376417,57.469387755,69.543764172
Flute,Technical Etude,73.839455782,27.631746031,101.471201813
Flute,Chromatic Scale,108.785487528,16.13786848,124.92335600800001
Flute,Major Scales,130.612244897,90.790022675,221.40226757200003
Flute,Sight-Reading,229.761451247,49.458503401,279.219954648
