Instrument,ScoreGroup,Start,Duration,End
Trumpet,Lyrical Etude,10.448979591,42.579591836,53.028571427
Trumpet,Technical Etude,57.991836734,47.542857142,105.534693876
Trumpet,Chromatic Scale,111.804081632,26.383673469,138.187755101
Trumpet,Major Scales,144.335238095,80.433922902,224.769160997
Trumpet,Sight-Reading,230.341950113,60.186122448,290.528072561
