Instrument,ScoreGroup,Start,Duration,End
Trumpet,Lyrical Etude,18.947482993,54.241814058,73.18929705100001
Trumpet,Technical Etude,77.461768707,40.588480725,118.050249432
Trumpet,Chromatic Scale,125.48063492,14.860770975,140.341405895
Trumpet,Major Scales,149.028571428,70.791836734,219.82040816199998
Trumpet,Sight-Reading,225.306122448,46.497959183,271.804081631
