Instrument,ScoreGroup,Start,Duration,End
Bb Clarinet,Lyrical Etude,12.260136054,67.059229024,79.319365078
Bb Clarinet,Technical Etude,84.52063492,92.508299319,177.02893423900002
Bb Clarinet,Chromatic Scale,188.174512471,19.690521541,207.86503401200002
Bb Clarinet,Major Scales,214.923900226,104.582675736,319.506575962
Bb Clarinet,Sight-Reading,330.28063492,98.266848072,428.547482992
