Instrument,ScoreGroup,Start,Duration,End
Flute,Lyrical Etude,12.956734693,87.144489795,100.101224488
Flute,Technical Etude,103.653877551,37.407346938,141.06122448899998
Flute,Chromatic Scale,145.65877551,25.913469387,171.572244897
Flute,Major Scales,177.423673469,126.432653061,303.85632653
Flute,Sight-Reading,309.080816326,49.319183673,358.399999999
