Instrument,ScoreGroup,Start,Duration,End
Flute,Lyrical Etude,12.074376,65.666032,77.740408
Flute,Technical Etude,83.591837,37.987846,121.57968299999999
Flute,Chromatic Scale,129.288707,13.560454,142.84916099999998
Flute,Major Scales,152.137143,105.139955,257.277098
Flute,Sight-Reading,264.335964,42.167438,306.503402
