Instrument,ScoreGroup,Start,Duration,End
Flute,Lyrical Etude,10.448979591,138.390929705,148.839909296
Flute,Technical Etude,152.55510204,28.096145124,180.651247164
Flute,Chromatic Scale,187.152834467,13.003174603,200.15600906999998
Flute,Major Scales,205.728798185,98.917006802,304.645804987
Flute,Sight-Reading,309.057596371,32.9723356,342.029931971
