Instrument,ScoreGroup,Start,Duration,End
Bb Clarinet,Lyrical Etude,12.120816327,94.249795918,106.370612245
Bb Clarinet,Technical Etude,110.759183673,40.124081633,150.883265306
Bb Clarinet,Chromatic Scale,155.480816327,13.165714286,168.646530613
Bb Clarinet,Major Scales,173.871020408,129.985306122,303.85632653
Bb Clarinet,Sight-Reading,306.573061224,64.992653061,371.565714285
