Instrument,ScoreGroup,Start,Duration,End
Alto Saxophone,Lyrical Etude,15.766349206,96.177052154,111.94340136
Alto Saxophone,Technical Etude,124.969795918,36.31600907,161.285804988
Alto Saxophone,Chromatic Scale,183.925260771,9.450521542,193.375782313
Alto Saxophone,Major Scales,216.38675737,122.136961451,338.523718821
Alto Saxophone,Sight-Reading,346.139863946,81.711020408,427.85088435399996
