Instrument,ScoreGroup,Start,Duration,End
Bb Clarinet,Lyrical Etude,11.517098,52.755737,64.272835
Bb Clarinet,Technical Etude,70.217143,38.173605,108.390748
Bb Clarinet,Chromatic Scale,114.520816,16.811247,131.332063
Bb Clarinet,Major Scales,137.090612,75.325533,212.41614499999997
Bb Clarinet,Sight-Reading,217.524535,62.508118,280.032653
