Instrument,ScoreGroup,Start,Duration,End
Bb Clarinet,Lyrical Etude,12.260136054,109.969705215,122.229841269
Bb Clarinet,Technical Etude,128.731428571,61.857959183,190.589387754
Bb Clarinet,Chromatic Scale,200.434648526,15.046530612,215.481179138
Bb Clarinet,Major Scales,224.130612244,104.620408163,328.751020407
Bb Clarinet,Sight-Reading,335.281632653,46.759183673,382.04081632599997
