Instrument,ScoreGroup,Start,Duration,End
Bb Clarinet,Lyrical Etude,15.046530612,60.604081633,75.650612245
Bb Clarinet,Technical Etude,81.293061224,31.137959184,112.431020408
Bb Clarinet,Chromatic Scale,121.835102041,15.673469388,137.508571429
Bb Clarinet,Major Scales,146.076734694,80.457142857,226.533877551
Bb Clarinet,Sight-Reading,230.295510204,60.813061224,291.108571428
