Instrument,ScoreGroup,Start,Duration,End
Flute,Lyrical Etude,13.699773242,88.700226757,102.39999999899999
Flute,Technical Etude,107.972789115,34.829931972,142.802721087
Flute,Chromatic Scale,150.233106575,17.182766439,167.415873014
Flute,Major Scales,175.310657596,104.954195011,280.26485260699997
Flute,Sight-Reading,287.463038548,54.566893424,342.029931972
