Instrument,ScoreGroup,Start,Duration,End
Alto Saxophone,Lyrical Etude,15.046530612,47.159727891,62.206258503
Alto Saxophone,Technical Etude,68.405986394,27.097687074,95.50367346799999
Alto Saxophone,Chromatic Scale,103.166258503,8.986122448,112.152380951
Alto Saxophone,Major Scales,121.486802721,60.813061224,182.299863945
Alto Saxophone,Sight-Reading,186.688435374,38.103945578,224.792380952
