Instrument,ScoreGroup,Start,Duration,End
Bb Clarinet,Lyrical Etude,15.23229,74.861134,90.09342400000001
Bb Clarinet,Technical Etude,95.712653,19.783401,115.496054
Bb Clarinet,Chromatic Scale,125.852154,9.613061,135.465215
Bb Clarinet,Major Scales,144.520998,74.582494,219.103492
Bb Clarinet,Sight-Reading,225.32644,50.340862,275.667302
