Instrument,ScoreGroup,Start,Duration,End
Bb Clarinet,Lyrical Etude,18.947482993,62.600997732,81.548480725
Bb Clarinet,Technical Etude,88.793106575,31.207619047,120.000725622
Bb Clarinet,Chromatic Scale,126.688072562,26.563628117,153.251700679
Bb Clarinet,Major Scales,161.610884353,103.468117913,265.079002266
Bb Clarinet,Sight-Reading,275.110022675,57.213968253,332.323990928
