Instrument,ScoreGroup,Start,Duration,End
Bb Clarinet,Lyrical Etude,10.959818594,81.734240362,92.69405895599999
Bb Clarinet,Technical Etude,98.266848072,46.254149659,144.520997731
Bb Clarinet,Chromatic Scale,151.394104308,17.83292517,169.22702947800002
Bb Clarinet,Major Scales,176.657414965,130.960544217,307.617959182
Bb Clarinet,Sight-Reading,312.44770975,79.133605442,391.58131519200003
