Instrument,ScoreGroup,Start,Duration,End
Alto Saxophone,Lyrical Etude,13.88553288,45.302131519,59.187664399
Alto Saxophone,Technical Etude,65.340952381,45.232471655,110.57342403599999
Alto Saxophone,Chromatic Scale,116.773151927,9.659501134,126.432653061
Alto Saxophone,Major Scales,131.494603175,84.938594104,216.433197279
Alto Saxophone,Sight-Reading,223.143764172,40.240181406,263.383945578
