Instrument,ScoreGroup,Start,Duration,End
Alto Saxophone,Lyrical Etude,12.84063492,88.909206349,101.749841269
Alto Saxophone,Technical Etude,106.30095238,62.252698412,168.55365079199998
Alto Saxophone,Chromatic Scale,174.08,8.777142857,182.857142857
Alto Saxophone,Major Scales,189.846349206,87.446349206,277.292698412
Alto Saxophone,Sight-Reading,282.981587301,38.846984126,321.828571427
