Instrument,ScoreGroup,Start,Duration,End
Bb Clarinet,Lyrical Etude,10.774059,73.119637,83.89369599999999
Bb Clarinet,Technical Etude,89.907664,77.601088,167.50875200000002
Bb Clarinet,Chromatic Scale,174.706939,16.462948,191.16988700000002
Bb Clarinet,Major Scales,198.995011,100.008345,299.003356
Bb Clarinet,Sight-Reading,304.878005,56.16907,361.04707499999995
