Instrument,ScoreGroup,Start,Duration,End
Bb Clarinet,Lyrical Etude,10.681179,60.371882,71.053061
Bb Clarinet,Technical Etude,75.418413,40.309841,115.72825399999999
Bb Clarinet,Chromatic Scale,126.688073,34.551293,161.23936600000002
Bb Clarinet,Major Scales,169.877188,87.492789,257.369977
Bb Clarinet,Sight-Reading,261.921088,76.71873,338.639818
