Instrument,ScoreGroup,Start,Duration,End
Xylophone,Mallet Etude,13.931973,52.755737,66.68771000000001
Snare Drum,Snare Etude,70.588662,66.31619,136.904852
Timpani,Timpani Etude,144.149478,52.941497,197.090975
Xylophone,Chromatic Scale,204.149841,8.544943,212.694784
Xylophone,Major Scales,217.524535,110.712744,328.237279
Xylophone,Sight-Reading,333.067029,49.597823,382.664852
Snare Drum,Sight-Reading,386.937324,22.476916,409.41424
