Instrument,ScoreGroup,Start,Duration,End
Bb Clarinet,Lyrical Etude,10.971428571,166.661224489,177.63265306
Bb Clarinet,Technical Etude,182.073469387,68.963265306,251.03673469299997
Bb Clarinet,Chromatic Scale,257.306122448,14.628571428,271.934693876
Bb Clarinet,Major Scales,277.681632653,107.624489795,385.306122448
Bb Clarinet,Sight-Reading,390.661224489,61.779591836,452.440816325
