Instrument,ScoreGroup,Start,Duration,End
Alto Saxophone,Lyrical Etude,11.052698,75.232653,86.28535099999999
Alto Saxophone,Technical Etude,91.370522,26.354649,117.72517099999999
Alto Saxophone,Chromatic Scale,127.268571,12.260136,139.528707
Alto Saxophone,Major Scales,145.008617,59.443084,204.45170099999999
Alto Saxophone,Sight-Reading,212.532245,53.196916,265.729161
