Instrument,ScoreGroup,Start,Duration,End
Alto Saxophone,Lyrical Etude,10.054240363,61.376145125,71.430385488
Alto Saxophone,Technical Etude,76.509750567,55.698866213,132.20861678
Alto Saxophone,Chromatic Scale,139.522902494,14.164172336,153.68707483
Alto Saxophone,Major Scales,160.856235828,65.364172336,226.220408164
Alto Saxophone,Sight-Reading,231.560997732,41.505668934,273.066666666
