Instrument,ScoreGroup,Start,Duration,End
Alto Saxophone,Lyrical Etude,11.609977324,61.532879818,73.142857142
Alto Saxophone,Technical Etude,78.193197278,28.560544217,106.753741495
Alto Saxophone,Chromatic Scale,112.500680272,14.686621315,127.187301587
Alto Saxophone,Major Scales,136.2430839,66.118820861,202.361904761
Alto Saxophone,Sight-Reading,206.077097505,58.340136054,264.417233559
