Instrument,ScoreGroup,Start,Duration,End
Flute,Lyrical Etude,11.133968,37.384127,48.518095
Flute,Technical Etude,53.881905,47.217778,101.099683
Flute,Chromatic Scale,105.732063,43.316825,149.048888
Flute,Major Scales,155.469206,100.937143,256.40634900000003
Flute,Sight-Reading,259.657143,39.172063,298.829206
