Instrument,ScoreGroup,Start,Duration,End
Trumpet,Lyrical Etude,13.322448979,37.61632653,50.938775509
Trumpet,Technical Etude,56.163265306,26.383673469,82.546938775
Trumpet,Chromatic Scale,88.293877551,12.27755102,100.571428571
Trumpet,Major Scales,107.885714285,109.191836734,217.077551019
Trumpet,Sight-Reading,221.518367346,55.902040816,277.420408162
