Instrument,ScoreGroup,Start,Duration,End
Alto Saxophone,Lyrical Etude,17.298866213,48.413605442,65.712471655
Alto Saxophone,Technical Etude,75.000453514,36.339229024,111.339682538
Alto Saxophone,Chromatic Scale,125.736054421,13.583673469,139.31972789
Alto Saxophone,Major Scales,147.678911564,74.071655328,221.750566892
Alto Saxophone,Sight-Reading,231.386848072,49.458503401,280.845351473
