Instrument,ScoreGroup,Start,Duration,End
Alto Saxophone,Lyrical Etude,15.882449,89.791565,105.674014
Alto Saxophone,Technical Etude,111.107483,58.932245,170.039728
Alto Saxophone,Chromatic Scale,184.27356,46.718549,230.992109
Alto Saxophone,Major Scales,236.913197,120.116825,357.03002200000003
Alto Saxophone,Sight-Reading,363.972789,65.039093,429.01188199999996
