Instrument,ScoreGroup,Start,Duration,End
Flute,Lyrical Etude,15.232290249,67.198548753,82.430839002
Flute,Technical Etude,95.526893424,53.54521542,149.07210884399998
Flute,Chromatic Scale,158.476190476,14.338321995,172.814512471
Flute,Major Scales,182.137324263,120.92952381,303.066848073
Flute,Sight-Reading,311.913650794,53.881904762,365.79555555599995
