Instrument,ScoreGroup,Start,Duration,End
Trumpet,Lyrical Etude,8.881632653,50.67755102,59.55918367300001
Trumpet,Technical Etude,62.432653061,31.869387755,94.302040816
Trumpet,Chromatic Scale,102.4,40.751020408,143.15102040800002
Trumpet,Major Scales,154.122448979,95.085714285,249.208163264
Trumpet,Sight-Reading,262.791836734,32.914285714,295.70612244800003
