Instrument,ScoreGroup,Start,Duration,End
Alto Saxophone,Lyrical Etude,9.659501133,160.357006802,170.016507935
Alto Saxophone,Technical Etude,176.146575963,52.059138321,228.205714284
Alto Saxophone,Chromatic Scale,235.403900226,9.613061224,245.01696145
Alto Saxophone,Major Scales,248.267755102,89.303945578,337.57170068
Alto Saxophone,Sight-Reading,342.587210884,33.947573696,376.53478458
