Instrument,ScoreGroup,Start,Duration,End
Flute,Lyrical Etude,13.003174603,72.817777777,85.82095238000001
Flute,Technical Etude,90.279183673,35.294331065,125.573514738
Flute,Chromatic Scale,133.375419501,22.662675736,156.03809523700002
Flute,Major Scales,165.883356009,101.982040816,267.865396825
Flute,Sight-Reading,274.181224489,62.415238095,336.596462584
