Instrument,ScoreGroup,Start,Duration,End
Flute,Lyrical Etude,11.319727891,66.641269841,77.960997732
Flute,Technical Etude,82.895238095,34.661587302,117.556825397
Flute,Chromatic Scale,125.358730159,12.840634921,138.19936508
Flute,Major Scales,144.497777778,102.643809524,247.141587302
Flute,Sight-Reading,250.409795918,55.849795918,306.25959183599997
