Instrument,ScoreGroup,Start,Duration,End
Xylophone,Mallet Etude,13.839093,52.152018,65.991111
Snare Drum,Snare Etude,73.166077,45.278912,118.44498899999999
Timpani,Timpani Etude,125.643175,59.326984,184.970159
Xylophone,Chromatic Scale,196.696236,9.032562,205.728798
Xylophone,Major Scales,221.448707,70.147483,291.59619
Xylophone,Sight-Reading,298.794376,40.86712,339.661496
Snare Drum,Sight-Reading,349.483537,31.997098,381.480635
