Instrument,ScoreGroup,Start,Duration,End
Flute,Lyrical Etude,7.68,45.662041,53.342041
Flute,Technical Etude,57.208163,45.97551,103.183673
Flute,Chromatic Scale,109.191837,14.889796,124.08163300000001
Flute,Major Scales,129.671837,73.508571,203.180408
Flute,Sight-Reading,208.666122,62.955102,271.621224
