Instrument,ScoreGroup,Start,Duration,End
Flute,Lyrical Etude,11.973271,123.228558,135.201829
Flute,Technical Etude,142.018728,63.449598,205.46832600000002
Flute,Chromatic Scale,218.05337,12.060667,230.114037
Flute,Major Scales,239.028444,97.534093,336.562537
Flute,Sight-Reading,351.769465,65.547105,417.31657
