Instrument,ScoreGroup,Start,Duration,End
Bb Clarinet,Lyrical Etude,10.123900227,65.062312925,75.186213152
Bb Clarinet,Technical Etude,81.711020408,62.647437642,144.35845805
Bb Clarinet,Chromatic Scale,153.669659864,15.952108844,169.62176870800002
Bb Clarinet,Major Scales,180.813786848,121.88154195,302.695328798
Bb Clarinet,Sight-Reading,307.571519274,46.138049887,353.70956916100005
