Instrument,ScoreGroup,Start,Duration,End
Bb Clarinet,Lyrical Etude,12.840634921,130.681904762,143.522539683
Bb Clarinet,Technical Etude,147.214512472,42.817596372,190.032108844
Bb Clarinet,Chromatic Scale,195.419138322,14.117732426,209.536870748
Bb Clarinet,Major Scales,214.784580499,122.020861678,336.805442177
Bb Clarinet,Sight-Reading,342.262131519,81.385941043,423.648072562
