Instrument,ScoreGroup,Start,Duration,End
Bb Clarinet,Lyrical Etude,21.199818594,120.674104308,141.873922902
Bb Clarinet,Technical Etude,156.943673469,51.478639456,208.422312925
Bb Clarinet,Chromatic Scale,224.165442177,11.981496599,236.14693877599998
Bb Clarinet,Major Scales,248.592834467,106.068752834,354.661587301
Bb Clarinet,Sight-Reading,370.172517007,69.497324263,439.66984127
