Instrument,ScoreGroup,Start,Duration,End
Alto Saxophone,Lyrical Etude,12.225306122,66.403265306,78.62857142799999
Alto Saxophone,Technical Etude,86.360816326,21.368163265,107.72897959100001
Alto Saxophone,Chromatic Scale,113.893877551,15.36,129.25387755100002
Alto Saxophone,Major Scales,135.366530612,96.809795918,232.17632652999998
Alto Saxophone,Sight-Reading,239.751836734,52.767346938,292.519183672
