Instrument,ScoreGroup,Start,Duration,End
Bb Clarinet,Lyrical Etude,13.653333333,102.957278912,116.61061224500001
Bb Clarinet,Technical Etude,123.994557823,69.706303855,193.700861678
Bb Clarinet,Chromatic Scale,202.617324263,16.068208617,218.68553288
Bb Clarinet,Major Scales,225.999818594,119.536326531,345.536145125
Bb Clarinet,Sight-Reading,354.313287982,67.268208617,421.58149659900005
