Instrument,ScoreGroup,Start,Duration,End
Flute,Lyrical Etude,15.557369614,55.031292517,70.58866213099999
Flute,Technical Etude,78.715646258,22.523356009,101.239002267
Flute,Chromatic Scale,110.526984126,12.306575963,122.833560089
Flute,Major Scales,133.514739229,90.790022675,224.30476190400003
Flute,Sight-Reading,233.128344671,45.278911564,278.407256235
