Instrument,ScoreGroup,Start,Duration,End
Bb Clarinet,Lyrical Etude,19.17968254,111.827301587,131.006984127
Bb Clarinet,Technical Etude,136.556553288,98.731247166,235.287800454
Bb Clarinet,Chromatic Scale,244.552562358,18.668843537,263.221405895
Bb Clarinet,Major Scales,275.110022676,111.455782313,386.565804989
Bb Clarinet,Sight-Reading,396.875464853,72.794557823,469.670022676
