Instrument,ScoreGroup,Start,Duration,End
Xylophone,Mallet Etude,7.662585,28.142585,35.805170000000004
Snare Drum,Snare Etude,40.77424,61.022041,101.796281
Timpani,Timpani Etude,105.273469,54.661224,159.934693
Xylophone,Chromatic Scale,166.254875,7.430385,173.68526
Xylophone,Major Scales,179.069388,80.195918,259.265306
Xylophone,Sight-Reading,262.803447,22.337596,285.141043
Snare Drum,Sight-Reading,288.206077,33.158095,321.364172
