Instrument,ScoreGroup,Start,Duration,End
Bb Clarinet,Lyrical Etude,13.978412698,62.252698413,76.23111111099999
Bb Clarinet,Technical Etude,81.432380952,27.306666667,108.739047619
Bb Clarinet,Chromatic Scale,114.59047619,13.978412698,128.568888888
Bb Clarinet,Major Scales,135.07047619,94.760634921,229.83111111099998
Bb Clarinet,Sight-Reading,233.894603175,65.340952381,299.235555556
