Instrument,ScoreGroup,Start,Duration,End
Bb Clarinet,Lyrical Etude,19.591836734,53.942857142,73.534693876
Bb Clarinet,Technical Etude,83.722448979,28.081632653,111.804081632
Bb Clarinet,Chromatic Scale,120.032653061,13.583673469,133.61632653
Bb Clarinet,Major Scales,144.195918367,117.028571428,261.224489795
Bb Clarinet,Sight-Reading,267.232653061,42.840816326,310.073469387
