Instrument,ScoreGroup,Start,Duration,End
Flute,Lyrical Etude,12.817414965,59.257324263,72.074739228
Flute,Technical Etude,76.347210884,26.006349206,102.35356009
Flute,Chromatic Scale,107.740589569,16.346848072,124.087437641
Flute,Major Scales,129.660226757,106.254512471,235.914739228
Flute,Sight-Reading,240.558730158,41.052879818,281.611609976
