Instrument,ScoreGroup,Start,Duration,End
Bb Clarinet,Lyrical Etude,12.582199,93.821021,106.40322
Bb Clarinet,Technical Etude,114.69438,35.346524,150.040904
Bb Clarinet,Chromatic Scale,156.586557,14.400436,170.98699299999998
Bb Clarinet,Major Scales,181.896414,116.948994,298.845408
Bb Clarinet,Sight-Reading,304.954683,43.201307,348.15599
