Instrument,ScoreGroup,Start,Duration,End
Xylophone,Mallet Etude,21.548118,593.6878,615.2359180000001
Snare Drum,Snare Etude,631.954286,58.142766,690.0970520000001
Timpani,Timpani Etude,695.118367,149.420408,844.538775
Xylophone,Chromatic Scale,857.861224,15.934694,873.795918
Xylophone,Major Scales,889.045624,106.440272,995.4858959999999
Xylophone,Sight-Reading,1004.216599,312.07619,1316.292789
Snare Drum,Sight-Reading,1330.503401,70.310023,1400.813424
