Instrument,ScoreGroup,Start,Duration,End
Alto Saxophone,Lyrical Etude,22.918095238,53.394285714,76.312380952
Alto Saxophone,Technical Etude,81.107301587,22.389841269,103.497142856
Alto Saxophone,Chromatic Scale,108.86095238,12.434285714,121.295238094
Alto Saxophone,Major Scales,127.918730158,83.26095238,211.179682538
Alto Saxophone,Sight-Reading,221.46031746,42.219682539,263.679999999
