Instrument,ScoreGroup,Start,Duration,End
Flute,Lyrical Etude,13.096054421,75.650612244,88.746666665
Flute,Technical Etude,93.344217687,30.37170068,123.715918367
Flute,Chromatic Scale,130.960544217,31.904217687,162.864761904
Flute,Major Scales,176.239455782,94.180136054,270.419591836
Flute,Sight-Reading,276.828299319,56.981768707,333.810068026
