Instrument,ScoreGroup,Start,Duration,End
Xylophone,Mallet Etude,11.559184,38.857143,50.416327
Snare Drum,Snare Etude,56.28517,86.563991,142.849161
Timpani,Timpani Etude,153.469388,94.82449,248.293878
Xylophone,Chromatic Scale,259.041814,6.594467,265.636281
Xylophone,Major Scales,275.481542,102.53932,378.02086199999997
Xylophone,Sight-Reading,383.222132,45.418231,428.640363
Snare Drum,Sight-Reading,436.906667,39.195283,476.10195000000004
