Instrument,ScoreGroup,Start,Duration,End
Bb Clarinet,Lyrical Etude,17.969388,98.13486,116.104248
Bb Clarinet,Technical Etude,132.386714,36.965598,169.352312
Bb Clarinet,Chromatic Scale,181.234111,10.121533,191.355644
Bb Clarinet,Major Scales,209.398375,95.054394,304.452769
Bb Clarinet,Sight-Reading,311.933902,38.725864,350.659766
