Instrument,ScoreGroup,Start,Duration,End
Alto Saxophone,Lyrical Etude,21.420408163,61.022040816,82.442448979
Alto Saxophone,Technical Etude,98.220408163,36.780408163,135.000816326
Alto Saxophone,Chromatic Scale,149.420408163,17.763265306,167.18367346899998
Alto Saxophone,Major Scales,175.438367346,67.813877551,243.25224489700003
Alto Saxophone,Sight-Reading,250.88,50.468571428,301.348571428
