Instrument,ScoreGroup,Start,Duration,End
Flute,Lyrical Etude,13.572063492,64.690793651,78.262857143
Flute,Technical Etude,85.902222222,44.048253968,129.95047619000002
Flute,Chromatic Scale,136.695873016,11.906031746,148.601904762
Flute,Major Scales,155.341496599,99.961904762,255.303401361
Flute,Sight-Reading,263.89478458,67.6861678,331.58095238000004
