Instrument,ScoreGroup,Start,Duration,End
Bb Clarinet,Lyrical Etude,15.438283,80.703128,96.141411
Bb Clarinet,Technical Etude,108.465534,28.226217,136.691751
Bb Clarinet,Chromatic Scale,145.437902,11.131466,156.569368
Bb Clarinet,Major Scales,163.725311,101.37585,265.101161
Bb Clarinet,Sight-Reading,269.474236,44.923416,314.397652
