Instrument,ScoreGroup,Start,Duration,End
Bb Clarinet,Lyrical Etude,14.164172,63.831655,77.99582699999999
Bb Clarinet,Technical Etude,85.449433,126.943492,212.392925
Bb Clarinet,Chromatic Scale,220.24127,14.698231,234.93950099999998
Bb Clarinet,Major Scales,241.928707,69.822404,311.75111100000004
Bb Clarinet,Sight-Reading,320.783673,54.729433,375.513106
