Instrument,ScoreGroup,Start,Duration,End
Flute,Lyrical Etude,12.132426304,79.412244898,91.544671202
Flute,Technical Etude,96.827210884,54.508843537,151.336054421
Flute,Chromatic Scale,158.882539683,18.111564626,176.994104309
Flute,Major Scales,185.480997732,121.672562358,307.15356009
Flute,Sight-Reading,313.312653061,64.417959184,377.730612245
