Instrument,ScoreGroup,Start,Duration,End
Bb Clarinet,Lyrical Etude,10.840816,85.681633,96.52244900000001
Bb Clarinet,Technical Etude,102.791837,45.191837,147.983674
Bb Clarinet,Chromatic Scale,156.604082,12.669388,169.27347
Bb Clarinet,Major Scales,177.028934,116.285533,293.314467
Bb Clarinet,Sight-Reading,298.887256,63.715556,362.602812
