Instrument,ScoreGroup,Start,Duration,End
Flute,Lyrical Etude,10.840816,105.534694,116.37551
Flute,Technical Etude,121.469388,41.926531,163.395919
Flute,Chromatic Scale,168.881633,13.97551,182.857143
Flute,Major Scales,188.212245,104.620408,292.832653
Flute,Sight-Reading,296.620408,61.518367,358.138775
