Instrument,ScoreGroup,Start,Duration,End
Alto Saxophone,Lyrical Etude,12.120816327,69.172244898,81.293061225
Alto Saxophone,Technical Etude,90.046984127,39.218503401,129.265487528
Alto Saxophone,Chromatic Scale,135.186575964,10.425759637,145.612335601
Alto Saxophone,Major Scales,153.971519274,96.989750567,250.961269841
Alto Saxophone,Sight-Reading,255.837460317,50.758820862,306.596281179
