Instrument,ScoreGroup,Start,Duration,End
Flute,Lyrical Etude,10.58829932,46.579229025,57.167528344999994
Flute,Technical Etude,61.695419501,26.935147392,88.63056689300001
Flute,Chromatic Scale,94.714195011,17.83292517,112.547120181
Flute,Major Scales,119.164807256,77.902947846,197.067755102
Flute,Sight-Reading,200.759727891,35.410430839,236.17015873000003
