Instrument,ScoreGroup,Start,Duration,End
Flute,Lyrical Etude,12.53877551,33.994013605,46.532789115
Flute,Technical Etude,56.378049887,26.470748299,82.84879818600001
Flute,Chromatic Scale,92.229659864,14.953650794,107.183310658
Flute,Major Scales,115.821133787,84.520634921,200.341768708
Flute,Sight-Reading,209.351111111,50.89814059,260.249251701
