Instrument,ScoreGroup,Start,Duration,End
Bb Clarinet,Lyrical Etude,11.888617,100.310204,112.198821
Bb Clarinet,Technical Etude,118.700408,51.26966,169.970068
Bb Clarinet,Chromatic Scale,176.843175,15.23229,192.075465
Bb Clarinet,Major Scales,197.648254,108.483628,306.131882
Bb Clarinet,Sight-Reading,312.633469,68.173787,380.807256
