Instrument,ScoreGroup,Start,Duration,End
Bb Clarinet,Lyrical Etude,16.137868,91.533061,107.670929
Bb Clarinet,Technical Etude,121.254603,67.105669,188.360272
Bb Clarinet,Chromatic Scale,196.301497,16.788027,213.089524
Bb Clarinet,Major Scales,228.623673,70.356463,298.980136
Bb Clarinet,Sight-Reading,307.757279,41.354739,349.112018
