Instrument,ScoreGroup,Start,Duration,End
Xylophone,Mallet Etude,12.081633,62.527007,74.60864
Snare Drum,Snare Etude,79.608163,74.329002,153.937165
Timpani,Timpani Etude,157.64898,69.269002,226.917982
Xylophone,Chromatic Scale,235.821859,5.433492,241.255351
Xylophone,Major Scales,248.816327,124.25,373.066327
Xylophone,Sight-Reading,378.644898,66.810998,445.455896
Snare Drum,Sight-Reading,450.742857,32.095011,482.837868
