Instrument,ScoreGroup,Start,Duration,End
Bb Clarinet,Lyrical Etude,12.701315193,122.253061224,134.954376417
Bb Clarinet,Technical Etude,139.41260771,48.042086168,187.454693878
Bb Clarinet,Chromatic Scale,193.236462585,12.770975057,206.00743764199999
Bb Clarinet,Major Scales,211.905306122,103.677097506,315.582403628
Bb Clarinet,Sight-Reading,320.621133787,61.532879819,382.15401360600003
