Instrument,ScoreGroup,Start,Duration,End
Flute,Lyrical Etude,14.210612,50.050612,64.261224
Flute,Technical Etude,69.694694,29.884082,99.578776
Flute,Chromatic Scale,108.146939,14.419592,122.566531
Flute,Major Scales,129.880816,118.804898,248.68571400000002
Flute,Sight-Reading,255.268571,54.021224,309.289795
