Instrument,ScoreGroup,Start,Duration,End
Alto Saxophone,Lyrical Etude,18.459863945,48.808344671,67.268208616
Alto Saxophone,Technical Etude,78.22802721,21.803537414,100.031564624
Alto Saxophone,Chromatic Scale,111.548662131,9.171882086,120.720544217
Alto Saxophone,Major Scales,135.465215411,51.083900226,186.549115637
Alto Saxophone,Sight-Reading,196.022857141,52.407437641,248.430294782
