Instrument,ScoreGroup,Start,Duration,End
Xylophone,Mallet Etude,12.422676,39.938322,52.360997999999995
Snare Drum,Snare Etude,57.585488,46.788209,104.37369699999999
Timpani,Timpani Etude,108.901587,60.023583,168.92517
Xylophone,Chromatic Scale,174.614059,9.055782,183.669841
Xylophone,Major Scales,189.939229,68.963265,258.90249400000005
Xylophone,Sight-Reading,266.10068,71.053061,337.153741
Snare Drum,Sight-Reading,341.333333,39.706122,381.039455
