Instrument,ScoreGroup,Start,Duration,End
Bb Clarinet,Lyrical Etude,48.297505669,371.519274376,419.816780045
Bb Clarinet,Technical Etude,438.392743764,157.89569161,596.288435374
Bb Clarinet,Chromatic Scale,624.152380952,61.300680272,685.4530612240001
Bb Clarinet,Major Scales,713.317006803,494.120634921,1207.437641724
Bb Clarinet,Sight-Reading,1229.728798186,343.655328798,1573.384126984
