Instrument,ScoreGroup,Start,Duration,End
Flute,Lyrical Etude,11.400997732,38.034285714,49.435283446
Flute,Technical Etude,55.588571429,32.182857143,87.77142857199999
Flute,Chromatic Scale,94.133696145,14.373151927,108.506848072
Flute,Major Scales,116.819591837,104.605895692,221.425487529
Flute,Sight-Reading,226.905396825,49.737142857,276.642539682
