Instrument,ScoreGroup,Start,Duration,End
Alto Saxophone,Lyrical Etude,16.857687074,85.542312925,102.399999999
Alto Saxophone,Technical Etude,116.471292517,52.105578231,168.576870748
Alto Saxophone,Chromatic Scale,175.68217687,8.359183673,184.041360543
Alto Saxophone,Major Scales,190.171428571,76.62585034,266.79727891100003
Alto Saxophone,Sight-Reading,273.48462585,43.328435374,316.81306122399997
