Instrument,ScoreGroup,Start,Duration,End
Flute,Lyrical Etude,9.334421769,36.153469388,45.487891157
Flute,Technical Etude,49.458503401,43.676734694,93.135238095
Flute,Chromatic Scale,100.170884354,15.673469388,115.844353742
Flute,Major Scales,121.138503401,87.980408163,209.118911564
Flute,Sight-Reading,214.482721088,52.384217687,266.866938775
