Instrument,ScoreGroup,Start,Duration,End
Alto Saxophone,Lyrical Etude,8.080544217,42.631836734,50.712380951
Alto Saxophone,Technical Etude,56.14585034,32.879455782,89.025306122
Alto Saxophone,Chromatic Scale,94.180136054,14.071292517,108.251428571
Alto Saxophone,Major Scales,113.545578231,69.799183673,183.344761904
Alto Saxophone,Sight-Reading,188.778231292,42.771156462,231.54938775399998
