Instrument,ScoreGroup,Start,Duration,End
Tenor Saxophone,Lyrical Etude,10.530598,64.242528,74.77312599999999
Tenor Saxophone,Technical Etude,82.185725,51.182234,133.367959
Tenor Saxophone,Chromatic Scale,141.133539,9.883466,151.017005
Tenor Saxophone,Major Scales,155.252776,76.949841,232.20261700000003
Tenor Saxophone,Sight-Reading,237.497332,43.416654,280.913986
