Instrument,ScoreGroup,Start,Duration,End
Bb Clarinet,Lyrical Etude,11.331338,84.520635,95.851973
Bb Clarinet,Technical Etude,100.310204,51.45542,151.765624
Bb Clarinet,Chromatic Scale,156.781134,14.675011,171.45614500000002
Bb Clarinet,Major Scales,177.586213,103.282358,280.868571
Bb Clarinet,Sight-Reading,287.555918,46.997188,334.553106
