Instrument,ScoreGroup,Start,Duration,End
Flute,Lyrical Etude,12.074376417,85.82095238,97.89532879699999
Flute,Technical Etude,110.341224489,32.507936507,142.849160996
Flute,Chromatic Scale,155.109297052,13.560453514,168.66975056599998
Flute,Major Scales,179.62956916,111.827301587,291.456870747
Flute,Sight-Reading,296.472380952,46.068390022,342.540770974
