Instrument,ScoreGroup,Start,Duration,End
Bb Clarinet,Lyrical Etude,15.998645,107.285031,123.283676
Bb Clarinet,Technical Etude,130.233314,31.707722,161.941036
Bb Clarinet,Chromatic Scale,171.062435,9.990104,181.052539
Bb Clarinet,Major Scales,187.567824,102.941508,290.509332
Bb Clarinet,Sight-Reading,297.024617,48.213111,345.23772799999995
