Instrument,ScoreGroup,Start,Duration,End
Bb Clarinet,Lyrical Etude,11.168798186,74.698594104,85.86739229
Bb Clarinet,Technical Etude,90.882902494,42.585396825,133.468299319
Bb Clarinet,Chromatic Scale,140.294965986,16.462947846,156.75791383199999
Bb Clarinet,Major Scales,162.446802721,101.703401361,264.150204082
Bb Clarinet,Sight-Reading,267.563537415,46.393469388,313.957006803
