Instrument,ScoreGroup,Start,Duration,End
Xylophone,Mallet Etude,14.837551,47.438367,62.275918
Snare Drum,Snare Etude,69.22449,49.110204,118.33469400000001
Timpani,Timpani Etude,126.040816,61.779592,187.82040800000001
Xylophone,Chromatic Scale,195.657143,9.926531,205.583674
Xylophone,Major Scales,214.738141,58.142766,272.88090700000004
Xylophone,Sight-Reading,278.778776,62.036735,340.815511
Snare Drum,Sight-Reading,346.070204,32.078367,378.148571
