Instrument,ScoreGroup,Start,Duration,End
Flute,Lyrical Etude,14.744671202,35.224671202,49.969342404
Flute,Technical Etude,58.421405896,34.481632653,92.903038549
Flute,Chromatic Scale,101.355102041,13.374693878,114.729795919
Flute,Major Scales,124.760816327,95.642993197,220.403809524
Flute,Sight-Reading,229.041632653,62.461678005,291.503310658
