Instrument,ScoreGroup,Start,Duration,End
Trumpet,Lyrical Etude,13.746213151,60.557641723,74.303854874
Trumpet,Technical Etude,79.505124716,26.749387755,106.254512471
Trumpet,Chromatic Scale,112.570340136,17.089886621,129.660226757
Trumpet,Major Scales,135.976054421,60.186122448,196.16217686899998
Trumpet,Sight-Reading,205.821678004,50.526621315,256.34829931900003
