Instrument,ScoreGroup,Start,Duration,End
Alto Saxophone,Lyrical Etude,13.351473923,106.34739229,119.698866213
Alto Saxophone,Technical Etude,125.852154195,94.737414966,220.589569161
Alto Saxophone,Chromatic Scale,227.555555556,10.855328798,238.410884354
Alto Saxophone,Major Scales,245.028571429,93.413877551,338.44244898
Alto Saxophone,Sight-Reading,346.255963719,70.495782313,416.751746032
