Instrument,ScoreGroup,Start,Duration,End
Bb Clarinet,Lyrical Etude,18.854603175,121.254603175,140.10920635
Bb Clarinet,Technical Etude,147.260952381,24.218412698,171.47936507900002
Bb Clarinet,Chromatic Scale,181.881904762,12.840634921,194.722539683
Bb Clarinet,Major Scales,203.662222222,86.633650794,290.295873016
Bb Clarinet,Sight-Reading,297.447619048,53.313015873,350.76063492099996
