Instrument,ScoreGroup,Start,Duration,End
Bb Clarinet,Lyrical Etude,12.770975057,87.539229025,100.310204082
Bb Clarinet,Technical Etude,107.508390023,30.41814059,137.926530613
Bb Clarinet,Chromatic Scale,144.66031746,13.23537415,157.89569161
Bb Clarinet,Major Scales,164.397278912,104.954195011,269.35147392299996
Bb Clarinet,Sight-Reading,274.924263039,59.210884354,334.135147393
