Instrument,ScoreGroup,Start,Duration,End
Xylophone,Mallet Etude,14.759184,41.012245,55.771429
Snare Drum,Snare Etude,62.302041,45.583673,107.88571400000001
Timpani,Timpani Etude,115.069388,74.579592,189.64898
Xylophone,Chromatic Scale,196.394376,8.405624,204.79999999999998
Xylophone,Major Scales,214.087982,62.229478,276.31746
Xylophone,Sight-Reading,284.583764,43.560635,328.14439899999996
Snare Drum,Sight-Reading,333.577868,27.399546,360.977414
