Instrument,ScoreGroup,Start,Duration,End
Bb Clarinet,Lyrical Etude,10.565079365,94.273015873,104.83809523800001
Bb Clarinet,Technical Etude,113.615238095,58.189206349,171.804444444
Bb Clarinet,Chromatic Scale,179.606349206,16.253968254,195.86031746
Bb Clarinet,Major Scales,201.061587302,117.516190476,318.577777778
Bb Clarinet,Sight-Reading,324.429206349,82.082539683,406.511746032
