Instrument,ScoreGroup,Start,Duration,End
Bb Clarinet,Lyrical Etude,13.281814,57.121088,70.402902
Bb Clarinet,Technical Etude,76.254331,42.167438,118.42176899999998
Bb Clarinet,Chromatic Scale,127.431111,30.093061,157.524172
Bb Clarinet,Major Scales,167.276553,77.647528,244.924081
Bb Clarinet,Sight-Reading,251.704308,84.427755,336.132063
