Instrument,ScoreGroup,Start,Duration,End
Flute,Lyrical Etude,10.727619048,55.913650794,66.641269842
Flute,Technical Etude,73.142857143,46.161269841,119.30412698399999
Flute,Chromatic Scale,126.130793651,14.628571429,140.75936508
Flute,Major Scales,152.787301587,98.173968254,250.961269841
Flute,Sight-Reading,256.812698413,45.371791383,302.18448979600004
