Instrument,ScoreGroup,Start,Duration,End
Bb Clarinet,Lyrical Etude,12.260136054,54.613333333,66.873469387
Bb Clarinet,Technical Etude,75.32553288,31.300498866,106.626031746
Bb Clarinet,Chromatic Scale,115.28707483,14.814331066,130.101405896
Bb Clarinet,Major Scales,141.432743764,109.783945578,251.216689342
Bb Clarinet,Sight-Reading,256.603718821,85.379773243,341.98349206399996
