Instrument,ScoreGroup,Start,Duration,End
Bb Clarinet,Lyrical Etude,9.926530612,63.608163265,73.534693877
Bb Clarinet,Technical Etude,83.069387755,97.306122448,180.37551020299998
Bb Clarinet,Chromatic Scale,191.608163265,20.636734693,212.244897958
Bb Clarinet,Major Scales,220.865306122,120.424489795,341.289795917
Bb Clarinet,Sight-Reading,347.297959183,104.228571428,451.526530611
