Instrument,ScoreGroup,Start,Duration,End
Bb Clarinet,Lyrical Etude,16.021768707,42.747936508,58.769705215
Bb Clarinet,Technical Etude,69.056145125,27.631746032,96.687891157
Bb Clarinet,Chromatic Scale,105.534693878,13.165714286,118.700408164
Bb Clarinet,Major Scales,125.666394558,122.575238095,248.241632653
Bb Clarinet,Sight-Reading,255.791020408,61.805714286,317.596734694
