Instrument,ScoreGroup,Start,Duration,End
Bb Clarinet,Lyrical Etude,11.006258503,52.523537415,63.529795918
Bb Clarinet,Technical Etude,68.823945578,29.535782313,98.35972789099999
Bb Clarinet,Chromatic Scale,109.087346939,13.653333333,122.740680272
Bb Clarinet,Major Scales,129.567346939,75.232653061,204.8
Bb Clarinet,Sight-Reading,210.09414966,54.474013605,264.568163265
