Instrument,ScoreGroup,Start,Duration,End
Xylophone,Mallet Etude,14.08,56.832,70.912
Snare Drum,Snare Etude,77.141333,45.930667,123.072
Timpani,Timpani Etude,129.152,58.005333,187.157333
Xylophone,Chromatic Scale,195.029333,14.848,209.87733300000002
Xylophone,Major Scales,217.130667,84.586667,301.717334
Xylophone,Sight-Reading,308.736,43.477333,352.213333
Snare Drum,Sight-Reading,358.890667,33.898667,392.789334
