Instrument,ScoreGroup,Start,Duration,End
Bb Clarinet,Lyrical Etude,11.702857143,92.786938776,104.489795919
Bb Clarinet,Technical Etude,112.059501134,56.726349206,168.78585034
Bb Clarinet,Chromatic Scale,174.660498866,12.399455782,187.059954648
Bb Clarinet,Major Scales,193.747301587,101.006802721,294.754104308
Bb Clarinet,Sight-Reading,303.577687075,56.935328798,360.513015873
