Instrument,ScoreGroup,Start,Duration,End
Flute,Lyrical Etude,12.399456,50.155102,62.554558
Flute,Technical Etude,65.619592,38.730884,104.350476
Flute,Chromatic Scale,109.574966,26.958367,136.533333
Flute,Major Scales,146.007075,65.967891,211.974966
Flute,Sight-Reading,216.920816,31.207619,248.128435
