Instrument,ScoreGroup,Start,Duration,End
Flute,Lyrical Etude,17.240816,55.379592,72.620408
Flute,Technical Etude,79.934694,51.2,131.134694
Flute,Chromatic Scale,141.061224,19.069388,160.130612
Flute,Major Scales,169.012245,97.697959,266.710204
Flute,Sight-Reading,274.02449,59.297959,333.322449
