Instrument,ScoreGroup,Start,Duration,End
Alto Saxophone,Lyrical Etude,13.815873016,50.909750567,64.725623583
Alto Saxophone,Technical Etude,78.994285714,72.005079365,150.999365079
Alto Saxophone,Chromatic Scale,159.660408163,11.633197279,171.293605442
Alto Saxophone,Major Scales,186.27047619,113.545578231,299.816054421
Alto Saxophone,Sight-Reading,307.408979592,78.471836735,385.880816327
