Instrument,ScoreGroup,Start,Duration,End
Trumpet,Lyrical Etude,19.145635,47.48583,66.63146499999999
Trumpet,Technical Etude,73.963836,18.854668,92.818504
Trumpet,Chromatic Scale,101.896677,11.173137,113.069814
Trumpet,Major Scales,120.402185,91.130895,211.53307999999998
Trumpet,Sight-Reading,218.51629,59.008127,277.52441699999997
