Instrument,ScoreGroup,Start,Duration,End
Flute,Lyrical Etude,16.718367,56.842449,73.560816
Flute,Technical Etude,79.133605,27.028027,106.161632
Flute,Chromatic Scale,114.242177,16.997007,131.239184
Flute,Major Scales,142.106122,119.118367,261.224489
Flute,Sight-Reading,265.822041,53.498776,319.32081700000003
