Instrument,ScoreGroup,Start,Duration,End
Bb Clarinet,Lyrical Etude,9.404081632,51.722448979,61.126530611
Bb Clarinet,Technical Etude,65.306122448,36.440816326,101.746938774
Bb Clarinet,Chromatic Scale,107.493877551,14.106122448,121.599999999
Bb Clarinet,Major Scales,126.432653061,114.546938775,240.979591836
Bb Clarinet,Sight-Reading,245.942857142,47.020408163,292.963265305
