Instrument,ScoreGroup,Start,Duration,End
Bb Clarinet,Lyrical Etude,9.102222222,51.641179138,60.74340136
Bb Clarinet,Technical Etude,65.015873015,31.393378684,96.409251699
Bb Clarinet,Chromatic Scale,102.910839002,12.074376417,114.985215419
Bb Clarinet,Major Scales,121.672562358,108.112108843,229.78467120099998
Bb Clarinet,Sight-Reading,234.428662131,52.941496598,287.370158729
