Instrument,ScoreGroup,Start,Duration,End
Flute,Lyrical Etude,13.862312925,26.540408163,40.402721088
Flute,Technical Etude,46.25414966,25.565170068,71.81931972800001
Flute,Chromatic Scale,78.715646259,15.464489796,94.18013605499999
Flute,Major Scales,100.797823129,65.828571429,166.626394558
Flute,Sight-Reading,170.736326531,42.283537415,213.019863946
