Instrument,ScoreGroup,Start,Duration,End
Flute,Lyrical Etude,12.678095238,27.167346939,39.845442177
Flute,Technical Etude,45.000272109,36.919727891,81.92
Flute,Chromatic Scale,90.279183673,27.306666667,117.58585034000001
Flute,Major Scales,125.318095238,132.144761905,257.462857143
Flute,Sight-Reading,260.551111111,58.676825397,319.227936508
