Instrument,ScoreGroup,Start,Duration,End
Flute,Lyrical Etude,15.975328798,57.771247165,73.746575963
Flute,Technical Etude,76.161451247,34.737052154,110.898503401
Flute,Chromatic Scale,115.728253968,15.232290249,130.960544217
Flute,Major Scales,138.762448979,116.099773242,254.862222221
Flute,Sight-Reading,258.391655328,62.600997732,320.99265306
