Instrument,ScoreGroup,Start,Duration,End
Bb Clarinet,Lyrical Etude,15.232290249,46.439909297,61.672199546
Bb Clarinet,Technical Etude,65.851791383,40.681360544,106.533151927
Bb Clarinet,Chromatic Scale,113.313378684,13.560453514,126.873832198
Bb Clarinet,Major Scales,132.818140589,63.436916099,196.255056688
Bb Clarinet,Sight-Reading,200.899047619,51.269659863,252.168707482
