Instrument,ScoreGroup,Start,Duration,End
Flute,Lyrical Etude,9.404081633,27.951020408,37.355102041
Flute,Technical Etude,40.907755102,25.07755102,65.985306122
Flute,Chromatic Scale,71.314285714,13.949387755,85.263673469
Flute,Major Scales,91.324081633,72.359183673,163.683265306
Flute,Sight-Reading,168.594285714,50.416326531,219.010612245
