Instrument,ScoreGroup,Start,Duration,End
Bb Clarinet,Lyrical Etude,11.400998,79.621224,91.022222
Bb Clarinet,Technical Etude,101.958821,76.78839,178.747211
Bb Clarinet,Chromatic Scale,188.453152,15.60381,204.056962
Bb Clarinet,Major Scales,212.578685,88.351927,300.930612
Bb Clarinet,Sight-Reading,310.520454,47.090068,357.61052199999995
