Instrument,ScoreGroup,Start,Duration,End
Alto Saxophone,Lyrical Etude,12.933515,66.176871,79.110386
Alto Saxophone,Technical Etude,84.915374,29.419683,114.335057
Alto Saxophone,Chromatic Scale,121.022404,9.613061,130.63546499999998
Alto Saxophone,Major Scales,137.531791,105.859773,243.39156400000002
Alto Saxophone,Sight-Reading,249.660952,41.842358,291.50331
