Instrument,ScoreGroup,Start,Duration,End
Bb Clarinet,Lyrical Etude,9.566621315,83.963356009,93.529977324
Bb Clarinet,Technical Etude,97.709569161,27.028027211,124.73759637200001
Bb Clarinet,Chromatic Scale,129.660226757,12.724535147,142.38476190400002
Bb Clarinet,Major Scales,148.700589569,111.827301587,260.527891156
Bb Clarinet,Sight-Reading,264.428843537,38.916643991,303.345487528
