Instrument,ScoreGroup,Start,Duration,End
Xylophone,Mallet Etude,23.010975,46.602449,69.613424
Snare Drum,Snare Etude,76.045351,40.93678,116.982131
Timpani,Timpani Etude,126.270113,50.99102,177.261133
Xylophone,Chromatic Scale,185.852517,7.082086,192.934603
Xylophone,Major Scales,200.039909,49.667483,249.707392
Xylophone,Sight-Reading,257.114558,29.419683,286.534241
Snare Drum,Sight-Reading,293.778866,24.613152,318.392018
