Instrument,ScoreGroup,Start,Duration,End
Flute,Lyrical Etude,10.826303855,35.555555556,46.381859411
Flute,Technical Etude,52.703492063,46.039365079,98.74285714199999
Flute,Chromatic Scale,107.154285714,16.944761905,124.099047619
Flute,Major Scales,133.096780045,109.319546485,242.41632653
Flute,Sight-Reading,247.71047619,78.854965986,326.56544217600003
