Instrument,ScoreGroup,Start,Duration,End
Alto Saxophone,Lyrical Etude,10.936599,60.557642,71.494241
Alto Saxophone,Technical Etude,75.534512,29.141043,104.675555
Alto Saxophone,Chromatic Scale,112.84898,15.650249,128.49922899999999
Alto Saxophone,Major Scales,135.418776,78.785306,214.20408200000003
Alto Saxophone,Sight-Reading,219.823311,53.196916,273.020227
