Instrument,ScoreGroup,Start,Duration,End
Xylophone,Mallet Etude,15.046531,53.777415,68.82394599999999
Snare Drum,Snare Etude,76.440091,51.0839,127.523991
Timpani,Timpani Etude,134.025578,79.690884,213.71646199999998
Xylophone,Chromatic Scale,220.604082,11.62449,232.228572
Xylophone,Major Scales,241.301769,105.139955,346.441724
Xylophone,Sight-Reading,355.172426,127.059592,482.232018
Snare Drum,Sight-Reading,489.662404,50.898141,540.5605449999999
