Instrument,ScoreGroup,Start,Duration,End
Flute,Lyrical Etude,14.628571429,47.299047619,61.927619048
Flute,Technical Etude,65.828571429,61.805714286,127.63428571499999
Flute,Chromatic Scale,135.314285714,12.921904762,148.236190476
Flute,Major Scales,155.689795918,102.817959184,258.507755102
Flute,Sight-Reading,268.016326531,43.52,311.536326531
