Instrument,ScoreGroup,Start,Duration,End
Bb Clarinet,Lyrical Etude,15.952108844,124.133877551,140.085986395
Bb Clarinet,Technical Etude,152.183582766,55.286712018,207.470294784
Bb Clarinet,Chromatic Scale,218.406893424,13.583673469,231.990566893
Bb Clarinet,Major Scales,241.951927438,95.944852608,337.896780046
Bb Clarinet,Sight-Reading,349.344217687,91.672380952,441.016598639
