Instrument,ScoreGroup,Start,Duration,End
Flute,Lyrical Etude,10.866938775,49.876462585,60.74340136
Flute,Technical Etude,64.505034013,21.315918367,85.82095238
Flute,Chromatic Scale,95.851972789,12.260136054,108.112108843
Flute,Major Scales,114.660136054,58.79292517,173.453061224
Flute,Sight-Reading,177.632653061,47.786666666,225.41931972700002
