Instrument,ScoreGroup,Start,Duration,End
Alto Saxophone,Lyrical Etude,12.759365079,56.482539682,69.241904761
Alto Saxophone,Technical Etude,74.93079365,19.342222222,94.273015872
Alto Saxophone,Chromatic Scale,100.693333333,10.321269841,111.014603174
Alto Saxophone,Major Scales,118.897777777,91.834920634,210.732698411
Alto Saxophone,Sight-Reading,218.697142857,51.037460317,269.734603174
