Instrument,ScoreGroup,Start,Duration,End
Flute,Lyrical Etude,12.817414966,56.703129252,69.520544218
Flute,Technical Etude,75.232653061,48.90122449,124.13387755099998
Flute,Chromatic Scale,130.12462585,48.669024943,178.79365079299998
Flute,Major Scales,187.802993197,94.45877551,282.261768707
Flute,Sight-Reading,286.859319728,75.929251701,362.788571429
