Instrument,ScoreGroup,Start,Duration,End
Flute,Lyrical Etude,10.827317,108.115112,118.942429
Flute,Technical Etude,125.581077,57.37688,182.957957
Flute,Chromatic Scale,192.915927,14.225673,207.1416
Flute,Major Scales,215.202814,106.692545,321.895359
Flute,Sight-Reading,329.008195,46.470531,375.478726
