Instrument,ScoreGroup,Start,Duration,End
Bb Clarinet,Lyrical Etude,10.681179138,124.458956916,135.140136054
Bb Clarinet,Technical Etude,139.784126984,33.436734694,173.220861678
Bb Clarinet,Chromatic Scale,177.864852608,13.003174603,190.868027211
Bb Clarinet,Major Scales,195.976417234,113.777777778,309.75419501199997
Bb Clarinet,Sight-Reading,315.326984127,46.439909297,361.766893424
