Instrument,ScoreGroup,Start,Duration,End
Xylophone,Mallet Etude,11.424218,37.012608,48.436825999999996
Snare Drum,Snare Etude,56.30839,48.158186,104.466576
Timpani,Timpani Etude,112.082721,50.155102,162.237823
Xylophone,Chromatic Scale,170.457687,7.825125,178.28281199999998
Xylophone,Major Scales,184.970159,112.61678,297.58693900000003
Xylophone,Sight-Reading,303.136508,26.842268,329.978776
Snare Drum,Sight-Reading,337.316281,28.328345,365.644626
