Instrument,ScoreGroup,Start,Duration,End
Alto Saxophone,Lyrical Etude,17.484626,72.794558,90.27918399999999
Alto Saxophone,Technical Etude,98.615147,22.407256,121.022403
Alto Saxophone,Chromatic Scale,130.496145,8.475283,138.971428
Alto Saxophone,Major Scales,148.770249,85.658413,234.428662
Alto Saxophone,Sight-Reading,242.625306,44.025034,286.65033999999997
