Instrument,ScoreGroup,Start,Duration,End
Alto Saxophone,Lyrical Etude,17.438185941,57.14430839,74.58249433099999
Alto Saxophone,Technical Etude,80.596462585,43.86829932,124.46476190499999
Alto Saxophone,Chromatic Scale,131.596190476,7.619047619,139.21523809500002
Alto Saxophone,Major Scales,146.996825397,87.812063492,234.808888889
Alto Saxophone,Sight-Reading,241.26984127,54.938412698,296.208253968
