Instrument,ScoreGroup,Start,Duration,End
Bb Clarinet,Lyrical Etude,13.322449,79.673469,92.995918
Bb Clarinet,Technical Etude,100.571429,31.085714,131.657143
Bb Clarinet,Chromatic Scale,140.538776,21.159184,161.69796000000002
Bb Clarinet,Major Scales,169.795918,110.759184,280.55510200000003
Bb Clarinet,Sight-Reading,286.82449,62.955102,349.77959200000004
