Instrument,ScoreGroup,Start,Duration,End
Bb Clarinet,Lyrical Etude,15.673469387,124.604081632,140.27755101900001
Bb Clarinet,Technical Etude,147.853061224,56.946938775,204.799999999
Bb Clarinet,Chromatic Scale,213.420408163,14.106122448,227.526530611
Bb Clarinet,Major Scales,235.102040816,103.706122448,338.808163264
Bb Clarinet,Sight-Reading,345.07755102,50.15510204,395.23265305999996
