Instrument,ScoreGroup,Start,Duration,End
Xylophone,Mallet Etude,12.016327,86.204082,98.220409
Snare Drum,Snare Etude,103.282358,78.019048,181.301406
Timpani,Timpani Etude,189.387755,81.502041,270.889796
Xylophone,Chromatic Scale,276.636735,10.710204,287.34693899999996
Xylophone,Major Scales,291.526531,109.97551,401.50204099999996
Xylophone,Sight-Reading,412.212245,48.326531,460.538776
Snare Drum,Sight-Reading,466.285714,41.273469,507.55918299999996
