Instrument,ScoreGroup,Start,Duration,End
Alto Saxophone,Lyrical Etude,11.702857143,52.19845805,63.901315193
Alto Saxophone,Technical Etude,69.961723356,36.803628118,106.765351474
Alto Saxophone,Chromatic Scale,112.732879819,6.431927438,119.164807257
Alto Saxophone,Major Scales,125.109115646,69.799183673,194.908299319
Alto Saxophone,Sight-Reading,201.734965986,32.995555556,234.730521542
