Instrument,ScoreGroup,Start,Duration,End
Bb Clarinet,Lyrical Etude,16.088328,94.403757,110.492085
Bb Clarinet,Technical Etude,123.674592,34.444614,158.11920600000002
Bb Clarinet,Chromatic Scale,167.899775,11.90678,179.806555
Bb Clarinet,Major Scales,187.460914,87.17464,274.635554
Bb Clarinet,Sight-Reading,283.565639,55.281479,338.84711799999997
