Instrument,ScoreGroup,Start,Duration,End
Trumpet,Lyrical Etude,12.607588,63.721109,76.328697
Trumpet,Technical Etude,83.781459,21.24037,105.021829
Trumpet,Chromatic Scale,111.729314,11.179142,122.908456
Trumpet,Major Scales,129.243303,114.772525,244.015828
Trumpet,Sight-Reading,250.350675,46.952396,297.303071
