Instrument,ScoreGroup,Start,Duration,End
Flute,Lyrical Etude,9.752380952,55.960090702,65.712471654
Flute,Technical Etude,69.427664399,26.006349206,95.43401360499999
Flute,Chromatic Scale,101.239002267,16.253968253,117.49297052
Flute,Major Scales,122.369160997,123.53015873,245.89931972699998
Flute,Sight-Reading,250.775510204,60.139682539,310.915192743
