Instrument,ScoreGroup,Start,Duration,End
Flute,Lyrical Etude,9.926530612,66.873469387,76.799999999
Flute,Technical Etude,81.39755102,30.928979591,112.326530611
Flute,Chromatic Scale,118.595918367,14.733061224,133.328979591
Flute,Major Scales,142.384761904,98.173968253,240.55873015699999
Flute,Sight-Reading,243.809523809,39.172063492,282.981587301
