Instrument,ScoreGroup,Start,Duration,End
Flute,Lyrical Etude,15.13941,71.981859,87.121269
Flute,Technical Etude,92.508299,71.7961,164.304399
Flute,Chromatic Scale,170.155828,19.690522,189.84635000000003
Flute,Major Scales,194.30458,106.904671,301.209251
Flute,Sight-Reading,308.546757,50.433741,358.980498
