Instrument,ScoreGroup,Start,Duration,End
Bb Clarinet,Lyrical Etude,12.19047619,59.977142857,72.167619047
Bb Clarinet,Technical Etude,82.128979592,32.182857143,114.31183673499999
Bb Clarinet,Chromatic Scale,121.835102041,22.918095238,144.753197279
Bb Clarinet,Major Scales,152.787301587,92.485079365,245.272380952
Bb Clarinet,Sight-Reading,250.961269841,56.238730159,307.2
