Instrument,ScoreGroup,Start,Duration,End
Flute,Lyrical Etude,9.798820862,51.664399093,61.463219955
Flute,Technical Etude,71.262040816,18.366984127,89.62902494299999
Flute,Chromatic Scale,101.540861678,13.676553288,115.21741496599999
Flute,Major Scales,126.270113379,111.72861678,237.998730159
Flute,Sight-Reading,245.475555556,65.747301587,311.222857143
