Instrument,ScoreGroup,Start,Duration,End
Bb Clarinet,Lyrical Etude,11.424217687,61.857959184,73.282176871
Bb Clarinet,Technical Etude,77.461768707,43.374875283,120.83664399
Bb Clarinet,Chromatic Scale,125.666394558,17.368526077,143.034920635
Bb Clarinet,Major Scales,149.908027211,84.706394558,234.614421769
Bb Clarinet,Sight-Reading,240.187210884,64.644353741,304.831564625
