Instrument,ScoreGroup,Start,Duration,End
Bb Clarinet,Lyrical Etude,19.133243,64.272834,83.40607700000001
Bb Clarinet,Technical Etude,88.421587,25.82059,114.242177
Bb Clarinet,Chromatic Scale,123.715918,19.133243,142.849161
Bb Clarinet,Major Scales,150.093787,93.251338,243.345125
Bb Clarinet,Sight-Reading,250.218231,54.241814,304.460045
