Instrument,ScoreGroup,Start,Duration,End
Bb Clarinet,Lyrical Etude,12.910295,67.895147,80.805442
Bb Clarinet,Technical Etude,92.13678,73.560816,165.697596
Bb Clarinet,Chromatic Scale,174.799819,22.941315,197.74113400000002
Bb Clarinet,Major Scales,205.061224,93.387755,298.448979
Bb Clarinet,Sight-Reading,303.281633,66.220408,369.502041
