Instrument,ScoreGroup,Start,Duration,End
Bb Clarinet,Lyrical Etude,14.195131,87.268587,101.463718
Bb Clarinet,Technical Etude,109.015807,36.501765,145.517572
Bb Clarinet,Chromatic Scale,148.454496,12.586815,161.041311
Bb Clarinet,Major Scales,168.17384,118.316065,286.489905
Bb Clarinet,Sight-Reading,291.524632,43.634294,335.158926
