Instrument,ScoreGroup,Start,Duration,End
Xylophone,Mallet Etude,15.18585,41.656599,56.842449
Snare Drum,Snare Etude,59.977143,43.467755,103.444898
Timpani,Timpani Etude,111.595102,64.156735,175.751837
Xylophone,Chromatic Scale,181.916735,10.44898,192.365715
Xylophone,Major Scales,202.013605,89.745125,291.75873
Xylophone,Sight-Reading,298.608617,96.595011,395.203628
Snare Drum,Sight-Reading,401.124717,30.302041,431.42675799999995
