Instrument,ScoreGroup,Start,Duration,End
Flute,Lyrical Etude,12.738093,104.436538,117.174631
Flute,Technical Etude,120.972323,41.299904,162.272227
Flute,Chromatic Scale,173.190592,22.311442,195.502034
Flute,Major Scales,206.895111,98.74,305.635111
Flute,Sight-Reading,311.806361,66.459615,378.26597599999997
