Instrument,ScoreGroup,Start,Duration,End
Flute,Lyrical Etude,12.817415,73.375057,86.192472
Flute,Technical Etude,91.765261,28.606984,120.37224499999999
Flute,Chromatic Scale,127.059592,12.074376,139.13396799999998
Flute,Major Scales,146.378594,106.068753,252.44734699999998
Flute,Sight-Reading,260.249252,45.511111,305.760363
