Instrument,ScoreGroup,Start,Duration,End
Flute,Lyrical Etude,17.693605442,39.915102041,57.608707482999996
Flute,Technical Etude,66.757369615,33.181315193,99.938684808
Flute,Chromatic Scale,111.479002268,12.53877551,124.01777777800001
Flute,Major Scales,136.138594104,104.652335601,240.790929705
Flute,Sight-Reading,247.942675737,65.851791383,313.79446712000004
