Instrument,ScoreGroup,Start,Duration,End
Flute,Lyrical Etude,18.947482993,55.542131519,74.489614512
Flute,Technical Etude,84.334875283,25.634829932,109.969705215
Flute,Chromatic Scale,119.629206349,19.504761905,139.133968254
Flute,Major Scales,145.635555556,123.53015873,269.165714286
Flute,Sight-Reading,273.438185941,49.969342404,323.40752834499995
