Instrument,ScoreGroup,Start,Duration,End
Bb Clarinet,Lyrical Etude,12.631655328,92.694058956,105.32571428400001
Bb Clarinet,Technical Etude,111.270022675,46.068390022,157.33841269700002
Bb Clarinet,Chromatic Scale,165.697596371,13.931972789,179.62956916000002
Bb Clarinet,Major Scales,187.802993197,120.743764172,308.54675736900003
Bb Clarinet,Sight-Reading,311.890430839,56.285170068,368.175600907
