Instrument,ScoreGroup,Start,Duration,End
Bb Clarinet,Lyrical Etude,15.412244897,46.497959183,61.91020408
Bb Clarinet,Technical Etude,67.265306122,34.873469387,102.138775509
Bb Clarinet,Chromatic Scale,109.322448979,13.061224489,122.383673468
Bb Clarinet,Major Scales,128.522448979,61.779591836,190.302040815
Bb Clarinet,Sight-Reading,196.702040816,52.767346938,249.469387754
