Instrument,ScoreGroup,Start,Duration,End
Flute,Lyrical Etude,8.150204,44.617143,52.767347
Flute,Technical Etude,59.559184,42.004898,101.564082
Flute,Chromatic Scale,108.773878,18.076735,126.850613
Flute,Major Scales,133.01551,61.64898,194.66449
Flute,Sight-Reading,199.053061,40.333061,239.386122
