Instrument,ScoreGroup,Start,Duration,End
Bb Clarinet,Lyrical Etude,21.50768,99.482797,120.990477
Bb Clarinet,Technical Etude,136.006748,33.317352,169.3241
Bb Clarinet,Chromatic Scale,181.055562,11.731462,192.787024
Bb Clarinet,Major Scales,209.21107,106.052415,315.263485
Bb Clarinet,Sight-Reading,325.587172,48.802881,374.390053
