Instrument,ScoreGroup,Start,Duration,End
Flute,Lyrical Etude,12.120816326,79.412244897,91.53306122299999
Flute,Technical Etude,96.130612244,46.184489795,142.315102039
Flute,Chromatic Scale,148.584489795,17.972244897,166.556734692
Flute,Major Scales,172.826122448,119.53632653,292.362448978
Flute,Sight-Reading,299.049795918,45.766530612,344.81632652999997
