Instrument,ScoreGroup,Start,Duration,End
Xylophone,Mallet Etude,13.026395,97.10585,110.13224500000001
Snare Drum,Snare Etude,120.325805,115.240635,235.56644
Timpani,Timpani Etude,244.715102,56.819229,301.534331
Xylophone,Chromatic Scale,309.823855,6.733787,316.557642
Xylophone,Major Scales,325.543764,106.765351,432.309115
Xylophone,Sight-Reading,441.248798,52.175238,493.424036
Snare Drum,Sight-Reading,501.82966,42.492517,544.322177
