Instrument,ScoreGroup,Start,Duration,End
Bb Clarinet,Lyrical Etude,14.889796,82.938776,97.82857200000001
Bb Clarinet,Technical Etude,105.604354,25.263311,130.867665
Bb Clarinet,Chromatic Scale,143.22068,13.560454,156.78113399999998
Bb Clarinet,Major Scales,166.440635,107.55483,273.99546499999997
Bb Clarinet,Sight-Reading,280.816327,48.587755,329.404082
