Instrument,ScoreGroup,Start,Duration,End
Bb Clarinet,Lyrical Etude,57.208163,77.844898,135.053061
Bb Clarinet,Technical Etude,147.853061,92.734694,240.58775500000002
Bb Clarinet,Chromatic Scale,249.208163,57.208163,306.416326
Bb Clarinet,Major Scales,326.936961,88.793107,415.730068
Bb Clarinet,Sight-Reading,427.618685,83.963356,511.582041
