Instrument,ScoreGroup,Start,Duration,End
Bb Clarinet,Lyrical Etude,13.061224,74.971429,88.032653
Bb Clarinet,Technical Etude,93.257143,22.465306,115.722449
Bb Clarinet,Chromatic Scale,121.730612,13.583673,135.31428499999998
Bb Clarinet,Major Scales,140.8,87.771429,228.57142900000002
Bb Clarinet,Sight-Reading,235.62449,34.481633,270.106123
