Instrument,ScoreGroup,Start,Duration,End
Bb Clarinet,Lyrical Etude,11.099138322,51.339319728,62.43845805
Bb Clarinet,Technical Etude,67.709387755,27.051247166,94.76063492099999
Bb Clarinet,Chromatic Scale,95.062494331,10.797278912,105.85977324299999
Bb Clarinet,Major Scales,112.848979592,110.526984127,223.37596371900003
Bb Clarinet,Sight-Reading,227.091156463,69.520544218,296.611700681
