Instrument,ScoreGroup,Start,Duration,End
Alto Saxophone,Lyrical Etude,18.320544218,58.305306122,76.62585034
Alto Saxophone,Technical Etude,83.382857143,48.343945578,131.726802721
Alto Saxophone,Chromatic Scale,139.226848073,9.102222222,148.329070295
Alto Saxophone,Major Scales,155.5969161,82.616598639,238.213514739
Alto Saxophone,Sight-Reading,243.995283447,49.667482993,293.66276644
