Instrument,ScoreGroup,Start,Duration,End
Alto Saxophone,Lyrical Etude,13.931972789,43.653514739,57.585487528
Alto Saxophone,Technical Etude,64.179954648,52.569977324,116.74993197200001
Alto Saxophone,Chromatic Scale,125.016235827,18.018684807,143.034920634
Alto Saxophone,Major Scales,150.465306122,63.529795918,213.99510203999998
Alto Saxophone,Sight-Reading,225.976598639,43.56063492,269.537233559
