Instrument,ScoreGroup,Start,Duration,End
Xylophone,Mallet Etude,13.096054,94.435556,107.53161
Snare Drum,Snare Etude,116.308753,120.859864,237.16861699999998
Timpani,Timpani Etude,246.433379,40.96,287.393379
Xylophone,Chromatic Scale,299.258776,10.30966,309.568436
Xylophone,Major Scales,319.483356,129.938866,449.42222200000003
Xylophone,Sight-Reading,458.826304,83.615057,542.441361
Snare Drum,Sight-Reading,551.566803,30.85932,582.4261230000001
