Instrument,ScoreGroup,Start,Duration,End
Bb Clarinet,Lyrical Etude,14.976871,60.302222,75.279093
Bb Clarinet,Technical Etude,83.847256,77.02059,160.867846
Bb Clarinet,Chromatic Scale,167.160454,14.257052,181.41750599999997
Bb Clarinet,Major Scales,188.476372,69.775964,258.252336
Bb Clarinet,Sight-Reading,263.639365,45.580771,309.220136
