Instrument,ScoreGroup,Start,Duration,End
Flute,Lyrical Etude,11.946667,43.804444,55.751110999999995
Flute,Technical Etude,61.19619,47.542857,108.739047
Flute,Chromatic Scale,113.777778,16.822857,130.600635
Flute,Major Scales,137.752381,72.980317,210.73269800000003
Flute,Sight-Reading,214.714921,49.086984,263.80190500000003
