Instrument,ScoreGroup,Start,Duration,End
Xylophone,Mallet Etude,12.8,42.44898,55.24898
Snare Drum,Snare Etude,63.216327,47.738776,110.95510300000001
Timpani,Timpani Etude,118.236009,69.752744,187.988753
Xylophone,Chromatic Scale,194.677551,7.706122,202.383673
Xylophone,Major Scales,210.651429,60.186122,270.837551
Xylophone,Sight-Reading,278.035737,34.876372,312.912109
Snare Drum,Sight-Reading,320.528254,26.610068,347.138322
