Instrument,ScoreGroup,Start,Duration,End
Flute,Lyrical Etude,12.469115646,41.819138322,54.288253968
Flute,Technical Etude,65.758911565,35.619410431,101.37832199600001
Flute,Chromatic Scale,106.509931973,18.320544218,124.83047619099999
Flute,Major Scales,130.263945578,112.454240363,242.718185941
Flute,Sight-Reading,249.312653061,69.009705215,318.322358276
