Instrument,ScoreGroup,Start,Duration,End
Bb Clarinet,Lyrical Etude,11.702857143,67.012789116,78.715646259
Bb Clarinet,Technical Etude,85.577142857,37.546666667,123.123809524
Bb Clarinet,Chromatic Scale,129.625396825,15.197460317,144.822857142
Bb Clarinet,Major Scales,150.186666667,106.440272109,256.626938776
Bb Clarinet,Sight-Reading,261.085170068,82.198639456,343.28380952400005
