Instrument,ScoreGroup,Start,Duration,End
Bb Clarinet,Lyrical Etude,17.584366,111.548401,129.132767
Bb Clarinet,Technical Etude,143.076318,37.647585,180.72390299999998
Bb Clarinet,Chromatic Scale,190.949173,14.408335,205.357508
Bb Clarinet,Major Scales,212.794068,98.069636,310.863704
Bb Clarinet,Sight-Reading,322.018545,48.802426,370.820971
