Instrument,ScoreGroup,Start,Duration,End
Alto Saxophone,Lyrical Etude,9.914920635,38.034285714,47.949206349
Alto Saxophone,Technical Etude,51.037460317,36.223129252,87.26058956899999
Alto Saxophone,Chromatic Scale,92.183219955,25.031111111,117.214331066
Alto Saxophone,Major Scales,120.650884354,81.711020408,202.361904762
Alto Saxophone,Sight-Reading,207.470294785,82.26829932,289.738594105
