Instrument,ScoreGroup,Start,Duration,End
Flute,Lyrical Etude,9.874285714,22.146031746,32.02031746
Flute,Technical Etude,35.555555556,30.638730159,66.194285715
Flute,Chromatic Scale,73.549206349,21.658412698,95.20761904700001
Flute,Major Scales,101.471201814,84.288435374,185.759637188
Flute,Sight-Reading,189.358730159,53.231746032,242.590476191
