Instrument,ScoreGroup,Start,Duration,End
Alto Saxophone,Lyrical Etude,10.646349206,58.839365079,69.485714285
Alto Saxophone,Technical Etude,74.93079365,30.963809523,105.894603173
Alto Saxophone,Chromatic Scale,112.802539682,14.791111111,127.593650793
Alto Saxophone,Major Scales,134.095238095,70.623492063,204.71873015800003
Alto Saxophone,Sight-Reading,210.488888888,40.716190476,251.205079364
