Instrument,ScoreGroup,Start,Duration,End
Trumpet,Lyrical Etude,25.33877551,55.118367346,80.457142856
Trumpet,Technical Etude,88.55510204,29.518367346,118.073469386
Trumpet,Chromatic Scale,127.21632653,12.8,140.01632653000001
Trumpet,Major Scales,150.204081632,59.820408163,210.024489795
Trumpet,Sight-Reading,215.771428571,33.959183673,249.73061224399999
