Instrument,ScoreGroup,Start,Duration,End
Flute,Lyrical Etude,12.445895692,52.662857143,65.10875283499999
Flute,Technical Etude,73.560816327,44.303673469,117.864489796
Flute,Chromatic Scale,125.945034014,12.770975057,138.716009071
Flute,Major Scales,147.121632653,111.177142857,258.29877551000004
Flute,Sight-Reading,268.2369161,47.368707483,315.60562358299995
