Instrument,ScoreGroup,Start,Duration,End
Trumpet,Lyrical Etude,10.402539682,44.582312925,54.98485260699999
Trumpet,Technical Etude,60.557641723,35.294331065,95.85197278800001
Trumpet,Chromatic Scale,101.796281179,14.860770975,116.657052154
Trumpet,Major Scales,121.991836734,78.889795918,200.881632652
Trumpet,Sight-Reading,202.448979591,64.0,266.448979591
