Instrument,ScoreGroup,Start,Duration,End
Bb Clarinet,Lyrical Etude,14.889796,87.379592,102.269388
Bb Clarinet,Technical Etude,106.971429,61.387755,168.359184
Bb Clarinet,Chromatic Scale,179.330612,13.97551,193.30612200000002
Bb Clarinet,Major Scales,203.035283,124.830476,327.865759
Bb Clarinet,Sight-Reading,333.438549,46.811429,380.249978
