Instrument,ScoreGroup,Start,Duration,End
Flute,Lyrical Etude,13.003174603,46.55600907,59.559183673
Flute,Technical Etude,63.73877551,39.473922902,103.21269841200001
Flute,Chromatic Scale,110.062585034,33.204535147,143.267120181
Flute,Major Scales,148.584489795,140.852244897,289.43673469199996
Flute,Sight-Reading,292.803628117,78.831746031,371.635374148
