Instrument,ScoreGroup,Start,Duration,End
Flute,Lyrical Etude,10.507029478,61.358730159,71.865759637
Flute,Technical Etude,80.050793651,48.878004535,128.928798186
Flute,Chromatic Scale,130.786394558,18.982312925,149.76870748300001
Flute,Major Scales,156.281904762,123.042539683,279.32444444500004
Flute,Sight-Reading,288.182857143,45.023492063,333.20634920599997
