Instrument,ScoreGroup,Start,Duration,End
Flute,Lyrical Etude,8.359183673,71.517460317,79.87664399
Flute,Technical Etude,87.121269841,26.006349206,113.127619047
Flute,Chromatic Scale,122.415600907,12.631655328,135.047256235
Flute,Major Scales,142.106122448,105.882993197,247.98911564500003
Flute,Sight-Reading,255.233741496,36.408888888,291.642630384
