Instrument,ScoreGroup,Start,Duration,End
Flute,Lyrical Etude,18.546939,40.542041,59.08897999999999
Flute,Technical Etude,64.10449,40.542041,104.646531
Flute,Chromatic Scale,111.856327,20.636735,132.493062
Flute,Major Scales,139.337143,74.501224,213.838367
Flute,Sight-Reading,220.473469,52.558367,273.031836
