Instrument,ScoreGroup,Start,Duration,End
Flute,Lyrical Etude,10.24,60.186122448,70.426122448
Flute,Technical Etude,74.605714285,21.002448979,95.60816326400001
Flute,Chromatic Scale,103.235918367,18.599183673,121.83510204
Flute,Major Scales,128.626938775,82.128979591,210.755918366
Flute,Sight-Reading,220.368979591,50.364081632,270.733061223
