Instrument,ScoreGroup,Start,Duration,End
Flute,Lyrical Etude,15.36,52.871836734,68.231836734
Flute,Technical Etude,76.382040816,32.078367346,108.460408162
Flute,Chromatic Scale,118.491428571,36.989387755,155.480816326
Flute,Major Scales,164.002539682,84.195555555,248.198095237
Flute,Sight-Reading,254.862222222,68.104126984,322.966349206
