Instrument,ScoreGroup,Start,Duration,End
Bb Clarinet,Lyrical Etude,18.024489795,49.371428571,67.395918366
Bb Clarinet,Technical Etude,72.751020408,27.167346938,99.918367346
Bb Clarinet,Chromatic Scale,112.979591836,12.669387755,125.648979591
Bb Clarinet,Major Scales,135.967346938,118.465306122,254.43265306
Bb Clarinet,Sight-Reading,262.008163265,57.469387755,319.47755102
