Instrument,ScoreGroup,Start,Duration,End
Bb Clarinet,Lyrical Etude,12.074376417,56.378049887,68.452426304
Bb Clarinet,Technical Etude,73.375056689,29.72154195,103.096598639
Bb Clarinet,Chromatic Scale,109.69106576,17.461405896,127.152471656
Bb Clarinet,Major Scales,133.166439909,94.273015873,227.43945578199998
Bb Clarinet,Sight-Reading,233.128344671,52.709297052,285.837641723
