Instrument,ScoreGroup,Start,Duration,End
Alto Saxophone,Lyrical Etude,12.260136054,84.706394557,96.966530611
Alto Saxophone,Technical Etude,101.146122448,40.124081632,141.27020407999998
Alto Saxophone,Chromatic Scale,148.514829931,11.145578231,159.660408162
Alto Saxophone,Major Scales,166.069115646,79.133605442,245.202721088
Alto Saxophone,Sight-Reading,251.611428571,59.071564625,310.682993196
