Instrument,ScoreGroup,Start,Duration,End
Alto Saxophone,Lyrical Etude,13.862312925,61.44,75.302312925
Alto Saxophone,Technical Etude,85.194013605,92.717278911,177.911292516
Alto Saxophone,Chromatic Scale,183.762721088,11.354557823,195.117278911
Alto Saxophone,Major Scales,201.45632653,95.851972789,297.308299319
Alto Saxophone,Sight-Reading,304.483265306,51.339319727,355.822585033
