Instrument,ScoreGroup,Start,Duration,End
Bb Clarinet,Lyrical Etude,14.489252,69.195465,83.684717
Bb Clarinet,Technical Etude,90.579592,25.632653,116.21224500000001
Bb Clarinet,Chromatic Scale,124.408163,12.571429,136.979592
Bb Clarinet,Major Scales,145.763265,104.489796,250.253061
Bb Clarinet,Sight-Reading,256.914286,44.8,301.714286
