Instrument,ScoreGroup,Start,Duration,End
Flute,Lyrical Etude,10.913378685,50.89814059,61.811519274999995
Flute,Technical Etude,67.152108844,54.938412698,122.090521542
Flute,Chromatic Scale,130.031746032,14.582131519,144.613877551
Flute,Major Scales,151.568253968,102.968888889,254.537142857
Flute,Sight-Reading,256.243809524,60.78984127,317.03365079400004
