Instrument,ScoreGroup,Start,Duration,End
Bb Clarinet,Lyrical Etude,15.804081632,104.620408163,120.424489795
Bb Clarinet,Technical Etude,126.040816326,61.126530612,187.167346938
Bb Clarinet,Chromatic Scale,194.612244897,15.934693877,210.546938774
Bb Clarinet,Major Scales,217.6,125.648979591,343.24897959099997
Bb Clarinet,Sight-Reading,349.518367346,49.763265306,399.281632652
