Instrument,ScoreGroup,Start,Duration,End
Flute,Lyrical Etude,9.845261,29.350023,39.195284
Flute,Technical Etude,43.653515,35.015692,78.669207
Flute,Chromatic Scale,84.520635,20.34068,104.86131499999999
Flute,Major Scales,111.270023,85.820952,197.09097500000001
Flute,Sight-Reading,201.920726,55.170612,257.091338
