Instrument,ScoreGroup,Start,Duration,End
Trumpet,Lyrical Etude,13.374693877,41.61015873,54.984852607
Trumpet,Technical Etude,60.186122448,25.634829931,85.820952379
Trumpet,Chromatic Scale,93.251337868,11.88861678,105.13995464799999
Trumpet,Major Scales,111.827301587,110.526984126,222.354285713
Trumpet,Sight-Reading,227.741315192,47.925986394,275.667301586
