Instrument,ScoreGroup,Start,Duration,End
Alto Saxophone,Lyrical Etude,14.88399093,91.625941043,106.509931973
Alto Saxophone,Technical Etude,111.943401361,43.862494331,155.805895692
Alto Saxophone,Chromatic Scale,165.372517007,14.953650794,180.326167801
Alto Saxophone,Major Scales,188.569251701,87.887528345,276.456780046
Alto Saxophone,Sight-Reading,282.12244898,95.735873016,377.858321996
