Instrument,ScoreGroup,Start,Duration,End
Bb Clarinet,Lyrical Etude,15.41805,65.851791,81.269841
Bb Clarinet,Technical Etude,90.093424,47.554467,137.64789100000002
Bb Clarinet,Chromatic Scale,149.722268,32.229297,181.95156500000002
Bb Clarinet,Major Scales,190.171429,129.044898,319.216327
Bb Clarinet,Sight-Reading,323.657143,112.326531,435.983674
