Instrument,ScoreGroup,Start,Duration,End
Alto Saxophone,Lyrical Etude,10.752,66.304,77.056
Alto Saxophone,Technical Etude,81.685333333,28.970666666,110.655999999
Alto Saxophone,Chromatic Scale,116.853333333,25.536,142.389333333
Alto Saxophone,Major Scales,148.586666666,57.717333333,206.303999999
Alto Saxophone,Sight-Reading,212.202666666,80.938666666,293.141333332
