Instrument,ScoreGroup,Start,Duration,End
Flute,Lyrical Etude,16.079818594,74.303854875,90.383673469
Flute,Technical Etude,102.92244898,41.48244898,144.40489796
Flute,Chromatic Scale,158.232380952,12.14984127,170.382222222
Flute,Major Scales,181.15047619,105.163174603,286.313650793
Flute,Sight-Reading,294.022675737,76.219501134,370.24217687099997
