Instrument,ScoreGroup,Start,Duration,End
Bb Clarinet,Lyrical Etude,12.399455782,106.672471655,119.071927437
Bb Clarinet,Technical Etude,126.618412698,42.144217687,168.762630385
Bb Clarinet,Chromatic Scale,176.72707483,12.120816327,188.847891157
Bb Clarinet,Major Scales,196.231836735,106.04553288,302.277369615
Bb Clarinet,Sight-Reading,307.432199546,57.028208617,364.460408163
