Instrument,ScoreGroup,Start,Duration,End
Flute,Lyrical Etude,11.633197279,52.453877551,64.08707482999999
Flute,Technical Etude,71.111111111,47.949206349,119.06031746
Flute,Chromatic Scale,125.910204082,10.135510204,136.04571428600002
Flute,Major Scales,143.151020408,101.122902494,244.27392290199998
Flute,Sight-Reading,250.636190476,51.118730159,301.754920635
