Instrument,ScoreGroup,Start,Duration,End
Bb Clarinet,Lyrical Etude,8.707482993,37.732426304,46.439909297
Bb Clarinet,Technical Etude,51.664399093,45.395011338,97.059410431
Bb Clarinet,Chromatic Scale,104.141496599,30.882539683,135.024036282
Bb Clarinet,Major Scales,140.36462585,121.672562358,262.037188208
Bb Clarinet,Sight-Reading,266.216780045,60.13968254,326.35646258500003
