Instrument,ScoreGroup,Start,Duration,End
Xylophone,Mallet Etude,12.027937,97.663129,109.69106599999999
Snare Drum,Snare Etude,131.680363,95.271474,226.951837
Timpani,Timpani Etude,231.851247,82.361179,314.212426
Xylophone,Chromatic Scale,323.477188,7.778685,331.255873
Xylophone,Major Scales,343.748209,53.127256,396.87546499999996
Xylophone,Sight-Reading,404.747029,191.820045,596.567074
Snare Drum,Sight-Reading,601.280726,36.850068,638.1307939999999
