Instrument,ScoreGroup,Start,Duration,End
Flute,Lyrical Etude,14.396371882,50.15510204,64.551473922
Flute,Technical Etude,71.169160997,37.61632653,108.78548752700002
Flute,Chromatic Scale,118.305668934,25.309750566,143.6154195
Flute,Major Scales,151.045804988,80.457142857,231.502947845
Flute,Sight-Reading,238.004535147,57.933786848,295.938321995
