Instrument,ScoreGroup,Start,Duration,End
Flute,Lyrical Etude,13.560453515,51.734058957,65.29451247200001
Flute,Technical Etude,69.973333333,33.483174603,103.45650793600001
Flute,Chromatic Scale,109.876825397,24.868571429,134.745396826
Flute,Major Scales,138.76244898,85.368163265,224.130612245
Flute,Sight-Reading,228.391473923,53.963174603,282.354648526
