Instrument,ScoreGroup,Start,Duration,End
Bb Clarinet,Lyrical Etude,14.373151927,93.994376417,108.367528344
Bb Clarinet,Technical Etude,117.423310658,56.354829932,173.77814059000002
Bb Clarinet,Chromatic Scale,183.228662132,12.701315193,195.929977325
Bb Clarinet,Major Scales,203.104943311,119.23446712,322.33941043100003
Bb Clarinet,Sight-Reading,330.605714286,90.534603175,421.140317461
