Instrument,ScoreGroup,Start,Duration,End
Bb Clarinet,Lyrical Etude,14.236735,102.138776,116.37551099999999
Bb Clarinet,Technical Etude,123.167347,41.404082,164.57142900000002
Bb Clarinet,Chromatic Scale,173.844898,13.453061,187.297959
Bb Clarinet,Major Scales,196.179592,105.404082,301.58367400000003
Bb Clarinet,Sight-Reading,305.371429,51.330612,356.702041
