Instrument,ScoreGroup,Start,Duration,End
Bb Clarinet,Lyrical Etude,14.860770975,63.065396825,77.9261678
Bb Clarinet,Technical Etude,83.684716553,36.594648526,120.279365079
Bb Clarinet,Chromatic Scale,126.409433107,45.046712018,171.456145125
Bb Clarinet,Major Scales,178.306031746,93.135238095,271.441269841
Bb Clarinet,Sight-Reading,276.688979592,65.306122449,341.995102041
