Instrument,ScoreGroup,Start,Duration,End
Bb Clarinet,Lyrical Etude,10.21678,74.118095,84.334875
Bb Clarinet,Technical Etude,88.978866,23.870113,112.848979
Bb Clarinet,Chromatic Scale,118.143129,11.888617,130.031746
Bb Clarinet,Major Scales,135.444898,107.62449,243.069388
Bb Clarinet,Sight-Reading,247.989116,45.139592,293.128708
