Instrument,ScoreGroup,Start,Duration,End
Flute,Lyrical Etude,17.275646259,62.159818594,79.435464853
Flute,Technical Etude,84.799274376,32.624036281,117.423310657
Flute,Chromatic Scale,127.500770975,68.707845805,196.20861678
Flute,Major Scales,210.721088435,129.149387755,339.87047619
Flute,Sight-Reading,345.698684807,52.221678005,397.920362812
