Instrument,ScoreGroup,Start,Duration,End
Bb Clarinet,Lyrical Etude,9.914920635,114.265396825,124.18031746
Bb Clarinet,Technical Etude,131.332063492,48.436825397,179.768888889
Bb Clarinet,Chromatic Scale,186.433015873,16.253968254,202.686984127
Bb Clarinet,Major Scales,208.863492063,132.957460317,341.82095238
Bb Clarinet,Sight-Reading,346.325623583,78.019047619,424.344671202
