Instrument,ScoreGroup,Start,Duration,End
Bb Clarinet,Lyrical Etude,9.752380952,126.316553288,136.06893424
Bb Clarinet,Technical Etude,146.285714286,29.72154195,176.007256236
Bb Clarinet,Chromatic Scale,183.437641723,11.609977324,195.047619047
Bb Clarinet,Major Scales,201.549206349,95.201814059,296.751020408
Bb Clarinet,Sight-Reading,300.930612245,42.724716553,343.655328798
