Instrument,ScoreGroup,Start,Duration,End
Flute,Lyrical Etude,10.031020408,91.11510204,101.146122448
Flute,Technical Etude,105.882993197,28.003265306,133.886258503
Flute,Chromatic Scale,140.434285714,10.727619047,151.161904761
Flute,Major Scales,155.759455782,96.687891156,252.447346938
Flute,Sight-Reading,257.741496598,35.944489795,293.685986393
