Instrument,ScoreGroup,Start,Duration,End
Alto Saxophone,Lyrical Etude,11.517097506,57.306848073,68.823945579
Alto Saxophone,Technical Etude,76.718730159,53.220136054,129.938866213
Alto Saxophone,Chromatic Scale,135.41877551,9.93814059,145.35691609999998
Alto Saxophone,Major Scales,153.478095238,105.650793651,259.128888889
Alto Saxophone,Sight-Reading,267.580952381,55.263492063,322.844444444
