Instrument,ScoreGroup,Start,Duration,End
Flute,Lyrical Etude,12.422675737,25.890249433,38.31292517
Flute,Technical Etude,46.614058957,32.391836735,79.005895692
Flute,Chromatic Scale,88.468027211,18.692063492,107.16009070300001
Flute,Major Scales,116.749931973,90.372063492,207.121995465
Flute,Sight-Reading,213.344943311,46.997188209,260.34213152
