Instrument,ScoreGroup,Start,Duration,End
Flute,Lyrical Etude,11.470657596,45.882630385,57.353287981
Flute,Technical Etude,63.274376417,26.354648526,89.62902494299999
Flute,Chromatic Scale,95.10893424,12.2369161,107.34585034
Flute,Major Scales,113.174058957,90.093424036,203.267482993
Flute,Sight-Reading,206.913015873,36.617868481,243.53088435400002
