Instrument,ScoreGroup,Start,Duration,End
Bb Contrabass Clarinet,Lyrical Etude,14.605351474,34.133333333,48.738684807000006
Bb Contrabass Clarinet,Technical Etude,58.607165533,26.284988662,84.892154195
Bb Contrabass Clarinet,Chromatic Scale,96.246712018,11.981496599,108.22820861699999
Bb Contrabass Clarinet,Major Scales,117.678730159,95.968072562,213.646802721
Bb Contrabass Clarinet,Sight-Reading,221.123628118,40.565260771,261.688888889
