Instrument,ScoreGroup,Start,Duration,End
Flute,Lyrical Etude,12.53877551,28.839183673,41.377959183
Flute,Technical Etude,47.229387755,26.331428571,73.560816326
Flute,Chromatic Scale,81.26984127,16.021768707,97.29160997700001
Flute,Major Scales,103.328798186,82.895238095,186.224036281
Flute,Sight-Reading,190.868027211,52.244897959,243.11292516999998
