Instrument,ScoreGroup,Start,Duration,End
Alto Saxophone,Lyrical Etude,13.845333333,78.186666667,92.032
Alto Saxophone,Technical Etude,98.24,44.074666667,142.31466666699998
Alto Saxophone,Chromatic Scale,150.165333333,15.978666667,166.144
Alto Saxophone,Major Scales,173.226666667,109.418666667,282.645333334
Alto Saxophone,Sight-Reading,288.917333333,61.824,350.741333333
