Instrument,ScoreGroup,Start,Duration,End
Bb Clarinet,Lyrical Etude,18.575964,101.610522,120.186486
Bb Clarinet,Technical Etude,133.746939,45.511111,179.25805
Bb Clarinet,Chromatic Scale,191.518186,12.074376,203.592562
Bb Clarinet,Major Scales,213.809342,111.084263,324.893605
Bb Clarinet,Sight-Reading,331.952472,55.170612,387.123084
