Instrument,ScoreGroup,Start,Duration,End
Alto Saxophone,Lyrical Etude,33.204535147,47.600907029,80.805442176
Alto Saxophone,Technical Etude,85.449433106,25.541950113,110.991383219
Alto Saxophone,Chromatic Scale,115.867573696,13.931972789,129.799546485
Alto Saxophone,Major Scales,135.604535147,55.031292517,190.635827664
Alto Saxophone,Sight-Reading,192.261224489,35.062131519,227.323356008
