Instrument,ScoreGroup,Start,Duration,End
Flute,Lyrical Etude,13.281814059,52.593197279,65.87501133800001
Flute,Technical Etude,71.656780045,22.12861678,93.785396825
Flute,Chromatic Scale,98.057868481,13.23537415,111.293242631
Flute,Major Scales,115.496054422,69.079365079,184.575419501
Flute,Sight-Reading,189.846349206,43.769614512,233.61596371800002
