Instrument,ScoreGroup,Start,Duration,End
Alto Saxophone,Lyrical Etude,10.652154195,68.748480726,79.40063492099999
Alto Saxophone,Technical Etude,83.992380952,30.232380952,114.224761904
Alto Saxophone,Chromatic Scale,121.701587302,22.918095238,144.61968253999999
Alto Saxophone,Major Scales,150.38984127,83.667301587,234.057142857
Alto Saxophone,Sight-Reading,239.542857143,47.705396825,287.248253968
