Instrument,ScoreGroup,Start,Duration,End
Flute,Lyrical Etude,13.792653061,52.662857142,66.455510203
Flute,Technical Etude,72.306938775,23.405714285,95.71265306000001
Flute,Chromatic Scale,105.325714285,13.583673469,118.90938775400001
Flute,Major Scales,128.522448979,100.728163265,229.250612244
Flute,Sight-Reading,234.47510204,52.871836734,287.346938774
