Instrument,ScoreGroup,Start,Duration,End
Flute,Lyrical Etude,10.951111111,54.296961451,65.248072562
Flute,Technical Etude,71.822222222,22.479818594,94.30204081599999
Flute,Chromatic Scale,100.963265306,11.297959184,112.26122448999999
Flute,Major Scales,118.347755102,115.105668934,233.453424036
Flute,Sight-Reading,241.742947846,66.716734694,308.45968254
