Instrument,ScoreGroup,Start,Duration,End
Bb Clarinet,Lyrical Etude,14.117732426,98.824126984,112.94185941
Bb Clarinet,Technical Etude,118.514648526,30.093061224,148.60770975
Bb Clarinet,Chromatic Scale,154.923537415,14.117732426,169.041269841
Bb Clarinet,Major Scales,176.100136054,107.369070295,283.469206349
Bb Clarinet,Sight-Reading,290.156553288,53.127256236,343.283809524
