Instrument,ScoreGroup,Start,Duration,End
Xylophone,Mallet Etude,20.805079,50.062222,70.867301
Snare Drum,Snare Etude,76.277551,90.77551,167.053061
Timpani,Timpani Etude,173.583673,95.869388,269.453061
Xylophone,Chromatic Scale,275.202902,7.709025,282.911927
Xylophone,Major Scales,290.089796,103.967347,394.057143
Xylophone,Sight-Reading,400.653061,36.310204,436.963265
Snare Drum,Sight-Reading,441.861224,33.632653,475.493877
