Instrument,ScoreGroup,Start,Duration,End
Alto Saxophone,Lyrical Etude,10.605714286,41.586938776,52.192653062
Alto Saxophone,Technical Etude,57.957006803,56.49414966,114.45115646299999
Alto Saxophone,Chromatic Scale,121.469387755,8.672653061,130.142040816
Alto Saxophone,Major Scales,136.06893424,89.51292517,225.58185941
Alto Saxophone,Sight-Reading,229.134512472,41.517278912,270.65179138400003
