Instrument,ScoreGroup,Start,Duration,End
Flute,Lyrical Etude,9.473741497,51.408979592,60.882721089
Flute,Technical Etude,65.317732426,28.42122449,93.738956916
Flute,Chromatic Scale,99.358185941,31.555918367,130.914104308
Flute,Major Scales,138.344489796,95.178594104,233.52308390000002
Flute,Sight-Reading,239.281632653,64.597913832,303.879546485
