Instrument,ScoreGroup,Start,Duration,End
Bb Clarinet,Lyrical Etude,18.692063492,101.935600907,120.627664399
Bb Clarinet,Technical Etude,128.406349206,44.814512472,173.22086167799998
Bb Clarinet,Chromatic Scale,185.411337868,15.209070295,200.620408163
Bb Clarinet,Major Scales,209.513650794,125.805714286,335.31936508
Bb Clarinet,Sight-Reading,340.520634921,56.563809524,397.08444444500003
