Instrument,ScoreGroup,Start,Duration,End
Trumpet,Lyrical Etude,10.475823,53.002004,63.477827
Trumpet,Technical Etude,74.689789,14.609527,89.299316
Trumpet,Chromatic Scale,99.492009,16.648065,116.140074
Trumpet,Major Scales,121.915934,81.881301,203.797235
Trumpet,Sight-Reading,210.252607,59.797132,270.049739
