Instrument,ScoreGroup,Start,Duration,End
Bb Clarinet,Lyrical Etude,13.490793651,109.064126984,122.554920635
Bb Clarinet,Technical Etude,129.219047619,34.295873016,163.514920635
Bb Clarinet,Chromatic Scale,169.691428571,12.19047619,181.881904761
Bb Clarinet,Major Scales,188.871111111,108.739047619,297.61015873
Bb Clarinet,Sight-Reading,301.453061224,68.440816327,369.893877551
