Instrument,ScoreGroup,Start,Duration,End
Bb Clarinet,Lyrical Etude,11.363265306,75.363265306,86.726530612
Bb Clarinet,Technical Etude,94.693877551,69.485714285,164.179591836
Bb Clarinet,Chromatic Scale,172.53877551,20.244897959,192.783673469
Bb Clarinet,Major Scales,202.971428571,124.342857142,327.314285713
Bb Clarinet,Sight-Reading,333.844897959,64.0,397.844897959
