Instrument,ScoreGroup,Start,Duration,End
Bb Clarinet,Lyrical Etude,12.631655329,94.853514739,107.485170068
Bb Clarinet,Technical Etude,112.500680272,59.837823129,172.338503401
Bb Clarinet,Chromatic Scale,177.586213152,18.970702948,196.5569161
Bb Clarinet,Major Scales,203.662222222,108.204988662,311.867210884
Bb Clarinet,Sight-Reading,315.79138322,94.45877551,410.25015873
