Instrument,ScoreGroup,Start,Duration,End
Flute,Lyrical Etude,12.016326531,25.808979592,37.825306123000004
Flute,Technical Etude,42.074557823,25.263310658,67.337868481
Flute,Chromatic Scale,75.232653061,28.606984127,103.839637188
Flute,Major Scales,111.270022676,69.102585034,180.37260771
Flute,Sight-Reading,185.759637188,55.449251701,241.208888889
