Instrument,ScoreGroup,Start,Duration,End
Bb Clarinet,Lyrical Etude,15.281633,60.081633,75.363266
Bb Clarinet,Technical Etude,82.938776,31.346939,114.28571500000001
Bb Clarinet,Chromatic Scale,126.040816,18.285714,144.32653
Bb Clarinet,Major Scales,158.63873,110.155465,268.794195
Bb Clarinet,Sight-Reading,275.295782,50.898141,326.193923
