Instrument,ScoreGroup,Start,Duration,End
Bb Clarinet,Lyrical Etude,13.746213,72.260499,86.006712
Bb Clarinet,Technical Etude,93.065578,27.956825,121.022403
Bb Clarinet,Chromatic Scale,130.285714,11.559184,141.844898
Bb Clarinet,Major Scales,151.314286,55.57551,206.88979600000002
Bb Clarinet,Sight-Reading,216.293878,65.306122,281.6
