Instrument,ScoreGroup,Start,Duration,End
Flute,Lyrical Etude,12.306576,82.198639,94.50521499999999
Flute,Technical Etude,99.381406,39.706122,139.087528
Flute,Chromatic Scale,144.660317,10.913379,155.57369599999998
Flute,Major Scales,161.378685,76.161451,237.540136
Flute,Sight-Reading,242.880726,42.492517,285.373243
