Instrument,ScoreGroup,Start,Duration,End
Xylophone,Mallet Etude,14.563265,42.514286,57.077551
Snare Drum,Snare Etude,64.458594,68.266667,132.725261
Timpani,Timpani Etude,138.762449,70.310023,209.072472
Xylophone,Chromatic Scale,217.142857,8.42449,225.56734699999998
Xylophone,Major Scales,235.755102,82.02449,317.779592
Xylophone,Sight-Reading,324.522086,112.198821,436.720907
Snare Drum,Sight-Reading,446.380408,45.325351,491.705759
