Instrument,ScoreGroup,Start,Duration,End
Bb Clarinet,Lyrical Etude,61.857959184,468.114285714,529.972244898
Bb Clarinet,Technical Etude,553.377959184,105.325714286,658.70367347
Bb Clarinet,Chromatic Scale,683.78122449,38.452244898,722.233469388
Bb Clarinet,Major Scales,748.982857143,305.946122449,1054.928979592
Bb Clarinet,Sight-Reading,1069.975510204,143.777959184,1213.7534693880002
