Instrument,ScoreGroup,Start,Duration,End
Bb Clarinet,Lyrical Etude,10.216780045,63.715555555,73.9323356
Bb Clarinet,Technical Etude,78.390566893,37.709206349,116.099773242
Bb Clarinet,Chromatic Scale,121.858321995,13.560453514,135.418775509
Bb Clarinet,Major Scales,142.291882086,108.112108843,250.40399092899997
Bb Clarinet,Sight-Reading,254.30494331,61.486439909,315.791383219
