Instrument,ScoreGroup,Start,Duration,End
Bb Clarinet,Lyrical Etude,14.222222222,80.375873016,94.598095238
Bb Clarinet,Technical Etude,103.653877551,88.816326531,192.470204082
Bb Clarinet,Chromatic Scale,198.739591837,41.48244898,240.222040817
Bb Clarinet,Major Scales,251.611428571,126.618412698,378.229841269
Bb Clarinet,Sight-Reading,387.81968254,113.29015873,501.10984126999995
