Instrument,ScoreGroup,Start,Duration,End
Bb Clarinet,Lyrical Etude,10.58829932,92.786938776,103.375238096
Bb Clarinet,Technical Etude,107.926349206,41.517278912,149.443628118
Bb Clarinet,Chromatic Scale,154.087619048,15.232290249,169.31990929699998
Bb Clarinet,Major Scales,174.706938776,136.11537415,310.822312926
Bb Clarinet,Sight-Reading,316.070022676,52.477097506,368.547120182
