Instrument,ScoreGroup,Start,Duration,End
Flute,Lyrical Etude,12.277551,61.64898,73.926531
Flute,Technical Etude,78.106122,33.436735,111.542857
Flute,Chromatic Scale,119.640816,12.277551,131.918367
Flute,Major Scales,136.620408,67.395918,204.016326
Flute,Sight-Reading,210.02449,49.893878,259.918368
