Instrument,ScoreGroup,Start,Duration,End
Bb Clarinet,Lyrical Etude,9.102222,68.731066,77.833288
Bb Clarinet,Technical Etude,84.244898,38.138776,122.38367400000001
Bb Clarinet,Chromatic Scale,128.963628,19.226122,148.18975
Bb Clarinet,Major Scales,158.081451,115.542494,273.623945
Bb Clarinet,Sight-Reading,287.370159,73.003537,360.373696
