Instrument,ScoreGroup,Start,Duration,End
Xylophone,Mallet Etude,9.665306,40.097959,49.763265000000004
Snare Drum,Snare Etude,54.204082,55.118367,109.322449
Timpani,Timpani Etude,113.632653,59.95102,173.583673
Xylophone,Chromatic Scale,178.546939,13.714286,192.261225
Xylophone,Major Scales,198.008163,72.097959,270.106122
Xylophone,Sight-Reading,276.897959,52.636735,329.534694
Snare Drum,Sight-Reading,332.8,32.391837,365.191837
