Instrument,ScoreGroup,Start,Duration,End
Bb Clarinet,Lyrical Etude,9.287982,69.102585,78.390567
Bb Clarinet,Technical Etude,83.591837,31.300499,114.892336
Bb Clarinet,Chromatic Scale,123.251519,43.374875,166.626394
Bb Clarinet,Major Scales,174.05678,122.601361,296.658141
Bb Clarinet,Sight-Reading,299.444535,80.619683,380.064218
