Instrument,ScoreGroup,Start,Duration,End
Flute,Lyrical Etude,11.702857142,50.387301587,62.090158729
Flute,Technical Etude,66.803809523,25.031111111,91.834920634
Flute,Chromatic Scale,99.149206349,18.041904761,117.19111111
Flute,Major Scales,124.667936507,122.229841269,246.897777776
Flute,Sight-Reading,253.236825396,40.147301587,293.384126983
