Instrument,ScoreGroup,Start,Duration,End
Flute,Lyrical Etude,11.006258503,56.703129251,67.709387754
Flute,Technical Etude,77.043809523,33.297414965,110.341224488
Flute,Chromatic Scale,116.8892517,32.043537414,148.932789114
Flute,Major Scales,152.973061224,102.4,255.373061224
Flute,Sight-Reading,261.224489795,53.080816326,314.305306121
