Instrument,ScoreGroup,Start,Duration,End
Flute,Lyrical Etude,10.588299319,96.687891156,107.276190475
Flute,Technical Etude,110.619863945,34.829931972,145.44979591700002
Flute,Chromatic Scale,150.743945578,14.4892517,165.233197278
Flute,Major Scales,171.572244897,103.026938775,274.599183672
Flute,Sight-Reading,283.167346938,41.586938775,324.754285713
