Instrument,ScoreGroup,Start,Duration,End
Bb Clarinet,Lyrical Etude,18.416327,81.110204,99.52653099999999
Bb Clarinet,Technical Etude,113.371429,38.922449,152.293878
Bb Clarinet,Chromatic Scale,165.093878,14.106122,179.2
Bb Clarinet,Major Scales,187.559184,110.367347,297.92653099999995
Bb Clarinet,Sight-Reading,304.84898,45.97551,350.82448999999997
