Instrument,ScoreGroup,Start,Duration,End
Bb Clarinet,Lyrical Etude,11.885714285,49.763265306,61.648979591
Bb Clarinet,Technical Etude,68.832653061,31.085714285,99.918367346
Bb Clarinet,Chromatic Scale,108.53877551,11.75510204,120.29387754999999
Bb Clarinet,Major Scales,127.869387755,68.832653061,196.70204081600002
Bb Clarinet,Sight-Reading,204.27755102,43.493877551,247.771428571
