Instrument,ScoreGroup,Start,Duration,End
Flute,Lyrical Etude,11.284897959,27.028027211,38.31292517
Flute,Technical Etude,43.328435374,24.938231293,68.26666666700001
Flute,Chromatic Scale,74.257414966,17.554285714,91.81170068
Flute,Major Scales,98.081088435,92.647619048,190.728707483
Flute,Sight-Reading,195.604897959,44.303673469,239.90857142800002
