Instrument,ScoreGroup,Start,Duration,End
Bb Clarinet,Lyrical Etude,17.763265306,72.228571428,89.991836734
Bb Clarinet,Technical Etude,96.0,29.648979591,125.648979591
Bb Clarinet,Chromatic Scale,141.975510204,15.673469387,157.648979591
Bb Clarinet,Major Scales,166.661224489,111.673469387,278.334693876
Bb Clarinet,Sight-Reading,284.473469387,50.285714285,334.759183672
