Instrument,ScoreGroup,Start,Duration,End
Flute,Lyrical Etude,10.76244898,58.096326531,68.858775511
Flute,Technical Etude,72.573968254,33.320634921,105.89460317499999
Flute,Chromatic Scale,112.013061224,28.839183673,140.852244897
Flute,Major Scales,148.607709751,90.464943311,239.07265306199997
Flute,Sight-Reading,242.416326531,53.916734694,296.333061225
