Instrument,ScoreGroup,Start,Duration,End
Bb Clarinet,Lyrical Etude,11.215238095,88.677006803,99.892244898
Bb Clarinet,Technical Etude,104.373696145,64.08707483,168.460770975
Bb Clarinet,Chromatic Scale,174.614058957,12.863854875,187.47791383199998
Bb Clarinet,Major Scales,192.91138322,118.58430839,311.49569161
Bb Clarinet,Sight-Reading,316.279002268,69.404444444,385.683446712
