Instrument,ScoreGroup,Start,Duration,End
Bb Clarinet,Lyrical Etude,8.881633,78.367347,87.24897999999999
Bb Clarinet,Technical Etude,90.644898,27.689796,118.334694
Bb Clarinet,Chromatic Scale,124.081633,15.673469,139.755102
Bb Clarinet,Major Scales,145.240816,80.195918,225.436734
Bb Clarinet,Sight-Reading,229.877551,51.722449,281.6
