Instrument,ScoreGroup,Start,Duration,End
Bb Clarinet,Lyrical Etude,9.729160998,114.93877551,124.667936508
Bb Clarinet,Technical Etude,130.310385488,40.542040816,170.852426304
Bb Clarinet,Chromatic Scale,176.72707483,9.93814059,186.66521541999998
Bb Clarinet,Major Scales,193.190022676,85.9138322,279.103854876
Bb Clarinet,Sight-Reading,284.119365079,56.285170068,340.404535147
