Instrument,ScoreGroup,Start,Duration,End
Flute,Lyrical Etude,11.609977324,41.703038549,53.313015873
Flute,Technical Etude,56.84244898,25.820589569,82.66303854899999
Flute,Chromatic Scale,88.142947846,13.003174603,101.146122449
Flute,Major Scales,106.788571429,69.404444444,176.193015873
Flute,Sight-Reading,181.67292517,39.473922902,221.146848072
