Instrument,ScoreGroup,Start,Duration,End
Xylophone,Mallet Etude,13.583673,68.847166,82.430839
Snare Drum,Snare Etude,89.605805,106.718912,196.32471700000002
Timpani,Timpani Etude,203.917642,46.857868,250.77551
Xylophone,Chromatic Scale,256.25542,12.608435,268.863855
Xylophone,Major Scales,274.901043,78.854966,353.756009
Xylophone,Sight-Reading,359.119819,46.904308,406.024127
Snare Drum,Sight-Reading,414.87093,44.442993,459.313923
