Instrument,ScoreGroup,Start,Duration,End
Flute,Lyrical Etude,13.113469388,53.23755102,66.351020408
Flute,Technical Etude,77.766530612,23.412244898,101.17877551
Flute,Chromatic Scale,106.919183673,16.790204082,123.70938775500001
Flute,Major Scales,131.787755102,129.129070295,260.916825397
Flute,Sight-Reading,266.524444444,44.672290249,311.196734693
