Instrument,ScoreGroup,Start,Duration,End
Bb Clarinet,Lyrical Etude,11.935056689,109.598185941,121.53324262999999
Bb Clarinet,Technical Etude,126.17723356,54.381133787,180.558367347
Bb Clarinet,Chromatic Scale,185.66675737,12.88707483,198.5538322
Bb Clarinet,Major Scales,206.169977324,114.474376417,320.64435374100003
Bb Clarinet,Sight-Reading,326.495782313,58.305306122,384.801088435
