Instrument,ScoreGroup,Start,Duration,End
Flute,Lyrical Etude,12.219438,125.560218,137.77965600000002
Flute,Technical Etude,145.243026,46.536304,191.77933
Flute,Chromatic Scale,198.803678,10.536522,209.34019999999998
Flute,Major Scales,215.047482,90.438479,305.485961
Flute,Sight-Reading,311.193244,38.194891,349.388135
