Instrument,ScoreGroup,Start,Duration,End
Alto Saxophone,Lyrical Etude,8.335963719,48.25106576,56.587029479
Alto Saxophone,Technical Etude,60.696961451,32.67047619,93.36743764100001
Alto Saxophone,Chromatic Scale,101.703401361,14.071292517,115.77469387800001
Alto Saxophone,Major Scales,123.112199546,74.02521542,197.137414966
Alto Saxophone,Sight-Reading,201.479546485,74.02521542,275.504761905
