Instrument,ScoreGroup,Start,Duration,End
Xylophone,Mallet Etude,16.718367,61.6722,78.390567
Snare Drum,Snare Etude,92.13678,86.192472,178.329252
Timpani,Timpani Etude,185.759637,74.303855,260.063492
Xylophone,Chromatic Scale,269.699773,7.871565,277.57133799999997
Xylophone,Major Scales,287.555918,119.629206,407.18512400000003
Xylophone,Sight-Reading,414.61551,42.724717,457.34022699999997
Snare Drum,Sight-Reading,463.284535,40.495601,503.780136
