Instrument,ScoreGroup,Start,Duration,End
Bb Clarinet,Lyrical Etude,17.502040816,103.444897959,120.946938775
Bb Clarinet,Technical Etude,126.693877551,90.644897959,217.33877551
Bb Clarinet,Chromatic Scale,225.959183673,15.673469387,241.63265306000002
Bb Clarinet,Major Scales,249.208163265,123.559183673,372.767346938
Bb Clarinet,Sight-Reading,378.514285714,60.081632653,438.59591836699997
