Instrument,ScoreGroup,Start,Duration,End
Alto Saxophone,Lyrical Etude,15.882448979,52.895056689,68.777505668
Alto Saxophone,Technical Etude,81.455600907,19.597641723,101.05324263
Alto Saxophone,Chromatic Scale,110.434104308,9.287981859,119.722086167
Alto Saxophone,Major Scales,128.359909297,97.05941043,225.41931972700002
Alto Saxophone,Sight-Reading,233.221224489,55.217052154,288.438276643
