Instrument,ScoreGroup,Start,Duration,End
Bb Clarinet,Lyrical Etude,10.971429,98.742857,109.714286
Bb Clarinet,Technical Etude,115.461224,49.371429,164.832653
Bb Clarinet,Chromatic Scale,171.62449,11.493878,183.118368
Bb Clarinet,Major Scales,188.342857,117.55102,305.893877
Bb Clarinet,Sight-Reading,310.218594,37.523447,347.742041
