Instrument,ScoreGroup,Start,Duration,End
Bb Clarinet,Lyrical Etude,10.611519274,43.049795918,53.661315192
Bb Clarinet,Technical Etude,59.744943311,28.908843537,88.653786848
Bb Clarinet,Chromatic Scale,93.785396825,13.120725624,106.90612244900001
Bb Clarinet,Major Scales,114.024489796,115.379954649,229.404444445
Bb Clarinet,Sight-Reading,235.235555556,58.473650794,293.70920635
