Instrument,ScoreGroup,Start,Duration,End
Bb Clarinet,Lyrical Etude,24.163265,93.387755,117.55102
Bb Clarinet,Technical Etude,126.432653,43.885714,170.318367
Bb Clarinet,Chromatic Scale,179.853061,19.853061,199.706122
Bb Clarinet,Major Scales,209.502041,121.469388,330.971429
Bb Clarinet,Sight-Reading,338.677551,92.604082,431.281633
