Instrument,ScoreGroup,Start,Duration,End
Flute,Lyrical Etude,12.120816327,26.12244898,38.243265307
Flute,Technical Etude,42.701496599,33.436734694,76.138231293
Flute,Chromatic Scale,82.616598639,22.500136054,105.116734693
Flute,Major Scales,110.201904762,87.608888889,197.81079365099998
Flute,Sight-Reading,202.930793651,57.213968254,260.144761905
