Instrument,ScoreGroup,Start,Duration,End
Bb Clarinet,Lyrical Etude,11.609977324,101.239002268,112.84897959199999
Bb Clarinet,Technical Etude,117.957369615,24.148752834,142.106122449
Bb Clarinet,Chromatic Scale,147.678911565,13.003174603,160.68208616799998
Bb Clarinet,Major Scales,172.292063492,102.167800454,274.45986394600004
Bb Clarinet,Sight-Reading,280.032653061,42.26031746,322.29297052100003
