Instrument,ScoreGroup,Start,Duration,End
Flute,Lyrical Etude,15.603809523,95.016054421,110.619863944
Flute,Technical Etude,116.471292517,25.07755102,141.54884353699998
Flute,Chromatic Scale,150.743945578,13.83909297,164.583038548
Flute,Major Scales,172.895782312,104.211156462,277.106938774
Flute,Sight-Reading,283.515646258,53.638095238,337.153741496
