Instrument,ScoreGroup,Start,Duration,End
Oboe,Lyrical Etude,9.055782312,47.925986394,56.981768706
Oboe,Technical Etude,61.579319727,35.66585034,97.245170067
Oboe,Chromatic Scale,103.026938775,20.13170068,123.15863945500001
Oboe,Major Scales,129.567346938,91.486621315,221.053968253
Oboe,Sight-Reading,257.741496598,55.727891156,313.469387754
