Instrument,ScoreGroup,Start,Duration,End
Flute,Lyrical Etude,12.631655328,50.898140589,63.529795917
Flute,Technical Etude,67.98802721,26.749387755,94.737414965
Flute,Chromatic Scale,101.05324263,24.520272108,125.573514738
Flute,Major Scales,135.976054421,121.486802721,257.46285714199996
Flute,Sight-Reading,261.54956916,62.786757369,324.33632652899996
