Instrument,ScoreGroup,Start,Duration,End
Alto Saxophone,Lyrical Etude,16.457142857,50.729795918,67.186938775
Alto Saxophone,Technical Etude,74.292244897,29.100408163,103.39265306
Alto Saxophone,Chromatic Scale,110.602448979,15.09877551,125.701224489
Alto Saxophone,Major Scales,132.85877551,69.224489795,202.083265305
Alto Saxophone,Sight-Reading,208.822857142,60.91755102,269.740408162
