Instrument,ScoreGroup,Start,Duration,End
Bb Clarinet,Lyrical Etude,16.457143,43.493878,59.951021
Bb Clarinet,Technical Etude,65.567347,30.82449,96.391837
Bb Clarinet,Chromatic Scale,103.967347,25.991837,129.959184
Bb Clarinet,Major Scales,136.75102,119.771429,256.522449
Bb Clarinet,Sight-Reading,262.530612,63.869388,326.40000000000003
