Instrument,ScoreGroup,Start,Duration,End
Xylophone,Mallet Etude,15.789569,51.26966,67.059229
Snare Drum,Snare Etude,74.768254,46.718549,121.48680300000001
Timpani,Timpani Etude,129.474467,65.015873,194.49034
Xylophone,Chromatic Scale,203.406803,9.287982,212.694785
Xylophone,Major Scales,220.03229,70.774422,290.806712
Xylophone,Sight-Reading,299.583855,34.458413,334.04226800000004
Snare Drum,Sight-Reading,341.008254,24.706032,365.714286
