Instrument,ScoreGroup,Start,Duration,End
Flute,Lyrical Etude,9.845261,26.842268,36.687529
Flute,Technical Etude,40.588481,28.792744,69.381225
Flute,Chromatic Scale,76.71873,29.535782,106.25451199999999
Flute,Major Scales,112.38458,99.381406,211.765986
Flute,Sight-Reading,219.382132,42.538957,261.921089
