Instrument,ScoreGroup,Start,Duration,End
Flute,Lyrical Etude,8.544943311,59.4430839,67.988027211
Flute,Technical Etude,72.446258503,46.811428571,119.25768707399999
Flute,Chromatic Scale,122.972879819,17.83292517,140.805804989
Flute,Major Scales,146.750113379,112.94185941,259.69197278900003
Flute,Sight-Reading,263.407165533,54.613333333,318.020498866
