Instrument,ScoreGroup,Start,Duration,End
Flute,Lyrical Etude,9.822040816,28.003265306,37.825306122
Flute,Technical Etude,43.833469388,22.622040816,66.45551020399999
Flute,Chromatic Scale,75.023673469,11.650612245,86.674285714
Flute,Major Scales,93.831836735,60.290612245,154.12244898
Flute,Sight-Reading,159.869387755,36.10122449,195.97061224499998
