Instrument,ScoreGroup,Start,Duration,End
Bb Clarinet,Lyrical Etude,16.137868481,113.870657596,130.008526077
Bb Clarinet,Technical Etude,139.459047619,47.461587302,186.920634921
Bb Clarinet,Chromatic Scale,198.089433107,14.512471655,212.601904762
Bb Clarinet,Major Scales,223.515283447,116.819591837,340.334875284
Bb Clarinet,Sight-Reading,347.85814059,81.664580499,429.522721089
