Instrument,ScoreGroup,Start,Duration,End
Xylophone,Mallet Etude,14.628571,57.077551,71.706122
Snare Drum,Snare Etude,82.416327,82.808163,165.22449
Timpani,Timpani Etude,173.313741,122.229841,295.543582
Xylophone,Chromatic Scale,304.460045,107.926349,412.386394
Xylophone,Major Scales,423.717732,87.492789,511.210521
Xylophone,Sight-Reading,521.404082,52.440816,573.8448980000001
Snare Drum,Sight-Reading,581.028571,29.714286,610.7428570000001
