Instrument,ScoreGroup,Start,Duration,End
Bb Clarinet,Lyrical Etude,13.490793651,77.833287982,91.324081633
Bb Clarinet,Technical Etude,100.263764172,48.669024943,148.932789115
Bb Clarinet,Chromatic Scale,162.353922902,21.919637188,184.27356009
Bb Clarinet,Major Scales,191.61106576,121.510022676,313.12108843600004
Bb Clarinet,Sight-Reading,317.300680272,63.367256236,380.667936508
