Instrument,ScoreGroup,Start,Duration,End
Flute,Lyrical Etude,9.671111111,43.479365079,53.15047619
Flute,Technical Etude,56.563809524,32.914285714,89.47809523800001
Flute,Chromatic Scale,94.1569161,35.062131519,129.219047619
Flute,Major Scales,133.955918367,89.234285714,223.190204081
Flute,Sight-Reading,226.951836735,49.005714286,275.957551021
