Instrument,ScoreGroup,Start,Duration,End
Alto Saxophone,Lyrical Etude,15.046530612,88.81632653,103.862857142
Alto Saxophone,Technical Etude,109.609795918,138.657959183,248.267755101
Alto Saxophone,Chromatic Scale,256.835918367,11.493877551,268.329795918
Alto Saxophone,Major Scales,275.853061224,123.088979591,398.942040815
Alto Saxophone,Sight-Reading,404.375510204,90.174693877,494.550204081
