Instrument,ScoreGroup,Start,Duration,End
Alto Saxophone,Lyrical Etude,14.942040816,62.484897959,77.426938775
Alto Saxophone,Technical Etude,82.076734693,42.579591836,124.65632652900001
Alto Saxophone,Chromatic Scale,130.768979591,11.389387755,142.158367346
Alto Saxophone,Major Scales,151.196734693,85.159183673,236.355918366
Alto Saxophone,Sight-Reading,241.528163265,43.885714285,285.41387755
