Instrument,ScoreGroup,Start,Duration,End
Flute,Lyrical Etude,18.204444444,62.275918367,80.480362811
Flute,Technical Etude,89.269115646,41.064489796,130.333605442
Flute,Chromatic Scale,141.897142857,10.379319728,152.27646258500002
Flute,Major Scales,162.946031746,100.937142857,263.883174603
Flute,Sight-Reading,272.782222222,49.005714286,321.787936508
