Instrument,ScoreGroup,Start,Duration,End
Bb Clarinet,Lyrical Etude,11.052698412,64.458594104,75.511292516
Bb Clarinet,Technical Etude,82.291519274,61.300680272,143.592199546
Bb Clarinet,Chromatic Scale,150.743945578,17.554285714,168.298231292
Bb Clarinet,Major Scales,176.843174603,116.842811791,293.685986394
Bb Clarinet,Sight-Reading,300.744852607,107.554829931,408.29968253799996
