Instrument,ScoreGroup,Start,Duration,End
Alto Saxophone,Lyrical Etude,17.414965986,63.622675737,81.03764172300001
Alto Saxophone,Technical Etude,87.585668934,65.155192744,152.740861678
Alto Saxophone,Chromatic Scale,167.508752834,18.088344671,185.59709750500002
Alto Saxophone,Major Scales,195.90675737,121.463582766,317.370340136
Alto Saxophone,Sight-Reading,329.6769161,71.563900227,401.24081632700006
