Instrument,ScoreGroup,Start,Duration,End
Xylophone,Mallet Etude,14.210612,42.538957,56.749569
Snare Drum,Snare Etude,65.201633,48.947664,114.149297
Timpani,Timpani Etude,120.093605,75.325533,195.41913799999998
Xylophone,Chromatic Scale,202.663764,9.195102,211.85886599999998
Xylophone,Major Scales,218.77551,89.991837,308.767347
Xylophone,Sight-Reading,313.469388,75.882812,389.3522
Snare Drum,Sight-Reading,397.014785,39.706122,436.720907
