Instrument,ScoreGroup,Start,Duration,End
Bb Clarinet,Lyrical Etude,14.907210884,71.587120181,86.494331065
Bb Clarinet,Technical Etude,93.80861678,39.566802721,133.375419501
Bb Clarinet,Chromatic Scale,140.271746032,11.424217687,151.69596371900002
Bb Clarinet,Major Scales,161.912743764,107.229750567,269.14249433099997
Bb Clarinet,Sight-Reading,277.153378685,36.571428571,313.724807256
