Instrument,ScoreGroup,Start,Duration,End
Flute,Lyrical Etude,11.884075,87.102443,98.98651799999999
Flute,Technical Etude,106.245055,63.618941,169.863996
Flute,Chromatic Scale,176.268588,14.944047,191.212635
Flute,Major Scales,198.471172,86.67547,285.146642
Flute,Sight-Reading,291.124261,46.540031,337.664292
