Instrument,ScoreGroup,Start,Duration,End
Bb Clarinet,Lyrical Etude,9.926531,73.926531,83.853062
Bb Clarinet,Technical Etude,89.208163,30.040816,119.24897899999999
Bb Clarinet,Chromatic Scale,124.734694,22.726531,147.461225
Bb Clarinet,Major Scales,152.946939,86.857143,239.804082
Bb Clarinet,Sight-Reading,247.379592,55.379592,302.759184
