Instrument,ScoreGroup,Start,Duration,End
Bb Clarinet,Lyrical Etude,12.329795918,76.486530612,88.81632653
Bb Clarinet,Technical Etude,93.599637188,34.01723356,127.616870748
Bb Clarinet,Chromatic Scale,133.607619048,11.331337868,144.938956916
Bb Clarinet,Major Scales,150.836825397,97.964988662,248.801814059
Bb Clarinet,Sight-Reading,253.910204082,38.196825397,292.107029479
