Instrument,ScoreGroup,Start,Duration,End
Bb Clarinet,Lyrical Etude,16.253968254,49.342403628,65.596371882
Bb Clarinet,Technical Etude,72.67845805,48.761904762,121.440362812
Bb Clarinet,Chromatic Scale,128.870748299,13.003174603,141.873922902
Bb Clarinet,Major Scales,151.626303855,77.670748299,229.297052154
Bb Clarinet,Sight-Reading,235.102040816,55.49569161,290.597732426
