Instrument,ScoreGroup,Start,Duration,End
Bb Clarinet,Lyrical Etude,10.774058957,55.077732426,65.85179138299999
Bb Clarinet,Technical Etude,69.659863946,54.056054422,123.715918368
Bb Clarinet,Chromatic Scale,127.895510204,18.204444444,146.099954648
Bb Clarinet,Major Scales,151.30122449,117.028571429,268.329795919
Bb Clarinet,Sight-Reading,273.345306122,98.638367347,371.983673469
