Instrument,ScoreGroup,Start,Duration,End
Alto Saxophone,Lyrical Etude,11.354557823,53.243356009,64.597913832
Alto Saxophone,Technical Etude,69.752743764,49.040544218,118.79328798200001
Alto Saxophone,Chromatic Scale,124.853696145,9.427301587,134.280997732
Alto Saxophone,Major Scales,138.553469388,98.800907029,237.354376417
Alto Saxophone,Sight-Reading,242.369886621,56.981768707,299.351655328
