Instrument,ScoreGroup,Start,Duration,End
Bb Clarinet,Lyrical Etude,11.006258503,99.543945578,110.550204081
Bb Clarinet,Technical Etude,116.842811791,53.963174603,170.805986394
Bb Clarinet,Chromatic Scale,177.098594104,12.608435374,189.707029478
Bb Clarinet,Major Scales,197.346394558,122.090521542,319.43691609999996
Bb Clarinet,Sight-Reading,323.152108844,59.14122449,382.293333334
