Instrument,ScoreGroup,Start,Duration,End
Flute,Lyrical Etude,15.603809523,91.951020408,107.554829931
Flute,Technical Etude,114.427936507,29.907301587,144.335238094
Flute,Chromatic Scale,152.694421768,27.678185941,180.37260770900002
Flute,Major Scales,188.174512471,102.539319727,290.71383219800003
Flute,Sight-Reading,297.586938775,48.483265306,346.07020408100004
