Instrument,ScoreGroup,Start,Duration,End
Flute,Lyrical Etude,9.264762,42.562177,51.826938999999996
Flute,Technical Etude,53.986395,40.82068,94.807075
Flute,Chromatic Scale,97.872109,15.952109,113.824218
Flute,Major Scales,115.705034,80.039184,195.744218
Flute,Sight-Reading,198.878912,65.480272,264.359184
