Instrument,ScoreGroup,Start,Duration,End
Flute,Lyrical Etude,13.467574,31.648798,45.116372
Flute,Technical Etude,51.966259,45.766531,97.73279
Flute,Chromatic Scale,106.997551,13.444354,120.441905
Flute,Major Scales,128.801088,81.362721,210.163809
Flute,Sight-Reading,215.04,39.636463,254.67646299999998
