Instrument,ScoreGroup,Start,Duration,End
Flute,Lyrical Etude,20.43356009,64.435374149,84.868934239
Flute,Technical Etude,89.16462585,45.627210884,134.791836734
Flute,Chromatic Scale,141.641723356,37.151927437,178.79365079299998
Flute,Major Scales,188.546031746,122.415600907,310.96163265300004
Flute,Sight-Reading,314.305306122,75.789931972,390.095238094
