Instrument,ScoreGroup,Start,Duration,End
Flute,Lyrical Etude,9.822041,111.595102,121.417143
Flute,Technical Etude,125.178776,71.157551,196.33632699999998
Flute,Chromatic Scale,201.978776,16.091429,218.07020500000002
Flute,Major Scales,225.07102,121.103673,346.174693
Flute,Sight-Reading,351.190204,69.799184,420.98938799999996
