Instrument,ScoreGroup,Start,Duration,End
Flute,Lyrical Etude,10.07746,63.065397,73.14285699999999
Flute,Technical Etude,76.71873,25.193651,101.912381
Flute,Chromatic Scale,107.113651,16.253968,123.367619
Flute,Major Scales,128.406349,107.27619,235.68253900000002
Flute,Sight-Reading,239.420952,57.376508,296.79746
