Instrument,ScoreGroup,Start,Duration,End
Alto Saxophone,Lyrical Etude,11.54031746,63.947755102,75.488072562
Alto Saxophone,Technical Etude,79.389024943,63.344036281,142.73306122399998
Alto Saxophone,Chromatic Scale,148.329070295,13.003174603,161.332244898
Alto Saxophone,Major Scales,168.507210884,102.4,270.907210884
Alto Saxophone,Sight-Reading,277.269478458,64.458594104,341.72807256199997
