Instrument,ScoreGroup,Start,Duration,End
Flute,Lyrical Etude,13.583673,89.077551,102.661224
Flute,Technical Etude,110.497959,19.330612,129.82857099999998
Flute,Chromatic Scale,141.583673,15.412245,156.99591800000002
Flute,Major Scales,164.310204,98.220408,262.530612
Flute,Sight-Reading,266.971429,39.183673,306.155102
