Instrument,ScoreGroup,Start,Duration,End
Flute,Lyrical Etude,11.702857,56.633469,68.336326
Flute,Technical Etude,72.306939,24.450612,96.757551
Flute,Chromatic Scale,102.50449,14.315102,116.819592
Flute,Major Scales,123.611429,105.012245,228.623674
Flute,Sight-Reading,232.698776,56.946939,289.645715
