Instrument,ScoreGroup,Start,Duration,End
Flute,Lyrical Etude,12.631655,50.340862,62.972517
Flute,Technical Etude,69.845624,22.662676,92.5083
Flute,Chromatic Scale,101.610522,12.260136,113.870658
Flute,Major Scales,122.415601,91.579501,213.99510199999997
Flute,Sight-Reading,220.12517,61.6722,281.79737
