Instrument,ScoreGroup,Start,Duration,End
Alto Saxophone,Lyrical Etude,15.836009,60.139683,75.975692
Alto Saxophone,Technical Etude,83.173878,25.65805,108.831928
Alto Saxophone,Chromatic Scale,119.071927,11.563537,130.635464
Alto Saxophone,Major Scales,138.623129,86.053152,224.67628100000002
Alto Saxophone,Sight-Reading,232.176327,35.363991,267.54031799999996
