Instrument,ScoreGroup,Start,Duration,End
Bb Clarinet,Lyrical Etude,11.842176871,39.067573696,50.909750566999996
Bb Clarinet,Technical Etude,58.107936508,24.613151927,82.721088435
Bb Clarinet,Chromatic Scale,90.151473923,16.718367347,106.86984127
Bb Clarinet,Major Scales,115.542494331,79.040725624,194.583219955
Bb Clarinet,Sight-Reading,201.920725624,66.966349206,268.88707483
