Instrument,ScoreGroup,Start,Duration,End
Alto Saxophone,Lyrical Etude,11.865396825,45.789750567,57.655147391999996
Alto Saxophone,Technical Etude,64.226394558,45.696870748,109.92326530599999
Alto Saxophone,Chromatic Scale,116.401632653,13.049614512,129.45124716499998
Alto Saxophone,Major Scales,136.881632653,107.949569161,244.831201814
Alto Saxophone,Sight-Reading,249.637732426,39.473922902,289.111655328
