Instrument,ScoreGroup,Start,Duration,End
Flute,Lyrical Etude,11.795736961,49.783582766,61.579319727
Flute,Technical Etude,68.452426303,25.820589569,94.273015872
Flute,Chromatic Scale,101.424761904,19.876281179,121.301043083
Flute,Major Scales,129.044897959,102.922448979,231.967346938
Flute,Sight-Reading,237.061224489,67.395918367,304.457142856
