Instrument,ScoreGroup,Start,Duration,End
Flute,Lyrical Etude,10.890159,59.977143,70.867302
Flute,Technical Etude,77.775238,25.274921,103.05015900000001
Flute,Chromatic Scale,110.039365,13.572063,123.611428
Flute,Major Scales,129.869206,105.244444,235.11365
Flute,Sight-Reading,239.177143,55.100952,294.278095
