Instrument,ScoreGroup,Start,Duration,End
Flute,Lyrical Etude,14.563265,46.497959,61.061224
Flute,Technical Etude,67.657143,21.746939,89.404082
Flute,Chromatic Scale,98.155102,18.612245,116.767347
Flute,Major Scales,126.040816,78.563265,204.604081
Flute,Sight-Reading,211.918367,52.244898,264.16326499999997
