Instrument,ScoreGroup,Start,Duration,End
Bb Clarinet,Lyrical Etude,18.297324263,110.898503401,129.195827664
Bb Clarinet,Technical Etude,139.133968253,47.461587301,186.59555555400001
Bb Clarinet,Chromatic Scale,199.50585034,11.145578231,210.651428571
Bb Clarinet,Major Scales,221.332607709,115.356734693,336.689342402
Bb Clarinet,Sight-Reading,345.234285714,41.052879818,386.287165532
