Instrument,ScoreGroup,Start,Duration,End
Flute,Lyrical Etude,20.085260771,57.748027211,77.833287982
Flute,Technical Etude,87.167709751,23.545034014,110.712743765
Flute,Chromatic Scale,121.393922902,11.58675737,132.980680272
Flute,Major Scales,144.079818594,114.245079365,258.324897959
Flute,Sight-Reading,267.075918367,60.316734694,327.392653061
