Instrument,ScoreGroup,Start,Duration,End
Bb Clarinet,Lyrical Etude,11.981497,90.581043,102.56254
Bb Clarinet,Technical Etude,108.669388,100.263764,208.933152
Bb Clarinet,Chromatic Scale,216.061678,23.382494,239.444172
Bb Clarinet,Major Scales,246.595918,95.968073,342.563991
Bb Clarinet,Sight-Reading,348.18322,89.768345,437.951565
