Instrument,ScoreGroup,Start,Duration,End
Flute,Lyrical Etude,9.89170068,50.433741497,60.325442177
Flute,Technical Etude,65.758911565,36.675918367,102.43482993200001
Flute,Chromatic Scale,108.146938776,10.866938776,119.013877552
Flute,Major Scales,125.643174603,101.09968254,226.742857143
Flute,Sight-Reading,230.846984127,52.297142857,283.144126984
