Instrument,ScoreGroup,Start,Duration,End
Bb Clarinet,Lyrical Etude,10.318367,74.840816,85.159183
Bb Clarinet,Technical Etude,89.338776,29.387755,118.726531
Bb Clarinet,Chromatic Scale,126.302041,14.628571,140.930612
Bb Clarinet,Major Scales,146.155102,87.771429,233.926531
Bb Clarinet,Sight-Reading,237.714286,46.628571,284.342857
