Instrument,ScoreGroup,Start,Duration,End
Bb Clarinet,Lyrical Etude,11.493878,102.661224,114.155102
Bb Clarinet,Technical Etude,118.726531,61.387755,180.114286
Bb Clarinet,Chromatic Scale,186.644898,43.62449,230.26938800000002
Bb Clarinet,Major Scales,236.669388,115.853061,352.522449
Bb Clarinet,Sight-Reading,358.269388,85.420408,443.689796
