Instrument,ScoreGroup,Start,Duration,End
Alto Saxophone,Lyrical Etude,14.860770975,73.839455782,88.700226757
Alto Saxophone,Technical Etude,93.80861678,38.545124716,132.353741496
Alto Saxophone,Chromatic Scale,140.945124716,10.448979591,151.39410430700002
Alto Saxophone,Major Scales,157.895691609,82.430839002,240.326530611
Alto Saxophone,Sight-Reading,246.36371882,40.867120181,287.230839001
