Instrument,ScoreGroup,Start,Duration,End
Alto Saxophone,Lyrical Etude,11.981496599,67.953197279,79.93469387799999
Alto Saxophone,Technical Etude,88.758276644,28.386394558,117.14467120200001
Alto Saxophone,Chromatic Scale,125.039455782,8.649433107,133.688888889
Alto Saxophone,Major Scales,140.36462585,71.98185941,212.34648526
Alto Saxophone,Sight-Reading,217.803174603,52.477097506,270.280272109
