Instrument,ScoreGroup,Start,Duration,End
Flute,Lyrical Etude,15.975328798,25.634829932,41.610158729999995
Flute,Technical Etude,47.925986395,30.093061224,78.019047619
Flute,Chromatic Scale,87.307029478,21.548117914,108.855147392
Flute,Major Scales,117.028571429,87.678548753,204.70712018199998
Flute,Sight-Reading,212.69478458,65.201632653,277.896417233
