Instrument,ScoreGroup,Start,Duration,End
Bb Clarinet,Lyrical Etude,12.863854875,76.463310658,89.327165533
Bb Clarinet,Technical Etude,95.085714286,39.195283447,134.280997733
Bb Clarinet,Chromatic Scale,140.829024943,13.258594104,154.087619047
Bb Clarinet,Major Scales,159.451428571,105.070294785,264.521723356
Bb Clarinet,Sight-Reading,270.071292517,39.148843537,309.220136054
