Instrument,ScoreGroup,Start,Duration,End
Alto Saxophone,Lyrical Etude,12.58521542,58.909024943,71.494240363
Alto Saxophone,Technical Etude,75.186213152,35.410430839,110.596643991
Alto Saxophone,Chromatic Scale,116.053333333,11.23845805,127.291791383
Alto Saxophone,Major Scales,132.353741497,49.597823129,181.951564626
Alto Saxophone,Sight-Reading,186.595555556,59.001904762,245.597460318
