Instrument,ScoreGroup,Start,Duration,End
Bb Clarinet,Lyrical Etude,18.575964,83.220317,101.796281
Bb Clarinet,Technical Etude,112.198821,21.176599,133.37542
Bb Clarinet,Chromatic Scale,134.489977,14.117732,148.607709
Bb Clarinet,Major Scales,154.552018,75.418413,229.97043100000002
Bb Clarinet,Sight-Reading,236.286259,36.780408,273.066667
