Instrument,ScoreGroup,Start,Duration,End
Flute,Lyrical Etude,9.636281179,61.532879818,71.16916099699999
Flute,Technical Etude,77.670748299,23.452154195,101.12290249399999
Flute,Chromatic Scale,109.94648526,15.092970521,125.039455781
Flute,Major Scales,131.541043083,74.419954648,205.96099773100002
Flute,Sight-Reading,210.604988662,35.294331065,245.899319727
