Instrument,ScoreGroup,Start,Duration,End
Alto Saxophone,Lyrical Etude,14.953650794,55.449251701,70.402902495
Alto Saxophone,Technical Etude,78.483446712,85.542312925,164.02575963700002
Alto Saxophone,Chromatic Scale,171.235555556,9.914920635,181.150476191
Alto Saxophone,Major Scales,189.474829932,109.365986395,298.84081632699997
Alto Saxophone,Sight-Reading,306.793650794,69.72952381,376.52317460399996
