Instrument,ScoreGroup,Start,Duration,End
Alto Saxophone,Lyrical Etude,16.323628118,48.610975057,64.93460317499999
Alto Saxophone,Technical Etude,74.158730159,28.688253968,102.846984127
Alto Saxophone,Chromatic Scale,113.127619048,9.386666667,122.514285715
Alto Saxophone,Major Scales,130.356825397,86.714920635,217.071746032
Alto Saxophone,Sight-Reading,224.995555556,42.057142857,267.05269841300003
