Instrument,ScoreGroup,Start,Duration,End
Alto Saxophone,Lyrical Etude,12.132426303,32.624036281,44.756462584000005
Alto Saxophone,Technical Etude,52.360997732,30.534240362,82.895238094
Alto Saxophone,Chromatic Scale,90.848072562,13.235374149,104.083446711
Alto Saxophone,Major Scales,114.41632653,81.39755102,195.81387755
Alto Saxophone,Sight-Reading,202.396734693,33.436734693,235.83346938600002
