Instrument,ScoreGroup,Start,Duration,End
French Horn,Lyrical Etude,20.576493,130.36039,150.936883
French Horn,Technical Etude,160.138792,182.504546,342.64333799999997
French Horn,Chromatic Scale,353.3789,21.471123,374.85002299999996
French Horn,Major Scales,383.285107,121.925306,505.210413
French Horn,Sight-Reading,511.345019,100.454183,611.7992019999999
