Instrument,ScoreGroup,Start,Duration,End
Alto Saxophone,Lyrical Etude,9.038367346,46.602448979,55.640816325
Alto Saxophone,Technical Etude,60.813061224,23.771428571,84.584489795
Alto Saxophone,Chromatic Scale,90.226938775,13.426938775,103.65387754999999
Alto Saxophone,Major Scales,109.55755102,83.95755102,193.51510204
Alto Saxophone,Sight-Reading,198.687346938,57.991836734,256.679183672
