Instrument,ScoreGroup,Start,Duration,End
Flute,Lyrical Etude,13.06122449,74.187755102,87.248979592
Flute,Technical Etude,93.704126984,36.693333333,130.397460317
Flute,Chromatic Scale,139.284897959,9.665306122,148.950204081
Flute,Major Scales,156.688253968,106.138412698,262.826666666
Flute,Sight-Reading,269.32244898,48.013061224,317.335510204
