Instrument,ScoreGroup,Start,Duration,End
Bb Clarinet,Lyrical Etude,13.844897959,124.865306122,138.710204081
Bb Clarinet,Technical Etude,145.502040816,78.106122448,223.60816326399998
Bb Clarinet,Chromatic Scale,231.642267573,13.931972789,245.574240362
Bb Clarinet,Major Scales,253.283265306,122.044081632,375.327346938
Bb Clarinet,Sight-Reading,383.036371882,72.260498866,455.29687074800006
