Instrument,ScoreGroup,Start,Duration,End
Xylophone,Mallet Etude,27.306667,142.663401,169.970068
Snare Drum,Snare Etude,180.001088,74.118095,254.11918300000002
Timpani,Timpani Etude,259.691973,107.926349,367.61832200000003
Xylophone,Chromatic Scale,369.754558,12.260136,382.01469399999996
Xylophone,Major Scales,384.15093,65.944671,450.095601
Xylophone,Sight-Reading,455.48263,121.115283,576.597913
Snare Drum,Sight-Reading,579.941587,36.594649,616.536236
