Instrument,ScoreGroup,Start,Duration,End
Flute,Lyrical Etude,12.260136054,74.118095238,86.378231292
Flute,Technical Etude,92.81015873,52.825396825,145.635555555
Flute,Chromatic Scale,155.875555556,13.246984127,169.12253968299999
Flute,Major Scales,177.330793651,116.703492063,294.034285714
Flute,Sight-Reading,298.945306122,47.647346939,346.59265306099996
