Instrument,ScoreGroup,Start,Duration,End
Bb Clarinet,Lyrical Etude,17.554285714,51.362539683,68.916825397
Bb Clarinet,Technical Etude,76.881269841,24.543492063,101.42476190400001
Bb Clarinet,Chromatic Scale,108.982857143,18.285714286,127.268571429
Bb Clarinet,Major Scales,134.327437642,104.954195011,239.281632653
Bb Clarinet,Sight-Reading,251.588208617,53.173696145,304.761904762
