Instrument,ScoreGroup,Start,Duration,End
Bb Clarinet,Lyrical Etude,12.004717,73.142857,85.147574
Bb Clarinet,Technical Etude,92.438639,64.179955,156.618594
Bb Clarinet,Chromatic Scale,164.977778,14.837551,179.815329
Bb Clarinet,Major Scales,188.546032,96.618231,285.164263
Bb Clarinet,Sight-Reading,291.59619,39.729342,331.32553199999995
