Instrument,ScoreGroup,Start,Duration,End
Bb Clarinet,Lyrical Etude,9.534694,86.857143,96.391837
Bb Clarinet,Technical Etude,101.22449,71.314286,172.53877599999998
Bb Clarinet,Chromatic Scale,178.546939,16.587755,195.13469400000002
Bb Clarinet,Major Scales,202.106485,106.811791,308.918276
Bb Clarinet,Sight-Reading,316.212245,68.571429,384.783674
