Instrument,ScoreGroup,Start,Duration,End
Flute,Lyrical Etude,10.332879819,25.048526077,35.381405896
Flute,Technical Etude,40.373696145,42.028117914,82.401814059
Flute,Chromatic Scale,90.760997732,26.12244898,116.88344671200001
Flute,Major Scales,125.805714286,108.948027211,234.753741497
Flute,Sight-Reading,240.535510204,50.364081633,290.899591837
