Instrument,ScoreGroup,Start,Duration,End
Flute,Lyrical Etude,13.583673,60.081633,73.665306
Flute,Technical Etude,78.889796,43.102041,121.991837
Flute,Chromatic Scale,129.567347,13.061224,142.62857100000002
Flute,Major Scales,148.37551,88.032653,236.408163
Flute,Sight-Reading,241.893878,54.595918,296.489796
