Instrument,ScoreGroup,Start,Duration,End
Xylophone,Mallet Etude,15.836009,43.398095,59.234104
Snare Drum,Snare Etude,67.152109,48.436825,115.588934
Timpani,Timpani Etude,124.621497,45.95229,170.573787
Xylophone,Chromatic Scale,177.679093,6.408707,184.0878
Xylophone,Major Scales,192.121905,99.172426,291.294331
Xylophone,Sight-Reading,298.446077,23.243175,321.689252
Snare Drum,Sight-Reading,328.957098,31.904218,360.861316
