Instrument,ScoreGroup,Start,Duration,End
Bb Clarinet,Lyrical Etude,15.60381,118.328889,133.932699
Bb Clarinet,Technical Etude,145.264036,49.040544,194.30458
Bb Clarinet,Chromatic Scale,204.89288,14.303492,219.196372
Bb Clarinet,Major Scales,228.484354,128.359909,356.84426299999996
Bb Clarinet,Sight-Reading,361.488254,60.557642,422.04589599999997
