Instrument,ScoreGroup,Start,Duration,End
Alto Saxophone,Lyrical Etude,10.309659863,73.560816326,83.87047618899999
Alto Saxophone,Technical Etude,89.443265306,42.353197278,131.796462584
Alto Saxophone,Chromatic Scale,137.926530612,11.424217687,149.350748299
Alto Saxophone,Major Scales,154.923537414,85.263673469,240.187210883
Alto Saxophone,Sight-Reading,245.481360544,60.74340136,306.224761904
