Instrument,ScoreGroup,Start,Duration,End
Flute,Lyrical Etude,13.525623583,53.638095238,67.163718821
Flute,Technical Etude,77.380498866,39.067573696,116.448072562
Flute,Chromatic Scale,128.812698413,10.855328798,139.66802721099998
Flute,Major Scales,152.276462585,113.127619048,265.404081633
Flute,Sight-Reading,269.653333333,53.475555556,323.128888889
