Instrument,ScoreGroup,Start,Duration,End
Flute,Lyrical Etude,9.71755102,29.988571429,39.706122449
Flute,Technical Etude,49.005714286,32.496326531,81.502040817
Flute,Chromatic Scale,88.293877551,26.853877551,115.14775510199999
Flute,Major Scales,116.088163265,95.190204082,211.278367347
Flute,Sight-Reading,218.592653061,62.066938776,280.659591837
