Instrument,ScoreGroup,Start,Duration,End
Flute,Lyrical Etude,11.006258503,48.343945578,59.350204081
Flute,Technical Etude,63.251156463,21.037278912,84.288435375
Flute,Chromatic Scale,91.393741497,13.374693878,104.768435375
Flute,Major Scales,113.545578231,90.557823129,204.10340136
Flute,Sight-Reading,209.815510204,44.582312925,254.397823129
