Instrument,ScoreGroup,Start,Duration,End
Flute,Lyrical Etude,21.47845805,49.458503401,70.936961451
Flute,Technical Etude,76.62585034,30.766439909,107.392290249
Flute,Chromatic Scale,115.983673469,35.642630385,151.62630385399999
Flute,Major Scales,158.267210884,76.718730159,234.98594104300003
Flute,Sight-Reading,240.477460317,47.217777778,287.69523809500004
