Instrument,ScoreGroup,Start,Duration,End
Flute,Lyrical Etude,10.309659863,68.127346938,78.437006801
Flute,Technical Etude,82.616598639,34.411972789,117.02857142799999
Flute,Chromatic Scale,122.740680272,16.579047619,139.319727891
Flute,Major Scales,144.892517006,106.718911564,251.61142857
Flute,Sight-Reading,255.930340136,42.213877551,298.14421768700004
