Instrument,ScoreGroup,Start,Duration,End
Xylophone,Mallet Etude,12.097596,33.831474,45.929069999999996
Snare Drum,Snare Etude,51.548299,44.234014,95.782313
Timpani,Timpani Etude,100.542404,41.935238,142.477642
Xylophone,Chromatic Scale,150.674286,8.243084,158.91737
Xylophone,Major Scales,166.719274,84.659955,251.379229
Xylophone,Sight-Reading,258.066576,26.842268,284.908844
Snare Drum,Sight-Reading,291.572971,32.159637,323.73260799999997
