Instrument,ScoreGroup,Start,Duration,End
Flute,Lyrical Etude,12.53877551,59.454693878,71.993469388
Flute,Technical Etude,80.979591837,23.510204082,104.489795919
Flute,Chromatic Scale,114.729795918,14.83755102,129.567346938
Flute,Major Scales,138.24,122.009251701,260.249251701
Flute,Sight-Reading,265.822040816,32.507936508,298.329977324
