Instrument,ScoreGroup,Start,Duration,End
Alto Saxophone,Lyrical Etude,9.752380952,62.345578231,72.097959183
Alto Saxophone,Technical Etude,74.675374149,21.594557823,96.26993197200001
Alto Saxophone,Chromatic Scale,108.042448979,11.145578231,119.18802721
Alto Saxophone,Major Scales,125.596734693,88.259047619,213.855782312
Alto Saxophone,Sight-Reading,219.846530612,44.930612244,264.777142856
