Instrument,ScoreGroup,Start,Duration,End
Bb Clarinet,Lyrical Etude,15.542857,69.877551,85.420408
Bb Clarinet,Technical Etude,95.434014,22.430476,117.86449
Bb Clarinet,Chromatic Scale,127.706122,11.461224,139.16734599999998
Bb Clarinet,Major Scales,147.853061,101.616327,249.46938799999998
Bb Clarinet,Sight-Reading,257.091338,69.474104,326.565442
