Instrument,ScoreGroup,Start,Duration,End
Bb Clarinet,Lyrical Etude,12.8,75.232653061,88.03265306099999
Bb Clarinet,Technical Etude,94.302040816,52.244897959,146.546938775
Bb Clarinet,Chromatic Scale,155.428571428,19.591836734,175.020408162
Bb Clarinet,Major Scales,184.424489795,91.167346938,275.591836733
Bb Clarinet,Sight-Reading,284.473469387,60.865306122,345.338775509
