Instrument,ScoreGroup,Start,Duration,End
Bb Clarinet,Lyrical Etude,9.93814059,54.056054422,63.994195012000006
Bb Clarinet,Technical Etude,67.616507937,27.678185941,95.29469387799999
Bb Clarinet,Chromatic Scale,102.167800454,17.83292517,120.000725624
Bb Clarinet,Major Scales,127.059591837,83.22031746,210.27990929700002
Bb Clarinet,Sight-Reading,213.623582766,51.269659864,264.89324263
