Instrument,ScoreGroup,Start,Duration,End
Flute,Lyrical Etude,13.492013,100.850909,114.342922
Flute,Technical Etude,125.649078,44.772377,170.421455
Flute,Chromatic Scale,179.466379,12.210648,191.67702699999998
Flute,Major Scales,199.365213,107.634603,306.999816
Flute,Sight-Reading,318.305972,41.606653,359.912625
