Instrument,ScoreGroup,Start,Duration,End
Flute,Lyrical Etude,19.17968254,48.831564626,68.011247166
Flute,Technical Etude,73.560816327,21.687437642,95.24825396899999
Flute,Chromatic Scale,102.028480726,17.252426304,119.28090703
Flute,Major Scales,127.779410431,137.099319728,264.87873015900004
Flute,Sight-Reading,275.931428571,62.104671202,338.03609977300005
