Instrument,ScoreGroup,Start,Duration,End
Flute,Lyrical Etude,9.984580499,19.504761905,29.489342404
Flute,Technical Etude,35.01569161,26.284988662,61.300680271999994
Flute,Chromatic Scale,68.591746032,25.07755102,93.669297052
Flute,Major Scales,100.716553288,80.399092971,181.11564625900002
Flute,Sight-Reading,186.804535147,44.988662132,231.793197279
