Instrument,ScoreGroup,Start,Duration,End
Alto Saxophone,Lyrical Etude,13.560453515,62.322358277,75.882811792
Alto Saxophone,Technical Etude,81.176961451,49.342403628,130.519365079
Alto Saxophone,Chromatic Scale,136.440453515,6.687346939,143.127800454
Alto Saxophone,Major Scales,149.629387755,103.212698413,252.842086168
Alto Saxophone,Sight-Reading,257.323537415,46.927528345,304.25106575999996
