Instrument,ScoreGroup,Start,Duration,End
Bb Clarinet,Lyrical Etude,13.188934,70.495782,83.68471600000001
Bb Clarinet,Technical Etude,90.464943,30.92898,121.393923
Bb Clarinet,Chromatic Scale,128.84898,14.759184,143.60816400000002
Bb Clarinet,Major Scales,151.640816,74.057143,225.697959
Bb Clarinet,Sight-Reading,231.314286,47.020408,278.334694
