Instrument,ScoreGroup,Start,Duration,End
Alto Saxophone,Lyrical Etude,15.673469388,52.314557823,67.988027211
Alto Saxophone,Technical Etude,73.839455782,69.659863946,143.499319728
Alto Saxophone,Chromatic Scale,150.186666667,9.613061224,159.799727891
Alto Saxophone,Major Scales,167.880272109,105.534693878,273.414965987
Alto Saxophone,Sight-Reading,280.961451247,77.438548753,358.40000000000003
