Instrument,ScoreGroup,Start,Duration,End
Bb Clarinet,Lyrical Etude,10.518639456,57.121088435,67.63972789099999
Bb Clarinet,Technical Etude,73.282176871,51.083900227,124.366077098
Bb Clarinet,Chromatic Scale,132.446621315,13.119274376,145.56589569099998
Bb Clarinet,Major Scales,152.230022676,78.27446712,230.504489796
Bb Clarinet,Sight-Reading,238.283174603,48.274285714,286.557460317
