Instrument,ScoreGroup,Start,Duration,End
Bb Clarinet,Lyrical Etude,12.817415,68.545306,81.362721
Bb Clarinet,Technical Etude,85.820952,32.136417,117.957369
Bb Clarinet,Chromatic Scale,124.458957,26.192109,150.651066
Bb Clarinet,Major Scales,156.781134,85.820952,242.602086
Bb Clarinet,Sight-Reading,245.94576,48.854785,294.800545
