Instrument,ScoreGroup,Start,Duration,End
Flute,Lyrical Etude,12.921905,37.059048,49.980953
Flute,Technical Etude,61.68381,42.747937,104.431747
Flute,Chromatic Scale,113.127619,22.349206,135.476825
Flute,Major Scales,144.335238,93.135238,237.47047600000002
Flute,Sight-Reading,243.078095,51.931429,295.009524
