Instrument,ScoreGroup,Start,Duration,End
Bb Clarinet,Lyrical Etude,14.257052154,68.661405896,82.91845805
Bb Clarinet,Technical Etude,91.579501134,41.842358277,133.421859411
Bb Clarinet,Chromatic Scale,140.36462585,14.419591837,154.78421768700002
Bb Clarinet,Major Scales,161.703764172,114.358276644,276.06204081600004
Bb Clarinet,Sight-Reading,281.42585034,40.867120181,322.29297052100003
