Instrument,ScoreGroup,Start,Duration,End
Bb Clarinet,Lyrical Etude,15.934694,70.530612,86.465306
Bb Clarinet,Technical Etude,92.995918,25.077551,118.073469
Bb Clarinet,Chromatic Scale,128.783673,16.195918,144.979591
Bb Clarinet,Major Scales,156.995918,71.314286,228.310204
Bb Clarinet,Sight-Reading,257.567347,54.073469,311.640816
