Instrument,ScoreGroup,Start,Duration,End
Flute,Lyrical Etude,11.540317,35.027302,46.567619
Flute,Technical Etude,53.231746,42.666667,95.898413
Flute,Chromatic Scale,102.23746,19.829841,122.067301
Flute,Major Scales,127.024762,84.764444,211.78920599999998
Flute,Sight-Reading,217.721905,46.648889,264.370794
