Instrument,ScoreGroup,Start,Duration,End
Flute,Lyrical Etude,9.273469,42.318367,51.591836
Flute,Technical Etude,55.379592,46.171429,101.551021
Flute,Chromatic Scale,107.62449,24.293878,131.918368
Flute,Major Scales,138.318367,95.738776,234.057143
Flute,Sight-Reading,238.040816,53.877551,291.918367
