Instrument,ScoreGroup,Start,Duration,End
Alto Saxophone,Lyrical Etude,12.260136054,39.543582766,51.80371882
Alto Saxophone,Technical Etude,57.213968253,28.049705215,85.263673468
Alto Saxophone,Chromatic Scale,92.76371882,24.218412698,116.98213151799999
Alto Saxophone,Major Scales,124.760816321,71.819319727,196.58013604799999
Alto Saxophone,Sight-Reading,202.663764171,65.201632653,267.865396824
