Instrument,ScoreGroup,Start,Duration,End
Flute,Lyrical Etude,10.959819,70.217143,81.17696199999999
Flute,Technical Etude,85.263673,47.554467,132.81814
Flute,Chromatic Scale,138.948209,14.303492,153.251701
Flute,Major Scales,158.452971,103.468118,261.921089
Flute,Sight-Reading,266.565079,53.870295,320.435374
