Instrument,ScoreGroup,Start,Duration,End
Bb Clarinet,Lyrical Etude,14.497959183,48.326530612,62.824489795
Bb Clarinet,Technical Etude,71.053061224,53.551020408,124.604081632
Bb Clarinet,Chromatic Scale,131.787755102,20.506122448,152.29387755
Bb Clarinet,Major Scales,159.673469387,94.236734693,253.91020408000003
Bb Clarinet,Sight-Reading,260.310204081,57.795918367,318.106122448
