Instrument,ScoreGroup,Start,Duration,End
Flute,Lyrical Etude,9.822040816,47.925986395,57.748027211
Flute,Technical Etude,63.042176871,46.532789116,109.574965987
Flute,Chromatic Scale,116.540952381,27.097687075,143.638639456
Flute,Major Scales,149.350748299,153.994739229,303.34548752800004
Flute,Sight-Reading,306.364081633,42.840816327,349.20489796000004
