Instrument,ScoreGroup,Start,Duration,End
Flute,Lyrical Etude,11.958276644,37.732426304,49.690702948
Flute,Technical Etude,54.218594104,25.94829932,80.166893424
Flute,Chromatic Scale,87.887528345,15.325170068,103.21269841300001
Flute,Major Scales,110.120634921,68.998095238,179.118730159
Flute,Sight-Reading,186.978684807,28.734693878,215.713378685
