Instrument,ScoreGroup,Start,Duration,End
Bb Clarinet,Lyrical Etude,16.137868481,56.714739229,72.85260771
Bb Clarinet,Technical Etude,84.172335601,25.07755102,109.249886621
Bb Clarinet,Chromatic Scale,118.073469388,15.325170068,133.398639456
Bb Clarinet,Major Scales,143.127800454,78.762086168,221.889886622
Bb Clarinet,Sight-Reading,228.762993197,58.978684807,287.741678004
