Instrument,ScoreGroup,Start,Duration,End
Xylophone,Mallet Etude,14.303492,78.831746,93.135238
Snare Drum,Snare Etude,100.472744,124.366077,224.838821
Timpani,Timpani Etude,232.106667,39.822222,271.92888899999997
Xylophone,Chromatic Scale,280.288073,7.012426,287.300499
Xylophone,Major Scales,296.333061,93.065578,389.398639
Xylophone,Sight-Reading,395.714467,53.034376,448.748843
Snare Drum,Sight-Reading,455.970249,36.246349,492.21659800000003
