Instrument,ScoreGroup,Start,Duration,End
Flute,Lyrical Etude,10.40254,63.901315,74.303855
Flute,Technical Etude,78.019048,25.82059,103.839638
Flute,Chromatic Scale,109.226667,18.204444,127.431111
Flute,Major Scales,132.818141,120.743764,253.561905
Flute,Sight-Reading,258.020136,52.569977,310.590113
