Instrument,ScoreGroup,Start,Duration,End
Oboe,Lyrical Etude,12.306575963,50.15510204,62.461678003
Oboe,Technical Etude,66.060770975,36.107029478,102.167800453
Oboe,Chromatic Scale,108.146938775,16.428117913,124.57505668799999
Oboe,Major Scales,131.25079365,51.432199546,182.68299319599998
Oboe,Sight-Reading,190.171428571,46.73015873,236.901587301
