Instrument,ScoreGroup,Start,Duration,End
Bb Clarinet,Lyrical Etude,10.24,55.170612245,65.410612245
Bb Clarinet,Technical Etude,70.321632653,32.600816327,102.92244897999998
Bb Clarinet,Chromatic Scale,110.34122449,15.151020408,125.492244898
Bb Clarinet,Major Scales,134.060408163,87.875918367,221.93632653
Bb Clarinet,Sight-Reading,227.265306122,39.079183673,266.344489795
