Instrument,ScoreGroup,Start,Duration,End
Trumpet,Lyrical Etude,12.260136054,69.474104308,81.734240362
Trumpet,Technical Etude,88.793106575,35.294331065,124.08743763999999
Trumpet,Chromatic Scale,131.657142857,13.714285714,145.371428571
Trumpet,Major Scales,152.55510204,39.575510204,192.13061224400002
Trumpet,Sight-Reading,197.61632653,58.122448979,255.738775509
