Instrument,ScoreGroup,Start,Duration,End
Bb Clarinet,Lyrical Etude,15.804081632,50.808163265,66.612244897
Bb Clarinet,Technical Etude,74.840816326,32.0,106.840816326
Bb Clarinet,Chromatic Scale,115.2,12.8,128.0
Bb Clarinet,Major Scales,140.146938775,66.089795918,206.236734693
Bb Clarinet,Sight-Reading,211.330612244,36.832653061,248.163265305
