Instrument,ScoreGroup,Start,Duration,End
Alto Saxophone,Lyrical Etude,11.621587301,72.411428571,84.03301587200001
Alto Saxophone,Technical Etude,88.502857142,35.352380952,123.85523809399999
Alto Saxophone,Chromatic Scale,128.812698412,12.109206349,140.921904761
Alto Saxophone,Major Scales,146.773333333,73.955555555,220.72888888800003
Alto Saxophone,Sight-Reading,223.898412698,49.899682539,273.798095237
