Instrument,ScoreGroup,Start,Duration,End
Alto Saxophone,Lyrical Etude,10.472199546,63.460136054,73.9323356
Alto Saxophone,Technical Etude,80.735782313,50.015782313,130.751564626
Alto Saxophone,Chromatic Scale,138.437369615,9.427301587,147.86467120199998
Alto Saxophone,Major Scales,155.109297052,98.824126984,253.933424036
Alto Saxophone,Sight-Reading,258.34521542,41.912018141,300.25723356099996
