Instrument,ScoreGroup,Start,Duration,End
Xylophone,Mallet Etude,10.77551,34.155102,44.930611999999996
Snare Drum,Snare Etude,53.313016,94.365896,147.678912
Timpani,Timpani Etude,152.694422,95.108934,247.803356
Xylophone,Chromatic Scale,257.532517,7.407166,264.939683
Xylophone,Major Scales,271.673469,83.591837,355.265306
Xylophone,Sight-Reading,361.012245,25.926531,386.938776
Snare Drum,Sight-Reading,393.404082,29.779592,423.183674
