Instrument,ScoreGroup,Start,Duration,End
Bb Clarinet,Lyrical Etude,16.207976,103.508445,119.716421
Bb Clarinet,Technical Etude,128.898621,29.216093,158.114714
Bb Clarinet,Chromatic Scale,167.714288,13.355928,181.07021600000002
Bb Clarinet,Major Scales,186.913435,95.578362,282.491797
Bb Clarinet,Sight-Reading,290.839252,41.737276,332.576528
