Instrument,ScoreGroup,Start,Duration,End
Alto Saxophone,Lyrical Etude,19.272562358,54.961632653,74.234195011
Alto Saxophone,Technical Etude,82.454058957,46.091609977,128.545668934
Alto Saxophone,Chromatic Scale,137.346031746,9.171882086,146.517913832
Alto Saxophone,Major Scales,155.24861678,105.929433107,261.178049887
Alto Saxophone,Sight-Reading,274.622403628,32.809795918,307.432199546
