Instrument,ScoreGroup,Start,Duration,End
Alto Saxophone,Lyrical Etude,14.210612244,53.23755102,67.448163264
Alto Saxophone,Technical Etude,71.575510204,25.33877551,96.914285714
Alto Saxophone,Chromatic Scale,104.803265306,18.233469387,123.036734693
Alto Saxophone,Major Scales,130.246530612,70.530612244,200.77714285599998
Alto Saxophone,Sight-Reading,204.8,54.386938775,259.186938775
