Instrument,ScoreGroup,Start,Duration,End
Flute,Lyrical Etude,13.931972789,50.247981859,64.179954648
Flute,Technical Etude,68.359546485,43.003356009,111.362902494
Flute,Chromatic Scale,117.121451247,12.353015873,129.47446711999999
Flute,Major Scales,138.274829932,65.596371882,203.871201814
Flute,Sight-Reading,208.248163265,65.933061224,274.181224489
