Instrument,ScoreGroup,Start,Duration,End
Flute,Lyrical Etude,15.692083,108.994272,124.68635499999999
Flute,Technical Etude,128.860604,47.771958,176.632562
Flute,Chromatic Scale,185.90867,17.1608,203.06947
Flute,Major Scales,210.026552,105.747634,315.774186
Flute,Sight-Reading,321.803656,47.308152,369.111808
