Instrument,ScoreGroup,Start,Duration,End
Flute,Lyrical Etude,10.681179138,52.012698413,62.693877551
Flute,Technical Etude,68.73106576,50.619501134,119.350566894
Flute,Chromatic Scale,125.387755102,14.860770975,140.248526077
Flute,Major Scales,150.000907029,99.381405896,249.382312925
Flute,Sight-Reading,253.840544218,50.433741497,304.274285715
