Instrument,ScoreGroup,Start,Duration,End
Bb Clarinet,Lyrical Etude,11.052698412,44.675192743,55.727891154999995
Bb Clarinet,Technical Etude,61.950839002,59.814603174,121.765442176
Bb Clarinet,Chromatic Scale,127.895510204,20.154920634,148.050430838
Bb Clarinet,Major Scales,159.474648526,57.492607709,216.967256235
Bb Clarinet,Sight-Reading,228.948752834,65.573151927,294.521904761
