Instrument,ScoreGroup,Start,Duration,End
Flute,Lyrical Etude,10.727619048,26.656507937,37.384126985
Flute,Technical Etude,40.855510204,26.749387755,67.604897959
Flute,Chromatic Scale,73.665306122,19.539591837,93.20489795900001
Flute,Major Scales,98.847346939,74.083265306,172.93061224500002
Flute,Sight-Reading,176.90122449,46.811428571,223.712653061
