Instrument,ScoreGroup,Start,Duration,End
Xylophone,Mallet Etude,12.734694,45.779592,58.514286
Snare Drum,Snare Etude,64.84898,49.17551,114.02449
Timpani,Timpani Etude,119.257687,75.789932,195.047619
Xylophone,Chromatic Scale,203.395918,9.306122,212.70203999999998
Xylophone,Major Scales,220.589569,73.282177,293.87174600000003
Xylophone,Sight-Reading,300.280454,46.718549,346.999003
Snare Drum,Sight-Reading,351.921633,25.913469,377.835102
