Instrument,ScoreGroup,Start,Duration,End
Alto Saxophone,Lyrical Etude,16.091428571,60.139682539,76.23111111
Alto Saxophone,Technical Etude,87.527619047,37.627936507,125.155555554
Alto Saxophone,Chromatic Scale,133.688888888,24.38095238,158.069841268
Alto Saxophone,Major Scales,166.684444444,92.485079365,259.169523809
Alto Saxophone,Sight-Reading,265.589841269,64.853333333,330.443174602
