Instrument,ScoreGroup,Start,Duration,End
Alto Saxophone,Lyrical Etude,8.185034013,70.646712018,78.831746031
Alto Saxophone,Technical Etude,81.966439909,26.644897959,108.611337868
Alto Saxophone,Chromatic Scale,113.661678004,12.654875283,126.31655328699999
Alto Saxophone,Major Scales,131.25079365,64.377324263,195.62811791299998
Alto Saxophone,Sight-Reading,198.762811791,37.906575963,236.66938775399998
