Instrument,ScoreGroup,Start,Duration,End
Flute,Lyrical Etude,12.930612,40.228571,53.159183
Flute,Technical Etude,56.946939,32.783673,89.73061200000001
Flute,Chromatic Scale,96.718367,19.265306,115.983673
Flute,Major Scales,121.991837,84.767347,206.759184
Flute,Sight-Reading,210.285714,40.881633,251.167347
