Instrument,ScoreGroup,Start,Duration,End
Flute,Lyrical Etude,19.82984127,61.765079365,81.594920635
Flute,Technical Etude,96.873650794,23.080634921,119.954285715
Flute,Chromatic Scale,128.893968254,19.17968254,148.073650794
Flute,Major Scales,160.101587302,124.18031746,284.281904762
Flute,Sight-Reading,290.946031746,50.874920635,341.82095238100004
