Instrument,ScoreGroup,Start,Duration,End
Flute,Lyrical Etude,12.669388,63.477551,76.146939
Flute,Technical Etude,79.15102,25.6,104.75102000000001
Flute,Chromatic Scale,111.412245,19.591837,131.004082
Flute,Major Scales,136.620408,119.118367,255.738775
Flute,Sight-Reading,258.612245,54.595918,313.20816299999996
