Instrument,ScoreGroup,Start,Duration,End
Alto Saxophone,Lyrical Etude,21.594557823,48.55292517,70.147482993
Alto Saxophone,Technical Etude,74.536054421,29.605442176,104.141496597
Alto Saxophone,Chromatic Scale,111.316462585,11.424217687,122.74068027199999
Alto Saxophone,Major Scales,129.358367346,62.275918367,191.634285713
Alto Saxophone,Sight-Reading,197.764353741,58.026666666,255.79102040700002
