Instrument,ScoreGroup,Start,Duration,End
Xylophone,Mallet Etude,12.445896,42.289002,54.734898
Snare Drum,Snare Etude,57.991837,78.676009,136.667846
Timpani,Timpani Etude,142.477642,50.82,193.297642
Xylophone,Chromatic Scale,206.378957,8.493991,214.872948
Xylophone,Major Scales,221.611247,108.047007,329.658254
Xylophone,Sight-Reading,336.039184,40.267007,376.30619099999996
Snare Drum,Sight-Reading,380.865306,41.473991,422.339297
