Instrument,ScoreGroup,Start,Duration,End
Flute,Lyrical Etude,13.351473923,39.334603175,52.686077098
Flute,Technical Etude,58.119546485,39.845442177,97.964988662
Flute,Chromatic Scale,106.34739229,18.988117914,125.335510204
Flute,Major Scales,132.85877551,118.726530612,251.585306122
Flute,Sight-Reading,257.880816327,53.133061224,311.013877551
