Instrument,ScoreGroup,Start,Duration,End
Trumpet,Lyrical Etude,20.088553,66.272848,86.361401
Trumpet,Technical Etude,93.337491,26.354115,119.69160600000001
Trumpet,Chromatic Scale,130.930861,8.138771,139.06963199999998
Trumpet,Major Scales,155.734734,102.315976,258.05071
Trumpet,Sight-Reading,265.026799,44.181899,309.20869799999997
