Instrument,ScoreGroup,Start,Duration,End
Xylophone,Mallet Etude,14.236735,53.028571,67.265306
Snare Drum,Snare Etude,73.926531,59.167347,133.093878
Timpani,Timpani Etude,141.061224,62.563265,203.624489
Xylophone,Chromatic Scale,213.681633,6.008163,219.689796
Xylophone,Major Scales,226.481633,101.22449,327.706123
Xylophone,Sight-Reading,337.240816,88.032653,425.273469
Snare Drum,Sight-Reading,431.542857,26.122449,457.66530600000004
