Instrument,ScoreGroup,Start,Duration,End
Bb Clarinet,Lyrical Etude,8.28952381,90.046984127,98.33650793700001
Bb Clarinet,Technical Etude,104.304036281,68.777505669,173.08154195
Bb Clarinet,Chromatic Scale,179.792108844,14.117732426,193.90984127000002
Bb Clarinet,Major Scales,201.061587302,121.301043084,322.362630386
Bb Clarinet,Sight-Reading,329.073197279,70.008163265,399.081360544
