Instrument,ScoreGroup,Start,Duration,End
Flute,Lyrical Etude,17.461406,64.458594,81.92
Flute,Technical Etude,86.192472,25.077551,111.270023
Flute,Chromatic Scale,118.143129,19.133243,137.276372
Flute,Major Scales,142.477642,116.099773,258.577415
Flute,Sight-Reading,263.035646,70.774422,333.810068
