Instrument,ScoreGroup,Start,Duration,End
Bb Clarinet,Lyrical Etude,10.402539683,60.929160998,71.331700681
Bb Clarinet,Technical Etude,75.604172336,37.337687075,112.941859411
Bb Clarinet,Chromatic Scale,117.957369615,18.761723356,136.719092971
Bb Clarinet,Major Scales,141.734603175,95.851972789,237.586575964
Bb Clarinet,Sight-Reading,241.859047619,60.186122449,302.045170068
