Instrument,ScoreGroup,Start,Duration,End
Bb Clarinet,Lyrical Etude,9.665306,52.636735,62.302041
Bb Clarinet,Technical Etude,68.04898,35.395918,103.444898
Bb Clarinet,Chromatic Scale,110.432653,32.261224,142.693877
Bb Clarinet,Major Scales,152.137143,121.672562,273.809705
Bb Clarinet,Sight-Reading,279.568254,63.344036,342.91229000000004
