Instrument,ScoreGroup,Start,Duration,End
Xylophone,Mallet Etude,11.331338,125.387755,136.719093
Snare Drum,Snare Etude,142.663401,66.873469,209.53687
Timpani,Timpani Etude,216.224218,77.554649,293.778867
Xylophone,Chromatic Scale,303.391927,22.662676,326.054603
Xylophone,Major Scales,334.367347,96.966531,431.333878
Xylophone,Sight-Reading,444.151293,94.365896,538.517189
Snare Drum,Sight-Reading,549.616327,35.134694,584.7510209999999
