Instrument,ScoreGroup,Start,Duration,End
Bb Clarinet,Lyrical Etude,9.404081633,61.648979592,71.05306122500001
Bb Clarinet,Technical Etude,74.710204082,31.555918367,106.26612244900001
Bb Clarinet,Chromatic Scale,111.804081633,25.913469388,137.717551021
Bb Clarinet,Major Scales,142.802721088,92.067120181,234.869841269
Bb Clarinet,Sight-Reading,238.933333333,74.419954649,313.353287982
