Instrument,ScoreGroup,Start,Duration,End
Bb Clarinet,Lyrical Etude,9.984580499,54.822312925,64.806893424
Bb Clarinet,Technical Etude,69.590204082,31.579138322,101.16934240399999
Bb Clarinet,Chromatic Scale,107.624489796,13.862312925,121.486802721
Bb Clarinet,Major Scales,127.640090703,112.965079365,240.605170068
Bb Clarinet,Sight-Reading,244.680272109,56.737959184,301.41823129299996
