Instrument,ScoreGroup,Start,Duration,End
Bb Clarinet,Lyrical Etude,16.761352,95.481011,112.242363
Bb Clarinet,Technical Etude,121.633938,28.56604,150.199978
Bb Clarinet,Chromatic Scale,160.374184,12.913415,173.287599
Bb Clarinet,Major Scales,182.287859,91.176539,273.464398
Bb Clarinet,Sight-Reading,280.116763,30.913934,311.030697
