Instrument,ScoreGroup,Start,Duration,End
Flute,Lyrical Etude,12.277551,61.910204,74.187755
Flute,Technical Etude,77.583673,32.130612,109.714285
Flute,Chromatic Scale,117.028571,18.808163,135.836734
Flute,Major Scales,141.583673,124.342857,265.92653
Flute,Sight-Reading,271.412245,50.416327,321.828572
