Instrument,ScoreGroup,Start,Duration,End
Flute,Lyrical Etude,16.579047619,55.263492063,71.842539682
Flute,Technical Etude,77.043809524,21.617777778,98.661587302
Flute,Chromatic Scale,105.488253968,9.914920635,115.403174603
Flute,Major Scales,122.88,82.732698413,205.61269841299998
Flute,Sight-Reading,212.439365079,47.624126984,260.063492063
