Instrument,ScoreGroup,Start,Duration,End
Flute,Lyrical Etude,8.881633,100.963265,109.844898
Flute,Technical Etude,112.718367,57.208163,169.92653
Flute,Chromatic Scale,174.889796,14.367347,189.25714299999999
Flute,Major Scales,193.306122,98.220408,291.52653
Flute,Sight-Reading,294.791837,70.4,365.19183699999996
