Instrument,ScoreGroup,Start,Duration,End
Bb Clarinet,Lyrical Etude,15.014819,102.725821,117.74064
Bb Clarinet,Technical Etude,127.524052,30.165519,157.689571
Bb Clarinet,Chromatic Scale,164.211845,10.598696,174.810541
Bb Clarinet,Major Scales,182.1481,98.241758,280.389858
Bb Clarinet,Sight-Reading,289.357985,35.057225,324.41521
