Instrument,ScoreGroup,Start,Duration,End
Alto Saxophone,Lyrical Etude,11.807346938,61.231020408,73.038367346
Alto Saxophone,Technical Etude,77.897142857,29.152653061,107.049795918
Alto Saxophone,Chromatic Scale,113.580408163,22.099591836,135.679999999
Alto Saxophone,Major Scales,142.262857142,79.412244897,221.675102039
Alto Saxophone,Sight-Reading,226.011428571,88.920816326,314.93224489700003
