Instrument,ScoreGroup,Start,Duration,End
Trumpet,Lyrical Etude,13.720509,51.561769,65.28227799999999
Trumpet,Technical Etude,72.313428,19.042699,91.356127
Trumpet,Chromatic Scale,102.488782,6.738186,109.226968
Trumpet,Major Scales,118.894799,70.311503,189.206302
Trumpet,Sight-Reading,199.167099,33.983893,233.150992
