Instrument,ScoreGroup,Start,Duration,End
Trumpet,Lyrical Etude,14.661321,67.724261,82.385582
Trumpet,Technical Etude,91.587249,18.403332,109.99058099999999
Trumpet,Chromatic Scale,116.983847,12.146199,129.130046
Trumpet,Major Scales,137.595578,104.162859,241.758437
Trumpet,Sight-Reading,248.01557,44.90413,292.9197
