Instrument,ScoreGroup,Start,Duration,End
Flute,Lyrical Etude,10.44898,53.394286,63.843266
Flute,Technical Etude,69.381224,21.629388,91.01061200000001
Flute,Chromatic Scale,100.310204,14.001633,114.311837
Flute,Major Scales,123.506939,91.428571,214.93551000000002
Flute,Sight-Reading,220.473469,64.052245,284.525714
