Instrument,ScoreGroup,Start,Duration,End
Bb Clarinet,Lyrical Etude,12.074376,57.492608,69.56698399999999
Bb Clarinet,Technical Etude,76.90449,20.851519,97.75600899999999
Bb Clarinet,Chromatic Scale,107.918367,14.236735,122.155102
Bb Clarinet,Major Scales,129.010068,76.81161,205.821678
Bb Clarinet,Sight-Reading,212.179592,44.277551,256.45714300000003
