Instrument,ScoreGroup,Start,Duration,End
Alto Saxophone,Lyrical Etude,16.021768707,52.523537415,68.545306122
Alto Saxophone,Technical Etude,80.875102041,47.717006803,128.592108844
Alto Saxophone,Chromatic Scale,135.89478458,6.733786848,142.628571428
Alto Saxophone,Major Scales,152.415782313,70.867301587,223.2830839
Alto Saxophone,Sight-Reading,231.235918367,41.116734694,272.352653061
