Instrument,ScoreGroup,Start,Duration,End
Bb Clarinet,Lyrical Etude,10.959818594,48.297505669,59.257324263
Bb Clarinet,Technical Etude,64.830113379,33.994013605,98.824126984
Bb Clarinet,Chromatic Scale,106.440272109,34.551292517,140.991564626
Bb Clarinet,Major Scales,149.350748299,119.629206349,268.979954648
Bb Clarinet,Sight-Reading,275.295782313,55.727891156,331.023673469
