Instrument,ScoreGroup,Start,Duration,End
Alto Saxophone,Lyrical Etude,13.955192744,70.76861678,84.723809524
Alto Saxophone,Technical Etude,89.559365079,27.266031746,116.825396825
Alto Saxophone,Chromatic Scale,119.426031746,9.102222222,128.528253968
Alto Saxophone,Major Scales,135.517460317,53.272380952,188.789841269
Alto Saxophone,Sight-Reading,193.625396825,38.562539683,232.187936508
