Instrument,ScoreGroup,Start,Duration,End
Flute,Lyrical Etude,18.204444,94.737415,112.941859
Flute,Technical Etude,119.629206,98.824127,218.453333
Flute,Chromatic Scale,226.998277,31.579138,258.577415
Flute,Major Scales,268.236916,108.855147,377.092063
Flute,Sight-Reading,396.039546,75.418413,471.45795899999996
