Instrument,ScoreGroup,Start,Duration,End
Flute,Lyrical Etude,11.354557823,39.758367347,51.11292517
Flute,Technical Etude,56.569614512,22.697505669,79.267120181
Flute,Chromatic Scale,86.8861678,19.954648526,106.840816326
Flute,Major Scales,115.054875283,111.452879819,226.507755102
Flute,Sight-Reading,231.666938776,53.326077098,284.993015874
