Instrument,ScoreGroup,Start,Duration,End
Alto Saxophone,Lyrical Etude,8.89324263,66.478730159,75.371972789
Alto Saxophone,Technical Etude,78.645986395,35.979319728,114.625306123
Alto Saxophone,Chromatic Scale,121.382312925,18.216054422,139.598367347
Alto Saxophone,Major Scales,141.026394558,79.342585034,220.368979592
Alto Saxophone,Sight-Reading,222.772244898,51.861768707,274.634013605
