Instrument,ScoreGroup,Start,Duration,End
Flute,Lyrical Etude,11.842176871,59.814603175,71.656780046
Flute,Technical Etude,76.579410431,28.955283447,105.534693878
Flute,Chromatic Scale,112.523900227,20.503219955,133.027120182
Flute,Major Scales,139.017868481,91.579501134,230.597369615
Flute,Sight-Reading,237.981315193,57.724807256,295.706122449
