Instrument,ScoreGroup,Start,Duration,End
Flute,Lyrical Etude,9.346031746,47.658956916,57.004988662
Flute,Technical Etude,61.393560091,81.084081633,142.477641724
Flute,Chromatic Scale,149.908027211,18.799092971,168.70712018199998
Flute,Major Scales,175.217777778,112.965079365,288.182857143
Flute,Sight-Reading,295.079183673,62.693877551,357.773061224
