Instrument,ScoreGroup,Start,Duration,End
Bb Clarinet,Lyrical Etude,11.23845805,54.056054422,65.29451247200001
Bb Clarinet,Technical Etude,73.189297052,34.737052154,107.926349206
Bb Clarinet,Chromatic Scale,112.848979592,43.189115646,156.038095238
Bb Clarinet,Major Scales,161.076825397,112.477460317,273.554285714
Bb Clarinet,Sight-Reading,277.13015873,60.952380952,338.082539682
