Instrument,ScoreGroup,Start,Duration,End
Xylophone,Mallet Etude,14.860771,36.594649,51.45542
Snare Drum,Snare Etude,58.514286,77.647528,136.161814
Timpani,Timpani Etude,143.22068,48.483265,191.70394499999998
Xylophone,Chromatic Scale,203.592562,8.916463,212.50902499999998
Xylophone,Major Scales,219.567891,107.926349,327.49424
Xylophone,Sight-Reading,335.296145,33.622494,368.91863900000004
Snare Drum,Sight-Reading,375.048707,42.353197,417.401904
