Instrument,ScoreGroup,Start,Duration,End
Flute,Lyrical Etude,12.747755102,45.609795918,58.35755102
Flute,Technical Etude,66.060770975,54.508843537,120.56961451199999
Flute,Chromatic Scale,127.883900227,13.40952381,141.293424037
Flute,Major Scales,148.236190476,110.852063492,259.088253968
Flute,Sight-Reading,264.359183673,57.051428571,321.41061224400005
