Instrument,ScoreGroup,Start,Duration,End
Bb Clarinet,Lyrical Etude,13.931972789,101.424761904,115.35673469299999
Bb Clarinet,Technical Etude,122.415600907,49.226303854,171.641904761
Bb Clarinet,Chromatic Scale,180.744126984,11.145578231,191.889705215
Bb Clarinet,Major Scales,199.877369614,108.112108843,307.989478457
Bb Clarinet,Sight-Reading,314.305306122,47.368707482,361.674013604
