Instrument,ScoreGroup,Start,Duration,End
Flute,Lyrical Etude,13.003174603,75.418412698,88.421587301
Flute,Technical Etude,93.622857142,29.744761904,123.367619046
Flute,Chromatic Scale,131.332063492,14.303492063,145.635555555
Flute,Major Scales,152.787301587,104.187936507,256.975238094
Flute,Sight-Reading,264.614603174,36.083809523,300.69841269700004
