Instrument,ScoreGroup,Start,Duration,End
Xylophone,Mallet Etude,13.560454,41.281995,54.842449
Snare Drum,Snare Etude,59.297959,74.687007,133.984966
Timpani,Timpani Etude,138.710204,53.891995,192.602199
Xylophone,Chromatic Scale,199.640816,11.598005,211.238821
Xylophone,Major Scales,218.840816,110.408005,329.248821
Xylophone,Sight-Reading,336.84898,31.687007,368.535987
Snare Drum,Sight-Reading,374.008163,31.579002,405.587165
