Instrument,ScoreGroup,Start,Duration,End
Alto Saxophone,Lyrical Etude,14.96515,50.866765,65.831915
Alto Saxophone,Technical Etude,74.23599,73.42507,147.66106000000002
Alto Saxophone,Chromatic Scale,155.622814,13.269591,168.892405
Alto Saxophone,Major Scales,177.738799,96.425695,274.164494
Alto Saxophone,Sight-Reading,282.126248,69.444193,351.57044099999996
