Instrument,ScoreGroup,Start,Duration,End
Bb Clarinet,Lyrical Etude,12.353015873,50.247981859,62.600997731999996
Bb Clarinet,Technical Etude,73.189297052,66.130430839,139.319727891
Bb Clarinet,Chromatic Scale,146.65723356,43.003356009,189.66058956900002
Bb Clarinet,Major Scales,198.112653061,144.091428571,342.204081632
Bb Clarinet,Sight-Reading,348.891428571,80.457142857,429.348571428
