Instrument,ScoreGroup,Start,Duration,End
Flute,Lyrical Etude,13.637161,116.10633,129.743491
Flute,Technical Etude,140.257056,40.225815,180.482871
Flute,Chromatic Scale,191.91066,10.513565,202.424225
Flute,Major Scales,212.937791,95.993423,308.931214
Flute,Sight-Reading,319.444779,43.882707,363.32748599999996
