Instrument,ScoreGroup,Start,Duration,End
Bb Clarinet,Lyrical Etude,12.376235828,67.128888889,79.505124717
Bb Clarinet,Technical Etude,85.774512472,59.953922902,145.72843537400001
Bb Clarinet,Chromatic Scale,154.343038549,16.904126984,171.247165533
Bb Clarinet,Major Scales,180.511927438,122.206621315,302.718548753
Bb Clarinet,Sight-Reading,308.244897959,58.839365079,367.084263038
