Instrument,ScoreGroup,Start,Duration,End
Flute,Lyrical Etude,15.464489795,45.139591836,60.604081631
Flute,Technical Etude,68.405986394,29.953741496,98.35972788999999
Flute,Chromatic Scale,108.530068027,43.885714285,152.415782312
Flute,Major Scales,159.056689342,118.653968253,277.710657595
Flute,Sight-Reading,287.463038548,115.170975056,402.63401360399996
