Instrument,ScoreGroup,Start,Duration,End
Bb Clarinet,Lyrical Etude,13.931972789,104.211156463,118.143129252
Bb Clarinet,Technical Etude,124.551836735,34.551292517,159.103129252
Bb Clarinet,Chromatic Scale,166.347755102,15.88244898,182.230204082
Bb Clarinet,Major Scales,189.196190476,118.700408163,307.896598639
Bb Clarinet,Sight-Reading,319.599455782,59.350204082,378.949659864
