Instrument,ScoreGroup,Start,Duration,End
Flute,Lyrical Etude,14.367347,63.346939,77.714286
Flute,Technical Etude,84.636735,49.110204,133.746939
Flute,Chromatic Scale,142.889796,14.759184,157.64898
Flute,Major Scales,165.697596,116.657052,282.354648
Flute,Sight-Reading,287.741678,70.588662,358.33034
