Instrument,ScoreGroup,Start,Duration,End
Alto Saxophone,Lyrical Etude,12.956734693,61.207800453,74.16453514599999
Alto Saxophone,Technical Etude,79.598004535,23.568253968,103.166258503
Alto Saxophone,Chromatic Scale,112.407800451,12.794195011,125.201995462
Alto Saxophone,Major Scales,131.796462581,71.471020408,203.26748298899997
Alto Saxophone,Sight-Reading,207.888253961,42.678276643,250.566530604
