Instrument,ScoreGroup,Start,Duration,End
Bb Clarinet,Lyrical Etude,11.885714285,54.073469387,65.95918367200001
Bb Clarinet,Technical Etude,70.922448979,81.371428571,152.29387755
Bb Clarinet,Chromatic Scale,158.693877551,30.432653061,189.126530612
Bb Clarinet,Major Scales,196.963265306,79.673469387,276.636734693
Bb Clarinet,Sight-Reading,282.644897959,142.106122448,424.751020407
