Instrument,ScoreGroup,Start,Duration,End
Flute,Lyrical Etude,9.195102,143.081361,152.27646299999998
Flute,Technical Etude,156.107755,33.576054,189.683809
Flute,Chromatic Scale,194.977959,13.235374,208.213333
Flute,Major Scales,214.482721,95.573333,310.056054
Flute,Sight-Reading,314.026667,63.878095,377.904762
