Instrument,ScoreGroup,Start,Duration,End
Alto Saxophone,Lyrical Etude,12.887074829,97.175510204,110.062585033
Alto Saxophone,Technical Etude,117.725170068,27.283446712,145.00861678
Alto Saxophone,Chromatic Scale,154.064399092,13.351473922,167.415873014
Alto Saxophone,Major Scales,175.426757369,76.27755102,251.704308389
Alto Saxophone,Sight-Reading,258.205895691,42.840816326,301.046712017
