Instrument,ScoreGroup,Start,Duration,End
Alto Saxophone,Lyrical Etude,12.921904761,71.517460317,84.43936507800001
Alto Saxophone,Technical Etude,90.29079365,24.706031746,114.99682539599999
Alto Saxophone,Chromatic Scale,122.392380952,9.914920634,132.307301586
Alto Saxophone,Major Scales,140.027936507,51.525079365,191.553015872
Alto Saxophone,Sight-Reading,196.835555555,48.274285714,245.10984126900001
