Instrument,ScoreGroup,Start,Duration,End
Bb Clarinet,Lyrical Etude,19.32366,90.678341,110.002001
Bb Clarinet,Technical Etude,123.987218,35.18861,159.175828
Bb Clarinet,Chromatic Scale,168.198548,11.278401,179.476949
Bb Clarinet,Major Scales,188.950806,110.979462,299.930268
Bb Clarinet,Sight-Reading,309.404125,48.271555,357.67568
