Instrument,ScoreGroup,Start,Duration,End
Trumpet,Lyrical Etude,11.493877551,27.951020408,39.444897959
Trumpet,Technical Etude,45.191836734,78.889795918,124.081632652
Trumpet,Chromatic Scale,131.395918367,30.824489795,162.220408162
Trumpet,Major Scales,168.489795918,80.457142857,248.94693877499998
Trumpet,Sight-Reading,253.583673469,69.289795918,322.873469387
