Instrument,ScoreGroup,Start,Duration,End
Bb Clarinet,Lyrical Etude,12.88707483,118.328888889,131.215963719
Bb Clarinet,Technical Etude,136.649433107,48.460045351,185.10947845799998
Bb Clarinet,Chromatic Scale,191.100226757,12.445895692,203.546122449
Bb Clarinet,Major Scales,211.208707483,110.666303855,321.87501133800004
Bb Clarinet,Sight-Reading,326.495782313,58.700045351,385.19582766400003
