Instrument,ScoreGroup,Start,Duration,End
Bb Clarinet,Lyrical Etude,11.842176871,59.907482993,71.749659864
Bb Clarinet,Technical Etude,76.62585034,27.167346939,103.793197279
Bb Clarinet,Chromatic Scale,112.570340136,17.414965986,129.985306122
Bb Clarinet,Major Scales,135.41877551,90.464943311,225.883718821
Bb Clarinet,Sight-Reading,231.502947846,53.173696145,284.676643991
