Instrument,ScoreGroup,Start,Duration,End
Flute,Lyrical Etude,16.068209,55.727891,71.7961
Flute,Technical Etude,78.111927,22.384036,100.49596299999999
Flute,Chromatic Scale,111.270023,23.312834,134.582857
Flute,Major Scales,146.564354,124.087438,270.651792
Flute,Sight-Reading,277.524898,74.489615,352.014513
