Instrument,ScoreGroup,Start,Duration,End
Alto Saxophone,Lyrical Etude,14.767891156,54.195374149,68.96326530500001
Alto Saxophone,Technical Etude,73.885895691,24.334512471,98.220408162
Alto Saxophone,Chromatic Scale,104.629115646,11.517097505,116.146213151
Alto Saxophone,Major Scales,123.019319727,100.774603174,223.793922901
Alto Saxophone,Sight-Reading,229.22739229,60.186122448,289.413514738
