Instrument,ScoreGroup,Start,Duration,End
Flute,Lyrical Etude,14.918820862,49.168253968,64.08707483
Flute,Technical Etude,74.866938776,39.862857143,114.729795919
Flute,Chromatic Scale,126.374603175,16.050793651,142.425396826
Flute,Major Scales,153.25170068,116.610612245,269.86231292499997
Flute,Sight-Reading,275.098412698,48.355555556,323.453968254
