Instrument,ScoreGroup,Start,Duration,End
Xylophone,Mallet Etude,14.791111,80.921542,95.712653
Snare Drum,Snare Etude,108.971247,52.848617,161.819864
Timpani,Timpani Etude,168.298231,65.062313,233.360544
Xylophone,Chromatic Scale,242.277007,14.767891,257.044898
Xylophone,Major Scales,259.552653,91.440181,350.992834
Xylophone,Sight-Reading,360.675556,141.641723,502.317279
Snare Drum,Sight-Reading,508.493787,39.055964,547.549751
