Instrument,ScoreGroup,Start,Duration,End
Trumpet,Lyrical Etude,11.75510204,40.489795918,52.244897957999996
Trumpet,Technical Etude,58.775510204,25.33877551,84.114285714
Trumpet,Chromatic Scale,93.257142857,11.493877551,104.751020408
Trumpet,Major Scales,117.551020408,116.767346938,234.318367346
Trumpet,Sight-Reading,240.848979591,48.848979591,289.697959182
