Instrument,ScoreGroup,Start,Duration,End
Alto Saxophone,Lyrical Etude,10.077460317,47.461587301,57.539047618
Alto Saxophone,Technical Etude,60.789841269,35.433650793,96.22349206199999
Alto Saxophone,Chromatic Scale,100.612063492,15.441269841,116.05333333300001
Alto Saxophone,Major Scales,121.579682539,81.107301587,202.686984126
Alto Saxophone,Sight-Reading,207.725714285,39.984761904,247.71047618900002
