Instrument,ScoreGroup,Start,Duration,End
Bb Clarinet,Lyrical Etude,11.888617,65.294512,77.183129
Bb Clarinet,Technical Etude,79.040726,33.529615,112.57034100000001
Bb Clarinet,Chromatic Scale,120.836644,23.591474,144.428118
Bb Clarinet,Major Scales,151.640816,87.902041,239.542857
Bb Clarinet,Sight-Reading,252.081633,52.506122,304.587755
