Instrument,ScoreGroup,Start,Duration,End
Bb Clarinet,Lyrical Etude,15.789569161,52.755736961,68.545306122
Bb Clarinet,Technical Etude,76.718730159,40.124081633,116.842811792
Bb Clarinet,Chromatic Scale,124.644716553,16.53260771,141.177324263
Bb Clarinet,Major Scales,147.493151927,84.334875283,231.82802721000002
Bb Clarinet,Sight-Reading,237.772335601,50.712380952,288.484716553
