Instrument,ScoreGroup,Start,Duration,End
Flute,Lyrical Etude,15.56898,41.639184,57.208164
Flute,Technical Etude,61.283265,59.402449,120.68571399999999
Flute,Chromatic Scale,129.933061,41.534694,171.467755
Flute,Major Scales,179.30449,99.004082,278.30857199999997
Flute,Sight-Reading,283.533061,116.924082,400.457143
