Instrument,ScoreGroup,Start,Duration,End
Bb Clarinet,Lyrical Etude,9.93814059,152.694421769,162.632562359
Bb Clarinet,Technical Etude,169.970068027,30.650340136,200.620408163
Bb Clarinet,Chromatic Scale,208.700952381,16.161088435,224.86204081600002
Bb Clarinet,Major Scales,238.236734694,121.393922902,359.630657596
Bb Clarinet,Sight-Reading,365.110566893,81.641360544,446.751927437
