Instrument,ScoreGroup,Start,Duration,End
Flute,Lyrical Etude,13.18893424,82.384399093,95.573333333
Flute,Technical Etude,99.75292517,61.300680272,161.053605442
Flute,Chromatic Scale,169.412789116,16.718367347,186.131156463
Flute,Major Scales,193.422222222,114.102857143,307.525079365
Flute,Sight-Reading,314.514285714,66.246530612,380.760816326
