Instrument,ScoreGroup,Start,Duration,End
Xylophone,Mallet Etude,10.33288,45.395011,55.727891
Snare Drum,Snare Etude,61.881179,48.645805,110.526984
Timpani,Timpani Etude,116.564172,67.918367,184.482539
Xylophone,Chromatic Scale,192.377324,9.868481,202.245805
Xylophone,Major Scales,208.282993,74.884354,283.167347
Xylophone,Sight-Reading,289.668934,31.811338,321.48027199999996
Snare Drum,Sight-Reading,325.775964,22.639456,348.41542
