Instrument,ScoreGroup,Start,Duration,End
Bb Clarinet,Lyrical Etude,13.699773,68.684626,82.384399
Bb Clarinet,Technical Etude,88.677007,88.444807,177.121814
Bb Clarinet,Chromatic Scale,183.042902,18.204444,201.247346
Bb Clarinet,Major Scales,207.586395,64.505034,272.091429
Bb Clarinet,Sight-Reading,283.353107,45.534331,328.88743800000003
