Instrument,ScoreGroup,Start,Duration,End
Xylophone,Mallet Etude,13.305034,76.76517,90.07020399999999
Snare Drum,Snare Etude,101.285442,106.486712,207.772154
Timpani,Timpani Etude,216.293878,36.641088,252.934966
Xylophone,Chromatic Scale,261.688889,4.92263,266.61151900000004
Xylophone,Major Scales,273.275646,72.260499,345.536145
Xylophone,Sight-Reading,351.225034,47.647347,398.872381
Snare Drum,Sight-Reading,407.138685,31.137959,438.27664400000003
