Instrument,ScoreGroup,Start,Duration,End
Flute,Lyrical Etude,13.328253968,56.238730158,69.56698412600001
Flute,Technical Etude,74.443174603,23.73079365,98.173968253
Flute,Chromatic Scale,105.325714285,16.253968253,121.579682538
Flute,Major Scales,128.406349206,122.83356009,251.239909296
Flute,Sight-Reading,254.490702947,56.424489795,310.915192742
