Instrument,ScoreGroup,Start,Duration,End
Alto Saxophone,Lyrical Etude,19.876281179,83.591836735,103.468117914
Alto Saxophone,Technical Etude,117.005351474,37.685986395,154.691337869
Alto Saxophone,Chromatic Scale,162.446802721,9.427301587,171.874104308
Alto Saxophone,Major Scales,180.581587302,96.687891156,277.269478458
Alto Saxophone,Sight-Reading,285.187482993,63.576235828,348.763718821
