Instrument,ScoreGroup,Start,Duration,End
Bb Clarinet,Lyrical Etude,14.489251701,106.626031746,121.115283447
Bb Clarinet,Technical Etude,129.47446712,39.752562358,169.22702947800002
Bb Clarinet,Chromatic Scale,182.741043084,13.583673469,196.324716553
Bb Clarinet,Major Scales,205.612698413,123.53015873,329.142857143
Bb Clarinet,Sight-Reading,335.09877551,54.02122449,389.12
