Instrument,ScoreGroup,Start,Duration,End
Alto Saxophone,Lyrical Etude,10.100680272,61.718639455,71.819319727
Alto Saxophone,Technical Etude,75.58095238,21.176598639,96.757551019
Alto Saxophone,Chromatic Scale,102.121360544,11.633197278,113.754557822
Alto Saxophone,Major Scales,118.770068027,84.288435374,203.058503401
Alto Saxophone,Sight-Reading,206.959455782,47.786666666,254.746122448
