Instrument,ScoreGroup,Start,Duration,End
Alto Saxophone,Lyrical Etude,15.673469388,62.763537415,78.437006803
Alto Saxophone,Technical Etude,86.378231293,46.846258503,133.224489796
Alto Saxophone,Chromatic Scale,142.541496599,7.604535147,150.146031746
Alto Saxophone,Major Scales,157.98276644,73.549206349,231.531972789
Alto Saxophone,Sight-Reading,238.120634921,36.687528345,274.808163266
