Instrument,ScoreGroup,Start,Duration,End
Xylophone,Mallet Etude,15.789569,48.111746,63.901315
Snare Drum,Snare Etude,69.659864,38.336145,107.996009
Timpani,Timpani Etude,115.240635,51.17678,166.417415
Xylophone,Chromatic Scale,174.497959,8.173424,182.67138300000002
Xylophone,Major Scales,191.332426,58.700045,250.032471
Xylophone,Sight-Reading,257.950476,70.681542,328.63201799999996
Snare Drum,Sight-Reading,333.972608,29.303583,363.276191
