Instrument,ScoreGroup,Start,Duration,End
Bb Clarinet,Lyrical Etude,13.281814,76.532971,89.814785
Bb Clarinet,Technical Etude,96.502132,29.071383,125.573515
Bb Clarinet,Chromatic Scale,133.654059,14.117732,147.77179099999998
Bb Clarinet,Major Scales,154.644898,113.632653,268.277551
Bb Clarinet,Sight-Reading,274.459864,50.898141,325.358005
