Instrument,ScoreGroup,Start,Duration,End
Flute,Lyrical Etude,11.493877551,75.441632653,86.935510204
Flute,Technical Etude,93.622857143,62.589387755,156.212244898
Flute,Chromatic Scale,164.675918367,22.569795918,187.24571428500002
Flute,Major Scales,196.998095238,122.554920635,319.553015873
Flute,Sight-Reading,324.998095238,59.326984127,384.325079365
