Instrument,ScoreGroup,Start,Duration,End
Bb Clarinet,Lyrical Etude,15.23229,121.115283,136.347573
Bb Clarinet,Technical Etude,152.322902,33.994014,186.316916
Bb Clarinet,Chromatic Scale,194.30458,11.331338,205.63591799999998
Bb Clarinet,Major Scales,214.180862,103.468118,317.64898
Bb Clarinet,Sight-Reading,325.079365,81.548481,406.627846
