Instrument,ScoreGroup,Start,Duration,End
Bb Clarinet,Lyrical Etude,8.20244898,56.807619048,65.010068028
Bb Clarinet,Technical Etude,69.160634921,25.437460317,94.598095238
Bb Clarinet,Chromatic Scale,99.311746032,15.685079365,114.99682539700001
Bb Clarinet,Major Scales,119.849795918,81.084081633,200.933877551
Bb Clarinet,Sight-Reading,203.546122449,73.560816327,277.106938776
