Instrument,ScoreGroup,Start,Duration,End
Bb Clarinet,Lyrical Etude,8.150204082,49.005714286,57.155918368
Bb Clarinet,Technical Etude,62.798367347,32.809795918,95.608163265
Bb Clarinet,Chromatic Scale,102.817959184,14.106122449,116.924081633
Bb Clarinet,Major Scales,122.88,81.815510204,204.69551020400002
Bb Clarinet,Sight-Reading,209.502040816,48.692244898,258.194285714
