Instrument,ScoreGroup,Start,Duration,End
Flute,Lyrical Etude,7.801905,40.228571,48.030476
Flute,Technical Etude,51.809524,40.87873,92.688254
Flute,Chromatic Scale,98.742857,14.222222,112.965079
Flute,Major Scales,119.060317,58.026667,177.086984
Flute,Sight-Reading,181.638095,47.664762,229.302857
