Instrument,ScoreGroup,Start,Duration,End
Bb Clarinet,Lyrical Etude,9.142857142,51.069387755,60.212244897000005
Bb Clarinet,Technical Etude,64.783673469,38.791836734,103.575510203
Bb Clarinet,Chromatic Scale,109.714285714,15.020408163,124.734693877
Bb Clarinet,Major Scales,132.179591836,117.289795918,249.46938775399997
Bb Clarinet,Sight-Reading,255.47755102,52.244897959,307.722448979
