Instrument,ScoreGroup,Start,Duration,End
Flute,Lyrical Etude,14.280272108,48.413605442,62.693877549999996
Flute,Technical Etude,69.775963718,22.407256235,92.18321995299999
Flute,Chromatic Scale,101.819501133,11.029478458,112.848979591
Flute,Major Scales,119.698866213,86.029931972,205.72879818500002
Flute,Sight-Reading,206.889795918,45.046712018,251.936507936
