Instrument,ScoreGroup,Start,Duration,End
Flute,Lyrical Etude,10.44898,46.11483,56.56381
Flute,Technical Etude,61.30068,75.302313,136.602993
Flute,Chromatic Scale,141.827483,46.11483,187.942313
Flute,Major Scales,195.186939,124.969796,320.156735
Flute,Sight-Reading,323.221769,71.331701,394.55347
