Instrument,ScoreGroup,Start,Duration,End
Alto Saxophone,Lyrical Etude,10.971428571,56.946938775,67.918367346
Alto Saxophone,Technical Etude,72.202448979,27.480816326,99.68326530499999
Alto Saxophone,Chromatic Scale,104.69877551,12.852244897,117.55102040700001
Alto Saxophone,Major Scales,122.566530612,67.813877551,190.380408163
Alto Saxophone,Sight-Reading,196.022857142,58.827755102,254.850612244
