Instrument,ScoreGroup,Start,Duration,End
Xylophone,Mallet Etude,10.971429,35.046009,46.017438
Snare Drum,Snare Etude,50.514286,75.04,125.554286
Timpani,Timpani Etude,130.938776,55.626009,186.564785
Xylophone,Chromatic Scale,194.220408,8.273991,202.494399
Xylophone,Major Scales,208.718367,84.176009,292.89437599999997
Xylophone,Sight-Reading,296.75102,40.698005,337.449025
Snare Drum,Sight-Reading,342.726531,48.790998,391.517529
