Instrument,ScoreGroup,Start,Duration,End
Bb Clarinet,Lyrical Etude,44.582312925,364.088888889,408.67120181399997
Bb Clarinet,Technical Etude,429.104761905,133.746938776,562.851700681
Bb Clarinet,Chromatic Scale,601.86122449,55.727891156,657.589115646
Bb Clarinet,Major Scales,687.310657596,481.117460317,1168.428117913
Bb Clarinet,Sight-Reading,1183.288888889,211.765986395,1395.054875284
