Instrument,ScoreGroup,Start,Duration,End
Trumpet,Lyrical Etude,18.038638,65.43293,83.47156799999999
Trumpet,Technical Etude,95.817404,20.164865,115.982269
Trumpet,Chromatic Scale,126.681994,18.930282,145.612276
Trumpet,Major Scales,152.196721,110.700995,262.897716
Trumpet,Sight-Reading,277.712719,51.029455,328.742174
