Instrument,ScoreGroup,Start,Duration,End
Flute,Lyrical Etude,14.071293,42.910476,56.981769
Flute,Technical Etude,60.604082,53.394286,113.998368
Flute,Chromatic Scale,120.894694,19.748571,140.64326499999999
Flute,Major Scales,147.435102,105.221224,252.656326
Flute,Sight-Reading,259.866122,72.724898,332.59102
