Instrument,ScoreGroup,Start,Duration,End
Xylophone,Mallet Etude,22.204082,34.220408,56.42449
Snare Drum,Snare Etude,61.910204,54.073469,115.98367300000001
Timpani,Timpani Etude,121.730612,93.518367,215.248979
Xylophone,Chromatic Scale,222.82449,10.971429,233.795919
Xylophone,Major Scales,241.632653,82.285714,323.918367
Xylophone,Sight-Reading,332.277551,61.126531,393.404082
Snare Drum,Sight-Reading,399.15102,39.967347,439.11836700000003
