Instrument,ScoreGroup,Start,Duration,End
Bb Clarinet,Lyrical Etude,14.767891,72.089252,86.85714300000001
Bb Clarinet,Technical Etude,94.302041,25.861224,120.163265
Bb Clarinet,Chromatic Scale,130.416327,14.334694,144.751021
Bb Clarinet,Major Scales,154.180499,102.910839,257.091338
Bb Clarinet,Sight-Reading,264.243084,52.848617,317.091701
