Instrument,ScoreGroup,Start,Duration,End
Alto Saxophone,Lyrical Etude,13.514013605,52.918276644,66.432290249
Alto Saxophone,Technical Etude,73.351836735,28.955283447,102.307120182
Alto Saxophone,Chromatic Scale,112.779319728,10.843718821,123.623038549
Alto Saxophone,Major Scales,131.587482993,65.38739229,196.97487528300002
Alto Saxophone,Sight-Reading,197.810793651,68.591746032,266.402539683
