Instrument,ScoreGroup,Start,Duration,End
Bb Clarinet,Lyrical Etude,11.88861678,71.145941043,83.034557823
Bb Clarinet,Technical Etude,88.793106575,31.579138321,120.372244896
Bb Clarinet,Chromatic Scale,128.174149659,13.003174603,141.17732426199998
Bb Clarinet,Major Scales,147.121632653,103.282358276,250.403990929
Bb Clarinet,Sight-Reading,255.60526077,57.771247165,313.376507935
