Instrument,ScoreGroup,Start,Duration,End
Xylophone,Mallet Etude,11.702857,99.892245,111.595102
Snare Drum,Snare Etude,118.073469,116.796372,234.869841
Timpani,Timpani Etude,243.414785,65.596372,309.011157
Xylophone,Chromatic Scale,316.720181,6.246168,322.96634900000004
Xylophone,Major Scales,323.848707,106.951111,430.79981799999996
Xylophone,Sight-Reading,439.414422,54.218594,493.633016
Snare Drum,Sight-Reading,499.763084,26.888707,526.651791
