Instrument,ScoreGroup,Start,Duration,End
Flute,Lyrical Etude,9.961360544,61.765079365,71.72643990899999
Flute,Technical Etude,76.509750567,28.908843537,105.418594104
Flute,Chromatic Scale,111.618321995,40.843900227,152.462222222
Flute,Major Scales,158.917369615,117.957369615,276.87473923000005
Flute,Sight-Reading,280.450612245,67.407528345,347.85814059
