Instrument,ScoreGroup,Start,Duration,End
Flute,Lyrical Etude,17.089887,42.399637,59.489524
Flute,Technical Etude,65.410612,45.511111,110.921723
Flute,Chromatic Scale,119.385397,21.333333,140.71873
Flute,Major Scales,147.626667,78.344127,225.970794
Flute,Sight-Reading,229.953016,38.928254,268.88127
