Instrument,ScoreGroup,Start,Duration,End
Xylophone,Mallet Etude,13.096054,40.263401,53.359455000000004
Snare Drum,Snare Etude,62.508118,46.16127,108.669388
Timpani,Timpani Etude,115.263855,68.916825,184.18068
Xylophone,Chromatic Scale,194.35102,13.583673,207.934693
Xylophone,Major Scales,217.234286,59.141224,276.37551
Xylophone,Sight-Reading,290.586122,33.436735,324.022857
Snare Drum,Sight-Reading,345.861224,28.630204,374.491428
