Instrument,ScoreGroup,Start,Duration,End
Flute,Lyrical Etude,7.987664399,55.588571429,63.576235827999994
Flute,Technical Etude,67.198548753,24.77569161,91.97424036299999
Flute,Chromatic Scale,96.850430839,26.215328798,123.065759637
Flute,Major Scales,128.081269841,90.604263039,218.68553287999998
Flute,Sight-Reading,222.540045351,53.289795918,275.829841269
