Instrument,ScoreGroup,Start,Duration,End
Flute,Lyrical Etude,12.678095238,51.130340136,63.808435374
Flute,Technical Etude,67.848707483,20.619319728,88.46802721099999
Flute,Chromatic Scale,95.712653061,16.161088435,111.873741496
Flute,Major Scales,119.954285714,107.833469388,227.787755102
Flute,Sight-Reading,232.663945578,49.179863946,281.843809524
