Instrument,ScoreGroup,Start,Duration,End
Flute,Lyrical Etude,9.473741497,53.359455782,62.833197279
Flute,Technical Etude,66.943129252,28.490884354,95.43401360600001
Flute,Chromatic Scale,102.191020408,10.797278912,112.98829932
Flute,Major Scales,119.675646259,96.409251701,216.08489796
Flute,Sight-Reading,220.68244898,54.984852608,275.667301588
