Instrument,ScoreGroup,Start,Duration,End
Xylophone,Mallet Etude,19.249342,96.084172,115.333514
Snare Drum,Snare Etude,122.485261,129.938866,252.424127
Timpani,Timpani Etude,259.947392,42.144218,302.09161
Xylophone,Chromatic Scale,313.724807,12.306576,326.031383
Xylophone,Major Scales,334.274467,156.479274,490.753741
Xylophone,Sight-Reading,505.939592,57.097868,563.03746
Snare Drum,Sight-Reading,570.328526,42.469297,612.797823
