Instrument,ScoreGroup,Start,Duration,End
Flute,Lyrical Etude,14.791111111,24.543492063,39.334603173999994
Flute,Technical Etude,44.535873016,24.380952381,68.916825397
Flute,Chromatic Scale,75.743492063,20.642539683,96.386031746
Flute,Major Scales,103.212698413,81.594920635,184.807619048
Flute,Sight-Reading,191.146666667,50.062222222,241.208888889
