Instrument,ScoreGroup,Start,Duration,End
Bb Clarinet,Lyrical Etude,20.897959184,102.980498866,123.87845805
Bb Clarinet,Technical Etude,130.496145125,34.481632653,164.977777778
Bb Clarinet,Chromatic Scale,172.988662132,14.164172336,187.152834468
Bb Clarinet,Major Scales,194.56,121.417142857,315.977142857
Bb Clarinet,Sight-Reading,324.847165533,48.878004535,373.725170068
