Instrument,ScoreGroup,Start,Duration,End
Flute,Lyrical Etude,7.053061,29.779592,36.832653
Flute,Technical Etude,41.534694,50.155102,91.689796
Flute,Chromatic Scale,98.35102,15.542857,113.893877
Flute,Major Scales,145.264036,121.115283,266.379319
Flute,Sight-Reading,272.323628,64.458594,336.782222
