Instrument,ScoreGroup,Start,Duration,End
Alto Saxophone,Lyrical Etude,13.769433,94.714195,108.48362800000001
Alto Saxophone,Technical Etude,114.381497,27.840726,142.22222299999999
Alto Saxophone,Chromatic Scale,149.745488,11.354558,161.100046
Alto Saxophone,Major Scales,167.578413,68.313107,235.89152
Alto Saxophone,Sight-Reading,244.506122,45.812971,290.319093
