Instrument,ScoreGroup,Start,Duration,End
Alto Saxophone,Lyrical Etude,21.072108844,82.059319728,103.131428572
Alto Saxophone,Technical Etude,110.863673469,80.300408163,191.164081632
Alto Saxophone,Chromatic Scale,198.217142857,27.846530612,226.063673469
Alto Saxophone,Major Scales,233.586938776,83.330612245,316.917551021
Alto Saxophone,Sight-Reading,325.276734694,58.88,384.156734694
