Instrument,ScoreGroup,Start,Duration,End
Oboe,Lyrical Etude,10.681179138,68.847165532,79.52834467000001
Oboe,Technical Etude,85.101133786,31.346938775,116.448072561
Oboe,Chromatic Scale,123.18185941,12.306575963,135.48843537300002
Oboe,Major Scales,140.71292517,59.675283446,200.38820861600001
Oboe,Sight-Reading,208.282993197,49.574603174,257.857596371
