Instrument,ScoreGroup,Start,Duration,End
Flute,Lyrical Etude,13.281814059,47.670566893,60.952380952
Flute,Technical Etude,102.05170068,26.563628118,128.615328798
Flute,Chromatic Scale,143.383219955,31.695238095,175.07845805
Flute,Major Scales,187.919092971,105.836553288,293.755646259
Flute,Sight-Reading,315.14122449,76.602630385,391.743854875
