Instrument,ScoreGroup,Start,Duration,End
Bb Clarinet,Lyrical Etude,11.493877551,53.754195011,65.248072562
Bb Clarinet,Technical Etude,68.90521542,25.07755102,93.98276644
Bb Clarinet,Chromatic Scale,100.136054422,18.866213152,119.002267574
Bb Clarinet,Major Scales,128.731428571,123.994557823,252.72598639400002
Bb Clarinet,Sight-Reading,255.187301587,52.941496599,308.128798186
