Instrument,ScoreGroup,Start,Duration,End
Bb Clarinet,Lyrical Etude,9.775600907,93.738956916,103.514557823
Bb Clarinet,Technical Etude,108.553287982,28.42122449,136.97451247200001
Bb Clarinet,Chromatic Scale,144.474557823,13.769433107,158.24399093
Bb Clarinet,Major Scales,164.118639456,97.338049887,261.456689343
Bb Clarinet,Sight-Reading,266.518639456,63.08861678,329.607256236
