Instrument,ScoreGroup,Start,Duration,End
Bb Clarinet,Lyrical Etude,12.724535,65.851791,78.57632600000001
Bb Clarinet,Technical Etude,87.307029,26.284989,113.592018
Bb Clarinet,Chromatic Scale,121.672562,20.154921,141.827483
Bb Clarinet,Major Scales,148.636735,94.82449,243.46122499999998
Bb Clarinet,Sight-Reading,248.946939,49.240816,298.187755
