Instrument,ScoreGroup,Start,Duration,End
Alto Saxophone,Lyrical Etude,9.473741496,48.065306122,57.539047618000005
Alto Saxophone,Technical Etude,62.275918367,35.247891156,97.52380952300001
Alto Saxophone,Chromatic Scale,104.211156462,21.873197278,126.08435374000001
Alto Saxophone,Major Scales,132.493061224,62.554557823,195.047619047
Alto Saxophone,Sight-Reading,200.899047619,48.483265306,249.38231292499998
