Instrument,ScoreGroup,Start,Duration,End
Trumpet,Lyrical Etude,10.774058956,60.557641723,71.33170067900001
Trumpet,Technical Etude,76.532970521,31.207619047,107.74058956799999
Trumpet,Chromatic Scale,115.542494331,12.631655328,128.174149659
Trumpet,Major Scales,135.976054421,70.588662131,206.564716552
Trumpet,Sight-Reading,213.623582766,71.703219954,285.32680272
