Instrument,ScoreGroup,Start,Duration,End
Flute,Lyrical Etude,11.633197279,24.241632653,35.874829932
Flute,Technical Etude,41.586938776,25.983129252,67.570068028
Flute,Chromatic Scale,76.068571429,23.057414966,99.125986395
Flute,Major Scales,106.858231293,87.771428571,194.62965986400002
Flute,Sight-Reading,200.690068027,41.30829932,241.998367347
