Instrument,ScoreGroup,Start,Duration,End
Alto Saxophone,Lyrical Etude,13.119274376,151.219954648,164.339229024
Alto Saxophone,Technical Etude,170.202267573,149.420408163,319.622675736
Alto Saxophone,Chromatic Scale,326.124263038,15.905668934,342.029931972
Alto Saxophone,Major Scales,350.737414965,81.966439909,432.70385487400006
Alto Saxophone,Sight-Reading,447.680725623,56.888888888,504.569614511
