Instrument,ScoreGroup,Start,Duration,End
Flute,Lyrical Etude,10.866938776,51.826938776,62.693877552
Flute,Technical Etude,68.127346939,46.393469388,114.520816327
Flute,Chromatic Scale,123.297959184,16.718367347,140.016326531
Flute,Major Scales,149.629387755,111.595102041,261.224489796
Flute,Sight-Reading,271.255510204,52.244897959,323.50040816300003
