Instrument,ScoreGroup,Start,Duration,End
Bb Clarinet,Lyrical Etude,8.916463,88.793107,97.70957000000001
Bb Clarinet,Technical Etude,102.1678,26.006349,128.174149
Bb Clarinet,Chromatic Scale,134.118458,15.23229,149.350748
Bb Clarinet,Major Scales,154.923537,85.820952,240.74448900000002
Bb Clarinet,Sight-Reading,244.831202,65.015873,309.847075
