Instrument,ScoreGroup,Start,Duration,End
Xylophone,Mallet Etude,13.444354,63.111837,76.556191
Snare Drum,Snare Etude,84.079456,46.13805,130.217506
Timpani,Timpani Etude,134.791837,72.353379,207.145216
Xylophone,Chromatic Scale,216.038458,9.171882,225.21034
Xylophone,Major Scales,233.987483,72.957098,306.94458099999997
Xylophone,Sight-Reading,316.139683,49.992562,366.132245
Snare Drum,Sight-Reading,372.378413,34.528073,406.90648600000003
