Instrument,ScoreGroup,Start,Duration,End
Alto Saxophone,Lyrical Etude,12.469115646,79.365804989,91.834920635
Alto Saxophone,Technical Etude,98.638367347,45.534331066,144.172698413
Alto Saxophone,Chromatic Scale,150.60462585,15.162630385,165.767256235
Alto Saxophone,Major Scales,168.321451247,146.866213152,315.187664399
Alto Saxophone,Sight-Reading,323.08244898,75.395192744,398.47764172399997
