Instrument,ScoreGroup,Start,Duration,End
Bb Clarinet,Lyrical Etude,12.353015873,104.35047619,116.703492063
Bb Clarinet,Technical Etude,121.092063492,39.984761905,161.076825397
Bb Clarinet,Chromatic Scale,167.253333333,12.353015873,179.606349206
Bb Clarinet,Major Scales,185.388117914,117.028571429,302.416689343
Bb Clarinet,Sight-Reading,307.2,45.348571429,352.548571429
