Instrument,ScoreGroup,Start,Duration,End
Trumpet,Lyrical Etude,14.37948,61.46765,75.84712999999999
Trumpet,Technical Etude,84.734019,19.625213,104.359232
Trumpet,Chromatic Scale,112.875835,11.849185,124.72502
Trumpet,Major Scales,128.427891,91.090613,219.518504
Trumpet,Sight-Reading,225.813384,68.503104,294.316488
