Instrument,ScoreGroup,Start,Duration,End
Bb Clarinet,Lyrical Etude,14.117732426,75.418412698,89.536145124
Bb Clarinet,Technical Etude,94.737414966,22.012517007,116.749931973
Bb Clarinet,Chromatic Scale,124.18031746,13.931972789,138.112290249
Bb Clarinet,Major Scales,144.242358277,72.632018141,216.874376418
Bb Clarinet,Sight-Reading,220.868208617,52.477097506,273.345306123
