Instrument,ScoreGroup,Start,Duration,End
Bb Clarinet,Lyrical Etude,12.631655,69.474104,82.10575899999999
Bb Clarinet,Technical Etude,87.678549,25.54195,113.220499
Bb Clarinet,Chromatic Scale,120.047166,12.260136,132.307302
Bb Clarinet,Major Scales,139.363265,88.163265,227.52653
Bb Clarinet,Sight-Reading,233.035465,55.635011,288.670476
