Instrument,ScoreGroup,Start,Duration,End
Flute,Lyrical Etude,13.467573696,57.701587301,71.169160997
Flute,Technical Etude,74.768253968,37.500226757,112.26848072499999
Flute,Chromatic Scale,117.841269841,21.014058956,138.855328797
Flute,Major Scales,143.847619047,106.951111111,250.798730158
Flute,Sight-Reading,255.349841269,70.054603174,325.404444443
