Instrument,ScoreGroup,Start,Duration,End
Flute,Lyrical Etude,13.947244,121.312941,135.260185
Flute,Technical Etude,141.999793,81.436928,223.436721
Flute,Chromatic Scale,234.6694,23.026993,257.696393
Flute,Major Scales,265.559269,116.819869,382.37913799999995
Flute,Sight-Reading,387.995478,58.971568,446.967046
