Instrument,ScoreGroup,Start,Duration,End
Alto Saxophone,Lyrical Etude,16.997006803,58.073106576,75.070113379
Alto Saxophone,Technical Etude,81.223401361,55.14739229,136.37079365099999
Alto Saxophone,Chromatic Scale,143.336780045,11.656417234,154.99319727900001
Alto Saxophone,Major Scales,166.556734694,90.581043084,257.137777778
Alto Saxophone,Sight-Reading,262.315827664,34.760272109,297.076099773
