Instrument,ScoreGroup,Start,Duration,End
Flute,Lyrical Etude,10.588299,39.938322,50.526621
Flute,Technical Etude,54.984853,45.97551,100.960363
Flute,Chromatic Scale,107.090431,32.322177,139.412608
Flute,Major Scales,146.099955,104.582676,250.68263100000001
Flute,Sight-Reading,261.17805,70.217143,331.39519299999995
