Instrument,ScoreGroup,Start,Duration,End
Alto Saxophone,Lyrical Etude,13.351473922,84.636734693,97.98820861499999
Alto Saxophone,Technical Etude,103.096598639,29.605442176,132.702040815
Alto Saxophone,Chromatic Scale,141.641723356,14.164172335,155.805895691
Alto Saxophone,Major Scales,163.352380952,114.822675736,278.175056688
Alto Saxophone,Sight-Reading,285.02494331,67.33786848,352.36281179
