Instrument,ScoreGroup,Start,Duration,End
Alto Saxophone,Lyrical Etude,15.209070294,64.087074829,79.296145123
Alto Saxophone,Technical Etude,86.726530612,29.953741496,116.680272108
Alto Saxophone,Chromatic Scale,122.369160997,13.235374149,135.604535146
Alto Saxophone,Major Scales,143.499319727,71.053061224,214.552380951
Alto Saxophone,Sight-Reading,222.098866213,61.648979591,283.747845804
