Instrument,ScoreGroup,Start,Duration,End
Flute,Lyrical Etude,12.051156463,35.108571429,47.159727892
Flute,Technical Etude,51.757278912,49.806802721,101.564081633
Flute,Chromatic Scale,108.04244898,29.326802721,137.369251701
Flute,Major Scales,144.66031746,123.53015873,268.19047618999997
Flute,Sight-Reading,271.487709751,74.396734694,345.884444445
