Instrument,ScoreGroup,Start,Duration,End
Alto Saxophone,Lyrical Etude,10.611519274,87.701768707,98.313287981
Alto Saxophone,Technical Etude,106.718911565,23.452154195,130.17106576
Alto Saxophone,Chromatic Scale,139.528707483,8.475283447,148.00399093000001
Alto Saxophone,Major Scales,153.925079365,50.848798186,204.773877551
Alto Saxophone,Sight-Reading,211.121632653,33.645714286,244.767346939
