Instrument,ScoreGroup,Start,Duration,End
Trumpet,Lyrical Etude,13.710905,60.838155,74.54906
Trumpet,Technical Etude,87.175846,17.983605,105.159451
Trumpet,Chromatic Scale,113.19468,9.183118,122.37779800000001
Trumpet,Major Scales,135.387214,92.213807,227.601021
Trumpet,Sight-Reading,233.34047,71.934422,305.274892
