Instrument,ScoreGroup,Start,Duration,End
Bb Clarinet,Lyrical Etude,11.981497,70.124263,82.10576
Bb Clarinet,Technical Etude,87.771429,27.213787,114.985216
Bb Clarinet,Chromatic Scale,121.795918,11.95102,133.746938
Bb Clarinet,Major Scales,140.8,116.37551,257.17551000000003
Bb Clarinet,Sight-Reading,263.314286,63.477551,326.791837
