Instrument,ScoreGroup,Start,Duration,End
Bb Clarinet,Lyrical Etude,10.216780045,67.802267573,78.019047618
Bb Clarinet,Technical Etude,84.334875283,33.250975056,117.585850339
Bb Clarinet,Chromatic Scale,124.133877551,12.213696145,136.34757369599998
Bb Clarinet,Major Scales,140.805804988,123.715918367,264.521723355
Bb Clarinet,Sight-Reading,267.493877551,87.307029478,354.80090702900003
