Instrument,ScoreGroup,Start,Duration,End
Bb Clarinet,Lyrical Etude,12.260136,78.576327,90.83646300000001
Bb Clarinet,Technical Etude,96.037732,28.421224,124.458956
Bb Clarinet,Chromatic Scale,132.446621,17.089887,149.536508
Bb Clarinet,Major Scales,157.152653,85.820952,242.973605
Bb Clarinet,Sight-Reading,248.546395,54.799093,303.345488
