Instrument,ScoreGroup,Start,Duration,End
Bb Clarinet,Lyrical Etude,13.328253968,60.511201814,73.839455782
Bb Clarinet,Technical Etude,79.57478458,39.845442177,119.420226757
Bb Clarinet,Chromatic Scale,126.664852608,13.380498866,140.045351474
Bb Clarinet,Major Scales,146.198639456,103.00952381,249.20816326599999
Bb Clarinet,Sight-Reading,254.868027211,43.769614512,298.637641723
