Instrument,ScoreGroup,Start,Duration,End
Xylophone,Mallet Etude,16.0,53.746939,69.746939
Snare Drum,Snare Etude,80.979592,89.730612,170.71020399999998
Timpani,Timpani Etude,181.301406,125.016236,306.317642
Xylophone,Chromatic Scale,317.138141,6.965986,324.104127
Xylophone,Major Scales,334.889796,100.04898,434.93877599999996
Xylophone,Sight-Reading,444.615692,61.114921,505.730613
Snare Drum,Sight-Reading,516.226032,63.808435,580.0344670000001
