Instrument,ScoreGroup,Start,Duration,End
Bb Clarinet,Lyrical Etude,11.232653,88.946939,100.179592
Bb Clarinet,Technical Etude,107.232653,108.016327,215.24898000000002
Bb Clarinet,Chromatic Scale,223.216327,25.338776,248.555103
Bb Clarinet,Major Scales,254.119184,138.01941,392.138594
Bb Clarinet,Sight-Reading,399.011701,91.579501,490.591202
