Instrument,ScoreGroup,Start,Duration,End
Xylophone,Mallet Etude,15.789569,80.433923,96.223492
Snare Drum,Snare Etude,104.768435,101.239002,206.00743699999998
Timpani,Timpani Etude,211.580227,122.78712,334.367347
Xylophone,Chromatic Scale,336.689342,11.517098,348.20644
Xylophone,Major Scales,360.373696,122.78712,483.160816
Xylophone,Sight-Reading,486.50449,54.148934,540.653424
Snare Drum,Sight-Reading,547.247891,45.88263,593.1305209999999
