Instrument,ScoreGroup,Start,Duration,End
Flute,Lyrical Etude,11.180408163,27.689795918,38.870204081
Flute,Technical Etude,45.191836735,34.586122449,79.777959184
Flute,Chromatic Scale,87.04,25.808979592,112.848979592
Flute,Major Scales,119.873015873,72.492698413,192.365714286
Flute,Sight-Reading,197.973333333,48.843174603,246.816507936
