Instrument,ScoreGroup,Start,Duration,End
Flute,Lyrical Etude,16.653061,38.987755,55.640816
Flute,Technical Etude,64.783673,36.244898,101.028571
Flute,Chromatic Scale,111.346939,21.746939,133.09387800000002
Flute,Major Scales,143.869388,69.681633,213.551021
Flute,Sight-Reading,220.604082,43.428571,264.032653
