Instrument,ScoreGroup,Start,Duration,End
Trumpet,Lyrical Etude,20.955744,75.526504,96.482248
Trumpet,Technical Etude,106.352189,24.460288,130.812477
Trumpet,Chromatic Scale,142.398929,16.306859,158.705788
Trumpet,Major Scales,167.288345,121.014057,288.302402
Trumpet,Sight-Reading,294.73932,46.774937,341.51425700000004
