Instrument,ScoreGroup,Start,Duration,End
Trumpet,Lyrical Etude,11.145578231,57.585487528,68.731065759
Trumpet,Technical Etude,76.161451247,29.72154195,105.882993197
Trumpet,Chromatic Scale,114.427936507,11.702857142,126.130793649
Trumpet,Major Scales,135.604535147,53.684535147,189.289070294
Trumpet,Sight-Reading,195.604897959,53.684535147,249.289433106
