Instrument,ScoreGroup,Start,Duration,End
Alto Saxophone,Lyrical Etude,18.854603175,98.011428571,116.866031746
Alto Saxophone,Technical Etude,124.807256236,62.577777778,187.38503401399998
Alto Saxophone,Chromatic Scale,198.878911565,12.051156463,210.93006802800002
Alto Saxophone,Major Scales,220.961088435,107.833469388,328.794557823
Alto Saxophone,Sight-Reading,336.61968254,66.664489796,403.284172336
