Instrument,ScoreGroup,Start,Duration,End
Flute,Lyrical Etude,10.03102,54.334694,64.365714
Flute,Technical Etude,68.963265,24.659592,93.62285700000001
Flute,Chromatic Scale,99.892245,14.837551,114.72979600000001
Flute,Major Scales,120.581224,104.280816,224.86204
Flute,Sight-Reading,229.250612,44.930612,274.181224
