Instrument,ScoreGroup,Start,Duration,End
Alto Saxophone,Lyrical Etude,14.210612244,142.384761904,156.595374148
Alto Saxophone,Technical Etude,164.954557823,51.548299319,216.50285714199998
Alto Saxophone,Chromatic Scale,225.140680272,13.653333333,238.794013605
Alto Saxophone,Major Scales,246.317278911,113.127619047,359.44489795799996
Alto Saxophone,Sight-Reading,367.525442176,101.70340136,469.228843536
