Instrument,ScoreGroup,Start,Duration,End
Xylophone,Mallet Etude,12.260136,57.213968,69.474104
Snare Drum,Snare Etude,74.489615,70.960181,145.449796
Timpani,Timpani Etude,165.326077,63.529796,228.855873
Xylophone,Chromatic Scale,235.914739,8.730703,244.645442
Xylophone,Major Scales,250.77551,104.768435,355.543945
Xylophone,Sight-Reading,362.045533,104.768435,466.813968
Snare Drum,Sight-Reading,474.058594,38.080726,512.13932
