Instrument,ScoreGroup,Start,Duration,End
Bb Clarinet,Lyrical Etude,8.962902494,84.86893424,93.831836734
Bb Clarinet,Technical Etude,99.822585034,52.128798186,151.95138322
Bb Clarinet,Chromatic Scale,157.315192744,11.633197279,168.948390023
Bb Clarinet,Major Scales,174.985578231,104.443356009,279.42893424
Bb Clarinet,Sight-Reading,286.812879819,47.670566893,334.483446712
