Instrument,ScoreGroup,Start,Duration,End
Bb Clarinet,Lyrical Etude,9.142857142,78.628571428,87.77142857
Bb Clarinet,Technical Etude,92.865306122,68.048979591,160.91428571300003
Bb Clarinet,Chromatic Scale,169.404081632,43.75510204,213.15918367199998
Bb Clarinet,Major Scales,221.126530612,119.902040816,341.028571428
Bb Clarinet,Sight-Reading,350.040816326,128.522448979,478.563265305
