Instrument,ScoreGroup,Start,Duration,End
Flute,Lyrical Etude,10.797278912,40.193741497,50.991020409
Flute,Technical Etude,55.751111111,34.690612245,90.441723356
Flute,Chromatic Scale,95.573333333,16.18430839,111.75764172299999
Flute,Major Scales,118.28244898,120.58122449,238.86367346999998
Flute,Sight-Reading,243.159365079,21.385578231,264.54494331
