Instrument,ScoreGroup,Start,Duration,End
Bb Clarinet,Lyrical Etude,13.839093,53.870295,67.709388
Bb Clarinet,Technical Etude,72.260499,41.517279,113.777778
Bb Clarinet,Chromatic Scale,120.093605,17.554286,137.647891
Bb Clarinet,Major Scales,145.449796,102.725079,248.174875
Bb Clarinet,Sight-Reading,252.261587,96.223492,348.485079
