Instrument,ScoreGroup,Start,Duration,End
Xylophone,Mallet Etude,12.817415,36.362449,49.179863999999995
Snare Drum,Snare Etude,56.14585,52.244898,108.390748
Timpani,Timpani Etude,115.217415,64.644354,179.861769
Xylophone,Chromatic Scale,189.056871,15.18585,204.242721
Xylophone,Major Scales,213.019864,88.468027,301.487891
Xylophone,Sight-Reading,309.707755,61.997279,371.705034
Snare Drum,Sight-Reading,380.342857,34.969252,415.31210899999996
