Instrument,ScoreGroup,Start,Duration,End
Flute,Lyrical Etude,14.373151927,64.203174603,78.57632652999999
Flute,Technical Etude,82.848798186,28.792743764,111.64154195
Flute,Chromatic Scale,119.280907029,20.874739229,140.155646258
Flute,Major Scales,148.236190476,76.950929705,225.18712018099998
Flute,Sight-Reading,232.733605442,58.746485261,291.480090703
