Instrument,ScoreGroup,Start,Duration,End
Bb Clarinet,Lyrical Etude,18.575963719,117.492970522,136.068934241
Bb Clarinet,Technical Etude,143.963718821,26.935147392,170.898866213
Bb Clarinet,Chromatic Scale,178.793650794,10.681179138,189.474829932
Bb Clarinet,Major Scales,205.728798186,85.9138322,291.642630386
Bb Clarinet,Sight-Reading,294.893424036,44.582312925,339.475736961
