Instrument,ScoreGroup,Start,Duration,End
Flute,Lyrical Etude,22.593015873,118.979047619,141.57206349199998
Flute,Technical Etude,156.85079365,28.281904761,185.132698411
Flute,Chromatic Scale,196.347936507,14.14095238,210.48888888699997
Flute,Major Scales,216.015238095,101.749841269,317.76507936400003
Flute,Sight-Reading,328.005079365,47.461587301,375.466666666
