Instrument,ScoreGroup,Start,Duration,End
Alto Saxophone,Lyrical Etude,24.38095238,73.375056689,97.756009069
Alto Saxophone,Technical Etude,104.605895691,24.845351473,129.451247164
Alto Saxophone,Chromatic Scale,136.06893424,11.726077097,147.795011337
Alto Saxophone,Major Scales,156.734693877,55.960090702,212.69478457900001
Alto Saxophone,Sight-Reading,219.660770975,54.334693877,273.995464852
