Instrument,ScoreGroup,Start,Duration,End
Bb Clarinet,Lyrical Etude,12.53877551,104.489795918,117.02857142799999
Bb Clarinet,Technical Etude,123.820408163,58.383673469,182.204081632
Bb Clarinet,Chromatic Scale,189.779591836,11.493877551,201.273469387
Bb Clarinet,Major Scales,207.542857142,95.346938775,302.889795917
Bb Clarinet,Sight-Reading,309.681632653,39.053061224,348.734693877
