Instrument,ScoreGroup,Start,Duration,End
Flute,Lyrical Etude,14.140952,38.115556,52.256508
Flute,Technical Etude,60.058413,40.228571,100.286984
Flute,Chromatic Scale,110.283175,14.709841,124.993016
Flute,Major Scales,133.28254,64.284444,197.566984
Flute,Sight-Reading,201.955556,48.274286,250.229842
