Instrument,ScoreGroup,Start,Duration,End
Bb Clarinet,Lyrical Etude,11.935056689,71.471020408,83.40607709700001
Bb Clarinet,Technical Etude,88.607346939,44.001814059,132.609160998
Bb Clarinet,Chromatic Scale,140.666485261,13.815873016,154.482358277
Bb Clarinet,Major Scales,163.49170068,113.266938776,276.758639456
Bb Clarinet,Sight-Reading,284.281904762,47.159727891,331.441632653
