Instrument,ScoreGroup,Start,Duration,End
Bb Clarinet,Lyrical Etude,10.866939,52.384218,63.251157
Bb Clarinet,Technical Etude,68.823946,33.158095,101.98204100000001
Bb Clarinet,Chromatic Scale,108.204989,17.461406,125.666395
Bb Clarinet,Major Scales,134.269388,79.804082,214.07347
Bb Clarinet,Sight-Reading,218.644898,64.130612,282.77551
