Instrument,ScoreGroup,Start,Duration,End
Flute,Lyrical Etude,12.538776,65.436735,77.975511
Flute,Technical Etude,86.334694,50.938776,137.27347
Flute,Chromatic Scale,145.502041,13.714286,159.21632699999998
Flute,Major Scales,167.967347,98.220408,266.187755
Flute,Sight-Reading,271.804082,41.142857,312.946939
