Instrument,ScoreGroup,Start,Duration,End
Xylophone,Mallet Etude,9.926531,33.436735,43.363265999999996
Snare Drum,Snare Etude,47.891156,44.582313,92.473469
Timpani,Timpani Etude,95.143764,50.387302,145.531066
Xylophone,Chromatic Scale,149.768707,7.894785,157.66349200000002
Xylophone,Major Scales,164.327619,77.125079,241.452698
Xylophone,Sight-Reading,248.685714,35.92127,284.606984
Snare Drum,Sight-Reading,290.052063,28.525714,318.57777699999997
