Instrument,ScoreGroup,Start,Duration,End
Bb Clarinet,Lyrical Etude,59.4430839,436.906666667,496.349750567
Bb Clarinet,Technical Etude,518.640907029,106.99755102,625.6384580490001
Bb Clarinet,Chromatic Scale,664.276462585,62.415238095,726.6917006799999
Bb Clarinet,Major Scales,759.385396825,442.850975057,1202.2363718820002
Bb Clarinet,Sight-Reading,1230.471836735,199.134331066,1429.6061678009999
