Instrument,ScoreGroup,Start,Duration,End
Bb Clarinet,Lyrical Etude,11.842177,125.085896,136.928073
Bb Clarinet,Technical Etude,145.147937,206.193197,351.341134
Bb Clarinet,Chromatic Scale,357.262222,54.056054,411.318276
Bb Clarinet,Major Scales,418.470023,87.16771,505.637733
Bb Clarinet,Sight-Reading,511.7678,97.848889,609.6166890000001
