Instrument,ScoreGroup,Start,Duration,End
Alto Saxophone,Lyrical Etude,11.006258503,46.90430839,57.910566892999995
Alto Saxophone,Technical Etude,62.995736961,29.303582766,92.299319727
Alto Saxophone,Chromatic Scale,98.475827664,12.027936508,110.50376417199999
Alto Saxophone,Major Scales,116.030113379,61.74185941,177.77197278900002
Alto Saxophone,Sight-Reading,183.205442177,48.506485261,231.711927438
