Instrument,ScoreGroup,Start,Duration,End
Xylophone,Mallet Etude,10.057143,48.065306,58.122449
Snare Drum,Snare Etude,65.17551,82.155102,147.330612
Timpani,Timpani Etude,152.685714,83.853061,236.538775
Xylophone,Chromatic Scale,240.391837,9.012245,249.40408200000002
Xylophone,Major Scales,254.432653,88.946939,343.379592
Xylophone,Sight-Reading,347.559184,73.665306,421.22449
Snare Drum,Sight-Reading,426.318367,70.008163,496.32653000000005
