Instrument,ScoreGroup,Start,Duration,End
Alto Saxophone,Lyrical Etude,15.829333333,54.954666667,70.78399999999999
Alto Saxophone,Technical Etude,80.192,57.866666667,138.05866666699998
Alto Saxophone,Chromatic Scale,148.864,8.021333333,156.885333333
Alto Saxophone,Major Scales,166.72,82.24,248.95999999999998
Alto Saxophone,Sight-Reading,255.36,53.237333333,308.597333333
