Instrument,ScoreGroup,Start,Duration,End
Bb Clarinet,Lyrical Etude,13.096054421,51.826938775,64.92299319600001
Bb Clarinet,Technical Etude,73.467936507,28.235464852,101.703401359
Bb Clarinet,Chromatic Scale,108.019229024,14.953650793,122.97287981699999
Bb Clarinet,Major Scales,131.42494331,106.533151927,237.958095237
Bb Clarinet,Sight-Reading,243.71664399,48.576145124,292.292789114
