Instrument,ScoreGroup,Start,Duration,End
Bb Clarinet,Lyrical Etude,10.681179138,47.647346938,58.328526075999996
Bb Clarinet,Technical Etude,62.600997732,42.631836734,105.232834466
Bb Clarinet,Chromatic Scale,111.177142857,14.675011337,125.85215419400001
Bb Clarinet,Major Scales,132.260861678,82.384399092,214.64526077
Bb Clarinet,Sight-Reading,219.103492063,72.260498866,291.363990929
