Instrument,ScoreGroup,Start,Duration,End
Alto Saxophone,Lyrical Etude,11.633197278,45.812970521,57.446167798999994
Alto Saxophone,Technical Etude,62.066938775,23.475374149,85.542312924
Alto Saxophone,Chromatic Scale,93.11201814,21.014058956,114.126077096
Alto Saxophone,Major Scales,121.742222221,71.912199546,193.654421767
Alto Saxophone,Sight-Reading,198.878911561,57.631927437,256.510838998
