Instrument,ScoreGroup,Start,Duration,End
Alto Saxophone,Lyrical Etude,10.286439909,47.438367346,57.724807255
Alto Saxophone,Technical Etude,61.556099773,19.527981859,81.084081632
Alto Saxophone,Chromatic Scale,87.957188208,8.2430839,96.20027210800001
Alto Saxophone,Major Scales,101.262222221,46.230929705,147.493151926
Alto Saxophone,Sight-Reading,152.415782311,46.90430839,199.32009070099997
