Instrument,ScoreGroup,Start,Duration,End
Trumpet,Lyrical Etude,14.367346938,56.163265306,70.530612244
Trumpet,Technical Etude,75.75510204,34.220408163,109.975510203
Trumpet,Chromatic Scale,114.67755102,15.412244897,130.089795917
Trumpet,Major Scales,136.097959183,74.971428571,211.069387754
Trumpet,Sight-Reading,215.510204081,50.41632653,265.92653061100003
