Instrument,ScoreGroup,Start,Duration,End
Bb Clarinet,Lyrical Etude,13.096054,77.113469,90.20952299999999
Bb Clarinet,Technical Etude,96.618231,57.887347,154.50557799999999
Bb Clarinet,Chromatic Scale,162.284263,12.236916,174.52117900000002
Bb Clarinet,Major Scales,180.558367,72.260499,252.818866
Bb Clarinet,Sight-Reading,260.94585,42.840816,303.786666
