Instrument,ScoreGroup,Start,Duration,End
Alto Saxophone,Lyrical Etude,11.609977324,49.110204082,60.720181406
Alto Saxophone,Technical Etude,68.243446712,40.843900227,109.08734693899999
Alto Saxophone,Chromatic Scale,116.564172336,7.523265306,124.087437642
Alto Saxophone,Major Scales,132.191201814,74.234195011,206.425396825
Alto Saxophone,Sight-Reading,213.414603175,50.619501134,264.034104309
