Instrument,ScoreGroup,Start,Duration,End
Alto Saxophone,Lyrical Etude,12.181333333,76.544,88.725333333
Alto Saxophone,Technical Etude,93.952,41.493333333,135.445333333
Alto Saxophone,Chromatic Scale,141.290666667,13.482666667,154.773333334
Alto Saxophone,Major Scales,160.170666667,114.773333333,274.944
Alto Saxophone,Sight-Reading,282.133333333,54.997333333,337.130666666
