Instrument,ScoreGroup,Start,Duration,End
Bb Clarinet,Lyrical Etude,17.83292517,52.384217687,70.217142857
Bb Clarinet,Technical Etude,75.604172335,30.278820861,105.882993196
Bb Clarinet,Chromatic Scale,113.870657596,11.88861678,125.75927437600001
Bb Clarinet,Major Scales,135.233015873,117.400090702,252.633106575
Bb Clarinet,Sight-Reading,256.534058956,83.406077097,339.940136053
