Instrument,ScoreGroup,Start,Duration,End
Flute,Lyrical Etude,12.445895692,69.659863946,82.105759638
Flute,Technical Etude,88.793106576,55.913650794,144.70675737
Flute,Chromatic Scale,152.508662132,21.733877551,174.24253968300002
Flute,Major Scales,181.67292517,119.257687075,300.930612245
Flute,Sight-Reading,307.617959184,62.415238095,370.033197279
