Instrument,ScoreGroup,Start,Duration,End
Flute,Lyrical Etude,13.096054,63.901315,76.99736899999999
Flute,Technical Etude,81.176961,59.628844,140.80580500000002
Flute,Chromatic Scale,148.42195,14.024853,162.44680300000002
Flute,Major Scales,169.319909,94.551655,263.871564
Flute,Sight-Reading,268.701315,83.034558,351.735873
