Instrument,ScoreGroup,Start,Duration,End
Alto Saxophone,Lyrical Etude,9.793015873,177.737142857,187.53015873
Alto Saxophone,Technical Etude,193.422222222,54.938412698,248.36063492
Alto Saxophone,Chromatic Scale,254.74031746,9.427301587,264.167619047
Alto Saxophone,Major Scales,269.856507936,94.273015873,364.12952380900003
Alto Saxophone,Sight-Reading,369.33079365,49.371428571,418.702222221
