Instrument,ScoreGroup,Start,Duration,End
Bb Clarinet,Lyrical Etude,11.994954,104.722414,116.717368
Bb Clarinet,Technical Etude,123.181714,42.233731,165.415445
Bb Clarinet,Chromatic Scale,171.879791,15.945388,187.82517900000002
Bb Clarinet,Major Scales,193.858569,102.998588,296.857157
Bb Clarinet,Sight-Reading,303.321504,40.078948,343.400452
