Instrument,ScoreGroup,Start,Duration,End
Flute,Lyrical Etude,10.768253968,35.596190476,46.364444444
Flute,Technical Etude,54.752653061,55.518911565,110.271564626
Flute,Chromatic Scale,117.864489796,20.062040816,137.926530612
Flute,Major Scales,144.66031746,142.05968254,286.72
Flute,Sight-Reading,297.935238095,78.506666667,376.441904762
