Instrument,ScoreGroup,Start,Duration,End
Flute,Lyrical Etude,14.367347,84.37551,98.742857
Flute,Technical Etude,102.922449,48.326531,151.24898000000002
Flute,Chromatic Scale,156.995918,14.106122,171.10204
Flute,Major Scales,176.065306,106.579592,282.644898
Flute,Sight-Reading,289.959184,65.567347,355.526531
