Instrument,ScoreGroup,Start,Duration,End
Xylophone,Mallet Etude,12.995918,42.644898,55.640816
Snare Drum,Snare Etude,62.693878,88.032653,150.726531
Timpani,Timpani Etude,161.567347,94.82449,256.391837
Xylophone,Chromatic Scale,266.588299,8.219864,274.808163
Xylophone,Major Scales,280.555102,95.477551,376.032653
Xylophone,Sight-Reading,381.736054,55.820771,437.556825
Snare Drum,Sight-Reading,446.432653,33.502041,479.93469400000004
