Instrument,ScoreGroup,Start,Duration,End
Bb Clarinet,Lyrical Etude,15.60381,68.359546,83.96335599999999
Bb Clarinet,Technical Etude,88.607347,29.350023,117.95737
Bb Clarinet,Chromatic Scale,124.458957,16.718367,141.177324
Bb Clarinet,Major Scales,149.536508,91.207982,240.74448999999998
Bb Clarinet,Sight-Reading,245.94576,55.542132,301.487892
