Instrument,ScoreGroup,Start,Duration,End
Bb Clarinet,Lyrical Etude,10.971429,86.726531,97.69796
Bb Clarinet,Technical Etude,103.967347,26.644898,130.612245
Bb Clarinet,Chromatic Scale,136.881633,18.02449,154.90612299999998
Bb Clarinet,Major Scales,161.17551,76.277551,237.453061
Bb Clarinet,Sight-Reading,243.461224,41.273469,284.734693
