Instrument,ScoreGroup,Start,Duration,End
Bb Clarinet,Lyrical Etude,11.424217687,127.431111111,138.85532879800002
Bb Clarinet,Technical Etude,144.312018141,55.635011338,199.947029479
Bb Clarinet,Chromatic Scale,207.563174603,12.353015873,219.916190476
Bb Clarinet,Major Scales,226.139138322,116.308752834,342.447891156
Bb Clarinet,Sight-Reading,349.181678005,64.551473923,413.733151928
