Instrument,ScoreGroup,Start,Duration,End
Bb Clarinet,Lyrical Etude,14.497959183,57.07755102,71.57551020300001
Bb Clarinet,Technical Etude,77.975510204,33.697959183,111.67346938700001
Bb Clarinet,Chromatic Scale,117.942857142,13.191836734,131.134693876
Bb Clarinet,Major Scales,137.534693877,71.575510204,209.110204081
Bb Clarinet,Sight-Reading,215.379591836,61.126530612,276.506122448
