Instrument,ScoreGroup,Start,Duration,End
Flute,Lyrical Etude,19.330612,61.64898,80.979592
Flute,Technical Etude,87.771429,44.669388,132.44081699999998
Flute,Chromatic Scale,141.583673,9.926531,151.51020400000002
Flute,Major Scales,160.391837,76.016327,236.408164
Flute,Sight-Reading,250.253061,38.4,288.653061
