Instrument,ScoreGroup,Start,Duration,End
Bb Clarinet,Lyrical Etude,9.926531,80.195918,90.122449
Bb Clarinet,Technical Etude,99.395918,37.616327,137.012245
Bb Clarinet,Chromatic Scale,143.673469,12.146939,155.82040800000001
Bb Clarinet,Major Scales,161.828571,111.934694,273.763265
Bb Clarinet,Sight-Reading,278.595918,46.106122,324.70204
