Instrument,ScoreGroup,Start,Duration,End
Trumpet,Lyrical Etude,16.457142857,38.13877551,54.595918367
Trumpet,Technical Etude,61.648979591,25.861224489,87.51020408
Trumpet,Chromatic Scale,94.824489795,11.493877551,106.318367346
Trumpet,Major Scales,116.506122448,94.563265306,211.069387754
Trumpet,Sight-Reading,215.248979591,54.595918367,269.844897958
