Instrument,ScoreGroup,Start,Duration,End
Bb Clarinet,Lyrical Etude,11.702857143,109.64462585,121.347482993
Bb Clarinet,Technical Etude,130.542585034,36.641088435,167.183673469
Bb Clarinet,Chromatic Scale,175.960816327,12.956734694,188.917551021
Bb Clarinet,Major Scales,195.186938776,109.783945578,304.970884354
Bb Clarinet,Sight-Reading,311.100952381,54.613333333,365.714285714
