Instrument,ScoreGroup,Start,Duration,End
Flute,Lyrical Etude,14.512472,114.009977,128.522449
Flute,Technical Etude,133.979138,39.009524,172.988662
Flute,Chromatic Scale,179.37415,12.306576,191.680726
Flute,Major Scales,199.111111,103.444898,302.556009
Flute,Sight-Reading,306.851701,47.020408,353.872109
