Instrument,ScoreGroup,Start,Duration,End
Bb Clarinet,Lyrical Etude,16.195918367,48.529705215,64.725623582
Bb Clarinet,Technical Etude,70.182312925,29.257142857,99.43945578200001
Bb Clarinet,Chromatic Scale,106.463492063,17.066666667,123.53015873000001
Bb Clarinet,Major Scales,129.567346939,90.801632653,220.36897959200002
Bb Clarinet,Sight-Reading,224.130612245,66.142040816,290.272653061
