Instrument,ScoreGroup,Start,Duration,End
Bb Clarinet,Lyrical Etude,11.363265,113.240816,124.604081
Bb Clarinet,Technical Etude,130.35102,54.726531,185.077551
Bb Clarinet,Chromatic Scale,191.085714,15.281633,206.367347
Bb Clarinet,Major Scales,212.880544,110.341224,323.221768
Bb Clarinet,Sight-Reading,326.008163,53.313016,379.32117900000003
