Instrument,ScoreGroup,Start,Duration,End
Flute,Lyrical Etude,9.473741,33.808254,43.281994999999995
Flute,Technical Etude,45.88263,29.907302,75.789932
Flute,Chromatic Scale,78.019048,16.532608,94.551656
Flute,Major Scales,96.0,87.379592,183.379592
Flute,Sight-Reading,185.861224,54.073469,239.93469299999998
