Instrument,ScoreGroup,Start,Duration,End
Alto Saxophone,Lyrical Etude,13.531428571,61.933424036,75.464852607
Alto Saxophone,Technical Etude,80.631292517,37.442176871,118.073469388
Alto Saxophone,Chromatic Scale,125.619954649,11.784126984,137.404081633
Alto Saxophone,Major Scales,145.124716553,112.907029478,258.031746031
Alto Saxophone,Sight-Reading,263.024036281,61.242630385,324.266666666
