Instrument,ScoreGroup,Start,Duration,End
Flute,Lyrical Etude,10.24,25.42585034,35.66585034
Flute,Technical Etude,41.377959184,27.794285714,69.172244898
Flute,Chromatic Scale,75.162993197,40.542040816,115.705034013
Flute,Major Scales,123.065759637,91.393741497,214.459501134
Flute,Sight-Reading,218.174693878,43.003356009,261.178049887
