Instrument,ScoreGroup,Start,Duration,End
Xylophone,Mallet Etude,15.934694,55.118367,71.053061
Snare Drum,Snare Etude,78.106122,63.477551,141.583673
Timpani,Timpani Etude,145.893878,83.722449,229.616327
Xylophone,Chromatic Scale,236.930612,11.885714,248.816326
Xylophone,Major Scales,255.477551,55.379592,310.857143
Xylophone,Sight-Reading,316.348662,143.5922,459.940862
Snare Drum,Sight-Reading,466.442449,34.551293,500.993742
