Instrument,ScoreGroup,Start,Duration,End
Bb Clarinet,Lyrical Etude,11.609977324,113.313378685,124.923356009
Bb Clarinet,Technical Etude,131.424943311,35.294331066,166.71927437699998
Bb Clarinet,Chromatic Scale,178.793650794,16.718367347,195.512018141
Bb Clarinet,Major Scales,206.657596372,110.062585034,316.720181406
Bb Clarinet,Sight-Reading,321.364172336,55.727891156,377.092063492
