Instrument,ScoreGroup,Start,Duration,End
Flute,Lyrical Etude,10.76244898,28.68244898,39.44489796
Flute,Technical Etude,42.893061224,31.503673469,74.396734693
Flute,Chromatic Scale,79.690884354,34.620952381,114.31183673500001
Flute,Major Scales,120.372244898,98.847346939,219.219591837
Flute,Sight-Reading,224.165442177,43.537414966,267.70285714299996
