Instrument,ScoreGroup,Start,Duration,End
Flute,Lyrical Etude,13.88553288,49.667482993,63.553015873
Flute,Technical Etude,70.008163265,41.30829932,111.316462585
Flute,Chromatic Scale,116.657052154,19.040362812,135.697414966
Flute,Major Scales,141.293424036,104.582675737,245.87609977300002
Flute,Sight-Reading,251.959727891,50.271201814,302.230929705
