Instrument,ScoreGroup,Start,Duration,End
Bb Clarinet,Lyrical Etude,16.935612,93.106483,110.04209499999999
Bb Clarinet,Technical Etude,118.076665,39.700226,157.776891
Bb Clarinet,Chromatic Scale,168.174569,11.342922,179.51749099999998
Bb Clarinet,Major Scales,188.497304,119.5733,308.070604
Bb Clarinet,Sight-Reading,315.159931,61.440826,376.600757
