Instrument,ScoreGroup,Start,Duration,End
Flute,Lyrical Etude,14.303492,51.919819,66.223311
Flute,Technical Etude,69.845624,59.350204,129.195828
Flute,Chromatic Scale,135.047256,41.981678,177.028934
Flute,Major Scales,185.573878,99.474286,285.04816400000004
Flute,Sight-Reading,294.243265,69.381224,363.62448900000004
