Instrument,ScoreGroup,Start,Duration,End
Flute,Lyrical Etude,10.03102,108.112109,118.143129
Flute,Technical Etude,122.601361,41.981678,164.58303899999999
Flute,Chromatic Scale,170.155828,14.117732,184.27356
Flute,Major Scales,191.332426,101.796281,293.12870699999996
Flute,Sight-Reading,297.21542,45.325351,342.540771
