Instrument,ScoreGroup,Start,Duration,End
Flute,Lyrical Etude,12.283356009,55.008072562,67.291428571
Flute,Technical Etude,73.282176871,24.03845805,97.320634921
Flute,Chromatic Scale,105.58984127,11.865396825,117.455238095
Flute,Major Scales,125.196190476,119.217052154,244.41324263
Flute,Sight-Reading,252.70276644,96.786575964,349.489342404
