Instrument,ScoreGroup,Start,Duration,End
Xylophone,Mallet Etude,12.445896,61.2078,73.653696
Snare Drum,Snare Etude,79.226485,47.925986,127.15247099999999
Timpani,Timpani Etude,131.918367,80.979592,212.897959
Xylophone,Chromatic Scale,221.843447,9.705941,231.549388
Xylophone,Major Scales,239.934694,82.416327,322.351021
Xylophone,Sight-Reading,331.209433,136.719093,467.928526
Snare Drum,Sight-Reading,478.981224,44.396553,523.377777
