Instrument,ScoreGroup,Start,Duration,End
Bb Clarinet,Lyrical Etude,15.975328798,54.056054422,70.03138322000001
Bb Clarinet,Technical Etude,79.296145125,58.607165533,137.903310658
Bb Clarinet,Chromatic Scale,148.282630385,18.854603175,167.13723356
Bb Clarinet,Major Scales,175.420952381,142.785306122,318.206258503
Bb Clarinet,Sight-Reading,325.74984127,106.373514739,432.12335600899996
