Instrument,ScoreGroup,Start,Duration,End
Bb Clarinet,Lyrical Etude,17.159546,94.574875,111.734421
Bb Clarinet,Technical Etude,117.214331,169.900408,287.114739
Bb Clarinet,Chromatic Scale,296.98322,16.184308,313.167528
Bb Clarinet,Major Scales,330.350295,95.573333,425.923628
Bb Clarinet,Sight-Reading,432.216236,67.082449,499.298685
