Instrument,ScoreGroup,Start,Duration,End
Alto Saxophone,Lyrical Etude,15.952108843,60.116462585,76.068571428
Alto Saxophone,Technical Etude,80.433922902,21.849977324,102.28390022600001
Alto Saxophone,Chromatic Scale,110.526984121,15.48770975,126.01469387099999
Alto Saxophone,Major Scales,134.164897951,82.175419501,216.340317452
Alto Saxophone,Sight-Reading,224.188662131,64.992653061,289.181315192
