Instrument,ScoreGroup,Start,Duration,End
Xylophone,Mallet Etude,17.438186,48.738685,66.176871
Snare Drum,Snare Etude,76.277551,44.257234,120.534785
Timpani,Timpani Etude,129.637007,51.525079,181.16208600000002
Xylophone,Chromatic Scale,192.168345,8.103764,200.272109
Xylophone,Major Scales,210.721088,78.947846,289.66893400000004
Xylophone,Sight-Reading,302.347029,108.530068,410.87709700000005
Snare Drum,Sight-Reading,423.346213,31.323719,454.66993199999996
