Instrument,ScoreGroup,Start,Duration,End
Flute,Lyrical Etude,12.631655,62.229478,74.861133
Flute,Technical Etude,81.362721,24.706032,106.06875299999999
Flute,Chromatic Scale,113.313379,15.046531,128.35990999999999
Flute,Major Scales,135.418776,107.183311,242.602087
Flute,Sight-Reading,250.589751,50.155102,300.74485300000003
