Instrument,ScoreGroup,Start,Duration,End
Flute,Lyrical Etude,14.767891156,98.359727891,113.12761904700001
Flute,Technical Etude,119.53632653,23.405714285,142.94204081499998
Flute,Chromatic Scale,154.923537414,15.603809523,170.527346937
Flute,Major Scales,180.837006802,97.802448979,278.639455781
Flute,Sight-Reading,283.933605442,46.811428571,330.745034013
