Instrument,ScoreGroup,Start,Duration,End
Alto Saxophone,Lyrical Etude,13.049614512,46.463129251,59.512743762999996
Alto Saxophone,Technical Etude,66.594829931,20.294240362,86.889070293
Alto Saxophone,Chromatic Scale,96.06095238,12.585215419,108.64616779900001
Alto Saxophone,Major Scales,116.796371881,67.03600907,183.832380951
Alto Saxophone,Sight-Reading,189.823129251,46.625668934,236.44879818500002
