Instrument,ScoreGroup,Start,Duration,End
Flute,Lyrical Etude,12.863854875,49.946122449,62.809977324
Flute,Technical Etude,67.105668934,28.879818594,95.985487528
Flute,Chromatic Scale,102.817959184,33.80244898,136.620408164
Flute,Major Scales,143.151020408,109.087346939,252.238367347
Flute,Sight-Reading,257.358367347,58.340136054,315.69850340100004
