Instrument,ScoreGroup,Start,Duration,End
Bb Clarinet,Lyrical Etude,14.117732426,88.978866213,103.096598639
Bb Clarinet,Technical Etude,108.29786848,55.913650793,164.21151927300002
Bb Clarinet,Chromatic Scale,169.041269841,14.303492063,183.344761904
Bb Clarinet,Major Scales,188.731791383,106.254512471,294.98630385399997
Bb Clarinet,Sight-Reading,300.001814058,66.130430839,366.13224489699996
