Instrument,ScoreGroup,Start,Duration,End
Flute,Lyrical Etude,10.03102,75.546122,85.577142
Flute,Technical Etude,89.129796,50.050612,139.180408
Flute,Chromatic Scale,144.927347,15.777959,160.705306
Flute,Major Scales,166.556735,113.371429,279.92816400000004
Flute,Sight-Reading,284.525714,53.916735,338.442449
