Instrument,ScoreGroup,Start,Duration,End
Alto Saxophone,Lyrical Etude,15.092970522,40.344671202,55.437641724
Alto Saxophone,Technical Etude,63.065396825,76.532970522,139.598367347
Alto Saxophone,Chromatic Scale,146.35537415,8.707482993,155.06285714299997
Alto Saxophone,Major Scales,164.954557823,86.842630385,251.797188208
Alto Saxophone,Sight-Reading,258.977959184,35.265306122,294.243265306
