Instrument,ScoreGroup,Start,Duration,End
Bb Clarinet,Lyrical Etude,12.631655,63.344036,75.975691
Bb Clarinet,Technical Etude,80.248163,23.034195,103.282358
Bb Clarinet,Chromatic Scale,109.583673,13.420408,123.004081
Bb Clarinet,Major Scales,129.044898,103.706122,232.75101999999998
Bb Clarinet,Sight-Reading,239.281633,39.183673,278.465306
