Instrument,ScoreGroup,Start,Duration,End
Bb Clarinet,Lyrical Etude,15.789569,96.409252,112.198821
Bb Clarinet,Technical Etude,123.06576,31.857778,154.923538
Bb Clarinet,Chromatic Scale,164.490159,12.724535,177.214694
Bb Clarinet,Major Scales,189.66059,120.000726,309.661316
Bb Clarinet,Sight-Reading,315.95102,55.379592,371.33061200000003
