Instrument,ScoreGroup,Start,Duration,End
Bb Clarinet,Lyrical Etude,12.88707483,94.50521542,107.39229025
Bb Clarinet,Technical Etude,113.197278912,44.117913832,157.315192744
Bb Clarinet,Chromatic Scale,163.584580499,13.699773243,177.284353742
Bb Clarinet,Major Scales,182.97324263,106.626031746,289.599274376
Bb Clarinet,Sight-Reading,294.429024943,44.814512472,339.243537415
