Instrument,ScoreGroup,Start,Duration,End
Xylophone,Mallet Etude,13.159184,35.062993,48.222177
Snare Drum,Snare Etude,55.477551,72.748005,128.225556
Timpani,Timpani Etude,134.106122,58.171995,192.278117
Xylophone,Chromatic Scale,201.306122,8.047596,209.353718
Xylophone,Major Scales,221.028571,97.93,318.958571
Xylophone,Sight-Reading,322.47873,25.386009,347.864739
Snare Drum,Sight-Reading,354.429388,42.336009,396.765397
