Instrument,ScoreGroup,Start,Duration,End
Bb Clarinet,Lyrical Etude,16.53260771,110.712743764,127.24535147399999
Bb Clarinet,Technical Etude,135.41877551,33.622494331,169.04126984099997
Bb Clarinet,Chromatic Scale,177.586213152,12.074376417,189.660589569
Bb Clarinet,Major Scales,196.533696145,101.239002268,297.772698413
Bb Clarinet,Sight-Reading,304.065306122,52.709297052,356.774603174
