Instrument,ScoreGroup,Start,Duration,End
Bb Clarinet,Lyrical Etude,8.707482993,51.037460317,59.74494331
Bb Clarinet,Technical Etude,63.230839002,31.875192744,95.106031746
Bb Clarinet,Chromatic Scale,100.693333333,12.637460317,113.33079365
Bb Clarinet,Major Scales,118.349206349,114.070929705,232.420136054
Bb Clarinet,Sight-Reading,235.206530612,59.193469388,294.4
