Instrument,ScoreGroup,Start,Duration,End
Bb Clarinet,Lyrical Etude,16.509388,64.783673,81.293061
Bb Clarinet,Technical Etude,87.817868,80.526803,168.344671
Bb Clarinet,Chromatic Scale,175.798277,19.017143,194.81542000000002
Bb Clarinet,Major Scales,202.988844,76.62585,279.614694
Bb Clarinet,Sight-Reading,287.416599,36.432109,323.848708
