Instrument,ScoreGroup,Start,Duration,End
Flute,Lyrical Etude,10.89015873,50.874920635,61.765079365000005
Flute,Technical Etude,66.641269841,23.893333333,90.534603174
Flute,Chromatic Scale,99.149206349,13.328253968,112.477460317
Flute,Major Scales,120.604444444,96.386031746,216.99047618999998
Flute,Sight-Reading,221.866666667,33.158095238,255.024761905
