Instrument,ScoreGroup,Start,Duration,End
Trumpet,Lyrical Etude,16.430422,69.587669,86.018091
Trumpet,Technical Etude,91.817063,36.132059,127.949122
Trumpet,Chromatic Scale,134.194169,13.382244,147.576413
Trumpet,Major Scales,161.404732,114.641224,276.045956
Trumpet,Sight-Reading,287.197826,66.91122,354.10904600000003
