Instrument,ScoreGroup,Start,Duration,End
Bb Clarinet,Lyrical Etude,10.866938776,111.455782313,122.322721089
Bb Clarinet,Technical Etude,128.034829932,47.066848073,175.101678005
Bb Clarinet,Chromatic Scale,181.67292517,12.051156463,193.72408163300003
Bb Clarinet,Major Scales,200.272108844,113.94031746,314.212426304
Bb Clarinet,Sight-Reading,319.645895692,67.755827664,387.401723356
