Instrument,ScoreGroup,Start,Duration,End
Alto Saxophone,Lyrical Etude,12.759365079,56.563809523,69.32317460200001
Alto Saxophone,Technical Etude,75.906031746,27.144126984,103.05015872999999
Alto Saxophone,Chromatic Scale,108.739047619,9.346031746,118.085079365
Alto Saxophone,Major Scales,122.462040816,91.11510204,213.577142856
Alto Saxophone,Sight-Reading,217.478095238,43.049795918,260.527891156
