Instrument,ScoreGroup,Start,Duration,End
Trumpet,Lyrical Etude,14.628571428,37.093877551,51.722448979
Trumpet,Technical Etude,57.730612244,30.302040816,88.03265306
Trumpet,Chromatic Scale,98.220408163,21.942857142,120.16326530500001
Trumpet,Major Scales,130.612244897,72.359183673,202.97142857
Trumpet,Sight-Reading,208.979591836,57.991836734,266.97142857
