Instrument,ScoreGroup,Start,Duration,End
Bb Clarinet,Lyrical Etude,15.804081632,53.942857142,69.746938774
Bb Clarinet,Technical Etude,81.763265306,27.559183673,109.322448979
Bb Clarinet,Chromatic Scale,122.906122448,13.844897959,136.751020407
Bb Clarinet,Major Scales,146.93877551,103.053061224,249.991836734
Bb Clarinet,Sight-Reading,257.697959183,52.114285714,309.812244897
