Instrument,ScoreGroup,Start,Duration,End
Bb Clarinet,Lyrical Etude,10.739229025,56.134240363,66.873469388
Bb Clarinet,Technical Etude,73.200907029,31.811337868,105.012244897
Bb Clarinet,Chromatic Scale,114.532426304,14.976870748,129.509297052
Bb Clarinet,Major Scales,137.810430839,84.346485261,222.1569161
Bb Clarinet,Sight-Reading,228.948752834,48.239455782,277.188208616
