Instrument,ScoreGroup,Start,Duration,End
Alto Saxophone,Lyrical Etude,14.698231293,54.265034014,68.963265307
Alto Saxophone,Technical Etude,75.186213152,32.925895692,108.11210884399999
Alto Saxophone,Chromatic Scale,115.867573696,9.102222222,124.96979591799999
Alto Saxophone,Major Scales,130.82122449,89.907664399,220.728888889
Alto Saxophone,Sight-Reading,228.321814059,38.846984127,267.168798186
