Instrument,ScoreGroup,Start,Duration,End
Bb Clarinet,Lyrical Etude,11.75510204,157.257142857,169.012244897
Bb Clarinet,Technical Etude,173.714285714,61.648979591,235.363265305
Bb Clarinet,Chromatic Scale,242.15510204,14.628571428,256.783673468
Bb Clarinet,Major Scales,262.791836734,115.722448979,378.51428571300005
Bb Clarinet,Sight-Reading,382.95510204,41.273469387,424.22857142699996
