Instrument,ScoreGroup,Start,Duration,End
Bb Clarinet,Lyrical Etude,11.776,112.810666666,124.586666666
Bb Clarinet,Technical Etude,133.973333333,67.072,201.045333333
Bb Clarinet,Chromatic Scale,211.968,12.288,224.256
Bb Clarinet,Major Scales,236.373333333,105.984,342.357333333
Bb Clarinet,Sight-Reading,350.890666666,57.514666666,408.405333332
