Instrument,ScoreGroup,Start,Duration,End
Alto Saxophone,Lyrical Etude,9.19510204,58.723265306,67.918367346
Alto Saxophone,Technical Etude,72.777142857,19.644081632,92.421224489
Alto Saxophone,Chromatic Scale,100.519183673,10.344489795,110.863673468
Alto Saxophone,Major Scales,117.080816326,82.546938775,199.627755101
Alto Saxophone,Sight-Reading,206.57632653,44.617142857,251.193469387
