Instrument,ScoreGroup,Start,Duration,End
Flute,Lyrical Etude,9.287981859,60.650521541,69.9385034
Flute,Technical Etude,74.025215419,26.563628117,100.58884353600001
Flute,Chromatic Scale,107.554829931,40.681360544,148.236190475
Flute,Major Scales,154.366258503,95.851972789,250.218231292
Flute,Sight-Reading,255.512380952,55.309931972,310.822312924
