Instrument,ScoreGroup,Start,Duration,End
Bb Clarinet,Lyrical Etude,10.187755102,57.469387755,67.657142857
Bb Clarinet,Technical Etude,73.665306122,47.020408163,120.685714285
Bb Clarinet,Chromatic Scale,128.261224489,18.546938775,146.808163264
Bb Clarinet,Major Scales,155.297959183,78.889795918,234.187755101
Bb Clarinet,Sight-Reading,238.497959183,60.212244897,298.71020408
