Instrument,ScoreGroup,Start,Duration,End
Flute,Lyrical Etude,9.142857,27.95102,37.093877
Flute,Technical Etude,41.795918,27.559184,69.355102
Flute,Chromatic Scale,76.8,18.938776,95.738776
Flute,Major Scales,103.468118,77.647528,181.115646
Flute,Sight-Reading,186.874195,44.953832,231.828027
