Instrument,ScoreGroup,Start,Duration,End
Alto Saxophone,Lyrical Etude,7.29106576,51.455419501,58.746485261000004
Alto Saxophone,Technical Etude,61.114920635,45.371791383,106.48671201799999
Alto Saxophone,Chromatic Scale,110.085804989,10.216780045,120.302585034
Alto Saxophone,Major Scales,122.601360544,103.677097506,226.27845804999998
Alto Saxophone,Sight-Reading,228.902312925,55.124172336,284.026485261
