Instrument,ScoreGroup,Start,Duration,End
Bb Clarinet,Lyrical Etude,9.833650794,48.843174603,58.676825397
Bb Clarinet,Technical Etude,62.984126984,34.295873016,97.28
Bb Clarinet,Chromatic Scale,104.838095238,19.017142857,123.85523809499999
Bb Clarinet,Major Scales,131.308843537,81.385941043,212.69478458
Bb Clarinet,Sight-Reading,218.070204082,56.528979592,274.599183674
