Instrument,ScoreGroup,Start,Duration,End
Trumpet,Lyrical Etude,9.404081632,51.2,60.604081632
Trumpet,Technical Etude,65.567346938,21.942857142,87.51020408
Trumpet,Chromatic Scale,93.715736961,10.634739229,104.35047619000001
Trumpet,Major Scales,112.522448979,66.808163265,179.330612244
Trumpet,Sight-Reading,185.273469387,34.742857142,220.016326529
