Instrument,ScoreGroup,Start,Duration,End
Alto Saxophone,Lyrical Etude,15.464489795,49.214693877,64.67918367200001
Alto Saxophone,Technical Etude,68.85877551,25.704489795,94.563265305
Alto Saxophone,Chromatic Scale,101.87755102,10.135510204,112.013061224
Alto Saxophone,Major Scales,119.118367346,120.999183673,240.11755101900002
Alto Saxophone,Sight-Reading,247.327346938,48.587755102,295.91510204
