Instrument,ScoreGroup,Start,Duration,End
Alto Saxophone,Lyrical Etude,13.769433,41.0761,54.845532999999996
Alto Saxophone,Technical Etude,61.37034,23.382494,84.75283400000001
Alto Saxophone,Chromatic Scale,93.251338,12.167256,105.418594
Alto Saxophone,Major Scales,114.776236,93.042358,207.818594
Alto Saxophone,Sight-Reading,229.947211,44.001814,273.949025
