Instrument,ScoreGroup,Start,Duration,End
Alto Saxophone,Lyrical Etude,14.164172335,44.303673469,58.46784580400001
Alto Saxophone,Technical Etude,64.806893424,20.526439909,85.333333333
Alto Saxophone,Chromatic Scale,95.434013605,12.213696145,107.64770975
Alto Saxophone,Major Scales,116.587392291,64.73723356,181.324625851
Alto Saxophone,Sight-Reading,188.104852601,55.936870748,244.041723349
