Instrument,ScoreGroup,Start,Duration,End
Xylophone,Mallet Etude,14.889796,45.518367,60.408163
Snare Drum,Snare Etude,69.159184,50.546939,119.70612299999999
Timpani,Timpani Etude,126.502313,80.805442,207.307755
Xylophone,Chromatic Scale,217.17551,10.155102,227.330612
Xylophone,Major Scales,239.281633,86.595918,325.877551
Xylophone,Sight-Reading,336.783673,51.722449,388.506122
Snare Drum,Sight-Reading,400.544218,34.504853,435.049071
