Instrument,ScoreGroup,Start,Duration,End
Bb Clarinet,Lyrical Etude,9.183492063,62.415238095,71.598730158
Bb Clarinet,Technical Etude,75.255873016,31.288888889,106.544761905
Bb Clarinet,Chromatic Scale,112.883809524,21.211428571,134.095238095
Bb Clarinet,Major Scales,139.389387755,77.043809524,216.433197279
Bb Clarinet,Sight-Reading,221.657687075,61.648979592,283.306666667
