Instrument,ScoreGroup,Start,Duration,End
Trumpet,Lyrical Etude,11.145578231,51.641179138,62.786757369
Trumpet,Technical Etude,69.659863945,29.72154195,99.381405895
Trumpet,Chromatic Scale,106.068752834,14.860770975,120.92952380899999
Trumpet,Major Scales,128.731428571,54.427573696,183.159002267
Trumpet,Sight-Reading,189.660589569,36.408888888,226.069478457
