Instrument,ScoreGroup,Start,Duration,End
Bb Clarinet,Lyrical Etude,12.144036281,108.34430839,120.488344671
Bb Clarinet,Technical Etude,126.223673469,56.14585034,182.36952380900001
Bb Clarinet,Chromatic Scale,189.799909297,12.2369161,202.036825397
Bb Clarinet,Major Scales,207.563174603,112.384580499,319.947755102
Bb Clarinet,Sight-Reading,325.427664399,63.73877551,389.16643990899996
