Instrument,ScoreGroup,Start,Duration,End
Alto Saxophone,Lyrical Etude,17.507845804,51.269659863,68.777505667
Alto Saxophone,Technical Etude,77.995827664,22.7323356,100.728163264
Alto Saxophone,Chromatic Scale,108.646167801,12.260136054,120.906303855
Alto Saxophone,Major Scales,128.290249431,62.531337868,190.82158729900002
Alto Saxophone,Sight-Reading,199.529070291,82.477278911,282.006349202
