Instrument,ScoreGroup,Start,Duration,End
Flute,Lyrical Etude,13.165714286,63.73877551,76.90448979600001
Flute,Technical Etude,84.683174603,69.404444444,154.087619047
Flute,Chromatic Scale,163.607800454,20.526439909,184.134240363
Flute,Major Scales,192.818503401,151.208344671,344.026848072
Flute,Sight-Reading,351.550113379,61.765079365,413.315192744
