Instrument,ScoreGroup,Start,Duration,End
Flute,Lyrical Etude,8.637823129,181.115646258,189.753469387
Flute,Technical Etude,192.261224489,30.928979591,223.19020408
Flute,Chromatic Scale,229.041632653,15.325170068,244.366802721
Flute,Major Scales,251.054149659,115.356734693,366.410884352
Flute,Sight-Reading,367.664761904,50.712380952,418.377142856
