Instrument,ScoreGroup,Start,Duration,End
Bb Clarinet,Lyrical Etude,15.000090703,72.306938776,87.307029479
Bb Clarinet,Technical Etude,95.550113379,35.062131519,130.612244898
Bb Clarinet,Chromatic Scale,139.482267574,11.981496599,151.463764173
Bb Clarinet,Major Scales,162.121723356,102.74829932,264.87002267599996
Bb Clarinet,Sight-Reading,271.510929705,35.874829932,307.38575963700004
