Instrument,ScoreGroup,Start,Duration,End
Alto Saxophone,Lyrical Etude,13.061224489,68.963265306,82.024489795
Alto Saxophone,Technical Etude,87.875918367,76.27755102,164.153469387
Alto Saxophone,Chromatic Scale,170.527346938,9.299591836,179.82693877399998
Alto Saxophone,Major Scales,186.200816326,93.622857142,279.823673468
Alto Saxophone,Sight-Reading,284.734693877,51.931428571,336.666122448
