Instrument,ScoreGroup,Start,Duration,End
Alto Saxophone,Lyrical Etude,11.308117914,45.348571429,56.656689343000004
Alto Saxophone,Technical Etude,59.907482993,30.162721088,90.070204081
Alto Saxophone,Chromatic Scale,99.056326531,13.560453515,112.616780046
Alto Saxophone,Major Scales,120.604444444,74.048435374,194.65287981799997
Alto Saxophone,Sight-Reading,198.739591837,44.350113379,243.089705216
