Instrument,ScoreGroup,Start,Duration,End
Bb Clarinet,Lyrical Etude,11.981496599,47.508027211,59.489523809999994
Bb Clarinet,Technical Etude,65.619591837,25.634829932,91.254421769
Bb Clarinet,Chromatic Scale,97.80244898,14.071292517,111.873741497
Bb Clarinet,Major Scales,118.003809524,85.681632653,203.685442177
Bb Clarinet,Sight-Reading,209.258231293,51.826938776,261.085170069
