Instrument,ScoreGroup,Start,Duration,End
Bb Clarinet,Lyrical Etude,13.165714286,103.653877551,116.81959183699999
Bb Clarinet,Technical Etude,120.372244898,22.987755102,143.36
Bb Clarinet,Chromatic Scale,148.166530612,21.733877551,169.900408163
Bb Clarinet,Major Scales,177.841632653,94.040816327,271.88244898
Bb Clarinet,Sight-Reading,275.644081633,38.034285714,313.678367347
