Instrument,ScoreGroup,Start,Duration,End
Bb Clarinet,Lyrical Etude,16.973786848,85.194013605,102.167800453
Bb Clarinet,Technical Etude,109.319546485,59.605623583,168.925170068
Bb Clarinet,Chromatic Scale,177.145034014,12.608435374,189.753469388
Bb Clarinet,Major Scales,196.51047619,119.768526077,316.279002267
Bb Clarinet,Sight-Reading,323.755827664,64.040634921,387.796462585
