Instrument,ScoreGroup,Start,Duration,End
Flute,Lyrical Etude,15.418049887,39.566802721,54.984852608000004
Flute,Technical Etude,60.859501134,31.532698413,92.39219954699999
Flute,Chromatic Scale,100.495963719,12.399455782,112.895419501
Flute,Major Scales,119.629206349,100.658503401,220.28770975
Flute,Sight-Reading,225.93015873,50.015782313,275.945941043
