Instrument,ScoreGroup,Start,Duration,End
Flute,Lyrical Etude,12.817414965,48.483265306,61.300680271
Flute,Technical Etude,67.709387755,21.176598639,88.885986394
Flute,Chromatic Scale,95.573333333,13.653333333,109.226666666
Flute,Major Scales,116.192653061,105.047074829,221.23972788999998
Flute,Sight-Reading,225.419319727,44.025034013,269.44435374
