Instrument,ScoreGroup,Start,Duration,End
Alto Saxophone,Lyrical Etude,7.941224489,50.886530612,58.827755101
Alto Saxophone,Technical Etude,63.007346938,27.585306122,90.59265306
Alto Saxophone,Chromatic Scale,95.294693877,11.389387755,106.684081632
Alto Saxophone,Major Scales,112.222040816,58.200816326,170.422857142
Alto Saxophone,Sight-Reading,174.184489795,31.451428571,205.635918366
