Instrument,ScoreGroup,Start,Duration,End
Bb Clarinet,Lyrical Etude,9.676103,101.96498,111.641083
Bb Clarinet,Technical Etude,120.910627,48.299201,169.20982800000002
Bb Clarinet,Chromatic Scale,177.50363,24.881407,202.38503699999998
Bb Clarinet,Major Scales,210.190969,120.991939,331.182908
Bb Clarinet,Sight-Reading,336.061614,51.714296,387.77591
