Instrument,ScoreGroup,Start,Duration,End
Bb Clarinet,Lyrical Etude,14.953650794,131.332063492,146.285714286
Bb Clarinet,Technical Etude,154.087619048,31.532698413,185.62031746099998
Bb Clarinet,Chromatic Scale,193.422222222,14.628571429,208.050793651
Bb Clarinet,Major Scales,215.852698413,122.22984127,338.082539683
Bb Clarinet,Sight-Reading,343.283809524,68.916825397,412.20063492099996
