Instrument,ScoreGroup,Start,Duration,End
Xylophone,Mallet Etude,15.51093,41.517279,57.028209000000004
Snare Drum,Snare Etude,64.830113,79.598005,144.42811799999998
Timpani,Timpani Etude,151.022585,50.340862,201.363447
Xylophone,Chromatic Scale,211.673107,9.380862,221.053969
Xylophone,Major Scales,229.041633,110.898503,339.940136
Xylophone,Sight-Reading,347.742041,79.876644,427.61868499999997
Snare Drum,Sight-Reading,431.148118,39.381043,470.529161
