Instrument,ScoreGroup,Start,Duration,End
Trumpet,Lyrical Etude,10.448979591,39.984761904,50.43374149500001
Trumpet,Technical Etude,54.474013605,28.003265306,82.477278911
Trumpet,Chromatic Scale,90.975782312,10.309659863,101.28544217500001
Trumpet,Major Scales,107.972789115,68.68462585,176.657414965
Trumpet,Sight-Reading,184.32,35.66585034,219.98585033999998
