Instrument,ScoreGroup,Start,Duration,End
Trumpet,Lyrical Etude,13.061224489,47.542857142,60.604081631
Trumpet,Technical Etude,65.828571428,32.914285714,98.742857142
Trumpet,Chromatic Scale,105.604353741,10.402539682,116.006893423
Trumpet,Major Scales,124.865306122,60.995918367,185.861224489
Trumpet,Sight-Reading,192.0,42.710204081,234.710204081
