Instrument,ScoreGroup,Start,Duration,End
Bb Clarinet,Lyrical Etude,9.148662132,119.280907029,128.42956916100002
Bb Clarinet,Technical Etude,133.189659864,51.803718821,184.99337868499998
Bb Clarinet,Chromatic Scale,192.098684807,12.004716553,204.10340136000002
Bb Clarinet,Major Scales,211.464126984,117.725170068,329.189297052
Bb Clarinet,Sight-Reading,334.390566893,48.599365079,382.989931972
