Instrument,ScoreGroup,Start,Duration,End
Bb Clarinet,Lyrical Etude,19.226122449,48.483265306,67.709387755
Bb Clarinet,Technical Etude,76.62585034,29.535782313,106.161632653
Bb Clarinet,Chromatic Scale,113.684897959,16.718367347,130.403265306
Bb Clarinet,Major Scales,137.926530612,75.232653061,213.15918367299997
Bb Clarinet,Sight-Reading,218.267573696,57.121088435,275.388662131
