Instrument,ScoreGroup,Start,Duration,End
Xylophone,Mallet Etude,14.257052,67.453968,81.71102
Snare Drum,Snare Etude,86.703311,38.916644,125.619955
Timpani,Timpani Etude,132.353741,54.125714,186.47945500000003
Xylophone,Chromatic Scale,192.725624,11.284898,204.010522
Xylophone,Major Scales,209.97805,87.724989,297.703039
Xylophone,Sight-Reading,305.040544,54.822313,359.862857
Snare Drum,Sight-Reading,366.526984,23.336054,389.863038
