Instrument,ScoreGroup,Start,Duration,End
Flute,Lyrical Etude,10.216780045,57.121088435,67.33786848
Flute,Technical Etude,70.472562358,51.664399093,122.136961451
Flute,Chromatic Scale,128.52244898,58.978684807,187.50113378700001
Flute,Major Scales,194.676099773,122.22984127,316.905941043
Flute,Sight-Reading,326.844081633,79.133605442,405.97768707499995
