Instrument,ScoreGroup,Start,Duration,End
Bb Clarinet,Lyrical Etude,8.54494331,47.182947845,55.727891155
Bb Clarinet,Technical Etude,62.415238095,43.746394557,106.16163265200001
Bb Clarinet,Chromatic Scale,112.94185941,16.161088435,129.10294784500002
Bb Clarinet,Major Scales,136.533333333,64.272834467,200.8061678
Bb Clarinet,Sight-Reading,205.357278911,44.953832199,250.31111111
