Instrument,ScoreGroup,Start,Duration,End
Bb Clarinet,Lyrical Etude,11.102041,80.718367,91.820408
Bb Clarinet,Technical Etude,99.004082,21.681633,120.685715
Bb Clarinet,Chromatic Scale,131.134694,16.195918,147.330612
Bb Clarinet,Major Scales,156.473469,91.820408,248.293877
Bb Clarinet,Sight-Reading,255.346939,54.857143,310.20408199999997
