Instrument,ScoreGroup,Start,Duration,End
Alto Saxophone,Lyrical Etude,9.473741496,41.517278911,50.991020407
Alto Saxophone,Technical Etude,55.031292517,31.207619047,86.238911564
Alto Saxophone,Chromatic Scale,91.254421768,14.4892517,105.743673468
Alto Saxophone,Major Scales,112.988299319,63.111836734,176.100136053
Alto Saxophone,Sight-Reading,179.861768707,47.50802721,227.369795917
