Instrument,ScoreGroup,Start,Duration,End
Flute,Lyrical Etude,12.654875283,51.664399093,64.319274376
Flute,Technical Etude,72.968707483,40.286621315,113.255328798
Flute,Chromatic Scale,120.75537415,12.469115646,133.224489796
Flute,Major Scales,142.628571429,94.772244898,237.400816327
Flute,Sight-Reading,241.650068027,45.487891156,287.137959183
