Instrument,ScoreGroup,Start,Duration,End
Flute,Lyrical Etude,13.779592,29.257143,43.036735
Flute,Technical Etude,51.591837,28.604082,80.195919
Flute,Chromatic Scale,90.514286,17.763265,108.277551
Flute,Major Scales,119.257687,95.108934,214.366621
Flute,Sight-Reading,222.354286,39.381043,261.735329
