Instrument,ScoreGroup,Start,Duration,End
Bb Clarinet,Lyrical Etude,14.83755102,70.519002268,85.35655328799999
Bb Clarinet,Technical Etude,90.604263039,45.046712018,135.650975057
Bb Clarinet,Chromatic Scale,138.646349206,14.071292517,152.71764172299999
Bb Clarinet,Major Scales,159.033469388,122.183401361,281.216870749
Bb Clarinet,Sight-Reading,285.024943311,41.517278912,326.542222223
