Instrument,ScoreGroup,Start,Duration,End
Bb Clarinet,Lyrical Etude,12.212245,47.15102,59.363265
Bb Clarinet,Technical Etude,64.718367,27.036735,91.755102
Bb Clarinet,Chromatic Scale,99.526531,14.106122,113.632653
Bb Clarinet,Major Scales,121.469388,85.55102,207.02040799999997
Bb Clarinet,Sight-Reading,212.506122,47.673469,260.179591
