Instrument,ScoreGroup,Start,Duration,End
Flute,Lyrical Etude,13.374694,111.827302,125.20199600000001
Flute,Technical Etude,132.632381,43.096236,175.728617
Flute,Chromatic Scale,182.787483,11.517098,194.304581
Flute,Major Scales,200.991927,94.737415,295.729342
Flute,Sight-Reading,302.04517,47.182948,349.228118
