Instrument,ScoreGroup,Start,Duration,End
Flute,Lyrical Etude,12.213696145,51.525079365,63.73877551
Flute,Technical Etude,67.871927438,32.763356009,100.635283447
Flute,Chromatic Scale,107.99600907,15.83600907,123.83201814
Flute,Major Scales,131.494603175,115.728253968,247.222857143
Flute,Sight-Reading,253.167165533,55.79755102,308.964716553
