Instrument,ScoreGroup,Start,Duration,End
Bb Clarinet,Lyrical Etude,13.975510204,43.493877551,57.469387755
Bb Clarinet,Technical Etude,64.130612244,49.110204081,113.240816325
Bb Clarinet,Chromatic Scale,120.032653061,19.461224489,139.49387755
Bb Clarinet,Major Scales,149.028571428,90.644897959,239.673469387
Bb Clarinet,Sight-Reading,245.028571428,56.685714285,301.714285713
