Instrument,ScoreGroup,Start,Duration,End
Bb Clarinet,Lyrical Etude,16.718367346,54.613333333,71.331700679
Bb Clarinet,Technical Etude,76.347210884,45.696870748,122.044081632
Bb Clarinet,Chromatic Scale,131.517823129,26.192108843,157.709931972
Bb Clarinet,Major Scales,168.205351473,102.446439909,270.651791382
Bb Clarinet,Sight-Reading,279.568253968,107.740589569,387.30884353700003
