Instrument,ScoreGroup,Start,Duration,End
Flute,Lyrical Etude,11.145578,51.4322,62.577778
Flute,Technical Etude,68.963265,23.568254,92.531519
Flute,Chromatic Scale,99.033107,11.261678,110.294785
Flute,Major Scales,115.983673,98.684807,214.66848
Flute,Sight-Reading,219.312472,47.252608,266.56508
