Instrument,ScoreGroup,Start,Duration,End
Flute,Lyrical Etude,13.490793651,60.220952381,73.711746032
Flute,Technical Etude,80.457142857,41.528888889,121.986031746
Flute,Chromatic Scale,131.250793651,10.727619048,141.97841269900002
Flute,Major Scales,151.045804989,100.078004535,251.12380952400002
Flute,Sight-Reading,257.834376417,47.461587302,305.295963719
