Instrument,ScoreGroup,Start,Duration,End
Flute,Lyrical Etude,13.653333333,53.49877551,67.15210884300001
Flute,Technical Etude,71.610340136,22.291156462,93.90149659800001
Flute,Chromatic Scale,99.474285714,12.53877551,112.01306122400001
Flute,Major Scales,117.307210884,98.359727891,215.666938775
Flute,Sight-Reading,219.196371882,40.634920634,259.83129251599996
