Instrument,ScoreGroup,Start,Duration,End
Flute,Lyrical Etude,12.144036281,50.619501134,62.763537414999995
Flute,Technical Etude,70.635102041,20.17814059,90.813242631
Flute,Chromatic Scale,98.197188209,15.139410431,113.33659864
Flute,Major Scales,121.393922902,109.133786848,230.52770974999999
Flute,Sight-Reading,236.054058957,54.520453515,290.574512472
