Instrument,ScoreGroup,Start,Duration,End
Bb Clarinet,Lyrical Etude,20.636735,100.179592,120.816327
Bb Clarinet,Technical Etude,142.106122,34.35102,176.457142
Bb Clarinet,Chromatic Scale,193.17551,11.755102,204.930612
Bb Clarinet,Major Scales,216.42449,99.526531,315.95102099999997
Bb Clarinet,Sight-Reading,325.485714,77.061224,402.54693799999995
