Instrument,ScoreGroup,Start,Duration,End
Flute,Lyrical Etude,15.88244898,63.251156463,79.133605443
Flute,Technical Etude,86.51755102,23.405714286,109.92326530599999
Flute,Chromatic Scale,123.855238095,17.83292517,141.68816326500001
Flute,Major Scales,152.276462585,112.013061224,264.289523809
Flute,Sight-Reading,271.952108844,40.263401361,312.215510205
