Instrument,ScoreGroup,Start,Duration,End
Flute,Lyrical Etude,14.262857143,59.916190476,74.179047619
Flute,Technical Etude,79.502222222,23.385396825,102.887619047
Flute,Chromatic Scale,109.287619048,18.813968254,128.10158730199998
Flute,Major Scales,134.37968254,121.724807256,256.104489796
Flute,Sight-Reading,260.667210884,54.717823129,315.385034013
