Instrument,ScoreGroup,Start,Duration,End
Flute,Lyrical Etude,13.583673,68.963265,82.54693800000001
Flute,Technical Etude,88.816327,22.987755,111.804082
Flute,Chromatic Scale,120.946939,22.465306,143.412245
Flute,Major Scales,151.24898,97.17551,248.42449
Flute,Sight-Reading,255.477551,45.714286,301.191837
