Instrument,ScoreGroup,Start,Duration,End
Flute,Lyrical Etude,20.897959184,55.449251701,76.34721088500001
Flute,Technical Etude,81.641360544,25.913469388,107.55482993199999
Flute,Chromatic Scale,115.356734694,14.489251701,129.845986395
Flute,Major Scales,136.533333333,123.158639456,259.69197278900003
Flute,Sight-Reading,265.822040816,64.644353741,330.46639455700006
