Instrument,ScoreGroup,Start,Duration,End
Trumpet,Lyrical Etude,15.331887,61.93838,77.270267
Trumpet,Technical Etude,83.867255,20.52396,104.391215
Trumpet,Chromatic Scale,114.286696,13.560474,127.84717
Trumpet,Major Scales,134.077657,78.064349,212.14200599999998
Trumpet,Sight-Reading,218.005995,72.20036,290.20635500000003
