Instrument,ScoreGroup,Start,Duration,End
Alto Saxophone,Lyrical Etude,10.309659864,57.887346939,68.197006803
Alto Saxophone,Technical Etude,74.32707483,55.727891156,130.054965986
Alto Saxophone,Chromatic Scale,137.671111111,7.273650794,144.94476190499998
Alto Saxophone,Major Scales,149.815147392,86.285351474,236.100498866
Alto Saxophone,Sight-Reading,243.739863946,46.60244898,290.34231292600003
