Instrument,ScoreGroup,Start,Duration,End
Oboe,Lyrical Etude,20.942113,137.83047,158.772583
Oboe,Technical Etude,182.021097,53.692995,235.714092
Oboe,Chromatic Scale,247.338348,7.749504,255.087852
Oboe,Major Scales,268.926253,104.064773,372.991026
Oboe,Sight-Reading,386.27589,53.139459,439.415349
