Instrument,ScoreGroup,Start,Duration,End
Flute,Lyrical Etude,9.752380952,48.193015873,57.945396825
Flute,Technical Etude,60.952380952,21.536507936,82.48888888799999
Flute,Chromatic Scale,82.976507936,16.822857142,99.79936507800001
Flute,Major Scales,100.205714285,78.889795918,179.095510203
Flute,Sight-Reading,181.916734693,62.902857142,244.81959183499998
