Instrument,ScoreGroup,Start,Duration,End
Alto Saxophone,Lyrical Etude,24.709264,68.425653,93.134917
Alto Saxophone,Technical Etude,98.589136,94.209233,192.79836899999998
Alto Saxophone,Chromatic Scale,202.219292,10.412599,212.631891
Alto Saxophone,Major Scales,222.548652,119.001136,341.54978800000004
Alto Saxophone,Sight-Reading,347.995683,46.11294,394.10862299999997
