Instrument,ScoreGroup,Start,Duration,End
Bb Clarinet,Lyrical Etude,16.068208616,98.173968253,114.24217686899999
Bb Clarinet,Technical Etude,121.486802721,27.02802721,148.514829931
Bb Clarinet,Chromatic Scale,153.25170068,24.520272108,177.771972788
Bb Clarinet,Major Scales,181.289795918,119.118367346,300.408163264
Bb Clarinet,Sight-Reading,303.020408163,66.220408163,369.240816326
