Instrument,ScoreGroup,Start,Duration,End
Bb Clarinet,Lyrical Etude,21.455238,58.792925,80.248163
Bb Clarinet,Technical Etude,86.84263,24.891791,111.734421
Bb Clarinet,Chromatic Scale,119.071927,13.560454,132.632381
Bb Clarinet,Major Scales,143.777959,80.062404,223.84036300000002
Bb Clarinet,Sight-Reading,229.355102,51.853061,281.208163
