Instrument,ScoreGroup,Start,Duration,End
Flute,Lyrical Etude,10.657959184,44.535873016,55.193832199999996
Flute,Technical Etude,58.746485261,22.958730159,81.70521542
Flute,Chromatic Scale,90.046984127,19.748571429,109.795555556
Flute,Major Scales,114.387301587,131.346575964,245.733877551
Flute,Sight-Reading,253.70122449,69.311564626,323.012789116
