Instrument,ScoreGroup,Start,Duration,End
Alto Saxophone,Lyrical Etude,11.679637188,73.218321995,84.897959183
Alto Saxophone,Technical Etude,90.964172336,29.46031746,120.424489796
Alto Saxophone,Chromatic Scale,126.055328798,12.62585034,138.681179138
Alto Saxophone,Major Scales,146.227664399,57.527437642,203.755102041
Alto Saxophone,Sight-Reading,209.966439909,45.017687075,254.984126984
