Instrument,ScoreGroup,Start,Duration,End
Alto Saxophone,Lyrical Etude,15.510929705,60.534421768,76.045351473
Alto Saxophone,Technical Etude,81.548480725,86.146031746,167.694512471
Alto Saxophone,Chromatic Scale,177.191473921,55.867210884,233.058684805
Alto Saxophone,Major Scales,245.318820861,119.489886621,364.808707482
Alto Saxophone,Sight-Reading,374.746848071,68.68462585,443.431473921
