Instrument,ScoreGroup,Start,Duration,End
Flute,Lyrical Etude,13.746213152,68.080907029,81.827120181
Flute,Technical Etude,88.050068027,30.000181406,118.05024943299999
Flute,Chromatic Scale,125.759274376,9.380861678,135.14013605399998
Flute,Major Scales,142.70984127,101.74984127,244.45968254000002
Flute,Sight-Reading,249.103673469,65.201632653,314.305306122
