Instrument,ScoreGroup,Start,Duration,End
Flute,Lyrical Etude,14.315102041,75.128163265,89.443265306
Flute,Technical Etude,98.673197279,36.780408163,135.453605442
Flute,Chromatic Scale,145.519455782,10.936598639,156.456054421
Flute,Major Scales,165.709206349,105.081904762,270.79111111099996
Flute,Sight-Reading,279.103854875,49.179863946,328.28371882100004
