Instrument,ScoreGroup,Start,Duration,End
Bb Clarinet,Lyrical Etude,10.24,53.800634921,64.04063492099999
Bb Clarinet,Technical Etude,67.697777778,31.207619048,98.905396826
Bb Clarinet,Chromatic Scale,103.944126984,23.324444444,127.268571428
Bb Clarinet,Major Scales,133.398639456,88.235827664,221.63446712
Bb Clarinet,Sight-Reading,226.951836735,91.533061224,318.484897959
