Instrument,ScoreGroup,Start,Duration,End
Bb Clarinet,Lyrical Etude,18.599183673,69.358004535,87.957188208
Bb Clarinet,Technical Etude,97.430929705,38.684444444,136.115374149
Bb Clarinet,Chromatic Scale,144.520997732,11.958276644,156.479274376
Bb Clarinet,Major Scales,165.953015873,125.132335601,291.085351474
Bb Clarinet,Sight-Reading,296.007981859,42.864036281,338.87201813999997
