Instrument,ScoreGroup,Start,Duration,End
Flute,Lyrical Etude,9.195102041,82.477278912,91.672380953
Flute,Technical Etude,94.45877551,42.074557823,136.533333333
Flute,Chromatic Scale,142.384761905,15.046530612,157.431292517
Flute,Major Scales,161.332244898,106.440272109,267.77251700700003
Flute,Sight-Reading,271.952108844,66.873469388,338.825578232
