Instrument,ScoreGroup,Start,Duration,End
Bb Clarinet,Lyrical Etude,15.262164,74.743352,90.005516
Bb Clarinet,Technical Etude,100.895276,67.813505,168.708781
Bb Clarinet,Chromatic Scale,177.618584,15.839651,193.458235
Bb Clarinet,Major Scales,202.368039,121.272326,323.64036500000003
Bb Clarinet,Sight-Reading,327.600278,67.318516,394.918794
