Instrument,ScoreGroup,Start,Duration,End
Bb Clarinet,Lyrical Etude,13.374693877,91.76526077,105.139954647
Bb Clarinet,Technical Etude,110.712743764,73.375056689,184.087800453
Bb Clarinet,Chromatic Scale,193.747301587,15.603809523,209.35111111
Bb Clarinet,Major Scales,217.153015873,114.985215419,332.138231292
Bb Clarinet,Sight-Reading,339.754376417,101.424761904,441.179138321
