Instrument,ScoreGroup,Start,Duration,End
Alto Saxophone,Lyrical Etude,11.609977324,64.272834467,75.882811791
Alto Saxophone,Technical Etude,81.409160998,76.788390023,158.197551021
Alto Saxophone,Chromatic Scale,165.697596372,12.376235828,178.0738322
Alto Saxophone,Major Scales,184.552199546,116.401632653,300.953832199
Alto Saxophone,Sight-Reading,306.874920635,56.424489796,363.299410431
