Instrument,ScoreGroup,Start,Duration,End
Flute,Lyrical Etude,9.811194,112.382764,122.193958
Flute,Technical Etude,130.015468,37.460921,167.47638899999998
Flute,Chromatic Scale,174.886242,10.70312,185.58936200000002
Flute,Major Scales,192.999215,89.741548,282.740763
Flute,Sight-Reading,286.857347,39.930872,326.788219
