Instrument,ScoreGroup,Start,Duration,End
Flute,Lyrical Etude,12.074376417,59.907482993,71.98185941
Flute,Technical Etude,76.62585034,43.003356009,119.629206349
Flute,Chromatic Scale,126.688072562,13.746213152,140.434285714
Flute,Major Scales,146.378594104,94.737414966,241.11600907000002
Flute,Sight-Reading,246.688798186,54.984852608,301.673650794
