Instrument,ScoreGroup,Start,Duration,End
Bb Clarinet,Lyrical Etude,20.897959,84.636735,105.534694
Bb Clarinet,Technical Etude,112.065306,58.514286,170.579592
Bb Clarinet,Chromatic Scale,178.416327,13.844898,192.261225
Bb Clarinet,Major Scales,201.404082,127.477551,328.88163299999997
Bb Clarinet,Sight-Reading,332.277551,55.379592,387.657143
