Instrument,ScoreGroup,Start,Duration,End
Flute,Lyrical Etude,13.328253968,52.581587302,65.90984127
Flute,Technical Etude,72.655238095,61.765079365,134.42031746
Flute,Chromatic Scale,142.791111111,17.066666667,159.85777777799998
Flute,Major Scales,168.716190476,109.783945578,278.500136054
Flute,Sight-Reading,285.605442177,63.251156463,348.85659864
