Instrument,ScoreGroup,Start,Duration,End
Flute,Lyrical Etude,9.171882,65.248073,74.419955
Flute,Technical Etude,78.367347,46.20771,124.57505699999999
Flute,Chromatic Scale,130.263946,15.789569,146.053515
Flute,Major Scales,152.322902,122.83356,275.15646200000003
Flute,Sight-Reading,282.354649,74.071655,356.426304
