Instrument,ScoreGroup,Start,Duration,End
Flute,Lyrical Etude,10.402539683,51.594739229,61.997278912
Flute,Technical Etude,67.941587302,27.07446712,95.016054422
Flute,Chromatic Scale,100.05478458,22.012517007,122.067301587
Flute,Major Scales,124.366077098,98.290068027,222.65614512500002
Flute,Sight-Reading,227.950294785,55.100952381,283.051247166
