Instrument,ScoreGroup,Start,Duration,End
Flute,Lyrical Etude,10.03102,28.606984,38.638004
Flute,Technical Etude,43.096236,26.192109,69.28834499999999
Flute,Chromatic Scale,76.161451,22.105397,98.266848
Flute,Major Scales,104.025397,64.272834,168.298231
Flute,Sight-Reading,174.428299,46.439909,220.868208
