Instrument,ScoreGroup,Start,Duration,End
Alto Saxophone,Lyrical Etude,11.679637,98.591927,110.271564
Alto Saxophone,Technical Etude,116.146213,45.83619,161.982403
Alto Saxophone,Chromatic Scale,172.617143,39.822222,212.439365
Alto Saxophone,Major Scales,230.063311,117.446531,347.509842
Alto Saxophone,Sight-Reading,353.918549,58.839365,412.75791399999997
