Instrument,ScoreGroup,Start,Duration,End
Flute,Lyrical Etude,10.727619048,48.970884354,59.698503402
Flute,Technical Etude,63.947755102,64.922993197,128.870748299
Flute,Chromatic Scale,136.254693878,20.13170068,156.386394558
Flute,Major Scales,166.719274376,150.697505669,317.416780045
Flute,Sight-Reading,322.664489796,71.888979592,394.553469388
