Instrument,ScoreGroup,Start,Duration,End
Flute,Lyrical Etude,10.077460317,56.633469388,66.710929705
Flute,Technical Etude,72.655238095,46.370249433,119.025487528
Flute,Chromatic Scale,127.106031746,22.77877551,149.884807256
Flute,Major Scales,157.500952381,114.544036281,272.044988662
Flute,Sight-Reading,279.77723356,98.266848073,378.044081633
