Instrument,ScoreGroup,Start,Duration,End
Flute,Lyrical Etude,19.486536,106.338292,125.824828
Flute,Technical Etude,135.347661,57.136993,192.48465399999998
Flute,Chromatic Scale,203.065578,15.342341,218.407919
Flute,Major Scales,227.401705,104.222107,331.623812
Flute,Sight-Reading,342.733783,79.356935,422.09071800000004
