Instrument,ScoreGroup,Start,Duration,End
Xylophone,Mallet Etude,14.628571,97.044898,111.67346900000001
Snare Drum,Snare Etude,119.24898,110.628571,229.87755099999998
Timpani,Timpani Etude,242.973605,114.242177,357.215782
Xylophone,Chromatic Scale,368.326531,14.367347,382.693878
Xylophone,Major Scales,390.838277,123.530159,514.368436
Xylophone,Sight-Reading,520.620408,106.579592,627.2
Snare Drum,Sight-Reading,638.270113,57.121088,695.391201
