Instrument,ScoreGroup,Start,Duration,End
Xylophone,Mallet Etude,13.281814,29.721542,43.003356
Snare Drum,Snare Etude,54.204082,68.440816,122.644898
Timpani,Timpani Etude,128.261224,39.314286,167.57551
Xylophone,Chromatic Scale,185.893878,6.82449,192.718368
Xylophone,Major Scales,200.359184,110.236735,310.595919
Xylophone,Sight-Reading,315.297959,27.167347,342.465306
Snare Drum,Sight-Reading,346.77551,40.42449,387.2
