Instrument,ScoreGroup,Start,Duration,End
Xylophone,Mallet Etude,14.693878,40.685714,55.379591999999995
Snare Drum,Snare Etude,65.044898,48.653061,113.697959
Timpani,Timpani Etude,120.558005,62.693878,183.251883
Xylophone,Chromatic Scale,189.846349,8.684263,198.530612
Xylophone,Major Scales,206.286077,58.049887,264.335964
Xylophone,Sight-Reading,271.48771,56.006531,327.494241
Snare Drum,Sight-Reading,333.392109,25.263311,358.65542
