Instrument,ScoreGroup,Start,Duration,End
Trumpet,Lyrical Etude,15.934693877,55.902040816,71.83673469300001
Trumpet,Technical Etude,80.457142857,23.510204081,103.96734693799999
Trumpet,Chromatic Scale,113.632653061,9.665306122,123.297959183
Trumpet,Major Scales,134.791836734,73.926530612,208.71836734599998
Trumpet,Sight-Reading,221.779591836,45.714285714,267.49387755
