Instrument,ScoreGroup,Start,Duration,End
Alto Saxophone,Lyrical Etude,12.283356009,45.023492063,57.306848072
Alto Saxophone,Technical Etude,61.74185941,26.07600907,87.81786848
Alto Saxophone,Chromatic Scale,94.435555555,17.020226757,111.455782312
Alto Saxophone,Major Scales,118.468208611,96.548571428,215.016780039
Alto Saxophone,Sight-Reading,220.752108841,51.548299319,272.30040816
