Instrument,ScoreGroup,Start,Duration,End
Bb Clarinet,Lyrical Etude,9.473741496,91.579501133,101.053242629
Bb Clarinet,Technical Etude,105.882993197,61.114920634,166.997913831
Bb Clarinet,Chromatic Scale,174.428299319,13.746213151,188.17451247
Bb Clarinet,Major Scales,194.768979591,109.133786848,303.902766439
Bb Clarinet,Sight-Reading,307.617959183,48.947664399,356.565623582
