Instrument,ScoreGroup,Start,Duration,End
Bb Clarinet,Lyrical Etude,11.755102,58.514286,70.26938799999999
Bb Clarinet,Technical Etude,77.322449,25.077551,102.4
Bb Clarinet,Chromatic Scale,109.910204,14.432653,124.342857
Bb Clarinet,Major Scales,132.539501,77.740408,210.279909
Bb Clarinet,Sight-Reading,216.038458,45.88263,261.921088
