Instrument,ScoreGroup,Start,Duration,End
Alto Saxophone,Lyrical Etude,10.89015873,184.726349206,195.616507936
Alto Saxophone,Technical Etude,200.248888888,41.366349206,241.615238094
Alto Saxophone,Chromatic Scale,248.766984126,7.883174603,256.650158729
Alto Saxophone,Major Scales,262.339047619,101.18095238,363.519999999
Alto Saxophone,Sight-Reading,371.159365079,40.878730158,412.038095237
