Instrument,ScoreGroup,Start,Duration,End
Flute,Lyrical Etude,7.987664,25.263311,33.250975000000004
Flute,Technical Etude,36.408889,41.610159,78.019048
Flute,Chromatic Scale,83.777596,44.025034,127.80263
Flute,Major Scales,133.37542,93.065578,226.44099799999998
Flute,Sight-Reading,232.013787,45.88263,277.896417
