Instrument,ScoreGroup,Start,Duration,End
Alto Saxophone,Lyrical Etude,17.623945578,69.578594104,87.20253968200001
Alto Saxophone,Technical Etude,94.354285714,27.916190476,122.27047619
Alto Saxophone,Chromatic Scale,129.503492063,8.93968254,138.44317460300002
Alto Saxophone,Major Scales,146.041904762,50.387301587,196.429206349
Alto Saxophone,Sight-Reading,203.743492063,41.447619048,245.191111111
