Instrument,ScoreGroup,Start,Duration,End
Flute,Lyrical Etude,9.534694,32.783673,42.318367
Flute,Technical Etude,48.84898,24.293878,73.14285799999999
Flute,Chromatic Scale,80.326531,15.15102,95.477551
Flute,Major Scales,102.138776,82.285714,184.42449
Flute,Sight-Reading,191.346939,50.546939,241.893878
