Instrument,ScoreGroup,Start,Duration,End
Flute,Lyrical Etude,14.791111111,23.486984127,38.278095238
Flute,Technical Etude,43.421315193,25.588390023,69.009705216
Flute,Chromatic Scale,77.368888889,30.511020408,107.87990929700001
Flute,Major Scales,115.542494331,113.406258503,228.948752834
Flute,Sight-Reading,235.543219955,61.207800454,296.75102040900003
