Instrument,ScoreGroup,Start,Duration,End
Bb Clarinet,Lyrical Etude,9.58984127,64.690793651,74.280634921
Bb Clarinet,Technical Etude,78.669206349,48.761904762,127.431111111
Bb Clarinet,Chromatic Scale,133.282539683,29.257142857,162.53968254
Bb Clarinet,Major Scales,168.553650794,101.912380952,270.466031746
Bb Clarinet,Sight-Reading,274.854603175,60.464761905,335.31936508
