Instrument,ScoreGroup,Start,Duration,End
Flute,Lyrical Etude,10.588299319,103.375238095,113.963537414
Flute,Technical Etude,118.282448979,33.854693877,152.137142856
Flute,Chromatic Scale,159.660408163,13.235374149,172.895782312
Flute,Major Scales,179.165170068,97.384489795,276.549659863
Flute,Sight-Reading,280.868571428,39.566802721,320.435374149
