Instrument,ScoreGroup,Start,Duration,End
Flute,Lyrical Etude,18.285714,68.440816,86.72653
Flute,Technical Etude,92.212245,28.734694,120.946939
Flute,Chromatic Scale,126.432653,26.906122,153.338775
Flute,Major Scales,161.17551,123.559184,284.734694
Flute,Sight-Reading,300.408163,96.914286,397.322449
