Instrument,ScoreGroup,Start,Duration,End
Alto Saxophone,Lyrical Etude,18.13478458,24.102312925,42.237097505
Alto Saxophone,Technical Etude,50.224761904,43.90893424,94.133696144
Alto Saxophone,Chromatic Scale,103.259138321,22.569795918,125.82893423899999
Alto Saxophone,Major Scales,137.253151921,114.985215419,252.23836734000002
Alto Saxophone,Sight-Reading,262.989206341,62.647437641,325.636643982
