Instrument,ScoreGroup,Start,Duration,End
Trumpet,Lyrical Etude,12.8,48.587755102,61.387755102
Trumpet,Technical Etude,66.873469387,35.004081632,101.87755101900001
Trumpet,Chromatic Scale,107.624489795,13.322448979,120.946938774
Trumpet,Major Scales,126.693877551,76.27755102,202.971428571
Trumpet,Sight-Reading,208.522448979,58.448979591,266.97142857
