Instrument,ScoreGroup,Start,Duration,End
Trumpet,Lyrical Etude,12.631655328,44.953832199,57.585487527
Trumpet,Technical Etude,62.04371882,23.405714285,85.449433105
Trumpet,Chromatic Scale,91.76526077,11.88861678,103.65387755
Trumpet,Major Scales,109.969705215,95.294693877,205.26439909200002
Trumpet,Sight-Reading,209.536870748,36.594648526,246.13151927400003
