Instrument,ScoreGroup,Start,Duration,End
Bb Clarinet,Lyrical Etude,11.888617,83.777596,95.666213
Bb Clarinet,Technical Etude,102.910839,28.235465,131.146304
Bb Clarinet,Chromatic Scale,137.833651,20.805079,158.63873
Bb Clarinet,Major Scales,165.697596,114.056417,279.754013
Bb Clarinet,Sight-Reading,286.441361,67.430748,353.87210899999997
