Instrument,ScoreGroup,Start,Duration,End
Flute,Lyrical Etude,11.888617,59.443084,71.331701
Flute,Technical Etude,79.133605,54.148934,133.28253899999999
Flute,Chromatic Scale,142.199002,19.226122,161.425124
Flute,Major Scales,169.04127,100.774603,269.815873
Flute,Sight-Reading,274.552744,52.848617,327.401361
