Instrument,ScoreGroup,Start,Duration,End
Alto Saxophone,Lyrical Etude,11.935056689,48.622585034,60.557641722999996
Alto Saxophone,Technical Etude,64.806893424,22.278820861,87.085714285
Alto Saxophone,Chromatic Scale,93.273469387,13.420408163,106.69387755000001
Alto Saxophone,Major Scales,113.224489791,78.808163265,192.03265305600002
Alto Saxophone,Sight-Reading,196.979591831,43.532698412,240.512290243
