Instrument,ScoreGroup,Start,Duration,End
Flute,Lyrical Etude,11.609977324,49.690702948,61.300680272
Flute,Technical Etude,66.873469388,22.058956916,88.932426304
Flute,Chromatic Scale,97.988208617,13.699773243,111.68798186
Flute,Major Scales,119.350566893,107.276190476,226.62675736900002
Flute,Sight-Reading,233.012244898,33.854693878,266.866938776
