Instrument,ScoreGroup,Start,Duration,End
Bb Clarinet,Lyrical Etude,10.959818594,101.610521541,112.570340135
Bb Clarinet,Technical Etude,116.842811791,63.158276643,180.001088434
Bb Clarinet,Chromatic Scale,187.431473922,16.161088435,203.59256235700002
Bb Clarinet,Major Scales,209.165351473,106.254512471,315.419863944
Bb Clarinet,Sight-Reading,320.435374149,72.817777777,393.253151926
