Instrument,ScoreGroup,Start,Duration,End
Alto Saxophone,Lyrical Etude,16.718367346,91.858140589,108.576507935
Alto Saxophone,Technical Etude,115.728253968,108.669387755,224.397641723
Alto Saxophone,Chromatic Scale,229.506031746,11.052698412,240.558730158
Alto Saxophone,Major Scales,246.317278911,79.319365079,325.63664399
Alto Saxophone,Sight-Reading,335.946303854,80.341043083,416.287346937
