Instrument,ScoreGroup,Start,Duration,End
Alto Saxophone,Lyrical Etude,12.910294784,60.929160997,73.839455781
Alto Saxophone,Technical Etude,80.522448979,27.657142857,108.179591836
Alto Saxophone,Chromatic Scale,115.918367341,20.212244897,136.130612238
Alto Saxophone,Major Scales,141.648979591,95.869387755,237.518367346
Alto Saxophone,Sight-Reading,244.048979591,52.375510204,296.424489795
