Instrument,ScoreGroup,Start,Duration,End
Xylophone,Mallet Etude,11.935057,96.827211,108.762268
Snare Drum,Snare Etude,116.540952,72.794558,189.33551
Timpani,Timpani Etude,197.555374,105.999093,303.554467
Xylophone,Chromatic Scale,311.193832,12.422676,323.616508
Xylophone,Major Scales,328.515918,49.203084,377.719002
Xylophone,Sight-Reading,391.024036,141.293424,532.31746
Snare Drum,Sight-Reading,543.997098,36.01415,580.011248
