Instrument,ScoreGroup,Start,Duration,End
Alto Saxophone,Lyrical Etude,28.630204081,51.060680272,79.690884353
Alto Saxophone,Technical Etude,84.86893424,24.450612244,109.319546484
Alto Saxophone,Chromatic Scale,116.796371881,14.257052154,131.053424035
Alto Saxophone,Major Scales,138.994648521,88.328707482,227.323356003
Alto Saxophone,Sight-Reading,233.406984121,53.289795918,286.696780039
