Instrument,ScoreGroup,Start,Duration,End
Flute,Lyrical Etude,12.445896,30.8361,43.281996
Flute,Technical Etude,49.110204,55.118367,104.228571
Flute,Chromatic Scale,112.587755,26.122449,138.710204
Flute,Major Scales,151.579864,97.52381,249.10367399999998
Flute,Sight-Reading,256.348299,34.179773,290.528072
