Instrument,ScoreGroup,Start,Duration,End
Bb Clarinet,Lyrical Etude,10.58829932,92.624399093,103.212698413
Bb Clarinet,Technical Etude,107.810249433,65.503492063,173.31374149599998
Bb Clarinet,Chromatic Scale,179.699229025,13.722993197,193.422222222
Bb Clarinet,Major Scales,200.295328798,122.044081633,322.33941043100003
Bb Clarinet,Sight-Reading,325.613424036,76.649070295,402.262494331
