Instrument,ScoreGroup,Start,Duration,End
Bb Clarinet,Lyrical Etude,11.436015,103.951325,115.38734
Bb Clarinet,Technical Etude,124.426586,32.048235,156.474821
Bb Clarinet,Chromatic Scale,163.870567,10.682745,174.553312
Bb Clarinet,Major Scales,182.359933,96.555578,278.91551100000004
Bb Clarinet,Sight-Reading,288.365632,38.622231,326.987863
