Instrument,ScoreGroup,Start,Duration,End
Alto Saxophone,Lyrical Etude,14.675011,51.826939,66.50195000000001
Alto Saxophone,Technical Etude,75.859592,25.100771,100.960363
Alto Saxophone,Chromatic Scale,108.622948,9.822041,118.44498899999999
Alto Saxophone,Major Scales,124.064218,103.026939,227.091157
Alto Saxophone,Sight-Reading,232.176327,38.475465,270.651792
