Instrument,ScoreGroup,Start,Duration,End
Bb Clarinet,Lyrical Etude,11.755102,85.681633,97.436735
Bb Clarinet,Technical Etude,102.530612,27.297959,129.828571
Bb Clarinet,Chromatic Scale,135.118367,18.873469,153.991836
Bb Clarinet,Major Scales,155.820408,112.84898,268.66938799999997
Bb Clarinet,Sight-Reading,273.502041,56.816327,330.318368
