Instrument,ScoreGroup,Start,Duration,End
Flute,Lyrical Etude,10.657959184,48.645804989,59.303764173
Flute,Technical Etude,64.853333333,25.240090703,90.09342403599999
Flute,Chromatic Scale,97.663129252,12.561995465,110.225124717
Flute,Major Scales,115.101315193,124.714376417,239.81569161
Flute,Sight-Reading,245.945759637,57.283628118,303.229387755
