Instrument,ScoreGroup,Start,Duration,End
Bb Clarinet,Lyrical Etude,15.278730159,106.463492063,121.74222222200001
Bb Clarinet,Technical Etude,130.101405896,71.517460317,201.618866213
Bb Clarinet,Chromatic Scale,209.908390023,14.767891156,224.676281179
Bb Clarinet,Major Scales,232.315646259,131.332063492,363.647709751
Bb Clarinet,Sight-Reading,369.359818594,62.275918367,431.635736961
