Instrument,ScoreGroup,Start,Duration,End
Flute,Lyrical Etude,13.699773,53.405896,67.105669
Flute,Technical Etude,74.071655,26.238549,100.310204
Flute,Chromatic Scale,107.62449,15.281633,122.906123
Flute,Major Scales,129.959184,110.367347,240.326531
Flute,Sight-Reading,247.118367,46.889796,294.008163
