Instrument,ScoreGroup,Start,Duration,End
Alto Saxophone,Lyrical Etude,16.346848072,63.529795918,79.87664398999999
Alto Saxophone,Technical Etude,92.067120181,25.832199546,117.899319727
Alto Saxophone,Chromatic Scale,127.767800453,16.370068027,144.13786848
Alto Saxophone,Major Scales,154.122448979,71.111111111,225.23356009000003
Alto Saxophone,Sight-Reading,235.914739229,61.648979591,297.56371881999996
