Instrument,ScoreGroup,Start,Duration,End
Trumpet,Lyrical Etude,10.031020408,47.55446712,57.585487528
Trumpet,Technical Etude,62.04371882,46.068390022,108.112108842
Trumpet,Chromatic Scale,113.684897959,17.83292517,131.517823129
Trumpet,Major Scales,137.462131519,69.474104308,206.936235827
Trumpet,Sight-Reading,210.372789115,56.470929705,266.84371882
