Instrument,ScoreGroup,Start,Duration,End
Bb Clarinet,Lyrical Etude,9.58984127,87.121269841,96.71111111100001
Bb Clarinet,Technical Etude,104.025396825,39.984761905,144.01015873
Bb Clarinet,Chromatic Scale,153.391020408,13.06122449,166.452244898
Bb Clarinet,Major Scales,174.056780045,135.790294785,309.84707483
Bb Clarinet,Sight-Reading,314.862585034,42.724716553,357.587301587
