Instrument,ScoreGroup,Start,Duration,End
Bb Clarinet,Lyrical Etude,8.452063,69.288345,77.740408
Bb Clarinet,Technical Etude,80.526803,28.514104,109.040907
Bb Clarinet,Chromatic Scale,114.056417,11.517098,125.573515
Bb Clarinet,Major Scales,131.395918,80.718367,212.114285
Bb Clarinet,Sight-Reading,216.032653,50.155102,266.18775500000004
