Instrument,ScoreGroup,Start,Duration,End
Bb Clarinet,Lyrical Etude,12.817414965,55.542131519,68.359546484
Bb Clarinet,Technical Etude,74.489614512,69.102585034,143.59219954600002
Bb Clarinet,Chromatic Scale,152.322902494,29.72154195,182.044444444
Bb Clarinet,Major Scales,190.775147392,106.99755102,297.772698412
Bb Clarinet,Sight-Reading,302.416689342,67.059229024,369.475918366
