Instrument,ScoreGroup,Start,Duration,End
Bb Clarinet,Lyrical Etude,11.702857143,64.992653061,76.695510204
Bb Clarinet,Technical Etude,81.92,27.689795918,109.609795918
Bb Clarinet,Chromatic Scale,115.46122449,14.942040816,130.403265306
Bb Clarinet,Major Scales,136.76553288,80.433922902,217.199455782
Bb Clarinet,Sight-Reading,220.68244898,68.022857143,288.705306123
