Instrument,ScoreGroup,Start,Duration,End
Bb Clarinet,Lyrical Etude,16.416507937,102.725079365,119.141587302
Bb Clarinet,Technical Etude,123.53015873,36.246349206,159.776507936
Bb Clarinet,Chromatic Scale,166.278095238,13.40952381,179.687619048
Bb Clarinet,Major Scales,186.107936508,102.167800454,288.275736962
Bb Clarinet,Sight-Reading,293.96462585,52.709297052,346.673922902
