Instrument,ScoreGroup,Start,Duration,End
Bb Clarinet,Lyrical Etude,11.215238095,62.136598639,73.351836734
Bb Clarinet,Technical Etude,76.486530612,30.789659864,107.276190476
Bb Clarinet,Chromatic Scale,112.732879819,27.742040816,140.474920635
Bb Clarinet,Major Scales,145.763265306,105.22122449,250.984489796
Bb Clarinet,Sight-Reading,253.00462585,90.464943311,343.469569161
