Instrument,ScoreGroup,Start,Duration,End
Flute,Lyrical Etude,13.931973,46.904308,60.836281
Flute,Technical Etude,66.40907,41.563719,107.972789
Flute,Chromatic Scale,114.242177,40.286621,154.528798
Flute,Major Scales,161.959184,122.136961,284.096145
Flute,Sight-Reading,291.64263,63.042177,354.684807
