Instrument,ScoreGroup,Start,Duration,End
Alto Saxophone,Lyrical Etude,11.749297,92.0439,103.79319699999999
Alto Saxophone,Technical Etude,111.130703,45.000272,156.130975
Alto Saxophone,Chromatic Scale,165.209977,17.600726,182.81070300000002
Alto Saxophone,Major Scales,189.49805,96.316372,285.81442200000004
Alto Saxophone,Sight-Reading,294.754104,71.9122,366.66630399999997
