Instrument,ScoreGroup,Start,Duration,End
Trumpet,Lyrical Etude,11.75510204,54.595918367,66.35102040700001
Trumpet,Technical Etude,71.314285714,30.563265306,101.87755102
Trumpet,Chromatic Scale,108.146938775,13.583673469,121.730612244
Trumpet,Major Scales,127.73877551,67.395918367,195.134693877
Trumpet,Sight-Reading,201.142857142,53.028571428,254.17142857
