Instrument,ScoreGroup,Start,Duration,End
Bb Clarinet,Lyrical Etude,10.03102,73.560816,83.591836
Bb Clarinet,Technical Etude,87.307029,28.235465,115.542494
Bb Clarinet,Chromatic Scale,121.115283,20.43356,141.548843
Bb Clarinet,Major Scales,146.750113,105.139955,251.89006799999999
Bb Clarinet,Sight-Reading,256.348299,46.439909,302.788208
