Instrument,ScoreGroup,Start,Duration,End
Xylophone,Mallet Etude,14.489252,39.195283,53.684535000000004
Snare Drum,Snare Etude,58.514286,57.028209,115.542495
Timpani,Timpani Etude,145.078277,60.929161,206.007438
Xylophone,Chromatic Scale,206.193197,9.287982,215.481179
Xylophone,Major Scales,222.354286,87.307029,309.661315
Xylophone,Sight-Reading,317.46322,66.50195,383.96516999999994
Snare Drum,Sight-Reading,388.98068,40.681361,429.662041
