Instrument,ScoreGroup,Start,Duration,End
Flute,Lyrical Etude,9.97877551,42.579591837,52.558367347
Flute,Technical Etude,57.991836735,46.962358277,104.954195012
Flute,Chromatic Scale,111.920181406,13.40952381,125.329705216
Flute,Major Scales,133.746938776,95.851972789,229.598911565
Flute,Sight-Reading,234.242902494,64.272834467,298.515736961
