Instrument,ScoreGroup,Start,Duration,End
Trumpet,Lyrical Etude,14.117732426,53.127256235,67.244988661
Trumpet,Technical Etude,72.074739229,28.606984126,100.681723355
Trumpet,Chromatic Scale,107.183310657,11.517097505,118.700408162
Trumpet,Major Scales,125.945034013,103.653877551,229.598911564
Trumpet,Sight-Reading,237.400816326,88.793106575,326.193922901
