Instrument,ScoreGroup,Start,Duration,End
Xylophone,Mallet Etude,12.329796,51.803719,64.133515
Snare Drum,Snare Etude,72.840998,42.771156,115.612154
Timpani,Timpani Etude,123.274739,53.730975,177.005714
Xylophone,Chromatic Scale,185.086259,9.798821,194.88508000000002
Xylophone,Major Scales,198.437732,70.588662,269.026394
Xylophone,Sight-Reading,276.154921,68.731066,344.885987
Snare Drum,Sight-Reading,352.107392,30.9522,383.059592
