Instrument,ScoreGroup,Start,Duration,End
Alto Saxophone,Lyrical Etude,8.695873015,65.991111111,74.686984126
Alto Saxophone,Technical Etude,78.344126984,39.984761904,118.328888888
Alto Saxophone,Chromatic Scale,123.652063492,14.14095238,137.79301587199998
Alto Saxophone,Major Scales,144.497777777,110.12063492,254.618412697
Alto Saxophone,Sight-Reading,260.063492063,76.027936507,336.09142857
