Instrument,ScoreGroup,Start,Duration,End
Flute,Lyrical Etude,13.734603174,44.21079365,57.945396824
Flute,Technical Etude,62.74031746,27.306666666,90.046984126
Flute,Chromatic Scale,97.523809523,11.702857142,109.226666665
Flute,Major Scales,116.192653061,122.671020408,238.863673469
Flute,Sight-Reading,242.41632653,55.170612244,297.586938774
