Instrument,ScoreGroup,Start,Duration,End
Bb Clarinet,Lyrical Etude,15.60381,86.378231,101.982041
Bb Clarinet,Technical Etude,108.948027,28.839184,137.78721099999999
Bb Clarinet,Chromatic Scale,145.6,14.889796,160.48979599999998
Bb Clarinet,Major Scales,168.489796,120.816327,289.306123
Bb Clarinet,Sight-Reading,293.485714,59.036735,352.522449
