Instrument,ScoreGroup,Start,Duration,End
Bb Clarinet,Lyrical Etude,9.427301587,118.653968254,128.081269841
Bb Clarinet,Technical Etude,133.932698413,26.981587302,160.914285715
Bb Clarinet,Chromatic Scale,168.391111111,15.603809524,183.994920635
Bb Clarinet,Major Scales,191.146666667,99.799365079,290.946031746
Bb Clarinet,Sight-Reading,297.122539683,51.687619048,348.810158731
