Instrument,ScoreGroup,Start,Duration,End
Bb Clarinet,Lyrical Etude,11.052698413,110.852063492,121.904761905
Bb Clarinet,Technical Etude,126.455873016,39.00952381,165.465396826
Bb Clarinet,Chromatic Scale,173.917460317,19.17968254,193.097142857
Bb Clarinet,Major Scales,197.648253968,123.53015873,321.178412698
Bb Clarinet,Sight-Reading,323.779047619,72.817777778,396.596825397
