Instrument,ScoreGroup,Start,Duration,End
Bb Clarinet,Lyrical Etude,19.272562358,108.437188209,127.709750567
Bb Clarinet,Technical Etude,135.836734694,41.563718821,177.400453515
Bb Clarinet,Chromatic Scale,184.830839002,15.092970522,199.923809524
Bb Clarinet,Major Scales,207.586394558,115.867573696,323.45396825399996
Bb Clarinet,Sight-Reading,327.401360544,57.817687075,385.219047619
