Instrument,ScoreGroup,Start,Duration,End
Bb Clarinet,Lyrical Etude,14.860771,123.158639,138.01941
Bb Clarinet,Technical Etude,147.121633,49.226304,196.347937
Bb Clarinet,Chromatic Scale,206.007438,13.003175,219.010613
Bb Clarinet,Major Scales,227.555556,109.412426,336.967982
Bb Clarinet,Sight-Reading,343.28381,63.901315,407.185125
