Instrument,ScoreGroup,Start,Duration,End
Flute,Lyrical Etude,21.919637,80.248163,102.1678
Flute,Technical Etude,114.985215,30.093061,145.078276
Flute,Chromatic Scale,151.765624,16.346848,168.112472
Flute,Major Scales,175.357098,112.013061,287.370159
Flute,Sight-Reading,292.942948,46.625669,339.568617
