Instrument,ScoreGroup,Start,Duration,End
Flute,Lyrical Etude,10.216780045,81.269841269,91.48662131399999
Flute,Technical Etude,97.639909297,30.418140589,128.058049886
Flute,Chromatic Scale,136.301133786,13.235374149,149.536507935
Flute,Major Scales,157.152653061,109.087346938,266.239999999
Flute,Sight-Reading,270.628571428,36.815238095,307.44380952299997
