Instrument,ScoreGroup,Start,Duration,End
Alto Saxophone,Lyrical Etude,15.151020408,109.975510204,125.12653061200001
Alto Saxophone,Technical Etude,130.351020408,91.428571429,221.779591837
Alto Saxophone,Chromatic Scale,229.355102041,10.187755102,239.54285714300002
Alto Saxophone,Major Scales,246.073469388,66.089795918,312.16326530599997
Alto Saxophone,Sight-Reading,319.216326531,59.559183673,378.775510204
