Instrument,ScoreGroup,Start,Duration,End
Xylophone,Mallet Etude,12.930612,49.697959,62.628570999999994
Snare Drum,Snare Etude,69.22449,91.428571,160.653061
Timpani,Timpani Etude,166.440635,103.096599,269.537234
Xylophone,Chromatic Scale,278.407256,8.034104,286.44136000000003
Xylophone,Major Scales,292.571429,106.057143,398.628572
Xylophone,Sight-Reading,405.55102,102.661224,508.212244
Snare Drum,Sight-Reading,516.226032,55.820771,572.0468030000001
