Instrument,ScoreGroup,Start,Duration,End
Xylophone,Mallet Etude,17.902585,39.984762,57.887347000000005
Snare Drum,Snare Etude,67.964807,47.693787,115.658594
Timpani,Timpani Etude,125.689615,44.628753,170.31836800000002
Xylophone,Chromatic Scale,179.23483,5.410249,184.64507899999998
Xylophone,Major Scales,193.445442,96.153832,289.59927400000004
Xylophone,Sight-Reading,298.260317,43.885714,342.146031
Snare Drum,Sight-Reading,350.226576,45.603991,395.83056700000003
