Instrument,ScoreGroup,Start,Duration,End
Flute,Lyrical Etude,9.566621315,37.802086168,47.368707483
Flute,Technical Etude,50.89814059,28.514104308,79.412244898
Flute,Chromatic Scale,85.077913832,16.253968254,101.331882086
Flute,Major Scales,110.062585034,65.364172336,175.42675737
Flute,Sight-Reading,179.815328798,44.768072562,224.58340135999998
