Instrument,ScoreGroup,Start,Duration,End
Bb Clarinet,Lyrical Etude,12.260136054,93.204897959,105.465034013
Bb Clarinet,Technical Etude,111.455782313,54.334693878,165.790476191
Bb Clarinet,Chromatic Scale,171.990204082,20.062040816,192.052244898
Bb Clarinet,Major Scales,199.227210884,152.415782313,351.642993197
Bb Clarinet,Sight-Reading,355.961904762,78.437006803,434.39891156500005
