Instrument,ScoreGroup,Start,Duration,End
Flute,Lyrical Etude,14.4892517,49.319183673,63.808435372999995
Flute,Technical Etude,68.638185941,42.724716553,111.362902494
Flute,Chromatic Scale,118.23600907,29.72154195,147.95755101999998
Flute,Major Scales,156.781133786,111.64154195,268.422675736
Flute,Sight-Reading,273.438185941,82.105759637,355.543945578
