Instrument,ScoreGroup,Start,Duration,End
Bb Clarinet,Lyrical Etude,14.117732426,56.656689342,70.774421768
Bb Clarinet,Technical Etude,77.461768707,43.281995464,120.74376417100001
Bb Clarinet,Chromatic Scale,130.681904761,17.368526077,148.050430838
Bb Clarinet,Major Scales,159.19600907,96.595011337,255.79102040700002
Bb Clarinet,Sight-Reading,263.964444444,95.851972789,359.816417233
