Instrument,ScoreGroup,Start,Duration,End
Bb Clarinet,Lyrical Etude,13.453061224,70.4,83.853061224
Bb Clarinet,Technical Etude,91.036734693,31.21632653,122.253061223
Bb Clarinet,Chromatic Scale,131.918367346,11.885714285,143.804081631
Bb Clarinet,Major Scales,154.253061224,110.889795918,265.142857142
Bb Clarinet,Sight-Reading,271.804081632,44.146938775,315.95102040700004
