Instrument,ScoreGroup,Start,Duration,End
Xylophone,Mallet Etude,10.971429,35.787755,46.759184
Snare Drum,Snare Etude,50.416327,78.889796,129.306123
Timpani,Timpani Etude,135.314286,61.64898,196.963266
Xylophone,Chromatic Scale,202.971429,11.493878,214.465307
Xylophone,Major Scales,217.861224,111.542857,329.404081
Xylophone,Sight-Reading,335.15102,22.465306,357.616326
Snare Drum,Sight-Reading,363.102041,30.302041,393.40408199999996
