Instrument,ScoreGroup,Start,Duration,End
Alto Saxophone,Lyrical Etude,13.815873015,51.664399092,65.48027210699999
Alto Saxophone,Technical Etude,69.543764172,33.552834467,103.09659863899999
Alto Saxophone,Chromatic Scale,109.94648526,12.53877551,122.48526077
Alto Saxophone,Major Scales,128.406349206,83.243537414,211.64988662
Alto Saxophone,Sight-Reading,217.454875283,51.548299319,269.003174602
