Instrument,ScoreGroup,Start,Duration,End
Alto Saxophone,Lyrical Etude,10.197558,81.712047,91.909605
Alto Saxophone,Technical Etude,98.225512,64.738047,162.96355899999998
Alto Saxophone,Chromatic Scale,168.095234,9.079116,177.17435
Alto Saxophone,Major Scales,182.700769,85.659489,268.360258
Alto Saxophone,Sight-Reading,273.491933,41.053396,314.54532900000004
