Instrument,ScoreGroup,Start,Duration,End
Flute,Lyrical Etude,18.181224,85.472653,103.653877
Flute,Technical Etude,114.834286,24.346122,139.180408
Flute,Chromatic Scale,150.256327,12.329796,162.586123
Flute,Major Scales,172.826122,89.861224,262.687346
Flute,Sight-Reading,268.747755,29.675102,298.42285699999996
