Instrument,ScoreGroup,Start,Duration,End
Trumpet,Lyrical Etude,11.735931,53.071845,64.807776
Trumpet,Technical Etude,75.907769,17.690615,93.59838400000001
Trumpet,Chromatic Scale,103.310878,7.631246,110.942124
Trumpet,Major Scales,121.695243,96.77807,218.47331300000002
Trumpet,Sight-Reading,225.757683,51.337471,277.095154
