Instrument,ScoreGroup,Start,Duration,End
Xylophone,Mallet Etude,9.404082,37.355102,46.759184000000005
Snare Drum,Snare Etude,51.2,70.269388,121.46938800000001
Timpani,Timpani Etude,124.865306,46.497959,171.363265
Xylophone,Chromatic Scale,175.804082,11.493878,187.29796
Xylophone,Major Scales,190.432653,84.897959,275.330612
Xylophone,Sight-Reading,282.644898,39.444898,322.08979600000004
Snare Drum,Sight-Reading,323.395918,40.75102,364.146938
