Instrument,ScoreGroup,Start,Duration,End
Trumpet,Lyrical Etude,11.88861678,43.839274376,55.727891156
Trumpet,Technical Etude,62.693877551,24.424489795,87.118367346
Trumpet,Chromatic Scale,92.734693877,16.065306122,108.799999999
Trumpet,Major Scales,117.942857142,65.697959183,183.640816325
Trumpet,Sight-Reading,189.257142857,46.497959183,235.75510204
