Instrument,ScoreGroup,Start,Duration,End
Xylophone,Mallet Etude,12.473469,50.546939,63.020408
Snare Drum,Snare Etude,67.526531,91.559184,159.085715
Timpani,Timpani Etude,164.440816,101.877551,266.318367
Xylophone,Chromatic Scale,274.677551,13.322449,288.0
Xylophone,Major Scales,294.986304,114.242177,409.228481
Xylophone,Sight-Reading,414.61551,99.381406,513.9969159999999
Snare Drum,Sight-Reading,519.105306,36.780408,555.885714
