Instrument,ScoreGroup,Start,Duration,End
Bb Clarinet,Lyrical Etude,9.102222222,66.594829931,75.697052153
Bb Clarinet,Technical Etude,79.505124716,47.740226757,127.245351473
Bb Clarinet,Chromatic Scale,138.948208616,16.161088435,155.109297051
Bb Clarinet,Major Scales,160.310566893,99.567165532,259.877732425
Bb Clarinet,Sight-Reading,268.608435374,58.514285714,327.122721088
