Instrument,ScoreGroup,Start,Duration,End
Flute,Lyrical Etude,11.702857142,57.492607709,69.195464851
Flute,Technical Etude,73.189297052,30.278820861,103.468117913
Flute,Chromatic Scale,108.94802721,27.492426303,136.440453513
Flute,Major Scales,141.409523809,95.782312925,237.191836734
Flute,Sight-Reading,239.978231292,47.600907029,287.579138321
