Instrument,ScoreGroup,Start,Duration,End
Flute,Lyrical Etude,15.18585034,79.133605442,94.319455782
Flute,Technical Etude,105.465034013,27.72462585,133.189659863
Flute,Chromatic Scale,149.106938775,16.195918367,165.302857142
Flute,Major Scales,179.861768707,101.146122448,281.00789115500004
Flute,Sight-Reading,287.416598639,44.721632653,332.138231292
