Instrument,ScoreGroup,Start,Duration,End
Flute,Lyrical Etude,10.40254,58.839365,69.241905
Flute,Technical Etude,72.655238,33.320635,105.975873
Flute,Chromatic Scale,111.339683,18.692063,130.031746
Flute,Major Scales,135.395556,122.554921,257.950477
Flute,Sight-Reading,262.339048,57.213968,319.553016
