Instrument,ScoreGroup,Start,Duration,End
Flute,Lyrical Etude,10.58829932,58.235646259,68.823945579
Flute,Technical Etude,72.167619048,47.090068027,119.257687075
Flute,Chromatic Scale,125.387755102,15.603809524,140.991564626
Flute,Major Scales,147.400272109,104.489795918,251.890068027
Flute,Sight-Reading,256.34829932,55.170612245,311.51891156500005
