Instrument,ScoreGroup,Start,Duration,End
Flute,Lyrical Etude,10.703825,97.906315,108.61014
Flute,Technical Etude,114.897701,53.444273,168.341974
Flute,Chromatic Scale,175.97687,13.922458,189.899328
Flute,Major Scales,198.881559,102.846542,301.72810100000004
Flute,Sight-Reading,307.117439,50.749604,357.86704299999997
