Instrument,ScoreGroup,Start,Duration,End
Xylophone,Mallet Etude,9.404082,41.842358,51.24644
Snare Drum,Snare Etude,57.004989,39.172063,96.177052
Timpani,Timpani Etude,99.892245,50.410522,150.30276700000002
Xylophone,Chromatic Scale,156.595374,7.639365,164.234739
Xylophone,Major Scales,166.649615,60.696961,227.34657600000003
Xylophone,Sight-Reading,233.824943,51.03746,284.862403
Snare Drum,Sight-Reading,293.894966,27.283447,321.17841300000003
