Instrument,ScoreGroup,Start,Duration,End
Flute,Lyrical Etude,10.122449,35.787755,45.91020399999999
Flute,Technical Etude,49.567347,30.955102,80.522449
Flute,Chromatic Scale,87.706122,18.873469,106.579591
Flute,Major Scales,112.38458,84.706395,197.09097500000001
Flute,Sight-Reading,204.149841,52.569977,256.71981800000003
