Instrument,ScoreGroup,Start,Duration,End
Flute,Lyrical Etude,19.31755102,60.669387755,79.986938775
Flute,Technical Etude,84.062040816,24.881632653,108.943673469
Flute,Chromatic Scale,114.638367347,16.888163265,131.526530612
Flute,Major Scales,137.051428571,131.80952381,268.860952381
Flute,Sight-Reading,277.211428571,129.036190476,406.247619047
