Instrument,ScoreGroup,Start,Duration,End
Bb Clarinet,Lyrical Etude,23.12707483,120.697324263,143.824399093
Bb Clarinet,Technical Etude,152.485442177,63.460136054,215.945578231
Bb Clarinet,Chromatic Scale,226.649977324,14.976870748,241.626848072
Bb Clarinet,Major Scales,253.074285714,120.766984127,373.841269841
Bb Clarinet,Sight-Reading,382.641632653,64.876553288,447.51818594099996
