Instrument,ScoreGroup,Start,Duration,End
Flute,Lyrical Etude,13.740408163,46.654693878,60.395102041
Flute,Technical Etude,67.343673469,38.504489796,105.848163265
Flute,Chromatic Scale,114.834285714,17.867755102,132.702040816
Flute,Major Scales,139.946666667,117.678730159,257.625396826
Flute,Sight-Reading,269.815873016,74.118095238,343.933968254
