Instrument,ScoreGroup,Start,Duration,End
Bb Clarinet,Lyrical Etude,9.566621315,58.885804989,68.452426304
Bb Clarinet,Technical Etude,71.819319728,40.263401361,112.08272108899999
Bb Clarinet,Chromatic Scale,120.92952381,20.48,141.40952381
Bb Clarinet,Major Scales,148.236190476,103.932517007,252.168707483
Bb Clarinet,Sight-Reading,257.462857143,84.288435374,341.751292517
