Instrument,ScoreGroup,Start,Duration,End
French Horn,Lyrical Etude,12.811195,97.502652,110.313847
French Horn,Technical Etude,122.695136,89.248459,211.94359500000002
French Horn,Chromatic Scale,219.681901,11.349515,231.031416
French Horn,Major Scales,240.317382,120.201682,360.519064
French Horn,Sight-Reading,367.225596,42.302738,409.528334
