Instrument,ScoreGroup,Start,Duration,End
Flute,Lyrical Etude,8.881632653,31.637188209,40.518820862
Flute,Technical Etude,44.350113379,23.742403628,68.092517007
Flute,Chromatic Scale,72.097959184,23.394104308,95.492063492
Flute,Major Scales,100.542403628,75.232653061,175.775056689
Flute,Sight-Reading,180.709297052,43.247165533,223.956462585
