Instrument,ScoreGroup,Start,Duration,End
Flute,Lyrical Etude,13.270204,41.900408,55.170612
Flute,Technical Etude,60.395102,43.258776,103.65387799999999
Flute,Chromatic Scale,110.550204,14.001633,124.55183699999999
Flute,Major Scales,132.806531,72.933878,205.740409
Flute,Sight-Reading,211.278367,48.274286,259.552653
