Instrument,ScoreGroup,Start,Duration,End
Flute,Lyrical Etude,10.971429,43.235556,54.206985
Flute,Technical Etude,57.864127,50.793651,108.65777800000001
Flute,Chromatic Scale,116.053333,12.434286,128.487619
Flute,Major Scales,134.907937,91.509841,226.417778
Flute,Sight-Reading,229.831111,49.412063,279.243174
