Instrument,ScoreGroup,Start,Duration,End
Alto Saxophone,Lyrical Etude,13.699773242,74.768253968,88.46802721
Alto Saxophone,Technical Etude,96.362811791,39.706122448,136.068934239
Alto Saxophone,Chromatic Scale,143.731519274,11.609977324,155.341496598
Alto Saxophone,Major Scales,162.075283446,89.629024943,251.704308389
Alto Saxophone,Sight-Reading,255.883900226,56.424489795,312.30839002100004
