Instrument,ScoreGroup,Start,Duration,End
Bb Clarinet,Lyrical Etude,13.83909297,53.684535147,67.523628117
Bb Clarinet,Technical Etude,77.9261678,49.040544217,126.96671201699999
Bb Clarinet,Chromatic Scale,133.746938775,23.870113378,157.61705215299997
Bb Clarinet,Major Scales,163.654240362,89.071746031,252.725986393
Bb Clarinet,Sight-Reading,260.156371882,78.854965986,339.01133786799994
