Instrument,ScoreGroup,Start,Duration,End
Bb Clarinet,Lyrical Etude,16.695147,79.063946,95.75909300000001
Bb Clarinet,Technical Etude,105.465034,66.64127,172.10630400000002
Bb Clarinet,Chromatic Scale,185.109478,14.744671,199.854149
Bb Clarinet,Major Scales,212.067846,76.60263,288.670476
Bb Clarinet,Sight-Reading,300.721633,47.902766,348.624399
