Instrument,ScoreGroup,Start,Duration,End
Bb Clarinet,Lyrical Etude,12.19047619,55.66984127,67.86031746
Bb Clarinet,Technical Etude,75.093333333,42.422857143,117.516190476
Bb Clarinet,Chromatic Scale,123.367619048,22.511746032,145.87936507999999
Bb Clarinet,Major Scales,152.137142857,86.51755102,238.654693877
Bb Clarinet,Sight-Reading,243.983673469,67.291428571,311.27510204
