Instrument,ScoreGroup,Start,Duration,End
Flute,Lyrical Etude,10.866938776,75.546122449,86.41306122499999
Flute,Technical Etude,89.582585034,38.034285714,127.616870748
Flute,Chromatic Scale,134.072018141,11.099138322,145.171156463
Flute,Major Scales,152.555102041,103.653877551,256.208979592
Flute,Sight-Reading,262.269387755,66.757369615,329.02675737000004
