Instrument,ScoreGroup,Start,Duration,End
Alto Saxophone,Lyrical Etude,13.583673469,46.60244898,60.186122448999996
Alto Saxophone,Technical Etude,70.310022676,58.328526077,128.638548753
Alto Saxophone,Chromatic Scale,136.06893424,22.801995465,158.870929705
Alto Saxophone,Major Scales,165.465396825,128.081269841,293.54666666599996
Alto Saxophone,Sight-Reading,300.466213152,48.85478458,349.320997732
