Instrument,ScoreGroup,Start,Duration,End
Flute,Lyrical Etude,12.945124717,48.819954649,61.765079366
Flute,Technical Etude,68.545306122,36.408888889,104.954195011
Flute,Chromatic Scale,114.799455782,27.399546485,142.199002267
Flute,Major Scales,150.60462585,81.92,232.52462585
Flute,Sight-Reading,239.258412698,61.022040816,300.280453514
