Instrument,ScoreGroup,Start,Duration,End
Trumpet,Lyrical Etude,15.232290249,38.638004535,53.870294784
Trumpet,Technical Etude,59.4430839,22.291156462,81.734240362
Trumpet,Chromatic Scale,89.536145124,10.402539682,99.938684806
Trumpet,Major Scales,108.112108843,80.248163265,188.360272108
Trumpet,Sight-Reading,193.190022675,39.195283446,232.38530612099999
