Instrument,ScoreGroup,Start,Duration,End
Bb Clarinet,Lyrical Etude,11.88861678,113.684897959,125.57351473899999
Bb Clarinet,Technical Etude,132.048979591,72.751020408,204.79999999900002
Bb Clarinet,Chromatic Scale,211.330612244,14.628571428,225.959183672
Bb Clarinet,Major Scales,232.097959183,118.073469387,350.17142857
Bb Clarinet,Sight-Reading,357.746938775,46.367346938,404.11428571299996
