Instrument,ScoreGroup,Start,Duration,End
Flute,Lyrical Etude,10.866939,44.199184,55.066123000000005
Flute,Technical Etude,61.126531,42.318367,103.444898
Flute,Chromatic Scale,111.490612,15.777959,127.268571
Flute,Major Scales,134.907937,86.471111,221.379048
Flute,Sight-Reading,227.880635,47.461587,275.342222
