Instrument,ScoreGroup,Start,Duration,End
Flute,Lyrical Etude,16.161088,37.709206,53.870294
Flute,Technical Etude,59.257324,28.978503,88.235827
Flute,Chromatic Scale,95.108934,18.947483,114.05641700000001
Flute,Major Scales,120.929524,88.607347,209.53687100000002
Flute,Sight-Reading,216.038458,48.854785,264.893243
