Instrument,ScoreGroup,Start,Duration,End
Alto Saxophone,Lyrical Etude,16.346848073,46.463129252,62.809977325000006
Alto Saxophone,Technical Etude,66.571609977,54.241814059,120.81342403599999
Alto Saxophone,Chromatic Scale,127.663310658,7.616145125,135.279455783
Alto Saxophone,Major Scales,144.70675737,93.529977324,238.236734694
Alto Saxophone,Sight-Reading,243.252244898,46.881088435,290.133333333
