Instrument,ScoreGroup,Start,Duration,End
Xylophone,Mallet Etude,15.542857,46.236735,61.779592
Snare Drum,Snare Etude,68.173787,84.149116,152.322903
Timpani,Timpani Etude,159.196009,134.118458,293.31446700000004
Xylophone,Chromatic Scale,303.833107,5.897868,309.730975
Xylophone,Major Scales,316.081633,107.62449,423.706123
Xylophone,Sight-Reading,432.653061,42.906122,475.55918299999996
Snare Drum,Sight-Reading,485.343492,27.213787,512.557279
