Instrument,ScoreGroup,Start,Duration,End
Trumpet,Lyrical Etude,13.322448979,44.930612244,58.253061223
Trumpet,Technical Etude,63.47755102,42.318367346,105.795918366
Trumpet,Chromatic Scale,113.371428571,15.151020408,128.522448979
Trumpet,Major Scales,136.904852607,76.161451247,213.066303854
Trumpet,Sight-Reading,222.818684807,81.269841269,304.088526076
