Instrument,ScoreGroup,Start,Duration,End
Flute,Lyrical Etude,12.399455782,26.610068027,39.009523809
Flute,Technical Etude,46.881088435,27.585306122,74.466394557
Flute,Chromatic Scale,81.711020408,16.857687075,98.568707483
Flute,Major Scales,105.882993197,89.652244898,195.535238095
Flute,Sight-Reading,201.456326531,52.453877551,253.910204082
