Instrument,ScoreGroup,Start,Duration,End
Bb Clarinet,Lyrical Etude,10.216780045,44.21079365,54.427573695
Bb Clarinet,Technical Etude,59.628843537,47.461587301,107.090430838
Bb Clarinet,Chromatic Scale,112.756099773,15.13941043,127.895510203
Bb Clarinet,Major Scales,133.485714285,119.379591836,252.865306121
Bb Clarinet,Sight-Reading,257.828571428,70.269387755,328.09795918299994
