Instrument,ScoreGroup,Start,Duration,End
Flute,Lyrical Etude,8.463673,43.154286,51.617959
Flute,Technical Etude,56.633469,48.169796,104.803265
Flute,Chromatic Scale,110.863673,15.986939,126.85061200000001
Flute,Major Scales,134.164898,77.322449,211.487347
Flute,Sight-Reading,217.443265,48.274286,265.717551
