Instrument,ScoreGroup,Start,Duration,End
Alto Saxophone,Lyrical Etude,15.719909,86.053152,101.773061
Alto Saxophone,Technical Etude,109.574966,21.385578,130.960544
Alto Saxophone,Chromatic Scale,261.735329,15.905669,277.64099799999997
Alto Saxophone,Major Scales,158.96381,49.806803,208.770613
Alto Saxophone,Sight-Reading,217.199456,36.966168,254.165624
