Instrument,ScoreGroup,Start,Duration,End
Flute,Lyrical Etude,13.792653061,56.981768707,70.774421768
Flute,Technical Etude,77.461768707,22.848435374,100.31020408100001
Flute,Chromatic Scale,107.276190476,12.956734694,120.23292517
Flute,Major Scales,128.592108844,103.932517007,232.524625851
Flute,Sight-Reading,239.769251701,43.049795918,282.819047619
