Instrument,ScoreGroup,Start,Duration,End
Bb Clarinet,Lyrical Etude,13.453061224,145.632653061,159.08571428500002
Bb Clarinet,Technical Etude,168.881632653,56.946938775,225.828571428
Bb Clarinet,Chromatic Scale,236.408163265,11.885714285,248.29387755000002
Bb Clarinet,Major Scales,256.783673469,94.302040816,351.085714285
Bb Clarinet,Sight-Reading,362.579591836,73.273469387,435.85306122300005
