Instrument,ScoreGroup,Start,Duration,End
Flute,Lyrical Etude,19.853061,29.518367,49.371428
Flute,Technical Etude,55.118367,46.759184,101.877551
Flute,Chromatic Scale,108.483628,67.059229,175.542857
Flute,Major Scales,183.530522,122.97288,306.503402
Flute,Sight-Reading,315.048345,55.542132,370.59047699999996
