Instrument,ScoreGroup,Start,Duration,End
Bb Clarinet,Lyrical Etude,12.329795918,114.102857143,126.432653061
Bb Clarinet,Technical Etude,131.030204082,46.184489796,177.21469387800002
Bb Clarinet,Chromatic Scale,183.66984127,13.165714286,196.835555556
Bb Clarinet,Major Scales,203.221043084,126.8738322,330.094875284
Bb Clarinet,Sight-Reading,336.410702948,91.765260771,428.175963719
