Instrument,ScoreGroup,Start,Duration,End
Flute,Lyrical Etude,10.797279,47.949206,58.74648499999999
Flute,Technical Etude,68.498866,44.814512,113.313378
Flute,Chromatic Scale,121.092063,12.887075,133.979138
Flute,Major Scales,140.248526,72.097959,212.346485
Flute,Sight-Reading,214.552381,39.125624,253.67800499999998
