Instrument,ScoreGroup,Start,Duration,End
Alto Saxophone,Lyrical Etude,10.309659864,54.636553288,64.946213152
Alto Saxophone,Technical Etude,73.073197279,34.133333333,107.206530612
Alto Saxophone,Chromatic Scale,115.658594104,12.097596372,127.756190476
Alto Saxophone,Major Scales,133.630839002,62.252698413,195.88353741499998
Alto Saxophone,Sight-Reading,202.686984127,65.991111111,268.67809523799997
