Instrument,ScoreGroup,Start,Duration,End
Alto Saxophone,Lyrical Etude,7.058866213,43.630294785,50.689160998
Alto Saxophone,Technical Etude,54.218594104,53.266575964,107.485170068
Alto Saxophone,Chromatic Scale,109.621405896,11.795736961,121.417142857
Alto Saxophone,Major Scales,123.553378685,100.612063492,224.165442177
Alto Saxophone,Sight-Reading,225.906938776,48.85478458,274.761723356
