Instrument,ScoreGroup,Start,Duration,End
Bb Clarinet,Lyrical Etude,16.532607709,75.604172335,92.136780044
Bb Clarinet,Technical Etude,96.4092517,35.480090702,131.889342402
Bb Clarinet,Chromatic Scale,139.505487528,14.117732426,153.623219954
Bb Clarinet,Major Scales,160.49632653,105.325714285,265.82204081500004
Bb Clarinet,Sight-Reading,271.209070294,52.941496598,324.15056689200003
