Instrument,ScoreGroup,Start,Duration,End
Flute,Lyrical Etude,12.277551,43.885714,56.163265
Flute,Technical Etude,60.342857,32.391837,92.734694
Flute,Chromatic Scale,100.571429,20.897959,121.469388
Flute,Major Scales,130.612245,84.636735,215.24898000000002
Flute,Sight-Reading,222.302041,46.236735,268.538776
