Instrument,ScoreGroup,Start,Duration,End
Alto Saxophone,Lyrical Etude,20.665759637,58.676825397,79.342585034
Alto Saxophone,Technical Etude,87.283809524,38.823764172,126.107573696
Alto Saxophone,Chromatic Scale,134.606077098,20.17814059,154.78421768799998
Alto Saxophone,Major Scales,161.19292517,108.483628118,269.676553288
Alto Saxophone,Sight-Reading,280.961451247,67.779047619,348.740498866
