Instrument,ScoreGroup,Start,Duration,End
Bb Clarinet,Lyrical Etude,13.560453514,56.656689342,70.217142856
Bb Clarinet,Technical Etude,73.375056689,50.898140589,124.273197278
Bb Clarinet,Chromatic Scale,130.589024943,18.390204081,148.979229024
Bb Clarinet,Major Scales,158.267210884,122.787120181,281.05433106500004
Bb Clarinet,Sight-Reading,285.698321995,72.817777777,358.516099772
