Instrument,ScoreGroup,Start,Duration,End
French Horn,Lyrical Etude,17.634097,112.306539,129.940636
French Horn,Technical Etude,134.078245,95.165014,229.24325900000002
French Horn,Chromatic Scale,236.927391,11.230654,248.158045
French Horn,Major Scales,255.842177,120.581757,376.423934
French Horn,Sight-Reading,383.516979,85.707622,469.224601
