Instrument,ScoreGroup,Start,Duration,End
Alto Saxophone,Lyrical Etude,10.76244898,84.601904762,95.364353742
Alto Saxophone,Technical Etude,100.519183673,28.908843537,129.42802721
Alto Saxophone,Chromatic Scale,136.185034014,10.936598639,147.121632653
Alto Saxophone,Major Scales,153.042721088,62.345578231,215.388299319
Alto Saxophone,Sight-Reading,222.493605442,54.543673469,277.037278911
