Instrument,ScoreGroup,Start,Duration,End
Flute,Lyrical Etude,14.466032,44.860952,59.326983999999996
Flute,Technical Etude,68.754286,23.080635,91.834921
Flute,Chromatic Scale,101.262222,11.540317,112.802539
Flute,Major Scales,124.180317,107.27619,231.456507
Flute,Sight-Reading,238.933333,39.334603,278.267936
