Instrument,ScoreGroup,Start,Duration,End
Bb Clarinet,Lyrical Etude,13.191837,101.355102,114.54693900000001
Bb Clarinet,Technical Etude,119.379592,42.579592,161.959184
Bb Clarinet,Chromatic Scale,169.404082,13.453061,182.85714299999998
Bb Clarinet,Major Scales,190.589388,118.886168,309.475556
Bb Clarinet,Sight-Reading,312.633469,49.040544,361.674013
