Instrument,ScoreGroup,Start,Duration,End
Flute,Lyrical Etude,13.328253968,50.387301587,63.715555555
Flute,Technical Etude,67.570068027,21.13015873,88.70022675700001
Flute,Chromatic Scale,95.434013605,13.003174603,108.43718820800001
Flute,Major Scales,114.102857142,113.452698412,227.55555555400002
Flute,Sight-Reading,232.269206349,57.701587301,289.97079365
