Instrument,ScoreGroup,Start,Duration,End
Bb Clarinet,Lyrical Etude,13.572063492,50.54984127,64.121904762
Bb Clarinet,Technical Etude,68.429206349,26.168888889,94.598095238
Bb Clarinet,Chromatic Scale,102.481269841,18.610793651,121.092063492
Bb Clarinet,Major Scales,127.593650794,80.457142857,208.050793651
Bb Clarinet,Sight-Reading,213.658412698,62.415238095,276.073650793
