Instrument,ScoreGroup,Start,Duration,End
Bb Clarinet,Lyrical Etude,10.959819,60.929161,71.88898
Bb Clarinet,Technical Etude,77.647528,28.421224,106.06875199999999
Bb Clarinet,Chromatic Scale,113.870658,15.975329,129.845987
Bb Clarinet,Major Scales,134.304218,96.966531,231.270749
Bb Clarinet,Sight-Reading,236.657778,56.09941,292.757188
