Instrument,ScoreGroup,Start,Duration,End
Alto Saxophone,Lyrical Etude,18.808163265,38.730884353,57.539047618
Alto Saxophone,Technical Etude,61.300680272,37.059047619,98.359727891
Alto Saxophone,Chromatic Scale,103.235918367,13.653333333,116.8892517
Alto Saxophone,Major Scales,122.462040816,73.003537414,195.46557823
Alto Saxophone,Sight-Reading,204.242721088,45.55755102,249.800272108
