Instrument,ScoreGroup,Start,Duration,End
Alto Saxophone,Lyrical Etude,11.052698412,54.009614512,65.062312924
Alto Saxophone,Technical Etude,69.33478458,35.062131519,104.39691609900001
Alto Saxophone,Chromatic Scale,109.691065759,18.297324263,127.988390022
Alto Saxophone,Major Scales,135.047256235,75.511292517,210.55854875199998
Alto Saxophone,Sight-Reading,216.874376417,51.316099773,268.19047619
