Instrument,ScoreGroup,Start,Duration,End
Flute,Lyrical Etude,14.210612244,89.303945578,103.514557822
Flute,Technical Etude,112.198820861,102.910839002,215.109659863
Flute,Chromatic Scale,234.985941043,24.613151927,259.59909297
Flute,Major Scales,271.209070294,121.208163265,392.417233559
Flute,Sight-Reading,399.615419501,82.198639455,481.81405895600005
