Instrument,ScoreGroup,Start,Duration,End
Flute,Lyrical Etude,10.565079,55.611791,66.17687
Flute,Technical Etude,70.008163,45.395011,115.40317399999999
Flute,Chromatic Scale,121.440363,11.842177,133.28254
Flute,Major Scales,138.39093,95.782313,234.173243
Flute,Sight-Reading,237.656236,51.3161,288.972336
