Instrument,ScoreGroup,Start,Duration,End
Trumpet,Lyrical Etude,9.899236,66.773727,76.672963
Trumpet,Technical Etude,82.944528,19.183612,102.12814
Trumpet,Chromatic Scale,114.302356,10.698553,125.00090900000001
Trumpet,Major Scales,137.54404,101.082879,238.626919
Trumpet,Sight-Reading,249.325472,45.007705,294.333177
