Instrument,ScoreGroup,Start,Duration,End
Bb Clarinet,Lyrical Etude,9.009342404,98.615147392,107.62448979599999
Bb Clarinet,Technical Etude,112.523900227,40.797460317,153.32136054400002
Bb Clarinet,Chromatic Scale,159.24244898,11.400997732,170.643446712
Bb Clarinet,Major Scales,176.564535147,105.441814059,282.006349206
Bb Clarinet,Sight-Reading,289.552834467,142.477641723,432.03047619000006
