Instrument,ScoreGroup,Start,Duration,End
Bb Clarinet,Lyrical Etude,12.016327,140.016327,152.03265399999998
Bb Clarinet,Technical Etude,157.518367,71.314286,228.832653
Bb Clarinet,Chromatic Scale,236.146939,15.804082,251.951021
Bb Clarinet,Major Scales,259.877732,122.044082,381.921814
Bb Clarinet,Sight-Reading,388.051882,77.833288,465.88516999999996
