Instrument,ScoreGroup,Start,Duration,End
Bb Clarinet,Lyrical Etude,14.889796,81.502041,96.39183700000001
Bb Clarinet,Technical Etude,105.273469,31.216327,136.489796
Bb Clarinet,Chromatic Scale,145.632653,13.191837,158.82449
Bb Clarinet,Major Scales,169.412789,118.700408,288.113197
Bb Clarinet,Sight-Reading,295.822222,69.009705,364.831927
