Instrument,ScoreGroup,Start,Duration,End
Bb Clarinet,Lyrical Etude,16.044988662,157.059773243,173.104761905
Bb Clarinet,Technical Etude,181.67292517,48.274285714,229.94721088400001
Bb Clarinet,Chromatic Scale,240.187210884,11.842176871,252.029387755
Bb Clarinet,Major Scales,260.040272109,120.418684807,380.45895691600003
Bb Clarinet,Sight-Reading,385.892426304,59.303764172,445.196190476
