Instrument,ScoreGroup,Start,Duration,End
Bb Clarinet,Lyrical Etude,11.215238095,107.601269841,118.81650793600001
Bb Clarinet,Technical Etude,122.717460317,37.871746032,160.589206349
Bb Clarinet,Chromatic Scale,166.603174603,14.140952381,180.74412698400002
Bb Clarinet,Major Scales,185.782857143,112.802539683,298.585396826
Bb Clarinet,Sight-Reading,303.136507937,76.881269841,380.017777778
