Instrument,ScoreGroup,Start,Duration,End
Xylophone,Mallet Etude,12.930612,38.138776,51.069388000000004
Snare Drum,Snare Etude,58.906122,50.155102,109.06122400000001
Timpani,Timpani Etude,114.416327,61.64898,176.065307
Xylophone,Chromatic Scale,182.909388,8.85551,191.76489800000002
Xylophone,Major Scales,199.43619,69.079365,268.515555
Xylophone,Sight-Reading,281.745125,136.347574,418.092699
Snare Drum,Sight-Reading,424.576871,37.616327,462.193198
