Instrument,ScoreGroup,Start,Duration,End
Flute,Lyrical Etude,12.097596372,46.55600907,58.653605442
Flute,Technical Etude,63.39047619,26.540408163,89.930884353
Flute,Chromatic Scale,103.282358277,17.345306122,120.627664399
Flute,Major Scales,126.339773243,82.848798186,209.18857142899998
Flute,Sight-Reading,216.293877551,59.930702948,276.224580499
