Instrument,ScoreGroup,Start,Duration,End
Bb Clarinet,Lyrical Etude,12.19047619,115.078095238,127.268571428
Bb Clarinet,Technical Etude,131.982222222,37.546666667,169.52888888899997
Bb Clarinet,Chromatic Scale,176.03047619,13.328253968,189.35873015800001
Bb Clarinet,Major Scales,194.397460317,122.067301587,316.464761904
Bb Clarinet,Sight-Reading,321.178412698,59.48952381,380.66793650799997
