Instrument,ScoreGroup,Start,Duration,End
Flute,Lyrical Etude,12.051156463,52.384217687,64.43537415
Flute,Technical Etude,73.247346939,36.153469388,109.400816327
Flute,Chromatic Scale,117.394285714,13.897142857,131.291428571
Flute,Major Scales,137.647891156,107.554829932,245.20272108799998
Flute,Sight-Reading,250.148571429,53.15047619,303.29904761899996
