Instrument,ScoreGroup,Start,Duration,End
Bb Clarinet,Lyrical Etude,12.794195,87.00517,99.79936500000001
Bb Clarinet,Technical Etude,109.992925,60.232562,170.225487
Bb Clarinet,Chromatic Scale,176.982494,13.212154,190.194648
Bb Clarinet,Major Scales,196.673016,88.189388,284.86240399999997
Bb Clarinet,Sight-Reading,292.362449,41.1922,333.55464900000004
