Instrument,ScoreGroup,Start,Duration,End
Flute,Lyrical Etude,10.031020408,44.582312925,54.613333333
Flute,Technical Etude,58.700045351,29.442902494,88.142947845
Flute,Chromatic Scale,93.622857143,17.925804989,111.548662132
Flute,Major Scales,116.749931973,76.347210884,193.097142857
Flute,Sight-Reading,200.690068027,35.805170068,236.495238095
