Instrument,ScoreGroup,Start,Duration,End
Bb Clarinet,Lyrical Etude,10.579592,112.718367,123.297959
Bb Clarinet,Technical Etude,130.220408,42.057143,172.277551
Bb Clarinet,Chromatic Scale,179.591837,11.363265,190.955102
Bb Clarinet,Major Scales,196.832653,104.228571,301.061224
Bb Clarinet,Sight-Reading,306.155102,59.297959,365.453061
