Instrument,ScoreGroup,Start,Duration,End
Bb Clarinet,Lyrical Etude,18.692063492,139.157188209,157.849251701
Bb Clarinet,Technical Etude,165.511836735,52.291337868,217.803174603
Bb Clarinet,Chromatic Scale,225.187120181,15.743129252,240.930249433
Bb Clarinet,Major Scales,252.215147392,121.347482993,373.56263038500003
Bb Clarinet,Sight-Reading,378.020861678,65.271292517,443.292154195
