Instrument,ScoreGroup,Start,Duration,End
Flute,Lyrical Etude,10.762448979,62.380408163,73.142857142
Flute,Technical Etude,77.113469387,31.451428571,108.56489795799999
Flute,Chromatic Scale,114.102857142,13.374693877,127.477551019
Flute,Major Scales,132.702040816,101.564081632,234.26612244799998
Flute,Sight-Reading,240.326530612,48.901224489,289.227755101
