Instrument,ScoreGroup,Start,Duration,End
Flute,Lyrical Etude,13.792653,37.929796,51.722449000000005
Flute,Technical Etude,57.103673,54.177959,111.281632
Flute,Chromatic Scale,119.170612,16.457143,135.627755
Flute,Major Scales,142.576327,75.702857,218.279184
Flute,Sight-Reading,222.302041,76.329796,298.631837
