Instrument,ScoreGroup,Start,Duration,End
Bb Clarinet,Lyrical Etude,16.587755,123.95102,140.538775
Bb Clarinet,Technical Etude,146.546939,103.967347,250.51428600000003
Bb Clarinet,Chromatic Scale,258.481633,21.159184,279.64081699999997
Bb Clarinet,Major Scales,289.697959,115.591837,405.289796
Bb Clarinet,Sight-Reading,418.35102,84.37551,502.72653
