Instrument,ScoreGroup,Start,Duration,End
Alto Saxophone,Lyrical Etude,14.071292517,85.82095238,99.892244897
Alto Saxophone,Technical Etude,105.186394557,54.195374149,159.381768706
Alto Saxophone,Chromatic Scale,165.511836734,9.334421768,174.846258502
Alto Saxophone,Major Scales,181.533605442,88.746666666,270.280272108
Alto Saxophone,Sight-Reading,275.43510204,53.080816326,328.515918366
