Instrument,ScoreGroup,Start,Duration,End
Flute,Lyrical Etude,9.671111,77.856508,87.527619
Flute,Technical Etude,91.266032,73.793016,165.059048
Flute,Chromatic Scale,170.991746,19.504762,190.496508
Flute,Major Scales,197.160635,99.718095,296.87873
Flute,Sight-Reading,305.330794,63.309206,368.64000000000004
