Instrument,ScoreGroup,Start,Duration,End
Bb Clarinet,Lyrical Etude,17.70521542,45.801360544,63.50657596399999
Bb Clarinet,Technical Etude,68.614965986,62.635827664,131.25079365
Bb Clarinet,Chromatic Scale,138.274829932,30.998639456,169.273469388
Bb Clarinet,Major Scales,180.651247166,84.985034014,265.63628117999997
Bb Clarinet,Sight-Reading,272.950566893,62.693877551,335.644444444
