Instrument,ScoreGroup,Start,Duration,End
Flute,Lyrical Etude,14.628571,82.285714,96.914285
Flute,Technical Etude,103.706122,22.987755,126.69387699999999
Flute,Chromatic Scale,133.746939,13.844898,147.591837
Flute,Major Scales,155.167347,91.689796,246.857143
Flute,Sight-Reading,253.387755,59.036735,312.42449
