Instrument,ScoreGroup,Start,Duration,End
Flute,Lyrical Etude,11.284897959,106.161632653,117.446530612
Flute,Technical Etude,123.297959183,29.257142857,152.55510204
Flute,Chromatic Scale,159.242448979,15.046530612,174.288979591
Flute,Major Scales,180.419047619,109.505306122,289.924353741
Flute,Sight-Reading,294.521904761,47.090068027,341.611972788
