Instrument,ScoreGroup,Start,Duration,End
Flute,Lyrical Etude,12.770975056,75.697052154,88.46802721
Flute,Technical Etude,93.344217687,30.185941043,123.53015873
Flute,Chromatic Scale,129.799546485,13.467573696,143.267120181
Flute,Major Scales,148.839909297,95.898412698,244.73832199499998
Flute,Sight-Reading,251.70430839,45.743310657,297.447619047
