Instrument,ScoreGroup,Start,Duration,End
Alto Saxophone,Lyrical Etude,12.434285714,42.579591837,55.013877551
Alto Saxophone,Technical Etude,60.836281179,110.875283447,171.71156462599998
Alto Saxophone,Chromatic Scale,178.67755102,10.739229025,189.416780045
Alto Saxophone,Major Scales,196.162176871,117.725170068,313.887346939
Alto Saxophone,Sight-Reading,320.783673469,82.546938776,403.330612245
