Instrument,ScoreGroup,Start,Duration,End
Flute,Lyrical Etude,13.653333333,101.006802721,114.660136054
Flute,Technical Etude,120.790204081,42.353197278,163.143401359
Flute,Chromatic Scale,179.583129251,18.947482993,198.530612244
Flute,Major Scales,210.094149659,123.53015873,333.624308389
Flute,Sight-Reading,341.971882086,43.885714285,385.857596371
