Instrument,ScoreGroup,Start,Duration,End
Bb Clarinet,Lyrical Etude,2.136235828,31.950657596,34.086893423999996
Bb Clarinet,Technical Etude,34.272653061,24.055873016,58.328526077
Bb Clarinet,Chromatic Scale,68.823945578,38.916643991,107.740589569
Bb Clarinet,Major Scales,113.777777778,105.650793651,219.428571429
Bb Clarinet,Sight-Reading,223.004444444,48.599365079,271.603809523
