Instrument,ScoreGroup,Start,Duration,End
Bb Clarinet,Lyrical Etude,10.448979592,54.648163265,65.097142857
Bb Clarinet,Technical Etude,70.217142857,19.539591837,89.756734694
Bb Clarinet,Chromatic Scale,97.941768707,12.817414966,110.759183673
Bb Clarinet,Major Scales,116.715102041,69.276734694,185.991836735
Bb Clarinet,Sight-Reading,189.44,51.2,240.64
