Instrument,ScoreGroup,Start,Duration,End
Flute,Lyrical Etude,8.614603,58.392381,67.006984
Flute,Technical Etude,71.68,52.744127,124.424127
Flute,Chromatic Scale,127.065397,19.098413,146.16381
Flute,Major Scales,152.543492,102.887619,255.431111
Flute,Sight-Reading,264.817778,69.36381,334.181588
