Instrument,ScoreGroup,Start,Duration,End
Flute,Lyrical Etude,13.003174603,56.888888888,69.892063491
Flute,Technical Etude,76.858049886,31.346938775,108.204988661
Flute,Chromatic Scale,114.706575963,54.566893424,169.273469387
Flute,Major Scales,175.542857142,81.966439909,257.509297051
Flute,Sight-Reading,263.778684807,82.895238095,346.67392290199996
