Instrument,ScoreGroup,Start,Duration,End
Tenor Saxophone,Lyrical Etude,11.961864,55.477186,67.43905000000001
Tenor Saxophone,Technical Etude,72.482431,62.848281,135.330712
Tenor Saxophone,Chromatic Scale,143.865664,12.414475,156.28013900000002
Tenor Saxophone,Major Scales,162.875329,93.496517,256.371846
Tenor Saxophone,Sight-Reading,262.579084,44.614521,307.19360500000005
