Instrument,ScoreGroup,Start,Duration,End
Bb Clarinet,Lyrical Etude,8.730702948,92.415419501,101.146122449
Bb Clarinet,Technical Etude,106.277732426,50.874920635,157.152653061
Bb Clarinet,Chromatic Scale,163.514920635,13.792653061,177.30757369600002
Bb Clarinet,Major Scales,181.998004535,96.037732426,278.035736961
Bb Clarinet,Sight-Reading,284.76952381,69.566984127,354.336507937
