Instrument,ScoreGroup,Start,Duration,End
Flute,Lyrical Etude,15.60381,47.229388,62.833197999999996
Flute,Technical Etude,68.266667,41.517279,109.783946
Flute,Chromatic Scale,118.421769,19.922721,138.34449
Flute,Major Scales,145.589116,110.480544,256.06966
Flute,Sight-Reading,261.22449,58.374966,319.59945600000003
