Instrument,ScoreGroup,Start,Duration,End
Bb Clarinet,Lyrical Etude,14.759184,86.987755,101.74693900000001
Bb Clarinet,Technical Etude,110.628571,41.404082,152.03265299999998
Bb Clarinet,Chromatic Scale,162.873469,11.755102,174.628571
Bb Clarinet,Major Scales,183.379592,113.502041,296.881633
Bb Clarinet,Sight-Reading,304.326531,54.073469,358.4
