Instrument,ScoreGroup,Start,Duration,End
Trumpet,Lyrical Etude,13.322448979,39.444897959,52.767346938
Trumpet,Technical Etude,65.828571428,27.951020408,93.77959183600001
Trumpet,Chromatic Scale,101.093877551,19.330612244,120.424489795
Trumpet,Major Scales,127.059591836,120.743764172,247.80335600799998
Trumpet,Sight-Reading,254.119183673,52.941496598,307.060680271
