Instrument,ScoreGroup,Start,Duration,End
Flute,Lyrical Etude,11.84217687,48.622585034,60.464761904
Flute,Technical Etude,65.34095238,18.668843537,84.009795917
Flute,Chromatic Scale,90.139863945,15.046530612,105.186394557
Flute,Major Scales,110.364444444,101.587301587,211.951746031
Flute,Sight-Reading,215.04,46.811428571,261.851428571
