Instrument,ScoreGroup,Start,Duration,End
Flute,Lyrical Etude,10.880026,91.611651,102.491677
Flute,Technical Etude,111.817414,94.354515,206.171929
Flute,Chromatic Scale,214.949093,12.068601,227.017694
Flute,Major Scales,233.600567,104.228825,337.829392
Flute,Sight-Reading,343.315119,92.160224,435.47534299999995
