Instrument,ScoreGroup,Start,Duration,End
Flute,Lyrical Etude,12.027936507,81.432380952,93.46031745900001
Flute,Technical Etude,100.124444444,25.843809523,125.96825396700001
Flute,Chromatic Scale,131.982222222,11.215238095,143.19746031699998
Flute,Major Scales,150.024126984,93.297777777,243.32190476099998
Flute,Sight-Reading,246.735238095,43.885714285,290.62095238
