Instrument,ScoreGroup,Start,Duration,End
Alto Saxophone,Lyrical Etude,13.072834467,75.998911565,89.071746032
Alto Saxophone,Technical Etude,92.252879819,36.339229025,128.592108844
Alto Saxophone,Chromatic Scale,134.350657596,9.311201814,143.66185940999998
Alto Saxophone,Major Scales,149.281088435,85.031473923,234.31256235799998
Alto Saxophone,Sight-Reading,240.233650794,40.867120181,281.100770975
