Instrument,ScoreGroup,Start,Duration,End
Alto Saxophone,Lyrical Etude,12.120816326,64.888163265,77.008979591
Alto Saxophone,Technical Etude,83.173877551,28.525714285,111.699591836
Alto Saxophone,Chromatic Scale,119.431836734,11.284897959,130.716734693
Alto Saxophone,Major Scales,138.031020408,98.638367346,236.66938775399998
Alto Saxophone,Sight-Reading,241.998367346,54.961632653,296.959999999
