Instrument,ScoreGroup,Start,Duration,End
Bb Clarinet,Lyrical Etude,13.026395,77.856508,90.882903
Bb Clarinet,Technical Etude,98.104308,84.776054,182.880362
Bb Clarinet,Chromatic Scale,192.330884,38.405805,230.736689
Bb Clarinet,Major Scales,238.863673,121.277823,360.141496
Bb Clarinet,Sight-Reading,364.646168,47.438367,412.08453499999996
