Instrument,ScoreGroup,Start,Duration,End
Flute,Lyrical Etude,17.83292517,55.356371882,73.189297052
Flute,Technical Etude,76.161451247,47.182947846,123.34439909299999
Flute,Chromatic Scale,129.660226757,15.232290249,144.892517006
Flute,Major Scales,152.694421769,109.969705215,262.664126984
Flute,Sight-Reading,267.122358277,47.55446712,314.676825397
