Instrument,ScoreGroup,Start,Duration,End
Flute,Lyrical Etude,10.565079365,57.701587302,68.266666667
Flute,Technical Etude,75.906031746,31.857777778,107.763809524
Flute,Chromatic Scale,114.427936508,16.579047619,131.006984127
Flute,Major Scales,138.808888889,121.742222222,260.551111111
Flute,Sight-Reading,265.914920635,50.874920635,316.78984127
