Instrument,ScoreGroup,Start,Duration,End
Flute,Lyrical Etude,9.287982,65.015873,74.303855
Flute,Technical Etude,78.390567,50.526621,128.917188
Flute,Chromatic Scale,134.118458,18.575964,152.694422
Flute,Major Scales,160.124807,118.886168,279.01097500000003
Flute,Sight-Reading,284.583764,53.127256,337.71101999999996
