Instrument,ScoreGroup,Start,Duration,End
Alto Saxophone,Lyrical Etude,16.416507937,81.200181406,97.61668934299999
Alto Saxophone,Technical Etude,109.99292517,37.569886621,147.562811791
Alto Saxophone,Chromatic Scale,156.409614512,8.846802721,165.25641723299998
Alto Saxophone,Major Scales,178.398911565,86.703310658,265.102222223
Alto Saxophone,Sight-Reading,275.876281179,62.275918367,338.152199546
