Instrument,ScoreGroup,Start,Duration,End
Bb Clarinet,Lyrical Etude,17.742633,107.792061,125.534694
Bb Clarinet,Technical Etude,138.451924,34.742896,173.19482
Bb Clarinet,Chromatic Scale,184.775785,12.026387,196.802172
Bb Clarinet,Major Scales,206.601451,100.665313,307.26676399999997
Bb Clarinet,Sight-Reading,319.293151,36.079161,355.372312
