Instrument,ScoreGroup,Start,Duration,End
Flute,Lyrical Etude,15.278730159,53.15047619,68.429206349
Flute,Technical Etude,72.98031746,23.080634921,96.06095238099999
Flute,Chromatic Scale,102.887619048,12.840634921,115.72825396900001
Flute,Major Scales,124.83047619,88.584126984,213.41460317399998
Flute,Sight-Reading,218.453333333,44.535873016,262.98920634899997
