Instrument,ScoreGroup,Start,Duration,End
Alto Saxophone,Lyrical Etude,15.418049887,55.727891156,71.145941043
Alto Saxophone,Technical Etude,79.458684807,42.469297052,121.927981859
Alto Saxophone,Chromatic Scale,130.380045351,7.24462585,137.624671201
Alto Saxophone,Major Scales,147.028752834,73.885895692,220.914648526
Alto Saxophone,Sight-Reading,231.87446712,45.487891156,277.362358276
