Instrument,ScoreGroup,Start,Duration,End
Tenor Saxophone,Lyrical Etude,15.227045,45.858882,61.085927
Tenor Saxophone,Technical Etude,66.77385,57.590224,124.36407399999999
Tenor Saxophone,Chromatic Scale,132.540464,11.020352,143.560816
Tenor Saxophone,Major Scales,151.38171,86.740831,238.122541
Tenor Saxophone,Sight-Reading,245.943436,37.326997,283.27043299999997
