Instrument,ScoreGroup,Start,Duration,End
Flute,Lyrical Etude,13.328253968,88.746666666,102.074920634
Flute,Technical Etude,105.65079365,29.094603174,134.745396824
Flute,Chromatic Scale,140.921904761,16.091428571,157.013333332
Flute,Major Scales,161.726984126,107.113650793,268.84063491899997
Flute,Sight-Reading,275.992380952,48.274285714,324.266666666
