Instrument,ScoreGroup,Start,Duration,End
Bb Clarinet,Lyrical Etude,10.681179138,51.316099773,61.997278910999995
Bb Clarinet,Technical Etude,66.316190476,40.124081633,106.440272109
Bb Clarinet,Chromatic Scale,111.64154195,20.619319728,132.260861678
Bb Clarinet,Major Scales,137.926530612,95.016054422,232.942585034
Bb Clarinet,Sight-Reading,236.704217687,46.811428571,283.515646258
