Instrument,ScoreGroup,Start,Duration,End
Bb Clarinet,Lyrical Etude,11.145578231,76.62585034,87.771428571
Bb Clarinet,Technical Etude,92.229659864,33.994013605,126.223673469
Bb Clarinet,Chromatic Scale,130.960544218,16.718367347,147.678911565
Bb Clarinet,Major Scales,152.694421769,101.424761905,254.119183674
Bb Clarinet,Sight-Reading,260.249251701,71.053061224,331.302312925
