Instrument,ScoreGroup,Start,Duration,End
Bb Clarinet,Lyrical Etude,12.283356009,112.036281179,124.319637188
Bb Clarinet,Technical Etude,134.072018141,45.069931973,179.141950114
Bb Clarinet,Chromatic Scale,187.710113379,12.167256236,199.87736961500002
Bb Clarinet,Major Scales,207.981133787,112.361360544,320.342494331
Bb Clarinet,Sight-Reading,327.517460317,104.118276644,431.63573696099996
