Instrument,ScoreGroup,Start,Duration,End
Trumpet,Lyrical Etude,15.766714,87.120264,102.886978
Trumpet,Technical Etude,108.606995,21.560065,130.16706
Trumpet,Chromatic Scale,141.167094,14.960045,156.127139
Trumpet,Major Scales,167.567174,95.040288,262.607462
Trumpet,Sight-Reading,276.247503,73.480222,349.72772499999996
