Instrument,ScoreGroup,Start,Duration,End
Flute,Lyrical Etude,11.911836734,45.975510204,57.887346938
Flute,Technical Etude,62.066938775,22.151836734,84.218775509
Flute,Chromatic Scale,91.742040816,16.300408163,108.042448979
Flute,Major Scales,115.983673469,110.341224489,226.324897958
Flute,Sight-Reading,232.803265306,43.25877551,276.062040816
