Instrument,ScoreGroup,Start,Duration,End
Flute,Lyrical Etude,14.106122448,51.408979591,65.515102039
Flute,Technical Etude,70.217142857,25.391020408,95.608163265
Flute,Chromatic Scale,105.743673469,25.6,131.343673469
Flute,Major Scales,142.210612244,75.337142857,217.547755101
Flute,Sight-Reading,222.249795918,43.467755102,265.71755102
