Instrument,ScoreGroup,Start,Duration,End
Alto Saxophone,Lyrical Etude,13.746213151,44.953832199,58.700045349999996
Alto Saxophone,Technical Etude,63.529795918,34.179773242,97.70956916
Alto Saxophone,Chromatic Scale,103.653877551,15.975328798,119.62920634899999
Alto Saxophone,Major Scales,125.759274376,70.960181405,196.719455781
Alto Saxophone,Sight-Reading,201.734965986,52.012698412,253.74766439799998
