Instrument,ScoreGroup,Start,Duration,End
Flute,Lyrical Etude,11.145578,25.82059,36.966167999999996
Flute,Technical Etude,41.238639,45.511111,86.74975
Flute,Chromatic Scale,93.808617,30.74322,124.551837
Flute,Major Scales,135.604535,111.641542,247.246077
Flute,Sight-Reading,252.447347,46.811429,299.258776
