Instrument,ScoreGroup,Start,Duration,End
Flute,Lyrical Etude,8.173424,27.492426,35.66585
Flute,Technical Etude,40.489796,30.171429,70.661225
Flute,Chromatic Scale,78.759184,17.110204,95.869388
Flute,Major Scales,104.954195,74.675374,179.629569
Flute,Sight-Reading,184.0878,44.396553,228.484353
