Instrument,ScoreGroup,Start,Duration,End
Bb Clarinet,Lyrical Etude,12.678095238,116.540952381,129.219047619
Bb Clarinet,Technical Etude,133.77015873,24.868571429,158.63873015899998
Bb Clarinet,Chromatic Scale,167.578412698,12.678095238,180.256507936
Bb Clarinet,Major Scales,185.295238095,97.198730159,282.493968254
Bb Clarinet,Sight-Reading,285.884081633,45.139591837,331.02367347
