Instrument,ScoreGroup,Start,Duration,End
Bb Clarinet,Lyrical Etude,11.424217687,61.207800453,72.63201814
Bb Clarinet,Technical Etude,78.483446712,34.922811791,113.406258503
Bb Clarinet,Chromatic Scale,120.558004535,15.78956916,136.347573695
Bb Clarinet,Major Scales,144.056598639,133.282539682,277.33913832099995
Bb Clarinet,Sight-Reading,284.67664399,69.938503401,354.615147391
