Instrument,ScoreGroup,Start,Duration,End
Alto Saxophone,Lyrical Etude,9.914920634,65.747301587,75.662222221
Alto Saxophone,Technical Etude,79.075555555,24.218412698,103.293968253
Alto Saxophone,Chromatic Scale,108.739047619,10.971428571,119.71047619000001
Alto Saxophone,Major Scales,125.318095238,70.542222222,195.86031746
Alto Saxophone,Sight-Reading,203.906031746,35.596190476,239.502222222
