Instrument,ScoreGroup,Start,Duration,End
Xylophone,Mallet Etude,11.935057,42.120998,54.056055
Snare Drum,Snare Etude,64.853333,44.350113,109.20344600000001
Timpani,Timpani Etude,117.376871,55.379592,172.756463
Xylophone,Chromatic Scale,178.97941,6.687347,185.666757
Xylophone,Major Scales,192.446984,94.807075,287.254059
Xylophone,Sight-Reading,295.706122,27.817506,323.523628
Snare Drum,Sight-Reading,329.653696,32.925896,362.57959200000005
