Instrument,ScoreGroup,Start,Duration,End
Bb Clarinet,Lyrical Etude,8.620408163,64.653061224,73.273469387
Bb Clarinet,Technical Etude,80.195918367,30.432653061,110.628571428
Bb Clarinet,Chromatic Scale,117.159183673,13.975510204,131.134693877
Bb Clarinet,Major Scales,137.665306122,93.779591836,231.444897958
Bb Clarinet,Sight-Reading,236.8,60.212244897,297.012244897
