Instrument,ScoreGroup,Start,Duration,End
Bb Clarinet,Lyrical Etude,13.072719,79.796479,92.86919800000001
Bb Clarinet,Technical Etude,104.657314,52.593134,157.250448
Bb Clarinet,Chromatic Scale,167.225008,14.508451,181.733459
Bb Clarinet,Major Scales,189.894463,102.919323,292.813786
Bb Clarinet,Sight-Reading,305.50868,55.766858,361.27553800000004
