Instrument,ScoreGroup,Start,Duration,End
Alto Saxophone,Lyrical Etude,13.293424036,49.98095238,63.274376415999996
Alto Saxophone,Technical Etude,70.936961451,29.02494331,99.961904761
Alto Saxophone,Chromatic Scale,105.99909297,17.531065759,123.53015872900001
Alto Saxophone,Major Scales,130.438095238,82.430839002,212.86893424
Alto Saxophone,Sight-Reading,217.803174603,46.846258503,264.649433106
