Instrument,ScoreGroup,Start,Duration,End
Xylophone,Mallet Etude,17.182766,31.393379,48.576145
Snare Drum,Snare Etude,52.767347,68.832653,121.6
Timpani,Timpani Etude,126.966712,56.749569,183.716281
Xylophone,Chromatic Scale,193.654422,7.058866,200.713288
Xylophone,Major Scales,208.979592,114.677551,323.657143
Xylophone,Sight-Reading,330.840816,32.391837,363.232653
Snare Drum,Sight-Reading,370.546939,55.771429,426.318368
