Instrument,ScoreGroup,Start,Duration,End
Bb Clarinet,Lyrical Etude,12.631655,80.991202,93.622857
Bb Clarinet,Technical Etude,102.074921,50.526621,152.601542
Bb Clarinet,Chromatic Scale,158.081451,13.281814,171.36326499999998
Bb Clarinet,Major Scales,178.938776,111.542857,290.481633
Bb Clarinet,Sight-Reading,296.75102,61.257143,358.00816299999997
