Instrument,ScoreGroup,Start,Duration,End
Flute,Lyrical Etude,15.267120181,24.671201814,39.938321994999995
Flute,Technical Etude,47.949206349,20.375510204,68.324716553
Flute,Chromatic Scale,82.546938776,32.740136054,115.28707483
Flute,Major Scales,124.517006803,65.073922902,189.590929705
Flute,Sight-Reading,193.828571429,44.001814059,237.830385488
