Instrument,ScoreGroup,Start,Duration,End
Alto Saxophone,Lyrical Etude,17.554285714,46.695328798,64.249614512
Alto Saxophone,Technical Etude,71.122721088,52.082358277,123.205079365
Alto Saxophone,Chromatic Scale,135.976054422,9.311201814,145.28725623600002
Alto Saxophone,Major Scales,163.329160998,113.684897959,277.014058957
Alto Saxophone,Sight-Reading,285.280362812,43.212335601,328.492698413
