Instrument,ScoreGroup,Start,Duration,End
Flute,Lyrical Etude,18.034721,98.933327,116.96804800000001
Flute,Technical Etude,120.501381,45.93333,166.434711
Flute,Chromatic Scale,172.618044,16.783332,189.401376
Flute,Major Scales,192.051377,99.81666,291.868037
Flute,Sight-Reading,299.818036,47.699997,347.518033
