Instrument,ScoreGroup,Start,Duration,End
Flute,Lyrical Etude,10.007800454,26.331428571,36.339229025
Flute,Technical Etude,41.351836735,31.164081633,72.515918368
Flute,Chromatic Scale,79.804081633,26.644897959,106.448979592
Flute,Major Scales,113.754557823,92.926258503,206.680816326
Flute,Sight-Reading,211.626666667,44.791292517,256.417959184
