Instrument,ScoreGroup,Start,Duration,End
Flute,Lyrical Etude,15.464489796,41.48244898,56.946938776
Flute,Technical Etude,63.216326531,31.451428571,94.667755102
Flute,Chromatic Scale,104.071836735,22.77877551,126.85061224500001
Flute,Major Scales,134.861496599,95.991292517,230.852789116
Flute,Sight-Reading,236.982857143,65.758911565,302.741768708
