Instrument,ScoreGroup,Start,Duration,End
Trumpet,Lyrical Etude,13.009883,64.637338,77.647221
Trumpet,Technical Etude,84.358201,19.073313,103.43151399999999
Trumpet,Chromatic Scale,111.908542,10.949494,122.858036
Trumpet,Major Scales,130.275436,86.889536,217.16497200000003
Trumpet,Sight-Reading,224.93558,56.16031,281.09589
