Instrument,ScoreGroup,Start,Duration,End
French Horn,Lyrical Etude,15.972053,103.292321,119.264374
French Horn,Technical Etude,129.019761,90.093858,219.11361899999997
French Horn,Chromatic Scale,228.295159,11.476925,239.772084
French Horn,Major Scales,250.675162,127.967709,378.642871
French Horn,Sight-Reading,388.398257,68.861548,457.25980500000003
