Instrument,ScoreGroup,Start,Duration,End
Bb Clarinet,Lyrical Etude,12.829024943,44.234013605,57.063038548
Bb Clarinet,Technical Etude,64.365714286,38.730884354,103.09659864
Bb Clarinet,Chromatic Scale,108.855147392,22.941315193,131.796462585
Bb Clarinet,Major Scales,136.695873016,123.367619048,260.063492064
Bb Clarinet,Sight-Reading,266.657959184,88.700226757,355.358185941
