Instrument,ScoreGroup,Start,Duration,End
Bb Clarinet,Lyrical Etude,9.334421769,58.607165533,67.941587302
Bb Clarinet,Technical Etude,73.282176871,27.004807256,100.28698412700001
Bb Clarinet,Chromatic Scale,107.136870748,14.814331066,121.951201814
Bb Clarinet,Major Scales,128.82430839,128.046439909,256.87074829899996
Bb Clarinet,Sight-Reading,261.834013605,56.308390023,318.142403628
