Instrument,ScoreGroup,Start,Duration,End
Bb Clarinet,Lyrical Etude,10.309659864,95.294693878,105.604353742
Bb Clarinet,Technical Etude,108.669387755,48.761904762,157.431292517
Bb Clarinet,Chromatic Scale,163.282721088,22.569795918,185.852517006
Bb Clarinet,Major Scales,190.310748299,127.616870748,317.927619047
Bb Clarinet,Sight-Reading,321.549931973,101.703401361,423.253333334
