Instrument,ScoreGroup,Start,Duration,End
Alto Saxophone,Lyrical Etude,13.537234,63.227937,76.765171
Alto Saxophone,Technical Etude,82.732698,24.055873,106.78857099999999
Alto Saxophone,Chromatic Scale,108.274649,9.589841,117.86448999999999
Alto Saxophone,Major Scales,125.689615,96.409252,222.09886699999998
Alto Saxophone,Sight-Reading,228.136054,41.09932,269.235374
