Instrument,ScoreGroup,Start,Duration,End
Bb Clarinet,Lyrical Etude,8.881633,84.244898,93.126531
Bb Clarinet,Technical Etude,97.828571,64.522449,162.35102
Bb Clarinet,Chromatic Scale,167.836735,14.106122,181.942857
Bb Clarinet,Major Scales,188.081633,121.208163,309.289796
Bb Clarinet,Sight-Reading,314.383673,52.244898,366.62857099999997
