Instrument,ScoreGroup,Start,Duration,End
Bb Clarinet,Lyrical Etude,14.303492063,63.901315192,78.20480725499999
Bb Clarinet,Technical Etude,85.635192743,34.365532879,120.000725622
Bb Clarinet,Chromatic Scale,132.632380952,13.374693877,146.007074829
Bb Clarinet,Major Scales,154.180498866,122.415600907,276.596099773
Bb Clarinet,Sight-Reading,288.113197278,75.046893424,363.160090702
