Instrument,ScoreGroup,Start,Duration,End
Bb Clarinet,Lyrical Etude,11.029478458,73.119637188,84.149115646
Bb Clarinet,Technical Etude,89.605804989,36.36244898,125.96825396900002
Bb Clarinet,Chromatic Scale,133.027120181,12.2369161,145.264036281
Bb Clarinet,Major Scales,152.206802721,99.706485261,251.91328798199999
Bb Clarinet,Sight-Reading,257.486077098,37.941405896,295.427482994
