Instrument,ScoreGroup,Start,Duration,End
Flute,Lyrical Etude,12.225306,66.977959,79.203265
Flute,Technical Etude,83.696327,51.30449,135.00081699999998
Flute,Chromatic Scale,140.747755,16.509388,157.257143
Flute,Major Scales,164.153469,111.072653,275.22612200000003
Flute,Sight-Reading,283.167347,44.617143,327.78449
