Instrument,ScoreGroup,Start,Duration,End
Flute,Lyrical Etude,10.579592,31.085714,41.665306
Flute,Technical Etude,47.673469,24.42449,72.097959
Flute,Chromatic Scale,78.762086,26.935147,105.697233
Flute,Major Scales,111.455782,83.591837,195.047619
Flute,Sight-Reading,201.363447,31.579138,232.942585
