Instrument,ScoreGroup,Start,Duration,End
Alto Saxophone,Lyrical Etude,13.740408163,61.387755102,75.128163265
Alto Saxophone,Technical Etude,81.13632653,24.711836734,105.84816326400001
Alto Saxophone,Chromatic Scale,117.394285714,11.598367346,128.99265306
Alto Saxophone,Major Scales,136.881632653,100.101224489,236.982857142
Alto Saxophone,Sight-Reading,242.15510204,28.630204081,270.785306121
