Instrument,ScoreGroup,Start,Duration,End
Flute,Lyrical Etude,17.763265306,51.2,68.96326530600001
Flute,Technical Etude,72.306938776,25.286530612,97.59346938799999
Flute,Chromatic Scale,106.475102041,15.046530612,121.521632653
Flute,Major Scales,129.149387755,79.203265306,208.352653061
Flute,Sight-Reading,215.248979592,36.36244898,251.61142857200002
