Instrument,ScoreGroup,Start,Duration,End
Trumpet,Lyrical Etude,10.448979591,50.024489795,60.473469386000005
Trumpet,Technical Etude,65.697959183,27.036734693,92.734693876
Trumpet,Chromatic Scale,96.783673469,22.334693877,119.11836734599999
Trumpet,Major Scales,124.342857142,110.236734693,234.579591835
Trumpet,Sight-Reading,240.587755102,61.387755102,301.975510204
