Instrument,ScoreGroup,Start,Duration,End
Flute,Lyrical Etude,8.359183673,62.972517007,71.33170068
Flute,Technical Etude,75.232653061,43.467755102,118.70040816299999
Flute,Chromatic Scale,123.715918367,12.817414966,136.533333333
Flute,Major Scales,140.991564626,104.211156463,245.20272108900002
Flute,Sight-Reading,251.890068027,49.040544218,300.930612245
