Instrument,ScoreGroup,Start,Duration,End
Bb Clarinet,Lyrical Etude,13.003174603,43.235555556,56.238730159
Bb Clarinet,Technical Etude,61.765079365,43.723174603,105.488253968
Bb Clarinet,Chromatic Scale,113.615238095,20.967619048,134.58285714299998
Bb Clarinet,Major Scales,143.197460317,91.347301587,234.544761904
Bb Clarinet,Sight-Reading,240.233650794,54.613333333,294.846984127
