Instrument,ScoreGroup,Start,Duration,End
Flute,Lyrical Etude,10.657959183,61.126530612,71.784489795
Flute,Technical Etude,79.307755102,26.122448979,105.430204081
Flute,Chromatic Scale,113.266938775,16.822857142,130.089795917
Flute,Major Scales,137.3692517,87.074829931,224.44408163100002
Flute,Sight-Reading,230.434829931,74.675374149,305.11020408
