Instrument,ScoreGroup,Start,Duration,End
Xylophone,Mallet Etude,13.191837,53.55102,66.742857
Snare Drum,Snare Etude,71.145941,82.477279,153.62322
Timpani,Timpani Etude,160.496327,62.972517,223.46884400000002
Xylophone,Chromatic Scale,230.138776,107.885714,338.02449
Xylophone,Major Scales,345.077551,9.404082,354.48163300000004
Xylophone,Sight-Reading,361.012245,32.653061,393.665306
Snare Drum,Sight-Reading,398.106122,39.183673,437.289795
