Instrument,ScoreGroup,Start,Duration,End
Bb Clarinet,Lyrical Etude,13.560453514,61.672199546,75.23265306
Bb Clarinet,Technical Etude,81.734240362,34.179773242,115.91401360399999
Bb Clarinet,Chromatic Scale,122.229841269,15.975328798,138.205170067
Bb Clarinet,Major Scales,146.750113378,123.53015873,270.280272108
Bb Clarinet,Sight-Reading,277.153378684,54.613333333,331.76671201700003
