Instrument,ScoreGroup,Start,Duration,End
Bb Clarinet,Lyrical Etude,9.473741,71.331701,80.805442
Bb Clarinet,Technical Etude,85.635193,23.034195,108.669388
Bb Clarinet,Chromatic Scale,116.471293,14.953651,131.424944
Bb Clarinet,Major Scales,137.665306,78.628571,216.29387699999998
Bb Clarinet,Sight-Reading,221.239728,31.579138,252.818866
