Instrument,ScoreGroup,Start,Duration,End
Bb Clarinet,Lyrical Etude,11.441632653,43.676734694,55.118367346999996
Bb Clarinet,Technical Etude,59.036734694,25.756734694,84.793469388
Bb Clarinet,Chromatic Scale,90.226938776,11.964081633,102.191020409
Bb Clarinet,Major Scales,109.133786848,68.452426304,177.586213152
Bb Clarinet,Sight-Reading,181.394285714,62.972517007,244.366802721
