Instrument,ScoreGroup,Start,Duration,End
Flute,Lyrical Etude,12.944696,98.596723,111.54141899999999
Flute,Technical Etude,120.377918,52.088835,172.46675299999998
Flute,Chromatic Scale,178.977857,15.347603,194.32546
Flute,Major Scales,201.301643,108.36338,309.665023
Flute,Sight-Reading,317.106285,53.018993,370.12527800000004
