Instrument,ScoreGroup,Start,Duration,End
Flute,Lyrical Etude,12.190476,80.108844,92.29932000000001
Flute,Technical Etude,97.639909,52.709297,150.349206
Flute,Chromatic Scale,157.547392,12.306576,169.853968
Flute,Major Scales,176.007256,101.935601,277.942857
Flute,Sight-Reading,282.702948,50.9678,333.670748
