Instrument,ScoreGroup,Start,Duration,End
Flute,Lyrical Etude,13.142494331,52.54675737,65.689251701
Flute,Technical Etude,76.27755102,24.868571429,101.146122449
Flute,Chromatic Scale,108.274648526,15.905668934,124.18031746
Flute,Major Scales,131.146303855,89.582585034,220.72888888900002
Flute,Sight-Reading,226.023038549,53.614875283,279.637913832
