Instrument,ScoreGroup,Start,Duration,End
French Horn,Lyrical Etude,13.270156,111.683054,124.95321
French Horn,Technical Etude,132.96874,92.445781,225.41452099999998
French Horn,Chromatic Scale,233.96442,9.084268,243.048688
French Horn,Major Scales,252.667324,112.751791,365.41911500000003
French Horn,Sight-Reading,372.900277,52.368131,425.268408
