Instrument,ScoreGroup,Start,Duration,End
Flute,Lyrical Etude,12.445895692,53.870294785,66.31619047699999
Flute,Technical Etude,75.232653061,23.962993197,99.195646258
Flute,Chromatic Scale,108.112108844,13.560453515,121.67256235900001
Flute,Major Scales,129.845986395,113.127619048,242.973605443
Flute,Sight-Reading,249.103673469,42.167437642,291.271111111
