Instrument,ScoreGroup,Start,Duration,End
Alto Saxophone,Lyrical Etude,14.582131519,50.433741496,65.01587301500001
Alto Saxophone,Technical Etude,71.471020408,28.003265306,99.474285714
Alto Saxophone,Chromatic Scale,108.065668931,14.651791383,122.71746031400001
Alto Saxophone,Major Scales,130.960544211,55.681451247,186.641995458
Alto Saxophone,Sight-Reading,195.303038541,52.778956916,248.081995457
