Instrument,ScoreGroup,Start,Duration,End
Bb Clarinet,Lyrical Etude,10.913378685,58.978684807,69.892063492
Bb Clarinet,Technical Etude,73.607256236,47.368707483,120.97596371899999
Bb Clarinet,Chromatic Scale,126.548752834,23.219954649,149.76870748300001
Bb Clarinet,Major Scales,154.877097506,110.526984127,265.40408163300003
Bb Clarinet,Sight-Reading,270.280272109,58.514285714,328.794557823
