Instrument,ScoreGroup,Start,Duration,End
Flute,Lyrical Etude,14.767891,41.09932,55.867211
Flute,Technical Etude,61.161361,42.701497,103.862858
Flute,Chromatic Scale,114.009977,23.219955,137.22993200000002
Flute,Major Scales,146.866213,116.564172,263.430385
Flute,Sight-Reading,268.654875,46.09161,314.746485
