Instrument,ScoreGroup,Start,Duration,End
Alto Saxophone,Lyrical Etude,12.705535,70.064049,82.769584
Alto Saxophone,Technical Etude,90.260708,90.774805,181.03551299999998
Alto Saxophone,Chromatic Scale,189.407947,11.457014,200.864961
Alto Saxophone,Major Scales,205.712159,83.28368,288.99583900000005
Alto Saxophone,Sight-Reading,292.961729,55.963108,348.92483699999997
