Instrument,ScoreGroup,Start,Duration,End
Flute,Lyrical Etude,10.971429,26.906122,37.877551
Flute,Technical Etude,42.318367,26.644898,68.963265
Flute,Chromatic Scale,76.538776,21.942857,98.481633
Flute,Major Scales,106.579592,99.526531,206.10612300000003
Flute,Sight-Reading,211.069388,55.902041,266.971429
