Instrument,ScoreGroup,Start,Duration,End
Xylophone,Mallet Etude,14.303492,66.246531,80.55002300000001
Snare Drum,Snare Etude,90.325624,42.655057,132.980681
Timpani,Timpani Etude,139.784127,58.978685,198.762812
Xylophone,Chromatic Scale,206.959456,13.188934,220.14838999999998
Xylophone,Major Scales,225.744399,85.913832,311.658231
Xylophone,Sight-Reading,315.396644,157.106213,472.50285699999995
Snare Drum,Sight-Reading,481.3961,49.156644,530.552744
