Instrument,ScoreGroup,Start,Duration,End
Bb Clarinet,Lyrical Etude,15.78956916,110.155464852,125.945034012
Bb Clarinet,Technical Etude,131.982222222,58.235646258,190.21786848
Bb Clarinet,Chromatic Scale,197.648253968,17.554285714,215.202539682
Bb Clarinet,Major Scales,224.211882086,121.393922902,345.605804988
Bb Clarinet,Sight-Reading,349.692517006,28.606984126,378.299501132
