Instrument,ScoreGroup,Start,Duration,End
Flute,Lyrical Etude,11.702857142,57.887346938,69.59020408
Flute,Technical Etude,74.814693877,24.032653061,98.847346938
Flute,Chromatic Scale,105.952653061,20.062040816,126.01469387700001
Flute,Major Scales,134.373877551,109.505306122,243.879183673
Flute,Sight-Reading,250.566530612,75.650612244,326.217142856
