Instrument,ScoreGroup,Start,Duration,End
Xylophone,Mallet Etude,15.44127,34.574512,50.015782
Snare Drum,Snare Etude,60.023583,46.695329,106.718912
Timpani,Timpani Etude,115.612154,47.229388,162.841542
Xylophone,Chromatic Scale,173.197642,6.803447,180.001089
Xylophone,Major Scales,189.26585,105.650794,294.916644
Xylophone,Sight-Reading,301.603991,18.947483,320.551474
Snare Drum,Sight-Reading,327.238821,27.747846,354.98666699999995
