Instrument,ScoreGroup,Start,Duration,End
Flute,Lyrical Etude,27.028027211,56.703129252,83.73115646299999
Flute,Technical Etude,95.840362812,36.048979592,131.889342404
Flute,Chromatic Scale,140.132426304,13.525623583,153.658049887
Flute,Major Scales,161.610884354,120.372244898,281.983129252
Flute,Sight-Reading,293.825306122,42.840816327,336.666122449
