Instrument,ScoreGroup,Start,Duration,End
Xylophone,Mallet Etude,15.18585,97.616689,112.802539
Snare Drum,Snare Etude,123.13542,57.469388,180.604808
Timpani,Timpani Etude,190.194649,70.170703,260.36535200000003
Xylophone,Chromatic Scale,267.958277,13.815873,281.77415
Xylophone,Major Scales,291.317551,96.757551,388.075102
Xylophone,Sight-Reading,410.505578,151.161905,561.667483
Snare Drum,Sight-Reading,572.859501,35.92127,608.7807710000001
