Instrument,ScoreGroup,Start,Duration,End
Xylophone,Mallet Etude,15.804082,44.016327,59.820409
Snare Drum,Snare Etude,79.412245,69.355102,148.767347
Timpani,Timpani Etude,156.342857,68.179592,224.522449
Xylophone,Chromatic Scale,234.171429,7.346939,241.51836799999998
Xylophone,Major Scales,249.846712,121.115283,370.961995
Xylophone,Sight-Reading,386.380045,91.022222,477.402267
Snare Drum,Sight-Reading,486.661224,38.791837,525.453061
