Instrument,ScoreGroup,Start,Duration,End
Alto Saxophone,Lyrical Etude,15.812789116,45.418231293,61.231020408999996
Alto Saxophone,Technical Etude,67.500408163,69.276734694,136.777142857
Alto Saxophone,Chromatic Scale,143.934693878,9.613061224,153.547755102
Alto Saxophone,Major Scales,161.750204082,108.112108844,269.862312926
Alto Saxophone,Sight-Reading,275.620861678,40.634920635,316.255782313
