Instrument,ScoreGroup,Start,Duration,End
Flute,Lyrical Etude,11.331337868,40.96,52.291337868
Flute,Technical Etude,56.378049887,27.863945578,84.241995465
Flute,Chromatic Scale,89.350385488,20.247800454,109.598185942
Flute,Major Scales,114.242176871,83.731156463,197.97333333400002
Flute,Sight-Reading,206.75047619,45.836190476,252.58666666599999
