Instrument,ScoreGroup,Start,Duration,End
Flute,Lyrical Etude,13.096054422,69.659863946,82.755918368
Flute,Technical Etude,86.378231293,46.811428571,133.189659864
Flute,Chromatic Scale,140.71292517,13.931972789,154.644897959
Flute,Major Scales,163.004081633,122.322721088,285.326802721
Flute,Sight-Reading,292.292789116,50.433741497,342.726530613
