Instrument,ScoreGroup,Start,Duration,End
Xylophone,Mallet Etude,15.542857,58.644898,74.187755
Snare Drum,Snare Etude,78.367347,66.481633,144.84897999999998
Timpani,Timpani Etude,149.159184,73.665306,222.82449000000003
Xylophone,Chromatic Scale,227.741315,112.198821,339.940136
Xylophone,Major Scales,347.167347,8.359184,355.52653100000003
Xylophone,Sight-Reading,362.579592,52.897959,415.477551
Snare Drum,Sight-Reading,421.093878,37.746939,458.840817
