Instrument,ScoreGroup,Start,Duration,End
Flute,Lyrical Etude,11.493878,36.281179,47.775057000000004
Flute,Technical Etude,53.754195,37.558277,91.312472
Flute,Chromatic Scale,100.252154,19.562812,119.814966
Flute,Major Scales,126.839002,73.491156,200.33015799999998
Flute,Sight-Reading,206.947846,32.449887,239.397733
