Instrument,ScoreGroup,Start,Duration,End
Alto Saxophone,Lyrical Etude,14.721451247,46.811428571,61.532879818
Alto Saxophone,Technical Etude,65.875011338,34.435192744,100.31020408199998
Alto Saxophone,Chromatic Scale,106.672471655,15.139410431,121.811882086
Alto Saxophone,Major Scales,128.801088435,75.070113379,203.87120181400002
Alto Saxophone,Sight-Reading,207.865034014,56.122630385,263.987664399
