Instrument,ScoreGroup,Start,Duration,End
Flute,Lyrical Etude,15.046530612,51.54829932,66.594829932
Flute,Technical Etude,71.33170068,27.585306122,98.917006802
Flute,Chromatic Scale,105.04707483,19.226122449,124.273197279
Flute,Major Scales,131.796462585,107.554829932,239.351292517
Flute,Sight-Reading,245.481360544,42.631836735,288.113197279
