Instrument,ScoreGroup,Start,Duration,End
Alto Saxophone,Lyrical Etude,15.371609977,85.426213152,100.79782312900001
Alto Saxophone,Technical Etude,106.022312925,38.103945578,144.126258503
Alto Saxophone,Chromatic Scale,149.373968254,8.196643991,157.570612245
Alto Saxophone,Major Scales,163.329160998,89.420045351,252.749206349
Alto Saxophone,Sight-Reading,259.738412698,55.124172336,314.862585034
