Instrument,ScoreGroup,Start,Duration,End
Flute,Lyrical Etude,15.673469387,58.09632653,73.769795917
Flute,Technical Etude,78.994285714,23.196734693,102.191020407
Flute,Chromatic Scale,110.132244897,13.792653061,123.924897958
Flute,Major Scales,139.807346938,108.878367346,248.685714284
Flute,Sight-Reading,253.074285714,42.213877551,295.28816326500004
