Instrument,ScoreGroup,Start,Duration,End
Xylophone,Mallet Etude,13.453061,29.257143,42.710204
Snare Drum,Snare Etude,48.483265,63.344036,111.827301
Timpani,Timpani Etude,116.842812,52.384218,169.22702999999998
Xylophone,Chromatic Scale,176.100136,7.058866,183.159002
Xylophone,Major Scales,189.47483,107.926349,297.401179
Xylophone,Sight-Reading,302.973968,65.015873,367.989841
Snare Drum,Sight-Reading,373.289796,39.510204,412.8
