Instrument,ScoreGroup,Start,Duration,End
Alto Saxophone,Lyrical Etude,11.400997732,50.828480726,62.229478458
Alto Saxophone,Technical Etude,66.014331066,27.678185941,93.69251700699999
Alto Saxophone,Chromatic Scale,99.75292517,11.702857143,111.455782313
Alto Saxophone,Major Scales,116.122993197,69.450884354,185.573877551
Alto Saxophone,Sight-Reading,189.080090703,61.579319728,250.659410431
