Instrument,ScoreGroup,Start,Duration,End
Flute,Lyrical Etude,15.882448979,86.378231292,102.260680271
Flute,Technical Etude,109.226666666,31.346938775,140.573605441
Flute,Chromatic Scale,148.236190476,25.356190476,173.59238095199998
Flute,Major Scales,179.722448979,114.102857142,293.82530612100004
Flute,Sight-Reading,299.25877551,73.003537414,372.262312924
