Instrument,ScoreGroup,Start,Duration,End
Flute,Lyrical Etude,16.694923,108.305133,125.000056
Flute,Technical Etude,137.203451,55.423753,192.627204
Flute,Chromatic Scale,204.322124,15.254244,219.576368
Flute,Major Scales,231.271289,121.017003,352.288292
Flute,Sight-Reading,360.423889,43.728833,404.152722
