Instrument,ScoreGroup,Start,Duration,End
Bb Clarinet,Lyrical Etude,53.870294785,462.541496599,516.411791384
Bb Clarinet,Technical Etude,542.41814059,115.170975057,657.589115647
Bb Clarinet,Chromatic Scale,691.02585034,57.585487528,748.6113378680001
Bb Clarinet,Major Scales,776.475283447,427.247165533,1203.72244898
Bb Clarinet,Sight-Reading,1227.871201814,169.041269841,1396.912471655
