Instrument,ScoreGroup,Start,Duration,End
Alto Saxophone,Lyrical Etude,12.074376417,49.876462585,61.950839001999995
Alto Saxophone,Technical Etude,72.515918367,19.667301587,92.183219954
Alto Saxophone,Chromatic Scale,102.516099771,10.100680272,112.616780043
Alto Saxophone,Major Scales,123.623038541,73.560816326,197.18385486699998
Alto Saxophone,Sight-Reading,207.121995461,53.313015873,260.435011334
