Instrument,ScoreGroup,Start,Duration,End
Alto Saxophone,Lyrical Etude,9.299591836,83.278367346,92.577959182
Alto Saxophone,Technical Etude,95.608163265,68.33632653,163.94448979499998
Alto Saxophone,Chromatic Scale,170.213877551,8.777142857,178.991020408
Alto Saxophone,Major Scales,184.842448979,85.890612244,270.733061223
Alto Saxophone,Sight-Reading,275.121632653,46.915918367,322.03755102
