Instrument,ScoreGroup,Start,Duration,End
Bb Clarinet,Lyrical Etude,13.583673469,56.946938775,70.530612244
Bb Clarinet,Technical Etude,78.236734693,31.47755102,109.71428571300001
Bb Clarinet,Chromatic Scale,117.551020408,14.236734693,131.787755101
Bb Clarinet,Major Scales,140.27755102,105.142857142,245.420408162
Bb Clarinet,Sight-Reading,251.951020408,51.069387755,303.020408163
