Instrument,ScoreGroup,Start,Duration,End
Flute,Lyrical Etude,14.001632653,57.887346939,71.888979592
Flute,Technical Etude,77.740408163,31.660408163,109.400816326
Flute,Chromatic Scale,116.819591837,28.839183673,145.65877551
Flute,Major Scales,150.743945578,84.985034014,235.72897959199997
Flute,Sight-Reading,242.602086168,40.588480726,283.19056689399997
