Instrument,ScoreGroup,Start,Duration,End
Bb Clarinet,Lyrical Etude,10.0078,92.41542,102.42322
Bb Clarinet,Technical Etude,108.599728,67.686168,176.28589599999998
Bb Clarinet,Chromatic Scale,183.855601,13.328254,197.183855
Bb Clarinet,Major Scales,204.382041,66.269751,270.651792
Bb Clarinet,Sight-Reading,276.66576,44.466213,321.13197299999996
