Instrument,ScoreGroup,Start,Duration,End
Bb Clarinet,Lyrical Etude,13.235374,57.399728,70.635102
Bb Clarinet,Technical Etude,77.601088,96.757551,174.358639
Bb Clarinet,Chromatic Scale,184.29678,17.763265,202.060045
Bb Clarinet,Major Scales,213.205624,93.576417,306.782041
Bb Clarinet,Sight-Reading,316.209342,93.042358,409.25169999999997
