Instrument,ScoreGroup,Start,Duration,End
Xylophone,Mallet Etude,13.281814,44.303673,57.585487
Snare Drum,Snare Etude,63.344036,47.647347,110.99138300000001
Timpani,Timpani Etude,116.897959,70.269388,187.167347
Xylophone,Chromatic Scale,194.53678,9.334422,203.87120199999998
Xylophone,Major Scales,212.044626,63.251156,275.295782
Xylophone,Sight-Reading,280.311293,47.275828,327.58712099999997
Snare Drum,Sight-Reading,332.767347,27.297959,360.06530599999996
