Instrument,ScoreGroup,Start,Duration,End
Flute,Lyrical Etude,9.636281179,64.203174603,73.83945578199999
Flute,Technical Etude,75.023673469,65.671836735,140.69551020400002
Flute,Chromatic Scale,145.449795918,18.842993197,164.292789115
Flute,Major Scales,169.319909297,97.709569161,267.029478458
Flute,Sight-Reading,271.255510204,61.672199546,332.92770975
