Instrument,ScoreGroup,Start,Duration,End
Alto Saxophone,Lyrical Etude,13.328253968,49.017324263,62.345578231
Alto Saxophone,Technical Etude,67.941587302,43.073015873,111.014603175
Alto Saxophone,Chromatic Scale,118.027029478,6.59446712,124.62149659800001
Alto Saxophone,Major Scales,131.424943311,79.27292517,210.697868481
Alto Saxophone,Sight-Reading,216.200997732,47.229387755,263.43038548699997
