Instrument,ScoreGroup,Start,Duration,End
Flute,Lyrical Etude,14.303492063,61.765079365,76.068571428
Flute,Technical Etude,80.61968254,45.836190476,126.455873016
Flute,Chromatic Scale,133.607619048,19.82984127,153.437460318
Flute,Major Scales,161.88952381,116.053333333,277.94285714299997
Flute,Sight-Reading,282.493968254,61.44,343.933968254
