Instrument,ScoreGroup,Start,Duration,End
French Horn,Lyrical Etude,12.568988,98.834404,111.40339200000001
French Horn,Technical Etude,119.366353,70.261424,189.627777
French Horn,Chromatic Scale,200.869605,16.394332,217.263937
French Horn,Major Scales,225.226899,80.098024,305.324923
French Horn,Sight-Reading,314.693113,57.145958,371.839071
