Instrument,ScoreGroup,Start,Duration,End
Xylophone,Mallet Etude,11.470658,64.551474,76.022132
Snare Drum,Snare Etude,82.08254,39.148844,121.23138399999999
Timpani,Timpani Etude,128.290249,43.281995,171.57224399999998
Xylophone,Chromatic Scale,178.491791,10.49542,188.987211
Xylophone,Major Scales,196.696236,89.211066,285.907302
Xylophone,Sight-Reading,292.850068,44.210794,337.06086200000004
Snare Drum,Sight-Reading,343.16771,23.289615,366.457325
