Instrument,ScoreGroup,Start,Duration,End
Flute,Lyrical Etude,16.997007,46.06839,63.065397000000004
Flute,Technical Etude,67.802268,30.46458,98.266848
Flute,Chromatic Scale,107.183311,18.018685,125.20199600000001
Flute,Major Scales,132.353741,124.087438,256.44117900000003
Flute,Sight-Reading,261.27093,68.731066,330.001996
