Instrument,ScoreGroup,Start,Duration,End
Flute,Lyrical Etude,14.767891156,31.950657596,46.718548752
Flute,Technical Etude,53.127256236,27.77106576,80.89832199599999
Flute,Chromatic Scale,88.050068027,19.504761905,107.55482993199999
Flute,Major Scales,114.520816327,86.935510204,201.456326531
Flute,Sight-Reading,209.536870748,57.678367347,267.215238095
