Instrument,ScoreGroup,Start,Duration,End
Trumpet,Lyrical Etude,12.260136054,63.529795918,75.789931972
Trumpet,Technical Etude,82.477278911,23.77723356,106.254512471
Trumpet,Chromatic Scale,114.799455782,11.145578231,125.945034013
Trumpet,Major Scales,134.489977324,67.616507936,202.10648526
Trumpet,Sight-Reading,212.636734693,31.608163265,244.244897958
