Instrument,ScoreGroup,Start,Duration,End
Flute,Lyrical Etude,15.18585034,46.764988662,61.950839002
Flute,Technical Etude,67.314648526,31.509478458,98.824126984
Flute,Chromatic Scale,105.882993197,27.817505669,133.700498866
Flute,Major Scales,141.177324263,95.410793651,236.588117914
Flute,Sight-Reading,241.208888889,57.631927438,298.840816327
