Instrument,ScoreGroup,Start,Duration,End
Flute,Lyrical Etude,10.588299,111.316463,121.904762
Flute,Technical Etude,124.412517,52.662857,177.075374
Flute,Chromatic Scale,181.672925,14.767891,196.44081599999998
Flute,Major Scales,201.595646,104.211156,305.806802
Flute,Sight-Reading,309.568435,64.505034,374.07346900000005
