Instrument,ScoreGroup,Start,Duration,End
Flute,Lyrical Etude,8.583105,83.40044,91.983545
Flute,Technical Etude,106.111488,55.144553,161.25604099999998
Flute,Chromatic Scale,168.092143,10.937763,179.02990599999998
Flute,Major Scales,189.511928,106.643185,296.15511300000003
Flute,Sight-Reading,305.725656,57.423254,363.14891
